accession,hgvs_nt,hgvs_splice,hgvs_pro,score
urn:mavedb:00000071-b-1#1,c.4171T>A,NA,p.Ter1391Lys,-1.5893499253074699
urn:mavedb:00000071-b-1#2,c.4169C>G,NA,p.Ala1390Gly,-0.14914468712840934
urn:mavedb:00000071-b-1#3,c.4168G>A,NA,p.Ala1390Thr,-0.2196166836982473
urn:mavedb:00000071-b-1#4,c.4169C>T,NA,p.Ala1390Val,-0.21291882641560564
urn:mavedb:00000071-b-1#5,c.4165T>A,NA,p.Tyr1389Asn,0.20910262689384104
urn:mavedb:00000071-b-1#6,c.4162G>T,NA,p.Asp1388Tyr,-0.23972824063740575
urn:mavedb:00000071-b-1#7,c.4163A>G,NA,p.Asp1388Gly,-0.03661591308845297
urn:mavedb:00000071-b-1#8,c.4164T>A,NA,p.Asp1388Glu,-0.08158536726856665
urn:mavedb:00000071-b-1#9,c.4162G>A,NA,p.Asp1388Asn,0.003268411959843177
urn:mavedb:00000071-b-1#10,c.4160C>T,NA,p.Pro1387Leu,0.5582649638388367
urn:mavedb:00000071-b-1#11,c.4159C>T,NA,p.Pro1387Ser,-0.057321684332804386
urn:mavedb:00000071-b-1#12,c.4159C>G,NA,p.Pro1387Ala,0.2595354210071362
urn:mavedb:00000071-b-1#13,c.4159C>A,NA,p.Pro1387Thr,0.13250287454721305
urn:mavedb:00000071-b-1#14,c.4157T>C,NA,p.Val1386Ala,-0.3942141639590866
urn:mavedb:00000071-b-1#15,c.4157T>A,NA,p.Val1386Asp,0.02408232540050717
urn:mavedb:00000071-b-1#16,c.4156G>A,NA,p.Val1386Ile,0.029947596776180987
urn:mavedb:00000071-b-1#17,c.4154A>T,NA,p.Asp1385Val,-0.07146729017634207
urn:mavedb:00000071-b-1#18,c.4153G>T,NA,p.Asp1385Tyr,-0.5573009793058759
urn:mavedb:00000071-b-1#19,c.4154A>C,NA,p.Asp1385Ala,-0.014763532213597916
urn:mavedb:00000071-b-1#20,c.4148C>G,NA,p.Pro1383Arg,0.01999821455964787
urn:mavedb:00000071-b-1#21,c.4148C>A,NA,p.Pro1383His,0.03984302595651922
urn:mavedb:00000071-b-1#22,c.4147C>T,NA,p.Pro1383Ser,-0.13253203502023705
urn:mavedb:00000071-b-1#23,c.4145A>C,NA,p.Tyr1382Ser,0.5714356468134979
urn:mavedb:00000071-b-1#24,c.4145A>G,NA,p.Tyr1382Cys,-0.15962934591302425
urn:mavedb:00000071-b-1#25,c.4144T>A,NA,p.Tyr1382Asn,-0.04527451513059148
urn:mavedb:00000071-b-1#26,c.4141A>G,NA,p.Thr1381Ala,-0.47807311878084896
urn:mavedb:00000071-b-1#27,c.4142C>A,NA,p.Thr1381Lys,0.027022567902023082
urn:mavedb:00000071-b-1#28,c.4139G>A,NA,p.Cys1380Tyr,0.1340458105942758
urn:mavedb:00000071-b-1#29,c.4136T>A,NA,p.Val1379Asp,0.5287362794727101
urn:mavedb:00000071-b-1#30,c.4133A>T,NA,p.Lys1378Ile,0.026960296507678037
urn:mavedb:00000071-b-1#31,c.4133A>G,NA,p.Lys1378Arg,0.01973048649024043
urn:mavedb:00000071-b-1#32,c.4133A>C,NA,p.Lys1378Thr,-0.037997748932956696
urn:mavedb:00000071-b-1#33,c.4131A>T,NA,p.Arg1377Ser,-0.11572763244796368
urn:mavedb:00000071-b-1#34,c.4130G>T,NA,p.Arg1377Ile,0.8703134924892533
urn:mavedb:00000071-b-1#35,c.4130G>A,NA,p.Arg1377Lys,1.116751387792352
urn:mavedb:00000071-b-1#36,c.4126A>G,NA,p.Lys1376Glu,0.09396857784971104
urn:mavedb:00000071-b-1#37,c.4127A>T,NA,p.Lys1376Ile,-0.35705557477543703
urn:mavedb:00000071-b-1#38,c.4127A>G,NA,p.Lys1376Arg,-0.2542071671836869
urn:mavedb:00000071-b-1#39,c.4124A>C,NA,p.Lys1375Thr,-0.6131675504839892
urn:mavedb:00000071-b-1#40,c.4123A>C,NA,p.Lys1375Gln,1.276047096942934
urn:mavedb:00000071-b-1#41,c.4122A>T,NA,p.Lys1374Asn,0.3171212586562647
urn:mavedb:00000071-b-1#42,c.4121A>T,NA,p.Lys1374Ile,-0.007043691047211194
urn:mavedb:00000071-b-1#43,c.4121A>G,NA,p.Lys1374Arg,0.08357833768644908
urn:mavedb:00000071-b-1#44,c.4117C>T,NA,p.Pro1373Ser,-0.3452410554994045
urn:mavedb:00000071-b-1#45,c.4118C>A,NA,p.Pro1373His,0.3991268738957652
urn:mavedb:00000071-b-1#46,c.4114G>T,NA,p.Asp1372Tyr,-0.2934489835926876
urn:mavedb:00000071-b-1#47,c.4116C>G,NA,p.Asp1372Glu,0.2853093561974259
urn:mavedb:00000071-b-1#48,c.4112C>T,NA,p.Ala1371Val,-0.4231315028755798
urn:mavedb:00000071-b-1#49,c.4109G>T,NA,p.Arg1370Met,-0.09415588582121022
urn:mavedb:00000071-b-1#50,c.4108A>T,NA,p.Arg1370Trp,0.07086338043258356
urn:mavedb:00000071-b-1#51,c.4108A>G,NA,p.Arg1370Gly,0.3379492579379898
urn:mavedb:00000071-b-1#52,c.4110G>C,NA,p.Arg1370Ser,0.06294174419958525
urn:mavedb:00000071-b-1#53,c.4109G>A,NA,p.Arg1370Lys,-0.08624563794468593
urn:mavedb:00000071-b-1#54,c.4105T>G,NA,p.Ser1369Ala,-0.5829512767234304
urn:mavedb:00000071-b-1#55,c.4103A>T,NA,p.Asp1368Val,0.573964569469673
urn:mavedb:00000071-b-1#56,c.4104T>A,NA,p.Asp1368Glu,0.22091744254105766
urn:mavedb:00000071-b-1#57,c.4102G>A,NA,p.Asp1368Asn,-0.09133811153690674
urn:mavedb:00000071-b-1#58,c.4099G>A,NA,p.Gly1367Ser,-0.3971850249952138
urn:mavedb:00000071-b-1#59,c.4099G>T,NA,p.Gly1367Cys,0.008004399817096771
urn:mavedb:00000071-b-1#60,c.4096G>A,NA,p.Gly1366Arg,-0.2521069332671377
urn:mavedb:00000071-b-1#61,c.4094T>C,NA,p.Leu1365Pro,0.3788153915382263
urn:mavedb:00000071-b-1#62,c.4094T>A,NA,p.Leu1365Gln,0.2610163893249254
urn:mavedb:00000071-b-1#63,c.4092G>T,NA,p.Gln1364His,0.5544828166725396
urn:mavedb:00000071-b-1#64,c.4090C>G,NA,p.Gln1364Glu,0.3025674221713363
urn:mavedb:00000071-b-1#65,c.4090C>A,NA,p.Gln1364Lys,-0.4252767136155264
urn:mavedb:00000071-b-1#66,c.4092G>C,NA,p.Gln1364His,1.3367268054568109
urn:mavedb:00000071-b-1#67,c.4088G>T,NA,p.Ser1363Ile,-0.06842841842618957
urn:mavedb:00000071-b-1#68,c.4089T>A,NA,p.Ser1363Arg,0.31758884197323994
urn:mavedb:00000071-b-1#69,c.4085T>C,NA,p.Leu1362Pro,-0.75039209368802
urn:mavedb:00000071-b-1#70,c.4085T>A,NA,p.Leu1362Gln,-0.03583404988173182
urn:mavedb:00000071-b-1#71,c.4084C>A,NA,p.Leu1362Met,0.02020004253072132
urn:mavedb:00000071-b-1#72,c.4081G>T,NA,p.Asp1361Tyr,-0.5472094434759278
urn:mavedb:00000071-b-1#73,c.4083C>G,NA,p.Asp1361Glu,-0.09852960428918672
urn:mavedb:00000071-b-1#74,c.4083C>A,NA,p.Asp1361Glu,-0.08945861387419014
urn:mavedb:00000071-b-1#75,c.4081G>A,NA,p.Asp1361Asn,0.1428115396725843
urn:mavedb:00000071-b-1#76,c.4082A>C,NA,p.Asp1361Ala,-0.4176726920243259
urn:mavedb:00000071-b-1#77,c.4079T>C,NA,p.Ile1360Thr,0.16983333433549125
urn:mavedb:00000071-b-1#78,c.4078A>C,NA,p.Ile1360Leu,0.015850671695907242
urn:mavedb:00000071-b-1#79,c.4079T>A,NA,p.Ile1360Asn,-0.0977883409939546
urn:mavedb:00000071-b-1#80,c.4077A>T,NA,p.Arg1359Ser,0.0048367723315315275
urn:mavedb:00000071-b-1#81,c.4076G>T,NA,p.Arg1359Ile,0.13166246313334698
urn:mavedb:00000071-b-1#82,c.4077A>C,NA,p.Arg1359Ser,-1.090353430943419
urn:mavedb:00000071-b-1#83,c.4073C>T,NA,p.Thr1358Ile,0.1881612530720605
urn:mavedb:00000071-b-1#84,c.4072A>T,NA,p.Thr1358Ser,0.4492425384742938
urn:mavedb:00000071-b-1#85,c.4073C>G,NA,p.Thr1358Ser,-0.11455600207894348
urn:mavedb:00000071-b-1#86,c.4067A>T,NA,p.Tyr1356Phe,-0.17581536463770445
urn:mavedb:00000071-b-1#87,c.4064T>G,NA,p.Leu1355Arg,-0.2740121519199105
urn:mavedb:00000071-b-1#88,c.4063C>G,NA,p.Leu1355Val,-0.38133397119833295
urn:mavedb:00000071-b-1#89,c.4064T>A,NA,p.Leu1355Gln,-0.06324505570308979
urn:mavedb:00000071-b-1#90,c.4063C>A,NA,p.Leu1355Met,0.0234276392683151
urn:mavedb:00000071-b-1#91,c.4061G>T,NA,p.Gly1354Val,0.02051624312642312
urn:mavedb:00000071-b-1#92,c.4061G>C,NA,p.Gly1354Ala,0.03401778959712815
urn:mavedb:00000071-b-1#93,c.4061G>A,NA,p.Gly1354Glu,0.16749381978477532
urn:mavedb:00000071-b-1#94,c.4060G>A,NA,p.Gly1354Arg,-0.15824964932632588
urn:mavedb:00000071-b-1#95,c.4058C>T,NA,p.Thr1353Ile,-0.07142163566136019
urn:mavedb:00000071-b-1#96,c.4058C>A,NA,p.Thr1353Asn,0.3253910515717663
urn:mavedb:00000071-b-1#97,c.4055T>A,NA,p.Ile1352Asn,0.19854270368414054
urn:mavedb:00000071-b-1#98,c.4055T>C,NA,p.Ile1352Thr,0.007082141899583264
urn:mavedb:00000071-b-1#99,c.4051A>G,NA,p.Ser1351Gly,-0.3817452251335858
urn:mavedb:00000071-b-1#100,c.4053T>A,NA,p.Ser1351Arg,0.052843721509578064
urn:mavedb:00000071-b-1#101,c.4052G>A,NA,p.Ser1351Asn,0.030386927306238782
urn:mavedb:00000071-b-1#102,c.4052G>T,NA,p.Ser1351Ile,0.48204371349212
urn:mavedb:00000071-b-1#103,c.4050G>T,NA,p.Gln1350His,0.007841773450748317
urn:mavedb:00000071-b-1#104,c.4049A>T,NA,p.Gln1350Leu,0.12228498465185347
urn:mavedb:00000071-b-1#105,c.4048C>A,NA,p.Gln1350Lys,0.11288140870473387
urn:mavedb:00000071-b-1#106,c.4047C>G,NA,p.His1349Gln,-0.15903504125122506
urn:mavedb:00000071-b-1#107,c.4046A>C,NA,p.His1349Pro,0.6645092934329209
urn:mavedb:00000071-b-1#108,c.4045C>A,NA,p.His1349Asn,0.3098330741561961
urn:mavedb:00000071-b-1#109,c.4046A>T,NA,p.His1349Leu,-0.6736976206121739
urn:mavedb:00000071-b-1#110,c.4043T>A,NA,p.Ile1348Asn,-0.0033965653514032913
urn:mavedb:00000071-b-1#111,c.4042A>T,NA,p.Ile1348Phe,-0.7289417335652959
urn:mavedb:00000071-b-1#112,c.4043T>C,NA,p.Ile1348Thr,-0.17059733626436105
urn:mavedb:00000071-b-1#113,c.4040T>A,NA,p.Leu1347Gln,0.6249431510761253
urn:mavedb:00000071-b-1#114,c.4037C>T,NA,p.Thr1346Ile,-0.05073943978251067
urn:mavedb:00000071-b-1#115,c.4034C>A,NA,p.Ala1345Asp,0.10636661354468198
urn:mavedb:00000071-b-1#116,c.4033G>A,NA,p.Ala1345Thr,0.0514317606167111
urn:mavedb:00000071-b-1#117,c.4031A>G,NA,p.Asp1344Gly,0.3557623934115628
urn:mavedb:00000071-b-1#118,c.4028T>A,NA,p.Leu1343Gln,0.011580457032854971
urn:mavedb:00000071-b-1#119,c.4025T>G,NA,p.Val1342Gly,-0.6263351802536372
urn:mavedb:00000071-b-1#120,c.4025T>C,NA,p.Val1342Ala,-0.17653226281411674
urn:mavedb:00000071-b-1#121,c.4021G>A,NA,p.Glu1341Lys,0.3132213299395472
urn:mavedb:00000071-b-1#122,c.4019A>C,NA,p.Lys1340Thr,0.8529480809925586
urn:mavedb:00000071-b-1#123,c.4016C>A,NA,p.Thr1339Asn,0.15855005039151876
urn:mavedb:00000071-b-1#124,c.4016C>G,NA,p.Thr1339Ser,0.1482869326318402
urn:mavedb:00000071-b-1#125,c.4010C>T,NA,p.Thr1337Ile,0.026288823147591508
urn:mavedb:00000071-b-1#126,c.4006T>A,NA,p.Tyr1336Asn,-0.22453210572347956
urn:mavedb:00000071-b-1#127,c.4004G>T,NA,p.Arg1335Leu,-0.4289115253701929
urn:mavedb:00000071-b-1#128,c.4004G>A,NA,p.Arg1335Gln,0.2960977378917861
urn:mavedb:00000071-b-1#129,c.4002A>T,NA,p.Lys1334Asn,-0.3843401397676627
urn:mavedb:00000071-b-1#130,c.4001A>T,NA,p.Lys1334Ile,-0.34627468241225035
urn:mavedb:00000071-b-1#131,c.4000A>G,NA,p.Lys1334Glu,0.0368628737763969
urn:mavedb:00000071-b-1#132,c.4001A>C,NA,p.Lys1334Thr,0.15454056608672415
urn:mavedb:00000071-b-1#133,c.3998G>A,NA,p.Arg1333His,-0.11404170071174805
urn:mavedb:00000071-b-1#134,c.3997C>T,NA,p.Arg1333Cys,0.6580942926889269
urn:mavedb:00000071-b-1#135,c.3996T>A,NA,p.Asp1332Glu,0.18604053110466492
urn:mavedb:00000071-b-1#136,c.3995A>G,NA,p.Asp1332Gly,-0.1149438202965689
urn:mavedb:00000071-b-1#137,c.3988A>G,NA,p.Thr1330Ala,0.8444276707686885
urn:mavedb:00000071-b-1#138,c.3982G>T,NA,p.Asp1328Tyr,0.03165419504206087
urn:mavedb:00000071-b-1#139,c.3984C>G,NA,p.Asp1328Glu,0.0266929543161945
urn:mavedb:00000071-b-1#140,c.3984C>A,NA,p.Asp1328Glu,-0.2289502110125064
urn:mavedb:00000071-b-1#141,c.3983A>G,NA,p.Asp1328Gly,-0.5630558048667751
urn:mavedb:00000071-b-1#142,c.3980T>A,NA,p.Phe1327Tyr,-0.012173136979446782
urn:mavedb:00000071-b-1#143,c.3975G>C,NA,p.Lys1325Asn,0.259444535180236
urn:mavedb:00000071-b-1#144,c.3970T>A,NA,p.Phe1324Ile,-0.3049189647337885
urn:mavedb:00000071-b-1#145,c.3968C>G,NA,p.Ala1323Gly,0.7926254884788309
urn:mavedb:00000071-b-1#146,c.3965C>G,NA,p.Ala1322Gly,0.07081634967015803
urn:mavedb:00000071-b-1#147,c.3965C>A,NA,p.Ala1322Glu,0.4508135008130503
urn:mavedb:00000071-b-1#148,c.3961C>G,NA,p.Pro1321Ala,0.7827524566600064
urn:mavedb:00000071-b-1#149,c.3962C>T,NA,p.Pro1321Leu,-0.2836337095625341
urn:mavedb:00000071-b-1#150,c.3962C>A,NA,p.Pro1321Gln,0.21899309996001412
urn:mavedb:00000071-b-1#151,c.3958G>C,NA,p.Ala1320Pro,0.7347788424950117
urn:mavedb:00000071-b-1#152,c.3953T>C,NA,p.Leu1318Pro,0.03267080222190049
urn:mavedb:00000071-b-1#153,c.3953T>A,NA,p.Leu1318Gln,0.4887770557219209
urn:mavedb:00000071-b-1#154,c.3950A>C,NA,p.Asn1317Thr,1.5001351331828845
urn:mavedb:00000071-b-1#155,c.3947C>G,NA,p.Thr1316Ser,-0.17320362317733062
urn:mavedb:00000071-b-1#156,c.3943C>A,NA,p.Leu1315Met,-0.2522019045023533
urn:mavedb:00000071-b-1#157,c.3944T>A,NA,p.Leu1315Gln,-0.6902647032480111
urn:mavedb:00000071-b-1#158,c.3941C>T,NA,p.Thr1314Ile,0.3696973498077776
urn:mavedb:00000071-b-1#159,c.3939C>A,NA,p.Phe1313Leu,-0.056382800797107724
urn:mavedb:00000071-b-1#160,c.3938T>A,NA,p.Phe1313Tyr,0.2982725086308596
urn:mavedb:00000071-b-1#161,c.3937T>A,NA,p.Phe1313Ile,0.4100577586283895
urn:mavedb:00000071-b-1#162,c.3937T>G,NA,p.Phe1313Val,-0.3625317452685379
urn:mavedb:00000071-b-1#163,c.3938T>C,NA,p.Phe1313Ser,0.18800979800738254
urn:mavedb:00000071-b-1#164,c.3937T>C,NA,p.Phe1313Leu,0.16744933168275242
urn:mavedb:00000071-b-1#165,c.3931C>A,NA,p.His1311Asn,-0.5970716761512507
urn:mavedb:00000071-b-1#166,c.3932A>G,NA,p.His1311Arg,-0.6458548688395279
urn:mavedb:00000071-b-1#167,c.3929T>A,NA,p.Ile1310Asn,-0.06727621397040924
urn:mavedb:00000071-b-1#168,c.3928A>T,NA,p.Ile1310Phe,-0.23100062255811524
urn:mavedb:00000071-b-1#169,c.3926T>A,NA,p.Ile1309Asn,-0.14181126628884685
urn:mavedb:00000071-b-1#170,c.3922A>C,NA,p.Asn1308His,-0.060699418942870426
urn:mavedb:00000071-b-1#171,c.3919G>C,NA,p.Glu1307Gln,0.3526140121767505
urn:mavedb:00000071-b-1#172,c.3917C>G,NA,p.Ala1306Gly,-0.01194891851905918
urn:mavedb:00000071-b-1#173,c.3914A>T,NA,p.Gln1305Leu,-0.4883232044799158
urn:mavedb:00000071-b-1#174,c.3912G>T,NA,p.Glu1304Asp,0.11348932166712225
urn:mavedb:00000071-b-1#175,c.3911A>G,NA,p.Glu1304Gly,0.8434054890610623
urn:mavedb:00000071-b-1#176,c.3908G>T,NA,p.Arg1303Ile,0.5661797497846949
urn:mavedb:00000071-b-1#177,c.3905T>G,NA,p.Ile1302Ser,-0.8010639128286291
urn:mavedb:00000071-b-1#178,c.3905T>C,NA,p.Ile1302Thr,0.8307995628615553
urn:mavedb:00000071-b-1#179,c.3904A>T,NA,p.Ile1302Phe,0.13193697788988926
urn:mavedb:00000071-b-1#180,c.3901C>T,NA,p.Pro1301Ser,0.20531837605367545
urn:mavedb:00000071-b-1#181,c.3902C>G,NA,p.Pro1301Arg,-0.06701659699351359
urn:mavedb:00000071-b-1#182,c.3902C>T,NA,p.Pro1301Leu,1.1682231029785073
urn:mavedb:00000071-b-1#183,c.3902C>A,NA,p.Pro1301Gln,-0.29820840543675514
urn:mavedb:00000071-b-1#184,c.3899A>T,NA,p.Lys1300Met,0.5443571471190652
urn:mavedb:00000071-b-1#185,c.3899A>G,NA,p.Lys1300Arg,0.06272094120519825
urn:mavedb:00000071-b-1#186,c.3899A>C,NA,p.Lys1300Thr,-0.27380452989512194
urn:mavedb:00000071-b-1#187,c.3893G>T,NA,p.Arg1298Leu,0.19447303982609032
urn:mavedb:00000071-b-1#188,c.3892C>T,NA,p.Arg1298Trp,-0.21543349077322
urn:mavedb:00000071-b-1#189,c.3892C>G,NA,p.Arg1298Gly,-0.1673162853720493
urn:mavedb:00000071-b-1#190,c.3889C>G,NA,p.His1297Asp,0.3357196714872808
urn:mavedb:00000071-b-1#191,c.3889C>A,NA,p.His1297Asn,0.4254337928421352
urn:mavedb:00000071-b-1#192,c.3887A>G,NA,p.Lys1296Arg,0.12981809153099308
urn:mavedb:00000071-b-1#193,c.3888A>C,NA,p.Lys1296Asn,0.29104991760116805
urn:mavedb:00000071-b-1#194,c.3886A>G,NA,p.Lys1296Glu,-0.23593287614973474
urn:mavedb:00000071-b-1#195,c.3883A>T,NA,p.Asn1295Tyr,0.035766177959418666
urn:mavedb:00000071-b-1#196,c.3883A>G,NA,p.Asn1295Asp,0.21292721275536847
urn:mavedb:00000071-b-1#197,c.3881A>T,NA,p.Tyr1294Phe,0.0120017006842944
urn:mavedb:00000071-b-1#198,c.3881A>G,NA,p.Tyr1294Cys,0.1510033502603241
urn:mavedb:00000071-b-1#199,c.3881A>C,NA,p.Tyr1294Ser,0.7256975155276535
urn:mavedb:00000071-b-1#200,c.3878C>T,NA,p.Ala1293Val,-0.19959378678095285
urn:mavedb:00000071-b-1#201,c.3854C>T,NA,p.Ala1285Val,0.06471884212016782
urn:mavedb:00000071-b-1#202,c.3853G>A,NA,p.Ala1285Thr,-0.058992964639483815
urn:mavedb:00000071-b-1#203,c.3853G>T,NA,p.Ala1285Ser,-0.6044049846345866
urn:mavedb:00000071-b-1#204,c.3850G>T,NA,p.Asp1284Tyr,0.6321857388835248
urn:mavedb:00000071-b-1#205,c.3850G>C,NA,p.Asp1284His,-0.15888087928875322
urn:mavedb:00000071-b-1#206,c.3848C>T,NA,p.Ala1283Val,-0.08529850830807251
urn:mavedb:00000071-b-1#207,c.3848C>A,NA,p.Ala1283Asp,-0.21908374381189732
urn:mavedb:00000071-b-1#208,c.3845T>C,NA,p.Leu1282Pro,0.1079436569992442
urn:mavedb:00000071-b-1#209,c.3841A>T,NA,p.Ile1281Phe,0.021930490373847717
urn:mavedb:00000071-b-1#210,c.3839T>G,NA,p.Val1280Gly,-1.2398220506866509
urn:mavedb:00000071-b-1#211,c.3833A>G,NA,p.Lys1278Arg,-0.0074352148914770344
urn:mavedb:00000071-b-1#212,c.3830C>T,NA,p.Ser1277Phe,0.4478124582425943
urn:mavedb:00000071-b-1#213,c.3826T>C,NA,p.Phe1276Leu,0.2639086083669004
urn:mavedb:00000071-b-1#214,c.3826T>A,NA,p.Phe1276Ile,0.2510464574298506
urn:mavedb:00000071-b-1#215,c.3827T>A,NA,p.Phe1276Tyr,0.5532961573547933
urn:mavedb:00000071-b-1#216,c.3825G>T,NA,p.Glu1275Asp,-0.19680212032037164
urn:mavedb:00000071-b-1#217,c.3824A>T,NA,p.Glu1275Val,-0.12073322199096477
urn:mavedb:00000071-b-1#218,c.3825G>C,NA,p.Glu1275Asp,0.08840578309395865
urn:mavedb:00000071-b-1#219,c.3821G>T,NA,p.Ser1274Ile,0.3373964877708747
urn:mavedb:00000071-b-1#220,c.3821G>C,NA,p.Ser1274Thr,0.3196041482139117
urn:mavedb:00000071-b-1#221,c.3821G>A,NA,p.Ser1274Asn,0.44022589161613696
urn:mavedb:00000071-b-1#222,c.3818T>A,NA,p.Ile1273Asn,-0.3048722676554341
urn:mavedb:00000071-b-1#223,c.3815A>T,NA,p.Gln1272Leu,0.3219603080538352
urn:mavedb:00000071-b-1#224,c.3812A>T,NA,p.Glu1271Val,0.2050599920246192
urn:mavedb:00000071-b-1#225,c.3809T>C,NA,p.Ile1270Thr,-0.0861753949803073
urn:mavedb:00000071-b-1#226,c.3808A>G,NA,p.Ile1270Val,0.33215934740937
urn:mavedb:00000071-b-1#227,c.3806T>C,NA,p.Ile1269Thr,0.1224331529582267
urn:mavedb:00000071-b-1#228,c.3806T>A,NA,p.Ile1269Asn,0.02726064093499661
urn:mavedb:00000071-b-1#229,c.3805A>T,NA,p.Ile1269Phe,-0.02862065534560073
urn:mavedb:00000071-b-1#230,c.3806T>G,NA,p.Ile1269Ser,-0.5589591104460225
urn:mavedb:00000071-b-1#231,c.3804G>T,NA,p.Glu1268Asp,-0.25705977536189617
urn:mavedb:00000071-b-1#232,c.3799G>T,NA,p.Asp1267Tyr,0.16527330420808276
urn:mavedb:00000071-b-1#233,c.3801C>G,NA,p.Asp1267Glu,0.036690046458886585
urn:mavedb:00000071-b-1#234,c.3801C>A,NA,p.Asp1267Glu,0.4280439215449577
urn:mavedb:00000071-b-1#235,c.3800A>T,NA,p.Asp1267Val,0.16232646261238054
urn:mavedb:00000071-b-1#236,c.3800A>G,NA,p.Asp1267Gly,-0.605551401115413
urn:mavedb:00000071-b-1#237,c.3797T>C,NA,p.Leu1266Pro,0.4347334243233281
urn:mavedb:00000071-b-1#238,c.3793T>C,NA,p.Tyr1265His,0.18050679906991293
urn:mavedb:00000071-b-1#239,c.3790C>T,NA,p.His1264Tyr,-0.2010933291640667
urn:mavedb:00000071-b-1#240,c.3791A>G,NA,p.His1264Arg,-0.4193642231929137
urn:mavedb:00000071-b-1#241,c.3788A>G,NA,p.Lys1263Arg,0.6086757673676702
urn:mavedb:00000071-b-1#242,c.3789G>T,NA,p.Lys1263Asn,-0.2402887708016157
urn:mavedb:00000071-b-1#243,c.3788A>T,NA,p.Lys1263Met,0.4681206418858303
urn:mavedb:00000071-b-1#244,c.3785A>T,NA,p.His1262Leu,-0.43501295454643146
urn:mavedb:00000071-b-1#245,c.3786C>A,NA,p.His1262Gln,-0.12585308052445848
urn:mavedb:00000071-b-1#246,c.3783G>C,NA,p.Gln1261His,0.12077059305085605
urn:mavedb:00000071-b-1#247,c.3781C>A,NA,p.Gln1261Lys,0.1940152028191464
urn:mavedb:00000071-b-1#248,c.3775G>C,NA,p.Val1259Leu,0.2329710856246309
urn:mavedb:00000071-b-1#249,c.3776T>A,NA,p.Val1259Glu,0.3973052551251264
urn:mavedb:00000071-b-1#250,c.3773T>A,NA,p.Phe1258Tyr,0.4616883270736733
urn:mavedb:00000071-b-1#251,c.3772T>C,NA,p.Phe1258Leu,0.36121505810232624
urn:mavedb:00000071-b-1#252,c.3769C>G,NA,p.Leu1257Val,0.14638428356512226
urn:mavedb:00000071-b-1#253,c.3770T>A,NA,p.Leu1257Gln,0.4265991189187834
urn:mavedb:00000071-b-1#254,c.3768G>T,NA,p.Gln1256His,-0.036889544156189454
urn:mavedb:00000071-b-1#255,c.3764A>T,NA,p.Lys1255Ile,0.10546203539032237
urn:mavedb:00000071-b-1#256,c.3765A>C,NA,p.Lys1255Asn,-0.590298919441629
urn:mavedb:00000071-b-1#257,c.3761A>C,NA,p.Gln1254Pro,-0.3669637846278897
urn:mavedb:00000071-b-1#258,c.3760C>A,NA,p.Gln1254Lys,-0.13996083186019306
urn:mavedb:00000071-b-1#259,c.3758A>T,NA,p.Glu1253Val,0.0772251816934745
urn:mavedb:00000071-b-1#260,c.3757G>C,NA,p.Glu1253Gln,0.34135062687221146
urn:mavedb:00000071-b-1#261,c.3757G>A,NA,p.Glu1253Lys,0.5492272685479721
urn:mavedb:00000071-b-1#262,c.3755A>C,NA,p.Asn1252Thr,-0.29469966212442184
urn:mavedb:00000071-b-1#263,c.3752A>T,NA,p.Asp1251Val,-0.9235517373156548
urn:mavedb:00000071-b-1#264,c.3753T>A,NA,p.Asp1251Glu,-0.045395259883510106
urn:mavedb:00000071-b-1#265,c.3750G>T,NA,p.Glu1250Asp,0.11506445787987167
urn:mavedb:00000071-b-1#266,c.3749A>G,NA,p.Glu1250Gly,-0.07344040216958879
urn:mavedb:00000071-b-1#267,c.3745C>A,NA,p.Pro1249Thr,-0.15172158826832813
urn:mavedb:00000071-b-1#268,c.3743G>T,NA,p.Ser1248Ile,-0.27594664355967224
urn:mavedb:00000071-b-1#269,c.3743G>C,NA,p.Ser1248Thr,0.3719407359829588
urn:mavedb:00000071-b-1#270,c.3740G>C,NA,p.Gly1247Ala,0.5556542002522479
urn:mavedb:00000071-b-1#271,c.3740G>A,NA,p.Gly1247Asp,0.3181548865255917
urn:mavedb:00000071-b-1#272,c.3739G>A,NA,p.Gly1247Ser,-0.3919665507908889
urn:mavedb:00000071-b-1#273,c.3736A>G,NA,p.Lys1246Glu,-0.4869430777291197
urn:mavedb:00000071-b-1#274,c.3733C>G,NA,p.Leu1245Val,-0.16729823611049235
urn:mavedb:00000071-b-1#275,c.3731A>T,NA,p.Lys1244Met,-0.3328667322863987
urn:mavedb:00000071-b-1#276,c.3730A>G,NA,p.Lys1244Glu,0.08064969416733596
urn:mavedb:00000071-b-1#277,c.3729G>T,NA,p.Glu1243Asp,-0.018446912809923208
urn:mavedb:00000071-b-1#278,c.3728A>G,NA,p.Glu1243Gly,-0.1994469401928425
urn:mavedb:00000071-b-1#279,c.3727G>A,NA,p.Glu1243Lys,0.8600460411796405
urn:mavedb:00000071-b-1#280,c.3724T>A,NA,p.Tyr1242Asn,0.003759006300936628
urn:mavedb:00000071-b-1#281,c.3721C>T,NA,p.His1241Tyr,-0.09628418803473478
urn:mavedb:00000071-b-1#282,c.3721C>A,NA,p.His1241Asn,0.21589593030106544
urn:mavedb:00000071-b-1#283,c.3718T>A,NA,p.Ser1240Thr,0.507898475324454
urn:mavedb:00000071-b-1#284,c.3715G>C,NA,p.Ala1239Pro,-0.7060846500409896
urn:mavedb:00000071-b-1#285,c.3713T>C,NA,p.Leu1238Pro,-0.4641352153261032
urn:mavedb:00000071-b-1#286,c.3709T>A,NA,p.Tyr1237Asn,-0.08710451479561324
urn:mavedb:00000071-b-1#287,c.3706C>A,NA,p.Leu1236Met,-0.16225131164991613
urn:mavedb:00000071-b-1#288,c.3702C>G,NA,p.Asn1234Lys,0.025749571005897438
urn:mavedb:00000071-b-1#289,c.3700A>G,NA,p.Asn1234Asp,0.07140891974867493
urn:mavedb:00000071-b-1#290,c.3692A>T,NA,p.Lys1231Met,-0.16137765329238682
urn:mavedb:00000071-b-1#291,c.3683T>A,NA,p.Leu1228Gln,0.5114578818079101
urn:mavedb:00000071-b-1#292,c.3682C>A,NA,p.Leu1228Met,0.1921980992667836
urn:mavedb:00000071-b-1#293,c.3677T>A,NA,p.Leu1226Gln,0.23688171240167705
urn:mavedb:00000071-b-1#294,c.3676C>G,NA,p.Leu1226Val,0.18637251862862692
urn:mavedb:00000071-b-1#295,c.3675A>T,NA,p.Glu1225Asp,-0.02234740150197783
urn:mavedb:00000071-b-1#296,c.3668G>T,NA,p.Gly1223Val,-0.15305288270800668
urn:mavedb:00000071-b-1#297,c.3667G>A,NA,p.Gly1223Arg,0.10706196311044476
urn:mavedb:00000071-b-1#298,c.3664A>G,NA,p.Lys1222Glu,-0.5369147036985874
urn:mavedb:00000071-b-1#299,c.3666A>T,NA,p.Lys1222Asn,-0.06899212665045956
urn:mavedb:00000071-b-1#300,c.3665A>T,NA,p.Lys1222Ile,0.008819566026536288
urn:mavedb:00000071-b-1#301,c.3663G>C,NA,p.Gln1221His,0.616793821675642
urn:mavedb:00000071-b-1#302,c.3663G>T,NA,p.Gln1221His,-0.008061406169026552
urn:mavedb:00000071-b-1#303,c.3661C>G,NA,p.Gln1221Glu,0.4149900327364161
urn:mavedb:00000071-b-1#304,c.3658C>G,NA,p.Leu1220Val,0.2511950513190491
urn:mavedb:00000071-b-1#305,c.3657G>T,NA,p.Glu1219Asp,0.02227660948688636
urn:mavedb:00000071-b-1#306,c.3656A>G,NA,p.Glu1219Gly,0.003415071405218044
urn:mavedb:00000071-b-1#307,c.3649G>A,NA,p.Ala1217Thr,0.5457719154121494
urn:mavedb:00000071-b-1#308,c.3647G>T,NA,p.Ser1216Ile,-0.15586310477309265
urn:mavedb:00000071-b-1#309,c.3648C>G,NA,p.Ser1216Arg,0.07212283636545704
urn:mavedb:00000071-b-1#310,c.3646A>C,NA,p.Ser1216Arg,-0.5643970611676867
urn:mavedb:00000071-b-1#311,c.3648C>A,NA,p.Ser1216Arg,-0.21167012963513435
urn:mavedb:00000071-b-1#312,c.3644C>A,NA,p.Ala1215Glu,0.20530862897860067
urn:mavedb:00000071-b-1#313,c.3644C>T,NA,p.Ala1215Val,-0.17704506056952324
urn:mavedb:00000071-b-1#314,c.3644C>G,NA,p.Ala1215Gly,0.3363961427703153
urn:mavedb:00000071-b-1#315,c.3643G>A,NA,p.Ala1215Thr,-0.1923327450472241
urn:mavedb:00000071-b-1#316,c.3639G>C,NA,p.Met1213Ile,0.5950032543419164
urn:mavedb:00000071-b-1#317,c.3636G>T,NA,p.Arg1212Ser,0.17453264003840102
urn:mavedb:00000071-b-1#318,c.3634A>T,NA,p.Arg1212Trp,-0.4898099563235248
urn:mavedb:00000071-b-1#319,c.3634A>G,NA,p.Arg1212Gly,0.11088035710687917
urn:mavedb:00000071-b-1#320,c.3633G>T,NA,p.Lys1211Asn,0.3372629246618869
urn:mavedb:00000071-b-1#321,c.3632A>C,NA,p.Lys1211Thr,0.2069905337775157
urn:mavedb:00000071-b-1#322,c.3631A>C,NA,p.Lys1211Gln,-0.17950605165992248
urn:mavedb:00000071-b-1#323,c.3629G>T,NA,p.Arg1210Ile,0.543041661388789
urn:mavedb:00000071-b-1#324,c.3628A>G,NA,p.Arg1210Gly,-0.35452245322173703
urn:mavedb:00000071-b-1#325,c.3626G>T,NA,p.Gly1209Val,-0.3626433234283479
urn:mavedb:00000071-b-1#326,c.3626G>C,NA,p.Gly1209Ala,1.1007316265535756
urn:mavedb:00000071-b-1#327,c.3623A>G,NA,p.Asn1208Ser,0.2741534794703817
urn:mavedb:00000071-b-1#328,c.3615G>T,NA,p.Glu1205Asp,-0.1932560064811729
urn:mavedb:00000071-b-1#329,c.3615G>C,NA,p.Glu1205Asp,-0.0320414745046395
urn:mavedb:00000071-b-1#330,c.3614A>T,NA,p.Glu1205Val,0.3637319935791013
urn:mavedb:00000071-b-1#331,c.3611T>A,NA,p.Phe1204Tyr,1.252013138379019
urn:mavedb:00000071-b-1#332,c.3607C>A,NA,p.Leu1203Met,0.22497407889153564
urn:mavedb:00000071-b-1#333,c.3599A>T,NA,p.Lys1200Met,-0.16152551550377742
urn:mavedb:00000071-b-1#334,c.3599A>G,NA,p.Lys1200Arg,0.01779818394078457
urn:mavedb:00000071-b-1#335,c.3595C>A,NA,p.Pro1199Thr,0.6018368102069598
urn:mavedb:00000071-b-1#336,c.3596C>A,NA,p.Pro1199Gln,0.4862834116841918
urn:mavedb:00000071-b-1#337,c.3593T>G,NA,p.Leu1198Arg,0.8538570407528645
urn:mavedb:00000071-b-1#338,c.3593T>C,NA,p.Leu1198Pro,0.7949633516992962
urn:mavedb:00000071-b-1#339,c.3593T>A,NA,p.Leu1198Gln,0.4470400482789893
urn:mavedb:00000071-b-1#340,c.3592C>A,NA,p.Leu1198Met,0.1057547932382631
urn:mavedb:00000071-b-1#341,c.3590A>T,NA,p.Lys1197Met,0.2971047687590445
urn:mavedb:00000071-b-1#342,c.3589A>C,NA,p.Lys1197Gln,0.9242728196744788
urn:mavedb:00000071-b-1#343,c.3586A>C,NA,p.Ile1196Leu,0.4191623877171957
urn:mavedb:00000071-b-1#344,c.3586A>G,NA,p.Ile1196Val,0.9939803310328084
urn:mavedb:00000071-b-1#345,c.3584T>A,NA,p.Ile1195Asn,0.017510720232416028
urn:mavedb:00000071-b-1#346,c.3583A>G,NA,p.Ile1195Val,1.1828914902686718
urn:mavedb:00000071-b-1#347,c.3577G>T,NA,p.Asp1193Tyr,0.3623000601721932
urn:mavedb:00000071-b-1#348,c.3578A>G,NA,p.Asp1193Gly,-0.2292279610097136
urn:mavedb:00000071-b-1#349,c.3574A>G,NA,p.Lys1192Glu,0.12037574013556457
urn:mavedb:00000071-b-1#350,c.3572A>T,NA,p.Lys1191Met,0.3070631182695401
urn:mavedb:00000071-b-1#351,c.3573G>T,NA,p.Lys1191Asn,0.16074229813795668
urn:mavedb:00000071-b-1#352,c.3566A>T,NA,p.Glu1189Val,-0.3073301018735907
urn:mavedb:00000071-b-1#353,c.3566A>G,NA,p.Glu1189Gly,0.3743530567914257
urn:mavedb:00000071-b-1#354,c.3564G>T,NA,p.Lys1188Asn,-0.3622685299133291
urn:mavedb:00000071-b-1#355,c.3563A>T,NA,p.Lys1188Met,0.07975978077482802
urn:mavedb:00000071-b-1#356,c.3563A>G,NA,p.Lys1188Arg,0.5983264650979407
urn:mavedb:00000071-b-1#357,c.3559T>A,NA,p.Tyr1187Asn,0.2640204163760037
urn:mavedb:00000071-b-1#358,c.3556G>C,NA,p.Gly1186Arg,0.4733129310700416
urn:mavedb:00000071-b-1#359,c.3556G>A,NA,p.Gly1186Arg,0.18119746137229825
urn:mavedb:00000071-b-1#360,c.3555A>C,NA,p.Lys1185Asn,-0.2087018230452474
urn:mavedb:00000071-b-1#361,c.3554A>C,NA,p.Lys1185Thr,0.14699485426817474
urn:mavedb:00000071-b-1#362,c.3551C>A,NA,p.Ala1184Asp,-0.2559684857637425
urn:mavedb:00000071-b-1#363,c.3550G>A,NA,p.Ala1184Thr,0.08649790875525877
urn:mavedb:00000071-b-1#364,c.3551C>G,NA,p.Ala1184Gly,0.27679240713973524
urn:mavedb:00000071-b-1#365,c.3549G>T,NA,p.Glu1183Asp,0.1599678936501102
urn:mavedb:00000071-b-1#366,c.3548A>G,NA,p.Glu1183Gly,0.3766140266056961
urn:mavedb:00000071-b-1#367,c.3545T>A,NA,p.Leu1182Gln,0.1695163151690387
urn:mavedb:00000071-b-1#368,c.3542T>G,NA,p.Phe1181Cys,-0.2981841442038196
urn:mavedb:00000071-b-1#369,c.3542T>C,NA,p.Phe1181Ser,0.5475369342585418
urn:mavedb:00000071-b-1#370,c.3538G>T,NA,p.Asp1180Tyr,0.4350036678119364
urn:mavedb:00000071-b-1#371,c.3539A>C,NA,p.Asp1180Ala,0.5258909518299344
urn:mavedb:00000071-b-1#372,c.3538G>A,NA,p.Asp1180Asn,-0.1172220464972201
urn:mavedb:00000071-b-1#373,c.3539A>T,NA,p.Asp1180Val,-0.2858424107382442
urn:mavedb:00000071-b-1#374,c.3539A>G,NA,p.Asp1180Gly,0.22103637030151355
urn:mavedb:00000071-b-1#375,c.3536T>A,NA,p.Ile1179Asn,-0.18035135887640505
urn:mavedb:00000071-b-1#376,c.3533C>T,NA,p.Pro1178Leu,0.31080219680996457
urn:mavedb:00000071-b-1#377,c.3533C>A,NA,p.Pro1178His,0.4802896334068225
urn:mavedb:00000071-b-1#378,c.3530A>T,NA,p.Asn1177Ile,0.44977044743878425
urn:mavedb:00000071-b-1#379,c.3527A>T,NA,p.Lys1176Met,-0.1058642062146674
urn:mavedb:00000071-b-1#380,c.3528G>C,NA,p.Lys1176Asn,-1.3812572940173853
urn:mavedb:00000071-b-1#381,c.3525A>T,NA,p.Glu1175Asp,0.12465328250874665
urn:mavedb:00000071-b-1#382,c.3515G>T,NA,p.Ser1172Ile,-0.2993060172062534
urn:mavedb:00000071-b-1#383,c.3514A>C,NA,p.Ser1172Arg,0.2453291089496505
urn:mavedb:00000071-b-1#384,c.3514A>T,NA,p.Ser1172Cys,0.09037661444349833
urn:mavedb:00000071-b-1#385,c.3513A>T,NA,p.Arg1171Ser,0.5495155033952133
urn:mavedb:00000071-b-1#386,c.3511A>G,NA,p.Arg1171Gly,-0.2105584194412639
urn:mavedb:00000071-b-1#387,c.3509A>T,NA,p.Glu1170Val,0.14636782823563502
urn:mavedb:00000071-b-1#388,c.3508G>A,NA,p.Glu1170Lys,-0.059358533527750536
urn:mavedb:00000071-b-1#389,c.3506T>C,NA,p.Met1169Thr,-0.16195734778646506
urn:mavedb:00000071-b-1#390,c.3502A>T,NA,p.Ile1168Phe,0.3405067466024808
urn:mavedb:00000071-b-1#391,c.3503T>G,NA,p.Ile1168Ser,0.6265690681715559
urn:mavedb:00000071-b-1#392,c.3503T>C,NA,p.Ile1168Thr,0.1031943656732311
urn:mavedb:00000071-b-1#393,c.3503T>A,NA,p.Ile1168Asn,-0.2424173534069039
urn:mavedb:00000071-b-1#394,c.3500C>T,NA,p.Thr1167Ile,0.238837606357719
urn:mavedb:00000071-b-1#395,c.3499A>T,NA,p.Thr1167Ser,0.12336343547149264
urn:mavedb:00000071-b-1#396,c.3490C>A,NA,p.Leu1164Met,-0.07692795124056079
urn:mavedb:00000071-b-1#397,c.3488T>G,NA,p.Leu1163Arg,-0.4696876455392097
urn:mavedb:00000071-b-1#398,c.3487C>G,NA,p.Leu1163Val,-0.389602176109653
urn:mavedb:00000071-b-1#399,c.3488T>C,NA,p.Leu1163Pro,0.23586499599553484
urn:mavedb:00000071-b-1#400,c.3487C>A,NA,p.Leu1163Met,-0.7171482316531815
urn:mavedb:00000071-b-1#401,c.3483G>T,NA,p.Lys1161Asn,0.13936863794850873
urn:mavedb:00000071-b-1#402,c.3478G>A,NA,p.Val1160Ile,0.610850711062036
urn:mavedb:00000071-b-1#403,c.3473A>G,NA,p.Lys1158Arg,0.3571339901271613
urn:mavedb:00000071-b-1#404,c.3474A>C,NA,p.Lys1158Asn,0.3274725202005708
urn:mavedb:00000071-b-1#405,c.3472A>C,NA,p.Lys1158Gln,0.17025560774190185
urn:mavedb:00000071-b-1#406,c.3473A>C,NA,p.Lys1158Thr,-0.6514066815757922
urn:mavedb:00000071-b-1#407,c.3470T>G,NA,p.Leu1157Arg,0.0563765866805429
urn:mavedb:00000071-b-1#408,c.3467A>G,NA,p.Lys1156Arg,0.32020647739920355
urn:mavedb:00000071-b-1#409,c.3465G>T,NA,p.Lys1155Asn,0.0217582959592562
urn:mavedb:00000071-b-1#410,c.3462C>G,NA,p.Ser1154Arg,-0.013773987844223531
urn:mavedb:00000071-b-1#411,c.3454G>A,NA,p.Gly1152Arg,-0.33179712630384794
urn:mavedb:00000071-b-1#412,c.3454G>T,NA,p.Gly1152Trp,0.498990490218879
urn:mavedb:00000071-b-1#413,c.3455G>A,NA,p.Gly1152Glu,0.7515345926103191
urn:mavedb:00000071-b-1#414,c.3449A>C,NA,p.Glu1150Ala,-0.5292722212761022
urn:mavedb:00000071-b-1#415,c.3445G>A,NA,p.Val1149Met,0.06083071601203159
urn:mavedb:00000071-b-1#416,c.3440C>T,NA,p.Ala1147Val,0.24476958871935264
urn:mavedb:00000071-b-1#417,c.3274G>A,NA,p.Val1092Met,0.08169650549809533
urn:mavedb:00000071-b-1#418,c.3273A>T,NA,p.Gln1091His,-0.26893369425340113
urn:mavedb:00000071-b-1#419,c.3271C>A,NA,p.Gln1091Lys,0.4596180336558528
urn:mavedb:00000071-b-1#420,c.3268C>T,NA,p.Pro1090Ser,-0.09721984253519704
urn:mavedb:00000071-b-1#421,c.3265A>T,NA,p.Met1089Leu,0.08332077880219309
urn:mavedb:00000071-b-1#422,c.3265A>C,NA,p.Met1089Leu,0.1935036965526161
urn:mavedb:00000071-b-1#423,c.3267G>A,NA,p.Met1089Ile,0.16114645657534382
urn:mavedb:00000071-b-1#424,c.3264C>G,NA,p.Ser1088Arg,0.7222400806498661
urn:mavedb:00000071-b-1#425,c.3260T>C,NA,p.Leu1087Pro,0.1672460045414059
urn:mavedb:00000071-b-1#426,c.3259C>A,NA,p.Leu1087Met,-0.29217738458479553
urn:mavedb:00000071-b-1#427,c.3256G>C,NA,p.Val1086Leu,-0.4100801556646572
urn:mavedb:00000071-b-1#428,c.3257T>A,NA,p.Val1086Asp,0.177525894911232
urn:mavedb:00000071-b-1#429,c.3256G>A,NA,p.Val1086Ile,0.059956548377245476
urn:mavedb:00000071-b-1#430,c.3254A>T,NA,p.Lys1085Met,-0.1555647961709256
urn:mavedb:00000071-b-1#431,c.3250A>T,NA,p.Arg1084Trp,-0.4123794652644614
urn:mavedb:00000071-b-1#432,c.3247G>A,NA,p.Val1083Met,-0.029802181449432308
urn:mavedb:00000071-b-1#433,c.3245C>G,NA,p.Thr1082Ser,0.6362987819911192
urn:mavedb:00000071-b-1#434,c.3239T>A,NA,p.Phe1080Tyr,-0.39706557899286654
urn:mavedb:00000071-b-1#435,c.3236A>G,NA,p.Asp1079Gly,0.5483137002502508
urn:mavedb:00000071-b-1#436,c.3237T>A,NA,p.Asp1079Glu,0.23363570245298101
urn:mavedb:00000071-b-1#437,c.3233G>T,NA,p.Arg1078Ile,-0.15487179762975894
urn:mavedb:00000071-b-1#438,c.3234A>T,NA,p.Arg1078Ser,-0.5701463078312585
urn:mavedb:00000071-b-1#439,c.3230G>T,NA,p.Gly1077Val,-0.8260730949080709
urn:mavedb:00000071-b-1#440,c.3229G>T,NA,p.Gly1077Trp,0.08979614330828617
urn:mavedb:00000071-b-1#441,c.3230G>A,NA,p.Gly1077Glu,0.24985671950658414
urn:mavedb:00000071-b-1#442,c.3229G>A,NA,p.Gly1077Arg,0.2234207074384814
urn:mavedb:00000071-b-1#443,c.3227A>T,NA,p.Lys1076Ile,0.0769399051111915
urn:mavedb:00000071-b-1#444,c.3227A>G,NA,p.Lys1076Arg,-0.3895328587390007
urn:mavedb:00000071-b-1#445,c.3226A>G,NA,p.Lys1076Glu,0.25910891002082803
urn:mavedb:00000071-b-1#446,c.3223G>T,NA,p.Asp1075Tyr,-0.3992729073548104
urn:mavedb:00000071-b-1#447,c.3223G>A,NA,p.Asp1075Asn,0.10768708136507256
urn:mavedb:00000071-b-1#448,c.3222G>T,NA,p.Trp1074Cys,0.08142892138525742
urn:mavedb:00000071-b-1#449,c.3221G>T,NA,p.Trp1074Leu,-0.2268594293304877
urn:mavedb:00000071-b-1#450,c.3220T>C,NA,p.Trp1074Arg,0.2058637199358235
urn:mavedb:00000071-b-1#451,c.3220T>A,NA,p.Trp1074Arg,-0.1211095701900892
urn:mavedb:00000071-b-1#452,c.3218T>G,NA,p.Val1073Gly,0.25226340464945857
urn:mavedb:00000071-b-1#453,c.3217G>C,NA,p.Val1073Leu,0.3397172909243992
urn:mavedb:00000071-b-1#454,c.3218T>A,NA,p.Val1073Glu,0.5469687000551519
urn:mavedb:00000071-b-1#455,c.3214A>G,NA,p.Ile1072Val,-0.0808522539578611
urn:mavedb:00000071-b-1#456,c.3215T>C,NA,p.Ile1072Thr,0.5213866916806195
urn:mavedb:00000071-b-1#457,c.3214A>C,NA,p.Ile1072Leu,0.2785975197809457
urn:mavedb:00000071-b-1#458,c.3215T>A,NA,p.Ile1072Asn,-0.03535538336911147
urn:mavedb:00000071-b-1#459,c.3212A>T,NA,p.Glu1071Val,0.9512409754804968
urn:mavedb:00000071-b-1#460,c.3213A>C,NA,p.Glu1071Asp,0.4764081623027927
urn:mavedb:00000071-b-1#461,c.3208G>A,NA,p.Gly1070Arg,-0.13088502612209302
urn:mavedb:00000071-b-1#462,c.3209G>T,NA,p.Gly1070Val,0.4254773516072536
urn:mavedb:00000071-b-1#463,c.3209G>A,NA,p.Gly1070Glu,0.26983901504082364
urn:mavedb:00000071-b-1#464,c.3206C>T,NA,p.Thr1069Ile,-0.18644933593723925
urn:mavedb:00000071-b-1#465,c.3205A>T,NA,p.Thr1069Ser,0.010615816171530823
urn:mavedb:00000071-b-1#466,c.3205A>G,NA,p.Thr1069Ala,0.15745720450080208
urn:mavedb:00000071-b-1#467,c.3206C>A,NA,p.Thr1069Asn,-0.30827556987895005
urn:mavedb:00000071-b-1#468,c.3206C>G,NA,p.Thr1069Ser,0.07858742280770227
urn:mavedb:00000071-b-1#469,c.3204G>T,NA,p.Glu1068Asp,-0.009042318000388442
urn:mavedb:00000071-b-1#470,c.3202G>A,NA,p.Glu1068Lys,0.09671997105611732
urn:mavedb:00000071-b-1#471,c.3199G>T,NA,p.Gly1067Cys,-0.4336936628760393
urn:mavedb:00000071-b-1#472,c.3196A>T,NA,p.Asn1066Tyr,0.6390766319213589
urn:mavedb:00000071-b-1#473,c.3198C>A,NA,p.Asn1066Lys,0.16294579897949932
urn:mavedb:00000071-b-1#474,c.3194C>G,NA,p.Thr1065Ser,-0.0447099940687013
urn:mavedb:00000071-b-1#475,c.3193A>C,NA,p.Thr1065Pro,-0.3216164653515345
urn:mavedb:00000071-b-1#476,c.3190G>A,NA,p.Glu1064Lys,-0.10784675303339426
urn:mavedb:00000071-b-1#477,c.3188T>A,NA,p.Ile1063Asn,-0.09135481034199668
urn:mavedb:00000071-b-1#478,c.3182C>T,NA,p.Pro1061Leu,0.4149025134840443
urn:mavedb:00000071-b-1#479,c.3181C>G,NA,p.Pro1061Ala,-0.04176931444116233
urn:mavedb:00000071-b-1#480,c.3182C>A,NA,p.Pro1061Gln,-0.26085654908754363
urn:mavedb:00000071-b-1#481,c.3181C>A,NA,p.Pro1061Thr,0.6379336762504035
urn:mavedb:00000071-b-1#482,c.3179G>T,NA,p.Arg1060Leu,0.2069575216444753
urn:mavedb:00000071-b-1#483,c.3177G>T,NA,p.Lys1059Asn,-0.2501801692255957
urn:mavedb:00000071-b-1#484,c.3176A>T,NA,p.Lys1059Met,-0.23804319679977404
urn:mavedb:00000071-b-1#485,c.3173G>T,NA,p.Arg1058Leu,0.08745453257198722
urn:mavedb:00000071-b-1#486,c.3172C>G,NA,p.Arg1058Gly,0.5759626319627641
urn:mavedb:00000071-b-1#487,c.3173G>A,NA,p.Arg1058Gln,-0.4525302615238997
urn:mavedb:00000071-b-1#488,c.3168A>T,NA,p.Glu1056Asp,0.0762971239576824
urn:mavedb:00000071-b-1#489,c.3167A>G,NA,p.Glu1056Gly,0.2378265577982271
urn:mavedb:00000071-b-1#490,c.3166G>A,NA,p.Glu1056Lys,0.9393861580801416
urn:mavedb:00000071-b-1#491,c.3164G>T,NA,p.Gly1055Val,0.4791972638905575
urn:mavedb:00000071-b-1#492,c.3163G>T,NA,p.Gly1055Cys,-0.4090270398759382
urn:mavedb:00000071-b-1#493,c.3164G>C,NA,p.Gly1055Ala,0.1572691690031954
urn:mavedb:00000071-b-1#494,c.3163G>C,NA,p.Gly1055Arg,0.014667321533357713
urn:mavedb:00000071-b-1#495,c.3163G>A,NA,p.Gly1055Ser,0.055573560091501065
urn:mavedb:00000071-b-1#496,c.3161A>T,NA,p.Asn1054Ile,-0.02152961807413144
urn:mavedb:00000071-b-1#497,c.3160A>G,NA,p.Asn1054Asp,-0.004946662137623429
urn:mavedb:00000071-b-1#498,c.3162T>A,NA,p.Asn1054Lys,0.07397545220617131
urn:mavedb:00000071-b-1#499,c.3158C>G,NA,p.Ala1053Gly,0.7906398515096695
urn:mavedb:00000071-b-1#500,c.3157G>A,NA,p.Ala1053Thr,0.11030681747178236
urn:mavedb:00000071-b-1#501,c.3155T>G,NA,p.Leu1052Arg,-0.8289714881279069
urn:mavedb:00000071-b-1#502,c.3154C>G,NA,p.Leu1052Val,0.07664245693343902
urn:mavedb:00000071-b-1#503,c.3155T>C,NA,p.Leu1052Pro,-0.3057054391667704
urn:mavedb:00000071-b-1#504,c.3155T>A,NA,p.Leu1052Gln,0.5409642409460093
urn:mavedb:00000071-b-1#505,c.3154C>A,NA,p.Leu1052Met,-0.1750264519896845
urn:mavedb:00000071-b-1#506,c.3151A>T,NA,p.Thr1051Ser,-0.8340080261705828
urn:mavedb:00000071-b-1#507,c.3151A>G,NA,p.Thr1051Ala,0.08328957012641293
urn:mavedb:00000071-b-1#508,c.3149T>A,NA,p.Ile1050Asn,-0.14584723538815247
urn:mavedb:00000071-b-1#509,c.3147G>T,NA,p.Glu1049Asp,0.09129328459690307
urn:mavedb:00000071-b-1#510,c.3145G>A,NA,p.Glu1049Lys,-0.14334981430420268
urn:mavedb:00000071-b-1#511,c.3143C>G,NA,p.Thr1048Ser,0.16807512255624674
urn:mavedb:00000071-b-1#512,c.3140A>G,NA,p.Lys1047Arg,-0.06992562951685573
urn:mavedb:00000071-b-1#513,c.3139A>G,NA,p.Lys1047Glu,0.597070854036405
urn:mavedb:00000071-b-1#514,c.3137T>G,NA,p.Phe1046Cys,0.6166291671345635
urn:mavedb:00000071-b-1#515,c.3137T>A,NA,p.Phe1046Tyr,-0.11757075035658444
urn:mavedb:00000071-b-1#516,c.3136T>A,NA,p.Phe1046Ile,0.10223520212942658
urn:mavedb:00000071-b-1#517,c.3135C>A,NA,p.Phe1045Leu,-0.5553874739599051
urn:mavedb:00000071-b-1#518,c.3131A>T,NA,p.Asn1044Ile,0.1885803803808932
urn:mavedb:00000071-b-1#519,c.3130A>T,NA,p.Asn1044Tyr,0.14430488173907802
urn:mavedb:00000071-b-1#520,c.3132T>G,NA,p.Asn1044Lys,-0.5957084235386133
urn:mavedb:00000071-b-1#521,c.3131A>C,NA,p.Asn1044Thr,0.5732442306162182
urn:mavedb:00000071-b-1#522,c.3127A>G,NA,p.Met1043Val,0.21809857469346136
urn:mavedb:00000071-b-1#523,c.3129G>C,NA,p.Met1043Ile,0.5137999717917714
urn:mavedb:00000071-b-1#524,c.3128T>C,NA,p.Met1043Thr,0.14191805956647413
urn:mavedb:00000071-b-1#525,c.3128T>A,NA,p.Met1043Lys,0.033612176387827764
urn:mavedb:00000071-b-1#526,c.3875C>T,NA,p.Ser1292Phe,0.1432377555051455
urn:mavedb:00000071-b-1#527,c.3874T>C,NA,p.Ser1292Pro,-0.1139789121094525
urn:mavedb:00000071-b-1#528,c.3872T>C,NA,p.Leu1291Pro,-0.09598580695278387
urn:mavedb:00000071-b-1#529,c.3871C>A,NA,p.Leu1291Met,0.0013826399471375142
urn:mavedb:00000071-b-1#530,c.3868G>A,NA,p.Val1290Ile,0.14235381709162245
urn:mavedb:00000071-b-1#531,c.3863A>T,NA,p.Asp1288Val,0.3756333925207177
urn:mavedb:00000071-b-1#532,c.3860T>G,NA,p.Leu1287Arg,0.4617139204266821
urn:mavedb:00000071-b-1#533,c.3859C>G,NA,p.Leu1287Val,-1.1894390837164817
urn:mavedb:00000071-b-1#534,c.3856A>C,NA,p.Asn1286His,0.046943713716867085
urn:mavedb:00000071-b-1#535,c.3856A>G,NA,p.Asn1286Asp,-0.0036823593531009288
urn:mavedb:00000071-b-1#536,c.3124A>T,NA,p.Ile1042Phe,0.518613575043146
urn:mavedb:00000071-b-1#537,c.3124A>G,NA,p.Ile1042Val,-0.12517552667832715
urn:mavedb:00000071-b-1#538,c.3125T>A,NA,p.Ile1042Asn,-0.2723291827015979
urn:mavedb:00000071-b-1#539,c.3122A>T,NA,p.Asn1041Ile,0.288354668278285
urn:mavedb:00000071-b-1#540,c.3122A>G,NA,p.Asn1041Ser,-0.1655102744844708
urn:mavedb:00000071-b-1#541,c.3121A>G,NA,p.Asn1041Asp,0.3669162040824079
urn:mavedb:00000071-b-1#542,c.3119G>T,NA,p.Ser1040Ile,0.2564359692526159
urn:mavedb:00000071-b-1#543,c.3118A>T,NA,p.Ser1040Cys,-0.009821645463926738
urn:mavedb:00000071-b-1#544,c.3118A>G,NA,p.Ser1040Gly,0.0554029691933922
urn:mavedb:00000071-b-1#545,c.3118A>C,NA,p.Ser1040Arg,0.77907174074614
urn:mavedb:00000071-b-1#546,c.3120T>A,NA,p.Ser1040Arg,0.2456730752525552
urn:mavedb:00000071-b-1#547,c.3119G>A,NA,p.Ser1040Asn,-0.01864693171560065
urn:mavedb:00000071-b-1#548,c.3119G>C,NA,p.Ser1040Thr,-0.6096967623156719
urn:mavedb:00000071-b-1#549,c.3115T>A,NA,p.Tyr1039Asn,-0.29111645749722864
urn:mavedb:00000071-b-1#550,c.3113T>C,NA,p.Phe1038Ser,-0.12774698827201014
urn:mavedb:00000071-b-1#551,c.3112T>C,NA,p.Phe1038Leu,0.16201681514518898
urn:mavedb:00000071-b-1#552,c.3114T>A,NA,p.Phe1038Leu,0.1958357896371612
urn:mavedb:00000071-b-1#553,c.3112T>A,NA,p.Phe1038Ile,-0.32995791249532697
urn:mavedb:00000071-b-1#554,c.3113T>A,NA,p.Phe1038Tyr,0.2438118743399525
urn:mavedb:00000071-b-1#555,c.3111C>A,NA,p.Phe1037Leu,0.06849944230381418
urn:mavedb:00000071-b-1#556,c.3110T>A,NA,p.Phe1037Tyr,0.21624064758410166
urn:mavedb:00000071-b-1#557,c.3109T>A,NA,p.Phe1037Ile,-0.07969110498082699
urn:mavedb:00000071-b-1#558,c.3107A>T,NA,p.Tyr1036Phe,-0.10929075849496203
urn:mavedb:00000071-b-1#559,c.3104A>T,NA,p.Lys1035Met,0.061520785780411674
urn:mavedb:00000071-b-1#560,c.3100G>T,NA,p.Ala1034Ser,0.005294569391757043
urn:mavedb:00000071-b-1#561,c.3098C>T,NA,p.Thr1033Ile,0.32602106617364623
urn:mavedb:00000071-b-1#562,c.3095C>T,NA,p.Ala1032Val,0.03348924500387435
urn:mavedb:00000071-b-1#563,c.3094G>C,NA,p.Ala1032Pro,0.6576173708387107
urn:mavedb:00000071-b-1#564,c.3094G>A,NA,p.Ala1032Thr,-0.3482294255766616
urn:mavedb:00000071-b-1#565,c.3092A>T,NA,p.Lys1031Ile,0.0462419689745543
urn:mavedb:00000071-b-1#566,c.3091A>G,NA,p.Lys1031Glu,0.10772816121617752
urn:mavedb:00000071-b-1#567,c.3085A>T,NA,p.Ile1029Phe,0.3824502186074026
urn:mavedb:00000071-b-1#568,c.3086T>G,NA,p.Ile1029Ser,0.093736685621718
urn:mavedb:00000071-b-1#569,c.3085A>G,NA,p.Ile1029Val,-0.4180183178649619
urn:mavedb:00000071-b-1#570,c.3083A>T,NA,p.Glu1028Val,-0.019817958892640545
urn:mavedb:00000071-b-1#571,c.3084A>C,NA,p.Glu1028Asp,0.3313873505811827
urn:mavedb:00000071-b-1#572,c.3082G>A,NA,p.Glu1028Lys,0.5571069098313493
urn:mavedb:00000071-b-1#573,c.3083A>C,NA,p.Glu1028Ala,-1.4909124950555181
urn:mavedb:00000071-b-1#574,c.3081G>T,NA,p.Gln1027His,-0.3183579472519027
urn:mavedb:00000071-b-1#575,c.3080A>C,NA,p.Gln1027Pro,-0.926800245172522
urn:mavedb:00000071-b-1#576,c.3079C>A,NA,p.Gln1027Lys,0.2189972546264123
urn:mavedb:00000071-b-1#577,c.3078G>T,NA,p.Glu1026Asp,-0.13258540528557708
urn:mavedb:00000071-b-1#578,c.3077A>T,NA,p.Glu1026Val,0.27356187801064485
urn:mavedb:00000071-b-1#579,c.3077A>C,NA,p.Glu1026Ala,-0.015841788812092108
urn:mavedb:00000071-b-1#580,c.3076G>A,NA,p.Glu1026Lys,0.1297644883523351
urn:mavedb:00000071-b-1#581,c.3074C>T,NA,p.Ser1025Phe,0.18593764848882746
urn:mavedb:00000071-b-1#582,c.3074C>A,NA,p.Ser1025Tyr,-0.049064396946728726
urn:mavedb:00000071-b-1#583,c.3071A>G,NA,p.Lys1024Arg,-0.2612997418201401
urn:mavedb:00000071-b-1#584,c.3070A>G,NA,p.Lys1024Glu,-0.200926302919872
urn:mavedb:00000071-b-1#585,c.3070A>C,NA,p.Lys1024Gln,-0.2845842319667813
urn:mavedb:00000071-b-1#586,c.3067G>T,NA,p.Ala1023Ser,0.3239159219903649
urn:mavedb:00000071-b-1#587,c.3068C>A,NA,p.Ala1023Asp,-0.3067162967898873
urn:mavedb:00000071-b-1#588,c.3067G>A,NA,p.Ala1023Thr,0.048349146412943036
urn:mavedb:00000071-b-1#589,c.3065T>G,NA,p.Ile1022Ser,0.7193521140846824
urn:mavedb:00000071-b-1#590,c.3064A>G,NA,p.Ile1022Val,-0.0508613242192442
urn:mavedb:00000071-b-1#591,c.3065T>A,NA,p.Ile1022Asn,0.06521826362879979
urn:mavedb:00000071-b-1#592,c.3063G>T,NA,p.Met1021Ile,-0.3801237165871801
urn:mavedb:00000071-b-1#593,c.3061A>T,NA,p.Met1021Leu,0.17799771330728606
urn:mavedb:00000071-b-1#594,c.3062T>G,NA,p.Met1021Arg,1.3632461061413923
urn:mavedb:00000071-b-1#595,c.3061A>G,NA,p.Met1021Val,-9.460900642490786e-05
urn:mavedb:00000071-b-1#596,c.3059A>T,NA,p.Lys1020Ile,-0.17863199933089954
urn:mavedb:00000071-b-1#597,c.3059A>C,NA,p.Lys1020Thr,0.07079338070256448
urn:mavedb:00000071-b-1#598,c.3060A>T,NA,p.Lys1020Asn,0.26689049238899965
urn:mavedb:00000071-b-1#599,c.3058A>G,NA,p.Lys1020Glu,0.13816746751864686
urn:mavedb:00000071-b-1#600,c.3060A>C,NA,p.Lys1020Asn,-0.4358284192127722
urn:mavedb:00000071-b-1#601,c.3055A>T,NA,p.Arg1019Trp,0.20186059518191
urn:mavedb:00000071-b-1#602,c.3057G>T,NA,p.Arg1019Ser,-0.12552381918250696
urn:mavedb:00000071-b-1#603,c.3056G>A,NA,p.Arg1019Lys,0.06181676781861928
urn:mavedb:00000071-b-1#604,c.3052G>C,NA,p.Val1018Leu,-0.2992628741496766
urn:mavedb:00000071-b-1#605,c.3053T>A,NA,p.Val1018Asp,-0.07538203829733485
urn:mavedb:00000071-b-1#606,c.3049G>T,NA,p.Asp1017Tyr,0.2389850196996691
urn:mavedb:00000071-b-1#607,c.3050A>G,NA,p.Asp1017Gly,0.4687772579269099
urn:mavedb:00000071-b-1#608,c.3050A>C,NA,p.Asp1017Ala,-0.0290332936991644
urn:mavedb:00000071-b-1#609,c.3049G>A,NA,p.Asp1017Asn,-0.04222940219914565
urn:mavedb:00000071-b-1#610,c.3051T>A,NA,p.Asp1017Glu,0.2029750260194268
urn:mavedb:00000071-b-1#611,c.3046T>A,NA,p.Tyr1016Asn,-0.5723735214766561
urn:mavedb:00000071-b-1#612,c.3044T>C,NA,p.Val1015Ala,0.0478804854580357
urn:mavedb:00000071-b-1#613,c.3043G>C,NA,p.Val1015Leu,0.3339534914382991
urn:mavedb:00000071-b-1#614,c.3043G>A,NA,p.Val1015Met,0.09316142637419222
urn:mavedb:00000071-b-1#615,c.3044T>G,NA,p.Val1015Gly,-0.14484641270504814
urn:mavedb:00000071-b-1#616,c.3042G>T,NA,p.Lys1014Asn,0.06800688031921599
urn:mavedb:00000071-b-1#617,c.3042G>C,NA,p.Lys1014Asn,0.04167959788887052
urn:mavedb:00000071-b-1#618,c.3041A>C,NA,p.Lys1014Thr,-0.05576187920970112
urn:mavedb:00000071-b-1#619,c.3034G>T,NA,p.Asp1012Tyr,0.02610507802782941
urn:mavedb:00000071-b-1#620,c.3034G>A,NA,p.Asp1012Asn,-0.164915758869991
urn:mavedb:00000071-b-1#621,c.3031G>A,NA,p.Gly1011Ser,0.19207559233943405
urn:mavedb:00000071-b-1#622,c.3029A>C,NA,p.Tyr1010Ser,0.8713487997992506
urn:mavedb:00000071-b-1#623,c.3025G>A,NA,p.Val1009Met,-0.1020523939320394
urn:mavedb:00000071-b-1#624,c.3026T>A,NA,p.Val1009Glu,0.023483143574066948
urn:mavedb:00000071-b-1#625,c.3022T>A,NA,p.Phe1008Ile,-0.17898616609061532
urn:mavedb:00000071-b-1#626,c.3021A>T,NA,p.Glu1007Asp,0.11355210526057252
urn:mavedb:00000071-b-1#627,c.3017G>T,NA,p.Ser1006Ile,-0.3870052492003861
urn:mavedb:00000071-b-1#628,c.3017G>C,NA,p.Ser1006Thr,0.35434766220675906
urn:mavedb:00000071-b-1#629,c.3016A>C,NA,p.Ser1006Arg,0.041762852812682966
urn:mavedb:00000071-b-1#630,c.3015G>T,NA,p.Glu1005Asp,0.15217016328339492
urn:mavedb:00000071-b-1#631,c.3013G>C,NA,p.Glu1005Gln,-0.7249540908659778
urn:mavedb:00000071-b-1#632,c.3013G>A,NA,p.Glu1005Lys,0.7698106008836002
urn:mavedb:00000071-b-1#633,c.3014A>C,NA,p.Glu1005Ala,-0.7237114037550206
urn:mavedb:00000071-b-1#634,c.3011T>C,NA,p.Leu1004Pro,0.7247656792557515
urn:mavedb:00000071-b-1#635,c.3011T>A,NA,p.Leu1004Gln,-0.05226145480496431
urn:mavedb:00000071-b-1#636,c.3010C>A,NA,p.Leu1004Met,-0.2852128456267724
urn:mavedb:00000071-b-1#637,c.3008A>T,NA,p.Lys1003Ile,-0.4340322590211859
urn:mavedb:00000071-b-1#638,c.3008A>G,NA,p.Lys1003Arg,0.2024605423400525
urn:mavedb:00000071-b-1#639,c.3008A>C,NA,p.Lys1003Thr,-0.11688130439569568
urn:mavedb:00000071-b-1#640,c.3004C>T,NA,p.Pro1002Ser,-0.25676434315352625
urn:mavedb:00000071-b-1#641,c.3005C>A,NA,p.Pro1002His,-0.15825753332994247
urn:mavedb:00000071-b-1#642,c.3004C>A,NA,p.Pro1002Thr,-0.35171898981782906
urn:mavedb:00000071-b-1#643,c.2986G>C,NA,p.Ala996Pro,-0.13865521873416475
urn:mavedb:00000071-b-1#644,c.2986G>A,NA,p.Ala996Thr,0.19211336364707532
urn:mavedb:00000071-b-1#645,c.2983A>T,NA,p.Thr995Ser,-0.07742708793571366
urn:mavedb:00000071-b-1#646,c.2983A>G,NA,p.Thr995Ala,0.00620879032036467
urn:mavedb:00000071-b-1#647,c.2981G>T,NA,p.Gly994Val,-0.2748655738964495
urn:mavedb:00000071-b-1#648,c.2981G>A,NA,p.Gly994Glu,-0.09743852757162537
urn:mavedb:00000071-b-1#649,c.2980G>A,NA,p.Gly994Arg,-0.20985324546799025
urn:mavedb:00000071-b-1#650,c.2978T>G,NA,p.Val993Gly,1.1826324659781169
urn:mavedb:00000071-b-1#651,c.2978T>A,NA,p.Val993Asp,0.05103558319490425
urn:mavedb:00000071-b-1#652,c.2974G>T,NA,p.Val992Leu,-0.20832251492530066
urn:mavedb:00000071-b-1#653,c.2975T>G,NA,p.Val992Gly,-1.6304302173441312
urn:mavedb:00000071-b-1#654,c.2975T>A,NA,p.Val992Glu,-0.004952556884260955
urn:mavedb:00000071-b-1#655,c.2971G>T,NA,p.Ala991Ser,-0.1899996777395237
urn:mavedb:00000071-b-1#656,c.2972C>A,NA,p.Ala991Glu,-0.1919180442109892
urn:mavedb:00000071-b-1#657,c.2971G>A,NA,p.Ala991Thr,-0.14608509803676967
urn:mavedb:00000071-b-1#658,c.2970C>G,NA,p.Asn990Lys,0.35239308810712705
urn:mavedb:00000071-b-1#659,c.2970C>A,NA,p.Asn990Lys,-0.2165957764062883
urn:mavedb:00000071-b-1#660,c.2968A>G,NA,p.Asn990Asp,-0.3948089588492605
urn:mavedb:00000071-b-1#661,c.2966T>C,NA,p.Leu989Pro,-0.07943824234865299
urn:mavedb:00000071-b-1#662,c.2966T>A,NA,p.Leu989Gln,-0.22684362405527436
urn:mavedb:00000071-b-1#663,c.2965C>A,NA,p.Leu989Met,-0.07258462558917236
urn:mavedb:00000071-b-1#664,c.2963A>G,NA,p.Tyr988Cys,-0.3499619895120875
urn:mavedb:00000071-b-1#665,c.2962T>C,NA,p.Tyr988His,0.19531522615675212
urn:mavedb:00000071-b-1#666,c.2962T>A,NA,p.Tyr988Asn,-0.3317488908562029
urn:mavedb:00000071-b-1#667,c.2960C>T,NA,p.Ala987Val,-0.012286206835354328
urn:mavedb:00000071-b-1#668,c.2959G>T,NA,p.Ala987Ser,0.03602221593645796
urn:mavedb:00000071-b-1#669,c.2960C>G,NA,p.Ala987Gly,0.862182911080787
urn:mavedb:00000071-b-1#670,c.2959G>A,NA,p.Ala987Thr,-0.1100910655989884
urn:mavedb:00000071-b-1#671,c.2957A>T,NA,p.Asp986Val,0.015703661572847756
urn:mavedb:00000071-b-1#672,c.2956G>T,NA,p.Asp986Tyr,-0.16817845172327076
urn:mavedb:00000071-b-1#673,c.2957A>G,NA,p.Asp986Gly,-0.16117410051123135
urn:mavedb:00000071-b-1#674,c.2956G>A,NA,p.Asp986Asn,0.2434578003042319
urn:mavedb:00000071-b-1#675,c.2953C>T,NA,p.His985Tyr,0.35053125414696606
urn:mavedb:00000071-b-1#676,c.2954A>G,NA,p.His985Arg,0.048847525680302144
urn:mavedb:00000071-b-1#677,c.2955T>A,NA,p.His985Gln,-0.16757105527793725
urn:mavedb:00000071-b-1#678,c.2953C>A,NA,p.His985Asn,0.12991261928153913
urn:mavedb:00000071-b-1#679,c.2951C>T,NA,p.Ala984Val,0.004434146593801607
urn:mavedb:00000071-b-1#680,c.2951C>G,NA,p.Ala984Gly,0.7231234803194088
urn:mavedb:00000071-b-1#681,c.2950G>C,NA,p.Ala984Pro,0.10001281378162652
urn:mavedb:00000071-b-1#682,c.2951C>A,NA,p.Ala984Asp,-0.04391992305294799
urn:mavedb:00000071-b-1#683,c.2950G>A,NA,p.Ala984Thr,-0.12950800513926553
urn:mavedb:00000071-b-1#684,c.2948A>T,NA,p.His983Leu,0.13921266028396428
urn:mavedb:00000071-b-1#685,c.2947C>T,NA,p.His983Tyr,-0.17466901309612332
urn:mavedb:00000071-b-1#686,c.2947C>A,NA,p.His983Asn,-0.09644740405136852
urn:mavedb:00000071-b-1#687,c.2944C>T,NA,p.His982Tyr,0.3092092989443245
urn:mavedb:00000071-b-1#688,c.2945A>G,NA,p.His982Arg,-0.2780205406227286
urn:mavedb:00000071-b-1#689,c.2944C>A,NA,p.His982Asn,-0.14513606361213666
urn:mavedb:00000071-b-1#690,c.2941T>G,NA,p.Tyr981Asp,1.3612254517912292
urn:mavedb:00000071-b-1#691,c.2942A>G,NA,p.Tyr981Cys,0.3629757370629024
urn:mavedb:00000071-b-1#692,c.2939A>T,NA,p.Asn980Ile,-0.08222290470255897
urn:mavedb:00000071-b-1#693,c.2939A>G,NA,p.Asn980Ser,0.0977557614036764
urn:mavedb:00000071-b-1#694,c.2939A>C,NA,p.Asn980Thr,0.560035742350004
urn:mavedb:00000071-b-1#695,c.2935A>T,NA,p.Asn979Tyr,-0.02851286358587202
urn:mavedb:00000071-b-1#696,c.2933T>A,NA,p.Ile978Asn,-0.18535230683014084
urn:mavedb:00000071-b-1#697,c.2930A>T,NA,p.Glu977Val,-0.155973637618634
urn:mavedb:00000071-b-1#698,c.2928A>T,NA,p.Arg976Ser,-0.16167822512725175
urn:mavedb:00000071-b-1#699,c.2927G>T,NA,p.Arg976Ile,0.2534972314887965
urn:mavedb:00000071-b-1#700,c.2926A>G,NA,p.Arg976Gly,0.04650498215492194
urn:mavedb:00000071-b-1#701,c.2927G>C,NA,p.Arg976Thr,-0.5009029560134306
urn:mavedb:00000071-b-1#702,c.2924T>G,NA,p.Val975Gly,1.0321167997645535
urn:mavedb:00000071-b-1#703,c.2923G>C,NA,p.Val975Leu,0.15797373803227927
urn:mavedb:00000071-b-1#704,c.2924T>A,NA,p.Val975Asp,-0.08336041765538267
urn:mavedb:00000071-b-1#705,c.2923G>A,NA,p.Val975Ile,-0.04155772549535635
urn:mavedb:00000071-b-1#706,c.2922G>T,NA,p.Lys974Asn,0.07582918774589717
urn:mavedb:00000071-b-1#707,c.2921A>T,NA,p.Lys974Met,-0.2462512815616702
urn:mavedb:00000071-b-1#708,c.2921A>C,NA,p.Lys974Thr,-0.1653441634171754
urn:mavedb:00000071-b-1#709,c.2917T>G,NA,p.Tyr973Asp,-0.6043484909913992
urn:mavedb:00000071-b-1#710,c.2917T>C,NA,p.Tyr973His,0.6641403449345029
urn:mavedb:00000071-b-1#711,c.2915T>G,NA,p.Phe972Cys,-0.1147123917435273
urn:mavedb:00000071-b-1#712,c.2915T>C,NA,p.Phe972Ser,0.13457468363415692
urn:mavedb:00000071-b-1#713,c.2915T>A,NA,p.Phe972Tyr,-0.4319978598058032
urn:mavedb:00000071-b-1#714,c.2914T>A,NA,p.Phe972Ile,-0.2600171955730582
urn:mavedb:00000071-b-1#715,c.2916T>A,NA,p.Phe972Leu,-0.1160898572307476
urn:mavedb:00000071-b-1#716,c.2912A>G,NA,p.Gln971Arg,0.12873782094418526
urn:mavedb:00000071-b-1#717,c.2912A>C,NA,p.Gln971Pro,-0.18549588215317647
urn:mavedb:00000071-b-1#718,c.2911C>A,NA,p.Gln971Lys,0.13785708197640412
urn:mavedb:00000071-b-1#719,c.2913G>T,NA,p.Gln971His,-0.22726752939238076
urn:mavedb:00000071-b-1#720,c.2911C>G,NA,p.Gln971Glu,-0.6329719640560858
urn:mavedb:00000071-b-1#721,c.2909T>G,NA,p.Phe970Cys,0.4314999596829936
urn:mavedb:00000071-b-1#722,c.2910C>A,NA,p.Phe970Leu,-1.0424713569678563
urn:mavedb:00000071-b-1#723,c.2909T>A,NA,p.Phe970Tyr,-0.1103938191462763
urn:mavedb:00000071-b-1#724,c.2905G>T,NA,p.Asp969Tyr,-0.006225321801117652
urn:mavedb:00000071-b-1#725,c.2905G>C,NA,p.Asp969His,-0.6596952536806769
urn:mavedb:00000071-b-1#726,c.2904A>T,NA,p.Lys968Asn,0.16793571761614354
urn:mavedb:00000071-b-1#727,c.2903A>G,NA,p.Lys968Arg,-0.2817725043402949
urn:mavedb:00000071-b-1#728,c.2899C>T,NA,p.Arg967Trp,-0.3322734673019822
urn:mavedb:00000071-b-1#729,c.2899C>G,NA,p.Arg967Gly,0.1283048158870468
urn:mavedb:00000071-b-1#730,c.2897T>G,NA,p.Phe966Cys,-0.20201301566649246
urn:mavedb:00000071-b-1#731,c.2896T>G,NA,p.Phe966Val,-0.2475144037952732
urn:mavedb:00000071-b-1#732,c.2897T>A,NA,p.Phe966Tyr,0.07251897826507422
urn:mavedb:00000071-b-1#733,c.2896T>A,NA,p.Phe966Ile,0.0593834745830016
urn:mavedb:00000071-b-1#734,c.2893G>T,NA,p.Asp965Tyr,-0.7756907303425041
urn:mavedb:00000071-b-1#735,c.2895C>G,NA,p.Asp965Glu,-0.1213255645391318
urn:mavedb:00000071-b-1#736,c.2893G>C,NA,p.Asp965His,-0.24731175798771515
urn:mavedb:00000071-b-1#737,c.2893G>A,NA,p.Asp965Asn,0.34176685120567285
urn:mavedb:00000071-b-1#738,c.2887G>T,NA,p.Val963Leu,-0.5702616061199959
urn:mavedb:00000071-b-1#739,c.2888T>C,NA,p.Val963Ala,0.4688470933015285
urn:mavedb:00000071-b-1#740,c.2885T>C,NA,p.Leu962Pro,0.3023928864187164
urn:mavedb:00000071-b-1#741,c.2885T>A,NA,p.Leu962Gln,0.15927049280327607
urn:mavedb:00000071-b-1#742,c.2882A>G,NA,p.Lys961Arg,0.3954657937463658
urn:mavedb:00000071-b-1#743,c.2881A>G,NA,p.Lys961Glu,-0.4347081039226593
urn:mavedb:00000071-b-1#744,c.2878T>G,NA,p.Ser960Ala,1.3647619600716359
urn:mavedb:00000071-b-1#745,c.2876A>T,NA,p.Lys959Met,0.3930870118809936
urn:mavedb:00000071-b-1#746,c.2873T>A,NA,p.Leu958Gln,-0.2421620890606392
urn:mavedb:00000071-b-1#747,c.2870C>T,NA,p.Thr957Ile,0.2339865429503716
urn:mavedb:00000071-b-1#748,c.2870C>G,NA,p.Thr957Ser,0.130381922465645
urn:mavedb:00000071-b-1#749,c.2869A>G,NA,p.Thr957Ala,0.0842331935343219
urn:mavedb:00000071-b-1#750,c.2867T>C,NA,p.Ile956Thr,0.07740168880925807
urn:mavedb:00000071-b-1#751,c.2867T>A,NA,p.Ile956Asn,-0.2254433752488385
urn:mavedb:00000071-b-1#752,c.3440C>G,NA,p.Ala1147Gly,0.6384155824004476
urn:mavedb:00000071-b-1#753,c.3437T>C,NA,p.Val1146Ala,0.4859332177307696
urn:mavedb:00000071-b-1#754,c.3433G>A,NA,p.Val1145Met,0.08599422146707086
urn:mavedb:00000071-b-1#755,c.3430C>A,NA,p.Leu1144Met,0.17759583098795045
urn:mavedb:00000071-b-1#756,c.3428T>C,NA,p.Val1143Ala,-0.2152598813191574
urn:mavedb:00000071-b-1#757,c.3425C>T,NA,p.Ser1142Phe,-0.1429481563964803
urn:mavedb:00000071-b-1#758,c.3418G>T,NA,p.Ala1140Ser,0.4486270525187273
urn:mavedb:00000071-b-1#759,c.3415G>C,NA,p.Val1139Leu,0.21464486291436105
urn:mavedb:00000071-b-1#760,c.3413C>T,NA,p.Thr1138Ile,-0.0314849278329175
urn:mavedb:00000071-b-1#761,c.3410C>A,NA,p.Pro1137Gln,0.5942788897596396
urn:mavedb:00000071-b-1#762,c.3409C>A,NA,p.Pro1137Thr,0.5856533345632717
urn:mavedb:00000071-b-1#763,c.3410C>T,NA,p.Pro1137Leu,-0.0968491681784448
urn:mavedb:00000071-b-1#764,c.3410C>G,NA,p.Pro1137Arg,-0.6556692540973701
urn:mavedb:00000071-b-1#765,c.3403G>T,NA,p.Asp1135Tyr,-0.23797223453889185
urn:mavedb:00000071-b-1#766,c.3405C>G,NA,p.Asp1135Glu,-0.15382481918863147
urn:mavedb:00000071-b-1#767,c.3400T>A,NA,p.Phe1134Ile,-0.14062582768984733
urn:mavedb:00000071-b-1#768,c.3400T>C,NA,p.Phe1134Leu,-0.009684349772626628
urn:mavedb:00000071-b-1#769,c.3398G>A,NA,p.Gly1133Glu,0.5068298156636267
urn:mavedb:00000071-b-1#770,c.3397G>A,NA,p.Gly1133Arg,0.05002810311596656
urn:mavedb:00000071-b-1#771,c.3395G>T,NA,p.Gly1132Val,-0.2460913106969
urn:mavedb:00000071-b-1#772,c.3394G>T,NA,p.Gly1132Cys,-0.07680629630655475
urn:mavedb:00000071-b-1#773,c.3395G>A,NA,p.Gly1132Asp,0.15060455259243438
urn:mavedb:00000071-b-1#774,c.3385A>G,NA,p.Lys1129Glu,-0.10934949255428486
urn:mavedb:00000071-b-1#775,c.3382C>T,NA,p.Pro1128Ser,-0.010658107213844316
urn:mavedb:00000071-b-1#776,c.3379G>A,NA,p.Asp1127Asn,0.4464313090547112
urn:mavedb:00000071-b-1#777,c.3376T>C,NA,p.Trp1126Arg,0.028820191554726163
urn:mavedb:00000071-b-1#778,c.3373G>T,NA,p.Asp1125Tyr,-0.4498538491895693
urn:mavedb:00000071-b-1#779,c.3371A>T,NA,p.Lys1124Ile,-0.2262755131194001
urn:mavedb:00000071-b-1#780,c.3370A>G,NA,p.Lys1124Glu,-0.09415827335633024
urn:mavedb:00000071-b-1#781,c.3371A>C,NA,p.Lys1124Thr,-1.0106246696620076
urn:mavedb:00000071-b-1#782,c.3368A>C,NA,p.Lys1123Thr,0.17378680196769838
urn:mavedb:00000071-b-1#783,c.3365G>T,NA,p.Arg1122Leu,0.6291206982378129
urn:mavedb:00000071-b-1#784,c.3365G>A,NA,p.Arg1122Gln,0.14820307958929396
urn:mavedb:00000071-b-1#785,c.3362C>T,NA,p.Ala1121Val,0.0223306188648524
urn:mavedb:00000071-b-1#786,c.3359T>G,NA,p.Ile1120Ser,0.0007144196685479369
urn:mavedb:00000071-b-1#787,c.3359T>A,NA,p.Ile1120Asn,0.1826303402792123
urn:mavedb:00000071-b-1#788,c.3353A>T,NA,p.Lys1118Met,0.009684058988528156
urn:mavedb:00000071-b-1#789,c.3352A>G,NA,p.Lys1118Glu,0.12010177674126395
urn:mavedb:00000071-b-1#790,c.3346T>C,NA,p.Ser1116Pro,-0.6327321100942213
urn:mavedb:00000071-b-1#791,c.3347C>A,NA,p.Ser1116Tyr,-0.3731390525998903
urn:mavedb:00000071-b-1#792,c.3341G>A,NA,p.Arg1114His,0.3327722352415181
urn:mavedb:00000071-b-1#793,c.3338A>T,NA,p.Lys1113Ile,0.2890050954289283
urn:mavedb:00000071-b-1#794,c.3337A>C,NA,p.Lys1113Gln,-1.1564056545715058
urn:mavedb:00000071-b-1#795,c.3335C>A,NA,p.Pro1112His,0.03810119078526282
urn:mavedb:00000071-b-1#796,c.3331C>A,NA,p.Leu1111Met,-0.0011207743389018577
urn:mavedb:00000071-b-1#797,c.3326C>T,NA,p.Ser1109Leu,-0.3329995097945952
urn:mavedb:00000071-b-1#798,c.3321G>T,NA,p.Lys1107Asn,-0.4102887759324276
urn:mavedb:00000071-b-1#799,c.3320A>T,NA,p.Lys1107Met,0.2706996239328128
urn:mavedb:00000071-b-1#800,c.3319A>G,NA,p.Lys1107Glu,-0.0003160698328165357
urn:mavedb:00000071-b-1#801,c.3316A>T,NA,p.Ser1106Cys,0.008149851730098535
urn:mavedb:00000071-b-1#802,c.3317G>T,NA,p.Ser1106Ile,0.15173402112107995
urn:mavedb:00000071-b-1#803,c.3313T>G,NA,p.Phe1105Val,-0.5052770381986122
urn:mavedb:00000071-b-1#804,c.3314T>C,NA,p.Phe1105Ser,-0.5441556946461239
urn:mavedb:00000071-b-1#805,c.3311G>A,NA,p.Gly1104Glu,-0.2749525474860384
urn:mavedb:00000071-b-1#806,c.3307G>T,NA,p.Gly1103Trp,0.04656939418499577
urn:mavedb:00000071-b-1#807,c.3305C>A,NA,p.Thr1102Asn,-0.08383539682332088
urn:mavedb:00000071-b-1#808,c.3301C>G,NA,p.Gln1101Glu,-0.7342807906974274
urn:mavedb:00000071-b-1#809,c.3298G>A,NA,p.Val1100Met,0.3134268571387192
urn:mavedb:00000071-b-1#810,c.3297G>T,NA,p.Glu1099Asp,0.29080762212985645
urn:mavedb:00000071-b-1#811,c.3296A>T,NA,p.Glu1099Val,-0.3857536123148759
urn:mavedb:00000071-b-1#812,c.3293C>A,NA,p.Thr1098Lys,0.275871963007751
urn:mavedb:00000071-b-1#813,c.3290A>T,NA,p.Lys1097Ile,0.10828703639471124
urn:mavedb:00000071-b-1#814,c.3291A>C,NA,p.Lys1097Asn,0.14624504226040108
urn:mavedb:00000071-b-1#815,c.3287A>T,NA,p.Lys1096Met,-0.15498254689745686
urn:mavedb:00000071-b-1#816,c.3287A>C,NA,p.Lys1096Thr,-0.2735260673651763
urn:mavedb:00000071-b-1#817,c.3283G>A,NA,p.Val1095Ile,-0.08193206713480143
urn:mavedb:00000071-b-1#818,c.3277A>T,NA,p.Asn1093Tyr,-0.20273308708095372
urn:mavedb:00000071-b-1#819,c.3274G>T,NA,p.Val1092Leu,0.04412330090365421
urn:mavedb:00000071-b-1#820,c.3275T>A,NA,p.Val1092Glu,0.4649097244296016
urn:mavedb:00000071-b-1#821,c.2864T>C,NA,p.Val955Ala,0.0252212930720483
urn:mavedb:00000071-b-1#822,c.2864T>A,NA,p.Val955Asp,0.0094761812328609
urn:mavedb:00000071-b-1#823,c.2863G>A,NA,p.Val955Ile,-0.033744583647130066
urn:mavedb:00000071-b-1#824,c.2862G>T,NA,p.Lys954Asn,-0.118666651241423
urn:mavedb:00000071-b-1#825,c.2861A>G,NA,p.Lys954Arg,0.4543126037561813
urn:mavedb:00000071-b-1#826,c.2857G>T,NA,p.Val953Leu,0.04044951339071818
urn:mavedb:00000071-b-1#827,c.2858T>C,NA,p.Val953Ala,-0.2534411702310919
urn:mavedb:00000071-b-1#828,c.2857G>A,NA,p.Val953Met,-0.06429980655663763
urn:mavedb:00000071-b-1#829,c.2856A>C,NA,p.Glu952Asp,0.6927374267894446
urn:mavedb:00000071-b-1#830,c.2855A>C,NA,p.Glu952Ala,0.4989474884738698
urn:mavedb:00000071-b-1#831,c.2852G>T,NA,p.Arg951Leu,-0.1845140814700568
urn:mavedb:00000071-b-1#832,c.2851C>T,NA,p.Arg951Trp,0.05842655405530055
urn:mavedb:00000071-b-1#833,c.2852G>C,NA,p.Arg951Pro,-0.04511102480464035
urn:mavedb:00000071-b-1#834,c.2848A>T,NA,p.Ile950Phe,-0.4712475664227733
urn:mavedb:00000071-b-1#835,c.2849T>A,NA,p.Ile950Asn,0.07494446270598219
urn:mavedb:00000071-b-1#836,c.2846T>C,NA,p.Leu949Pro,0.9391463072347116
urn:mavedb:00000071-b-1#837,c.2845C>A,NA,p.Leu949Met,0.16030466049552805
urn:mavedb:00000071-b-1#838,c.2844A>T,NA,p.Lys948Asn,-0.6964679919600154
urn:mavedb:00000071-b-1#839,c.2839G>T,NA,p.Asp947Tyr,-0.15907179528889398
urn:mavedb:00000071-b-1#840,c.2841C>G,NA,p.Asp947Glu,-0.3211537389818988
urn:mavedb:00000071-b-1#841,c.2840A>G,NA,p.Asp947Gly,0.015473589141635147
urn:mavedb:00000071-b-1#842,c.2840A>C,NA,p.Asp947Ala,-0.6212714536820672
urn:mavedb:00000071-b-1#843,c.2837A>T,NA,p.Asn946Ile,-0.1529504955097928
urn:mavedb:00000071-b-1#844,c.2835G>T,NA,p.Glu945Asp,0.5233101572865717
urn:mavedb:00000071-b-1#845,c.2834A>C,NA,p.Glu945Ala,-0.4018328970205693
urn:mavedb:00000071-b-1#846,c.2833G>C,NA,p.Glu945Gln,0.5988770582707653
urn:mavedb:00000071-b-1#847,c.2832T>A,NA,p.Asp944Glu,-0.06619254980876607
urn:mavedb:00000071-b-1#848,c.2831A>T,NA,p.Asp944Val,-0.2578819508113658
urn:mavedb:00000071-b-1#849,c.2828A>G,NA,p.Tyr943Cys,0.04616879439886825
urn:mavedb:00000071-b-1#850,c.2821A>G,NA,p.Thr941Ala,0.15843686671781504
urn:mavedb:00000071-b-1#851,c.2819A>T,NA,p.Asn940Ile,-0.3014194834559445
urn:mavedb:00000071-b-1#852,c.2818A>T,NA,p.Asn940Tyr,0.1529250805676157
urn:mavedb:00000071-b-1#853,c.2820C>G,NA,p.Asn940Lys,-0.09616790678966336
urn:mavedb:00000071-b-1#854,c.2818A>C,NA,p.Asn940His,-0.7257686232102505
urn:mavedb:00000071-b-1#855,c.2820C>A,NA,p.Asn940Lys,-0.3240576669967039
urn:mavedb:00000071-b-1#856,c.2817G>T,NA,p.Met939Ile,-0.4436433171851944
urn:mavedb:00000071-b-1#857,c.2817G>A,NA,p.Met939Ile,-0.3336736423648599
urn:mavedb:00000071-b-1#858,c.2816T>A,NA,p.Met939Lys,-0.1922685566770196
urn:mavedb:00000071-b-1#859,c.2813G>C,NA,p.Arg938Pro,-0.2306176058055172
urn:mavedb:00000071-b-1#860,c.2812C>A,NA,p.Arg938Ser,0.030789782083184263
urn:mavedb:00000071-b-1#861,c.2813G>T,NA,p.Arg938Leu,0.3638052241647055
urn:mavedb:00000071-b-1#862,c.2810G>T,NA,p.Ser937Ile,-0.03405042252496327
urn:mavedb:00000071-b-1#863,c.2807A>T,NA,p.Asp936Val,-0.5489296647373861
urn:mavedb:00000071-b-1#864,c.2804T>C,NA,p.Leu935Pro,0.12268552357512127
urn:mavedb:00000071-b-1#865,c.2804T>A,NA,p.Leu935Gln,0.04765699986341678
urn:mavedb:00000071-b-1#866,c.2803C>A,NA,p.Leu935Met,0.03754833652889302
urn:mavedb:00000071-b-1#867,c.2801T>C,NA,p.Ile934Thr,0.13327181668207744
urn:mavedb:00000071-b-1#868,c.2801T>A,NA,p.Ile934Asn,-0.3112801266375177
urn:mavedb:00000071-b-1#869,c.2799G>T,NA,p.Gln933His,-0.5328472956121978
urn:mavedb:00000071-b-1#870,c.2798A>T,NA,p.Gln933Leu,-0.17644897277695454
urn:mavedb:00000071-b-1#871,c.2797C>A,NA,p.Gln933Lys,0.03937353232796178
urn:mavedb:00000071-b-1#872,c.2795C>T,NA,p.Ala932Val,-0.5915141578386229
urn:mavedb:00000071-b-1#873,c.2795C>A,NA,p.Ala932Asp,0.4615140093913378
urn:mavedb:00000071-b-1#874,c.2794G>A,NA,p.Ala932Thr,-0.0784535869842215
urn:mavedb:00000071-b-1#875,c.2792T>C,NA,p.Val931Ala,-0.004681128271580578
urn:mavedb:00000071-b-1#876,c.2791G>A,NA,p.Val931Ile,0.1450316747367492
urn:mavedb:00000071-b-1#877,c.2789A>T,NA,p.His930Leu,-0.3510616449687086
urn:mavedb:00000071-b-1#878,c.2790C>G,NA,p.His930Gln,0.09588105833975724
urn:mavedb:00000071-b-1#879,c.2785A>G,NA,p.Lys929Glu,0.2672659705594528
urn:mavedb:00000071-b-1#880,c.2785A>C,NA,p.Lys929Gln,0.2941492647104004
urn:mavedb:00000071-b-1#881,c.2780T>A,NA,p.Ile927Asn,-0.20582779764623435
urn:mavedb:00000071-b-1#882,c.2776C>G,NA,p.Gln926Glu,0.7031844309814685
urn:mavedb:00000071-b-1#883,c.2774G>A,NA,p.Arg925Gln,0.1466637648676428
urn:mavedb:00000071-b-1#884,c.2771C>T,NA,p.Thr924Ile,0.09387913562869457
urn:mavedb:00000071-b-1#885,c.2771C>G,NA,p.Thr924Ser,-0.6577332345019127
urn:mavedb:00000071-b-1#886,c.2767G>A,NA,p.Glu923Lys,-0.10304410076854544
urn:mavedb:00000071-b-1#887,c.2769G>T,NA,p.Glu923Asp,-0.16670703613479085
urn:mavedb:00000071-b-1#888,c.2768A>T,NA,p.Glu923Val,0.137513194004977
urn:mavedb:00000071-b-1#889,c.2764G>C,NA,p.Val922Leu,0.4262034836889951
urn:mavedb:00000071-b-1#890,c.2761C>G,NA,p.Leu921Val,-0.022101716868332545
urn:mavedb:00000071-b-1#891,c.2760G>C,NA,p.Gln920His,-0.06470831572839042
urn:mavedb:00000071-b-1#892,c.2754G>T,NA,p.Lys918Asn,0.5237911388096209
urn:mavedb:00000071-b-1#893,c.2749A>T,NA,p.Ile917Phe,0.444649432386677
urn:mavedb:00000071-b-1#894,c.2750T>G,NA,p.Ile917Ser,-0.07627429384098446
urn:mavedb:00000071-b-1#895,c.2747T>C,NA,p.Phe916Ser,0.3152788458919881
urn:mavedb:00000071-b-1#896,c.2746T>C,NA,p.Phe916Leu,-0.2165504893928136
urn:mavedb:00000071-b-1#897,c.2740G>T,NA,p.Ala914Ser,0.3304710652984868
urn:mavedb:00000071-b-1#898,c.2741C>A,NA,p.Ala914Glu,0.005736030586572322
urn:mavedb:00000071-b-1#899,c.2740G>A,NA,p.Ala914Thr,0.4914048074618525
urn:mavedb:00000071-b-1#900,c.2741C>T,NA,p.Ala914Val,-0.19552897460216045
urn:mavedb:00000071-b-1#901,c.2739A>T,NA,p.Lys913Asn,0.2280627567185484
urn:mavedb:00000071-b-1#902,c.2739A>C,NA,p.Lys913Asn,0.683742240494738
urn:mavedb:00000071-b-1#903,c.2738A>C,NA,p.Lys913Thr,0.1501075632366766
urn:mavedb:00000071-b-1#904,c.2734G>T,NA,p.Asp912Tyr,-0.03572714601069278
urn:mavedb:00000071-b-1#905,c.2732T>C,NA,p.Leu911Pro,0.6860799162981779
urn:mavedb:00000071-b-1#906,c.2731C>A,NA,p.Leu911Met,-0.22388856236966376
urn:mavedb:00000071-b-1#907,c.2727T>G,NA,p.Ser909Arg,1.1081093877553951
urn:mavedb:00000071-b-1#908,c.2725A>G,NA,p.Ser909Gly,0.25816733024966143
urn:mavedb:00000071-b-1#909,c.2725A>C,NA,p.Ser909Arg,0.024279270075384163
urn:mavedb:00000071-b-1#910,c.2727T>A,NA,p.Ser909Arg,0.3571369355953096
urn:mavedb:00000071-b-1#911,c.2726G>A,NA,p.Ser909Asn,-0.2343244283011521
urn:mavedb:00000071-b-1#912,c.2723T>C,NA,p.Leu908Pro,0.03374120761619021
urn:mavedb:00000071-b-1#913,c.2722C>A,NA,p.Leu908Met,-0.0847188374299915
urn:mavedb:00000071-b-1#914,c.2719G>C,NA,p.Gly907Arg,0.31934667954152984
urn:mavedb:00000071-b-1#915,c.2716G>C,NA,p.Gly906Arg,0.4496424363470541
urn:mavedb:00000071-b-1#916,c.2710G>A,NA,p.Glu904Lys,-0.15716817971166908
urn:mavedb:00000071-b-1#917,c.2711A>G,NA,p.Glu904Gly,-0.2337400407378636
urn:mavedb:00000071-b-1#918,c.2708C>T,NA,p.Ala903Val,0.6773539838757474
urn:mavedb:00000071-b-1#919,c.2707G>A,NA,p.Ala903Thr,0.1994779150804915
urn:mavedb:00000071-b-1#920,c.2708C>G,NA,p.Ala903Gly,0.06382233095782025
urn:mavedb:00000071-b-1#921,c.2706A>C,NA,p.Lys902Asn,0.3271537338028867
urn:mavedb:00000071-b-1#922,c.2701A>T,NA,p.Thr901Ser,-0.4904586412899484
urn:mavedb:00000071-b-1#923,c.2699T>C,NA,p.Leu900Pro,0.10907140018877064
urn:mavedb:00000071-b-1#924,c.2699T>A,NA,p.Leu900Gln,0.10907140018877064
urn:mavedb:00000071-b-1#925,c.2697C>G,NA,p.Asn899Lys,0.41912350476811466
urn:mavedb:00000071-b-1#926,c.2697C>A,NA,p.Asn899Lys,0.1534919874482817
urn:mavedb:00000071-b-1#927,c.2696A>T,NA,p.Asn899Ile,0.06535163916738654
urn:mavedb:00000071-b-1#928,c.2675T>G,NA,p.Ile892Ser,1.3810041761271243
urn:mavedb:00000071-b-1#929,c.2675T>C,NA,p.Ile892Thr,0.2839054880220432
urn:mavedb:00000071-b-1#930,c.2675T>A,NA,p.Ile892Asn,0.2513130994874876
urn:mavedb:00000071-b-1#931,c.2669A>T,NA,p.Lys890Ile,-0.2688669832553125
urn:mavedb:00000071-b-1#932,c.2669A>G,NA,p.Lys890Arg,-0.15998625445591075
urn:mavedb:00000071-b-1#933,c.2668A>G,NA,p.Lys890Glu,0.13431325740076333
urn:mavedb:00000071-b-1#934,c.2668A>C,NA,p.Lys890Gln,-0.09274185132746386
urn:mavedb:00000071-b-1#935,c.2666C>T,NA,p.Ala889Val,0.10596708306927782
urn:mavedb:00000071-b-1#936,c.2666C>A,NA,p.Ala889Asp,0.9197482742863148
urn:mavedb:00000071-b-1#937,c.2662A>C,NA,p.Asn888His,-1.1662959872511227
urn:mavedb:00000071-b-1#938,c.2654A>T,NA,p.Gln885Leu,-0.1402021954300908
urn:mavedb:00000071-b-1#939,c.2653C>G,NA,p.Gln885Glu,-0.6264785820393847
urn:mavedb:00000071-b-1#940,c.2653C>A,NA,p.Gln885Lys,-0.4889750582894498
urn:mavedb:00000071-b-1#941,c.2650C>G,NA,p.Arg884Gly,-0.4146280168836343
urn:mavedb:00000071-b-1#942,c.2647T>A,NA,p.Trp883Arg,-0.25599651655575084
urn:mavedb:00000071-b-1#943,c.2645A>G,NA,p.Tyr882Cys,-0.0923886433697571
urn:mavedb:00000071-b-1#944,c.2644T>A,NA,p.Tyr882Asn,0.7706645186991603
urn:mavedb:00000071-b-1#945,c.2642A>G,NA,p.Asn881Ser,0.008669151222186386
urn:mavedb:00000071-b-1#946,c.2641A>C,NA,p.Asn881His,-0.3570808636235904
urn:mavedb:00000071-b-1#947,c.2640G>T,NA,p.Lys880Asn,-0.06339251704290921
urn:mavedb:00000071-b-1#948,c.2635A>T,NA,p.Met879Leu,-0.05525544667367654
urn:mavedb:00000071-b-1#949,c.2636T>A,NA,p.Met879Lys,-0.31989137341920804
urn:mavedb:00000071-b-1#950,c.2634A>T,NA,p.Lys878Asn,-0.35259033731609923
urn:mavedb:00000071-b-1#951,c.2631G>T,NA,p.Lys877Asn,-0.057417588134157996
urn:mavedb:00000071-b-1#952,c.2626G>T,NA,p.Val876Phe,-0.36886761974356463
urn:mavedb:00000071-b-1#953,c.2623G>C,NA,p.Val875Leu,-0.022784070354338184
urn:mavedb:00000071-b-1#954,c.2624T>A,NA,p.Val875Glu,-0.2338162637362329
urn:mavedb:00000071-b-1#955,c.2623G>A,NA,p.Val875Met,0.1148933873328605
urn:mavedb:00000071-b-1#956,c.2622A>T,NA,p.Glu874Asp,0.5219243437782887
urn:mavedb:00000071-b-1#957,c.2620G>A,NA,p.Glu874Lys,-0.13267817806733673
urn:mavedb:00000071-b-1#958,c.2621A>T,NA,p.Glu874Val,0.5114623488101896
urn:mavedb:00000071-b-1#959,c.2617G>A,NA,p.Glu873Lys,0.08190126192602014
urn:mavedb:00000071-b-1#960,c.2615C>T,NA,p.Ser872Leu,0.4042907164116592
urn:mavedb:00000071-b-1#961,c.2612C>T,NA,p.Pro871Leu,0.17663669745172889
urn:mavedb:00000071-b-1#962,c.2611C>T,NA,p.Pro871Ser,0.048877788191070665
urn:mavedb:00000071-b-1#963,c.2611C>G,NA,p.Pro871Ala,-0.1664598756114273
urn:mavedb:00000071-b-1#964,c.2612C>A,NA,p.Pro871His,0.08022970295967219
urn:mavedb:00000071-b-1#965,c.2611C>A,NA,p.Pro871Thr,-0.06943542121656236
urn:mavedb:00000071-b-1#966,c.2609T>A,NA,p.Val870Asp,-0.15320303498275975
urn:mavedb:00000071-b-1#967,c.2608G>A,NA,p.Val870Ile,0.043193394153925216
urn:mavedb:00000071-b-1#968,c.2608G>C,NA,p.Val870Leu,-0.2669092653366473
urn:mavedb:00000071-b-1#969,c.2607T>G,NA,p.Asn869Lys,-1.6273104338005349
urn:mavedb:00000071-b-1#970,c.2599A>G,NA,p.Ser867Gly,-0.2215078128870424
urn:mavedb:00000071-b-1#971,c.2600G>A,NA,p.Ser867Asn,0.3774730940966747
urn:mavedb:00000071-b-1#972,c.2598G>T,NA,p.Lys866Asn,0.16096686136967486
urn:mavedb:00000071-b-1#973,c.2597A>G,NA,p.Lys866Arg,0.6748881343966281
urn:mavedb:00000071-b-1#974,c.2594G>A,NA,p.Gly865Glu,-0.02213929141322076
urn:mavedb:00000071-b-1#975,c.2593G>A,NA,p.Gly865Arg,-0.2718510644579685
urn:mavedb:00000071-b-1#976,c.2591G>T,NA,p.Arg864Leu,-0.006849344799901892
urn:mavedb:00000071-b-1#977,c.2591G>A,NA,p.Arg864Gln,0.2386783426826889
urn:mavedb:00000071-b-1#978,c.2587A>T,NA,p.Asn863Tyr,-0.11144013371735616
urn:mavedb:00000071-b-1#979,c.2589C>G,NA,p.Asn863Lys,0.479426804963738
urn:mavedb:00000071-b-1#980,c.2589C>A,NA,p.Asn863Lys,0.3856047826072175
urn:mavedb:00000071-b-1#981,c.2585A>T,NA,p.Lys862Ile,0.3459978438011492
urn:mavedb:00000071-b-1#982,c.2582A>G,NA,p.Asp861Gly,0.2321127438442968
urn:mavedb:00000071-b-1#983,c.2583C>A,NA,p.Asp861Glu,0.1455348530353057
urn:mavedb:00000071-b-1#984,c.2579C>T,NA,p.Ser860Phe,-1.4264797779387983
urn:mavedb:00000071-b-1#985,c.2575C>A,NA,p.Arg859Ser,0.15442305040130033
urn:mavedb:00000071-b-1#986,c.2576G>A,NA,p.Arg859His,-0.2391056537155088
urn:mavedb:00000071-b-1#987,c.2570T>G,NA,p.Leu857Arg,-0.5842875989130173
urn:mavedb:00000071-b-1#988,c.2570T>C,NA,p.Leu857Pro,0.14363285565018175
urn:mavedb:00000071-b-1#989,c.2570T>A,NA,p.Leu857Gln,0.4630181158653395
urn:mavedb:00000071-b-1#990,c.2567T>A,NA,p.Val856Glu,-0.18379191246043375
urn:mavedb:00000071-b-1#991,c.2566G>A,NA,p.Val856Met,-0.27790883436239977
urn:mavedb:00000071-b-1#992,c.2564A>T,NA,p.Lys855Met,-0.04553691943140011
urn:mavedb:00000071-b-1#993,c.2564A>C,NA,p.Lys855Thr,0.15456046221469505
urn:mavedb:00000071-b-1#994,c.2561A>T,NA,p.Asn854Ile,-0.3321141592363796
urn:mavedb:00000071-b-1#995,c.2560A>T,NA,p.Asn854Tyr,-0.2453787668293561
urn:mavedb:00000071-b-1#996,c.2552G>T,NA,p.Ser851Ile,0.2349155604677604
urn:mavedb:00000071-b-1#997,c.2551A>G,NA,p.Ser851Gly,-0.0982239834586124
urn:mavedb:00000071-b-1#998,c.2551A>C,NA,p.Ser851Arg,-0.998688309907698
urn:mavedb:00000071-b-1#999,c.2549A>T,NA,p.Asp850Val,-0.2979061012343518
urn:mavedb:00000071-b-1#1000,c.2548G>T,NA,p.Asp850Tyr,-0.4461059282084296
urn:mavedb:00000071-b-1#1001,c.2550C>A,NA,p.Asp850Glu,0.6516107230854679
urn:mavedb:00000071-b-1#1002,c.2550C>G,NA,p.Asp850Glu,-0.027433021094495132
urn:mavedb:00000071-b-1#1003,c.2544A>T,NA,p.Lys848Asn,-0.362386672735564
urn:mavedb:00000071-b-1#1004,c.2544A>C,NA,p.Lys848Asn,0.7027974960245733
urn:mavedb:00000071-b-1#1005,c.2540T>G,NA,p.Leu847Arg,-0.2076241246417665
urn:mavedb:00000071-b-1#1006,c.2531A>C,NA,p.Gln844Pro,0.0923798216909312
urn:mavedb:00000071-b-1#1007,c.2530C>A,NA,p.Gln844Lys,0.3533030231941319
urn:mavedb:00000071-b-1#1008,c.2530C>G,NA,p.Gln844Glu,-0.6503914603636101
urn:mavedb:00000071-b-1#1009,c.2528C>T,NA,p.Pro843Leu,0.08100164032845583
urn:mavedb:00000071-b-1#1010,c.2528C>A,NA,p.Pro843Gln,0.21997805347726634
urn:mavedb:00000071-b-1#1011,c.2527C>A,NA,p.Pro843Thr,0.10500585070161636
urn:mavedb:00000071-b-1#1012,c.2525T>A,NA,p.Val842Asp,0.33534844746476694
urn:mavedb:00000071-b-1#1013,c.2524G>C,NA,p.Val842Leu,-0.3424462093871481
urn:mavedb:00000071-b-1#1014,c.2521A>T,NA,p.Ile841Phe,0.6948815027952028
urn:mavedb:00000071-b-1#1015,c.2522T>A,NA,p.Ile841Asn,0.07369252952569236
urn:mavedb:00000071-b-1#1016,c.2519A>T,NA,p.His840Leu,0.11416155773384384
urn:mavedb:00000071-b-1#1017,c.2519A>G,NA,p.His840Arg,0.0007797583161012785
urn:mavedb:00000071-b-1#1018,c.2520T>A,NA,p.His840Gln,-0.10863716016721436
urn:mavedb:00000071-b-1#1019,c.2518C>A,NA,p.His840Asn,-0.0025443875810402874
urn:mavedb:00000071-b-1#1020,c.2516A>G,NA,p.Asp839Gly,0.5486468525536599
urn:mavedb:00000071-b-1#1021,c.2517T>A,NA,p.Asp839Glu,0.42593202859189655
urn:mavedb:00000071-b-1#1022,c.2515G>A,NA,p.Asp839Asn,0.3955566375430467
urn:mavedb:00000071-b-1#1023,c.2509G>T,NA,p.Asp837Tyr,-0.789552156944855
urn:mavedb:00000071-b-1#1024,c.2510A>C,NA,p.Asp837Ala,-0.16758869772889645
urn:mavedb:00000071-b-1#1025,c.2511C>A,NA,p.Asp837Glu,-0.10930301382580733
urn:mavedb:00000071-b-1#1026,c.2509G>C,NA,p.Asp837His,0.7388268154099341
urn:mavedb:00000071-b-1#1027,c.2509G>A,NA,p.Asp837Asn,0.06075491029729594
urn:mavedb:00000071-b-1#1028,c.2507A>G,NA,p.Tyr836Cys,-0.13849315274320095
urn:mavedb:00000071-b-1#1029,c.2503G>T,NA,p.Asp835Tyr,-0.20648751199167895
urn:mavedb:00000071-b-1#1030,c.2498T>C,NA,p.Leu833Pro,0.29331926882281606
urn:mavedb:00000071-b-1#1031,c.2498T>A,NA,p.Leu833Gln,-0.03518147998803255
urn:mavedb:00000071-b-1#1032,c.2497C>A,NA,p.Leu833Met,-0.242828640452683
urn:mavedb:00000071-b-1#1033,c.2492A>T,NA,p.Asn831Ile,-0.07118358776223033
urn:mavedb:00000071-b-1#1034,c.2489T>A,NA,p.Ile830Asn,-0.33886453297616703
urn:mavedb:00000071-b-1#1035,c.2488A>T,NA,p.Ile830Phe,0.16850070815353713
urn:mavedb:00000071-b-1#1036,c.2488A>G,NA,p.Ile830Val,-0.7790318719523273
urn:mavedb:00000071-b-1#1037,c.3002A>G,NA,p.Tyr1001Cys,0.30561523464185403
urn:mavedb:00000071-b-1#1038,c.3001T>A,NA,p.Tyr1001Asn,-0.029102813884684324
urn:mavedb:00000071-b-1#1039,c.2999A>G,NA,p.Lys1000Arg,0.1687184497714174
urn:mavedb:00000071-b-1#1040,c.2997G>T,NA,p.Lys999Asn,0.029952545664546262
urn:mavedb:00000071-b-1#1041,c.2996A>C,NA,p.Lys999Thr,0.4913591029446333
urn:mavedb:00000071-b-1#1042,c.2993T>A,NA,p.Ile998Asn,0.2446924016568665
urn:mavedb:00000071-b-1#1043,c.2990T>C,NA,p.Leu997Pro,0.07255139910970299
urn:mavedb:00000071-b-1#1044,c.2989C>A,NA,p.Leu997Met,-0.009990350590590141
urn:mavedb:00000071-b-1#1045,c.2987C>T,NA,p.Ala996Val,0.03767966708718648
urn:mavedb:00000071-b-1#1046,c.2986G>T,NA,p.Ala996Ser,-0.25154927514009806
urn:mavedb:00000071-b-1#1047,c.2483T>C,NA,p.Leu828Pro,0.13553604472765382
urn:mavedb:00000071-b-1#1048,c.2478G>T,NA,p.Gln826His,-0.1990658705356354
urn:mavedb:00000071-b-1#1049,c.2473G>T,NA,p.Asp825Tyr,-0.3860379240641792
urn:mavedb:00000071-b-1#1050,c.2470G>T,NA,p.Val824Leu,0.001183074884087372
urn:mavedb:00000071-b-1#1051,c.2468A>G,NA,p.Tyr823Cys,0.03436972350599779
urn:mavedb:00000071-b-1#1052,c.2467T>C,NA,p.Tyr823His,0.011631662932493778
urn:mavedb:00000071-b-1#1053,c.2464A>G,NA,p.Met822Val,0.16118710337553746
urn:mavedb:00000071-b-1#1054,c.2464A>T,NA,p.Met822Leu,-0.26411873135713365
urn:mavedb:00000071-b-1#1055,c.2461G>T,NA,p.Asp821Tyr,-0.74152245151621
urn:mavedb:00000071-b-1#1056,c.2462A>C,NA,p.Asp821Ala,1.1069178650269629
urn:mavedb:00000071-b-1#1057,c.2463T>A,NA,p.Asp821Glu,-0.04260927106186549
urn:mavedb:00000071-b-1#1058,c.2461G>A,NA,p.Asp821Asn,-0.13782338821346793
urn:mavedb:00000071-b-1#1059,c.2460G>T,NA,p.Arg820Ser,-0.4688581389496785
urn:mavedb:00000071-b-1#1060,c.2455G>T,NA,p.Gly819Cys,0.4603547136727805
urn:mavedb:00000071-b-1#1061,c.2456G>A,NA,p.Gly819Asp,0.17178443140233016
urn:mavedb:00000071-b-1#1062,c.2455G>A,NA,p.Gly819Ser,-0.16610788014552666
urn:mavedb:00000071-b-1#1063,c.2453A>G,NA,p.Asn818Ser,0.3120513727718986
urn:mavedb:00000071-b-1#1064,c.2451G>T,NA,p.Gln817His,-0.2178090541292812
urn:mavedb:00000071-b-1#1065,c.2450A>C,NA,p.Gln817Pro,0.531457020668313
urn:mavedb:00000071-b-1#1066,c.2441A>G,NA,p.Tyr814Cys,0.2690288175590227
urn:mavedb:00000071-b-1#1067,c.2440T>A,NA,p.Tyr814Asn,0.602143975568728
urn:mavedb:00000071-b-1#1068,c.2438T>A,NA,p.Leu813Gln,-0.05376084096990882
urn:mavedb:00000071-b-1#1069,c.2435A>T,NA,p.Tyr812Phe,0.4008764754824235
urn:mavedb:00000071-b-1#1070,c.2434T>C,NA,p.Tyr812His,0.17670906671552272
urn:mavedb:00000071-b-1#1071,c.2432T>G,NA,p.Leu811Arg,1.0473057147783569
urn:mavedb:00000071-b-1#1072,c.2431C>A,NA,p.Leu811Met,-0.2335241659482425
urn:mavedb:00000071-b-1#1073,c.2426A>T,NA,p.Glu809Val,0.7379224105434739
urn:mavedb:00000071-b-1#1074,c.2426A>G,NA,p.Glu809Gly,0.30051709823617545
urn:mavedb:00000071-b-1#1075,c.2426A>C,NA,p.Glu809Ala,1.2233492377137158
urn:mavedb:00000071-b-1#1076,c.2416C>G,NA,p.Leu806Val,-0.37613700515413934
urn:mavedb:00000071-b-1#1077,c.2413C>G,NA,p.Gln805Glu,0.5499176459751152
urn:mavedb:00000071-b-1#1078,c.2413C>A,NA,p.Gln805Lys,-0.3556691130865581
urn:mavedb:00000071-b-1#1079,c.2411C>T,NA,p.Thr804Ile,0.11122354592323036
urn:mavedb:00000071-b-1#1080,c.2410A>T,NA,p.Thr804Ser,-0.000979266595829542
urn:mavedb:00000071-b-1#1081,c.2409C>A,NA,p.Asn803Lys,-0.966841022319033
urn:mavedb:00000071-b-1#1082,c.2409C>G,NA,p.Asn803Lys,0.037975993978742864
urn:mavedb:00000071-b-1#1083,c.2408A>G,NA,p.Asn803Ser,-0.3857117925858172
urn:mavedb:00000071-b-1#1084,c.2407A>G,NA,p.Asn803Asp,-0.08037256236558635
urn:mavedb:00000071-b-1#1085,c.2406A>T,NA,p.Glu802Asp,-0.1233291293598673
urn:mavedb:00000071-b-1#1086,c.2401G>T,NA,p.Val801Leu,0.30979384169962765
urn:mavedb:00000071-b-1#1087,c.2402T>A,NA,p.Val801Glu,-0.5148198365594602
urn:mavedb:00000071-b-1#1088,c.2401G>A,NA,p.Val801Met,0.018350287483926017
urn:mavedb:00000071-b-1#1089,c.2398C>T,NA,p.Pro800Ser,0.37680813570951455
urn:mavedb:00000071-b-1#1090,c.2399C>A,NA,p.Pro800His,0.08106848376618195
urn:mavedb:00000071-b-1#1091,c.2395C>T,NA,p.His799Tyr,0.13796704899314444
urn:mavedb:00000071-b-1#1092,c.2393A>G,NA,p.Glu798Gly,-0.02205249675218275
urn:mavedb:00000071-b-1#1093,c.2391A>T,NA,p.Lys797Asn,0.06641713389544365
urn:mavedb:00000071-b-1#1094,c.2386C>G,NA,p.Leu796Val,0.0019074980181362372
urn:mavedb:00000071-b-1#1095,c.2383A>G,NA,p.Ile795Val,0.20279064551804798
urn:mavedb:00000071-b-1#1096,c.2381A>G,NA,p.Gln794Arg,-0.5660807431179758
urn:mavedb:00000071-b-1#1097,c.2380C>A,NA,p.Gln794Lys,0.11139269447257408
urn:mavedb:00000071-b-1#1098,c.2382G>C,NA,p.Gln794His,0.8754939622259741
urn:mavedb:00000071-b-1#1099,c.2378G>T,NA,p.Ser793Ile,0.3052763247266637
urn:mavedb:00000071-b-1#1100,c.2372T>A,NA,p.Leu791Gln,-0.1749690405168969
urn:mavedb:00000071-b-1#1101,c.2366A>T,NA,p.Lys789Met,0.015241410960546457
urn:mavedb:00000071-b-1#1102,c.2366A>C,NA,p.Lys789Thr,0.09982674304548923
urn:mavedb:00000071-b-1#1103,c.2359G>T,NA,p.Gly787Trp,-0.2729949369556382
urn:mavedb:00000071-b-1#1104,c.2360G>C,NA,p.Gly787Ala,0.16614897745070828
urn:mavedb:00000071-b-1#1105,c.2359G>A,NA,p.Gly787Arg,-0.08415209711205315
urn:mavedb:00000071-b-1#1106,c.2356G>C,NA,p.Glu786Gln,-0.9051503446743816
urn:mavedb:00000071-b-1#1107,c.2356G>A,NA,p.Glu786Lys,-0.1402787539382909
urn:mavedb:00000071-b-1#1108,c.2355G>T,NA,p.Glu785Asp,-0.1880119693117685
urn:mavedb:00000071-b-1#1109,c.2353G>A,NA,p.Glu785Lys,-0.3009096364195554
urn:mavedb:00000071-b-1#1110,c.2350A>T,NA,p.Ile784Phe,0.14212710106928605
urn:mavedb:00000071-b-1#1111,c.2351T>C,NA,p.Ile784Thr,-0.4714958688173037
urn:mavedb:00000071-b-1#1112,c.2351T>A,NA,p.Ile784Asn,-0.3804372039905841
urn:mavedb:00000071-b-1#1113,c.2348G>A,NA,p.Arg783His,0.06991850333218658
urn:mavedb:00000071-b-1#1114,c.2347C>A,NA,p.Arg783Ser,-0.16155114598759365
urn:mavedb:00000071-b-1#1115,c.2345A>C,NA,p.Lys782Thr,-0.4862555106530068
urn:mavedb:00000071-b-1#1116,c.2341A>G,NA,p.Met781Val,-0.379704187850947
urn:mavedb:00000071-b-1#1117,c.2343G>A,NA,p.Met781Ile,-0.05960891886429932
urn:mavedb:00000071-b-1#1118,c.2342T>A,NA,p.Met781Lys,-0.08096846876278907
urn:mavedb:00000071-b-1#1119,c.2339G>T,NA,p.Arg780Leu,0.09545234459812926
urn:mavedb:00000071-b-1#1120,c.2335G>A,NA,p.Glu779Lys,0.1688841521789992
urn:mavedb:00000071-b-1#1121,c.2335G>C,NA,p.Glu779Gln,0.29787059289907714
urn:mavedb:00000071-b-1#1122,c.2333G>T,NA,p.Arg778Met,0.08264667002842492
urn:mavedb:00000071-b-1#1123,c.2329T>A,NA,p.Ser777Thr,-0.2836932069515436
urn:mavedb:00000071-b-1#1124,c.2329T>C,NA,p.Ser777Pro,0.2601060584273366
urn:mavedb:00000071-b-1#1125,c.2328C>G,NA,p.Asn776Lys,0.1459713929763111
urn:mavedb:00000071-b-1#1126,c.2327A>C,NA,p.Asn776Thr,0.6189058098922969
urn:mavedb:00000071-b-1#1127,c.2327A>T,NA,p.Asn776Ile,-0.4229143658023299
urn:mavedb:00000071-b-1#1128,c.2325G>T,NA,p.Lys775Asn,0.1475769576397952
urn:mavedb:00000071-b-1#1129,c.2324A>G,NA,p.Lys775Arg,0.2252642952337948
urn:mavedb:00000071-b-1#1130,c.2325G>C,NA,p.Lys775Asn,0.190238109773793
urn:mavedb:00000071-b-1#1131,c.2322G>T,NA,p.Gln774His,-0.020402336047445985
urn:mavedb:00000071-b-1#1132,c.2318G>T,NA,p.Gly773Val,-0.3704031783289105
urn:mavedb:00000071-b-1#1133,c.2318G>C,NA,p.Gly773Ala,0.21592875300374345
urn:mavedb:00000071-b-1#1134,c.2315A>T,NA,p.Lys772Ile,0.04811223985938346
urn:mavedb:00000071-b-1#1135,c.2313G>T,NA,p.Gln771His,-0.07867016552855796
urn:mavedb:00000071-b-1#1136,c.2312A>T,NA,p.Gln771Leu,0.01258229118813152
urn:mavedb:00000071-b-1#1137,c.2308A>G,NA,p.Thr770Ala,0.06668986163925494
urn:mavedb:00000071-b-1#1138,c.2309C>A,NA,p.Thr770Lys,-0.054353537141526916
urn:mavedb:00000071-b-1#1139,c.2304G>T,NA,p.Gln768His,-0.20047940966119984
urn:mavedb:00000071-b-1#1140,c.2302C>G,NA,p.Gln768Glu,-0.02445934911826574
urn:mavedb:00000071-b-1#1141,c.2296G>A,NA,p.Glu766Lys,-0.5239706060280459
urn:mavedb:00000071-b-1#1142,c.2296G>C,NA,p.Glu766Gln,0.01389918671285034
urn:mavedb:00000071-b-1#1143,c.2294G>C,NA,p.Arg765Pro,0.4124011998510415
urn:mavedb:00000071-b-1#1144,c.2291C>T,NA,p.Ala764Val,-0.022088340423592825
urn:mavedb:00000071-b-1#1145,c.2290G>A,NA,p.Ala764Thr,0.11289866194992887
urn:mavedb:00000071-b-1#1146,c.2289G>T,NA,p.Met763Ile,0.4280841694167547
urn:mavedb:00000071-b-1#1147,c.2288T>C,NA,p.Met763Thr,-0.03015613098905136
urn:mavedb:00000071-b-1#1148,c.2288T>A,NA,p.Met763Lys,-0.10823869487364787
urn:mavedb:00000071-b-1#1149,c.2286G>T,NA,p.Glu762Asp,-0.24823779572286594
urn:mavedb:00000071-b-1#1150,c.2285A>T,NA,p.Glu762Val,0.20770349367485685
urn:mavedb:00000071-b-1#1151,c.2286G>C,NA,p.Glu762Asp,0.3781299307138978
urn:mavedb:00000071-b-1#1152,c.2284G>A,NA,p.Glu762Lys,0.16420892849630964
urn:mavedb:00000071-b-1#1153,c.2282T>C,NA,p.Ile761Thr,0.07543157941937854
urn:mavedb:00000071-b-1#1154,c.2171T>A,NA,p.Ile724Asn,0.061881833426120685
urn:mavedb:00000071-b-1#1155,c.2167C>T,NA,p.His723Tyr,-0.0044727555738782645
urn:mavedb:00000071-b-1#1156,c.2169T>A,NA,p.His723Gln,-0.3979991967655084
urn:mavedb:00000071-b-1#1157,c.2165A>G,NA,p.Glu722Gly,-0.12998426867938584
urn:mavedb:00000071-b-1#1158,c.2166G>T,NA,p.Glu722Asp,-0.10964525169778287
urn:mavedb:00000071-b-1#1159,c.2159T>G,NA,p.Leu720Arg,-0.09892545182605264
urn:mavedb:00000071-b-1#1160,c.2156C>T,NA,p.Ser719Phe,-0.18024873023151114
urn:mavedb:00000071-b-1#1161,c.2152G>T,NA,p.Asp718Tyr,-0.3606961682302923
urn:mavedb:00000071-b-1#1162,c.2154C>A,NA,p.Asp718Glu,-0.37405091496927256
urn:mavedb:00000071-b-1#1163,c.2153A>T,NA,p.Asp718Val,-0.06145926420344908
urn:mavedb:00000071-b-1#1164,c.2150G>T,NA,p.Gly717Val,0.17932692877955453
urn:mavedb:00000071-b-1#1165,c.2149G>T,NA,p.Gly717Trp,0.280546246053343
urn:mavedb:00000071-b-1#1166,c.2148G>T,NA,p.Gln716His,-0.14999950494750033
urn:mavedb:00000071-b-1#1167,c.2147A>T,NA,p.Gln716Leu,0.15809793819437762
urn:mavedb:00000071-b-1#1168,c.2146C>A,NA,p.Gln716Lys,-0.017889516724554
urn:mavedb:00000071-b-1#1169,c.2143G>T,NA,p.Gly715Cys,-0.19103840331320546
urn:mavedb:00000071-b-1#1170,c.2143G>A,NA,p.Gly715Ser,-0.2072356308410068
urn:mavedb:00000071-b-1#1171,c.2141C>G,NA,p.Ser714Cys,0.2682982844786453
urn:mavedb:00000071-b-1#1172,c.2138T>C,NA,p.Val713Ala,0.19156047751804306
urn:mavedb:00000071-b-1#1173,c.2136G>T,NA,p.Gln712His,0.14712703428335808
urn:mavedb:00000071-b-1#1174,c.2134C>G,NA,p.Gln712Glu,-0.3369019552735358
urn:mavedb:00000071-b-1#1175,c.2132C>T,NA,p.Ala711Val,0.12872150151627385
urn:mavedb:00000071-b-1#1176,c.2129A>T,NA,p.Lys710Met,-0.04380836501106036
urn:mavedb:00000071-b-1#1177,c.2126A>T,NA,p.Gln709Leu,-0.08748732338741604
urn:mavedb:00000071-b-1#1178,c.2125C>G,NA,p.Gln709Glu,-0.167064529385691
urn:mavedb:00000071-b-1#1179,c.2125C>A,NA,p.Gln709Lys,0.5115927662973191
urn:mavedb:00000071-b-1#1180,c.2123T>G,NA,p.Ile708Ser,-0.4537190972764949
urn:mavedb:00000071-b-1#1181,c.2123T>A,NA,p.Ile708Asn,0.1906778717537736
urn:mavedb:00000071-b-1#1182,c.2119G>T,NA,p.Asp707Tyr,0.4138734417736469
urn:mavedb:00000071-b-1#1183,c.2121T>A,NA,p.Asp707Glu,-0.1732841317437538
urn:mavedb:00000071-b-1#1184,c.2118G>T,NA,p.Glu706Asp,0.021058885424520474
urn:mavedb:00000071-b-1#1185,c.2117A>G,NA,p.Glu706Gly,0.3781653080099255
urn:mavedb:00000071-b-1#1186,c.2116G>A,NA,p.Glu706Lys,0.3045936530815869
urn:mavedb:00000071-b-1#1187,c.2115A>T,NA,p.Lys705Asn,-0.20052204575818974
urn:mavedb:00000071-b-1#1188,c.2113A>G,NA,p.Lys705Glu,-0.07647147949869539
urn:mavedb:00000071-b-1#1189,c.2112C>G,NA,p.Phe704Leu,-0.17117863906010902
urn:mavedb:00000071-b-1#1190,c.2111T>C,NA,p.Phe704Ser,0.17484743497568028
urn:mavedb:00000071-b-1#1191,c.2110T>A,NA,p.Phe704Ile,-0.1626971510052124
urn:mavedb:00000071-b-1#1192,c.2108C>T,NA,p.Thr703Ile,-0.008778579138938696
urn:mavedb:00000071-b-1#1193,c.2105T>C,NA,p.Leu702Pro,0.05836223171537059
urn:mavedb:00000071-b-1#1194,c.2104C>A,NA,p.Leu702Met,0.20540411731560004
urn:mavedb:00000071-b-1#1195,c.2102G>T,NA,p.Ser701Ile,0.08713671292443262
urn:mavedb:00000071-b-1#1196,c.2103C>G,NA,p.Ser701Arg,0.3723007633945317
urn:mavedb:00000071-b-1#1197,c.2101A>T,NA,p.Ser701Cys,0.3032522490976605
urn:mavedb:00000071-b-1#1198,c.2102G>A,NA,p.Ser701Asn,-0.04585200260197278
urn:mavedb:00000071-b-1#1199,c.2099A>T,NA,p.Asp700Val,0.4862788836030589
urn:mavedb:00000071-b-1#1200,c.2098G>T,NA,p.Asp700Tyr,0.1372925237993737
urn:mavedb:00000071-b-1#1201,c.2100C>A,NA,p.Asp700Glu,1.207154149164532
urn:mavedb:00000071-b-1#1202,c.2097T>A,NA,p.Asp699Glu,-0.1628670401350532
urn:mavedb:00000071-b-1#1203,c.2095G>A,NA,p.Asp699Asn,0.03422673874341073
urn:mavedb:00000071-b-1#1204,c.2092C>A,NA,p.His698Asn,-0.11008239849411314
urn:mavedb:00000071-b-1#1205,c.2089A>T,NA,p.Ile697Phe,0.5011453917962485
urn:mavedb:00000071-b-1#1206,c.2090T>C,NA,p.Ile697Thr,-0.2297214220494396
urn:mavedb:00000071-b-1#1207,c.2090T>A,NA,p.Ile697Asn,-0.17014594309624553
urn:mavedb:00000071-b-1#1208,c.2086C>G,NA,p.Leu696Val,-0.12801147150924064
urn:mavedb:00000071-b-1#1209,c.2087T>C,NA,p.Leu696Pro,0.1255691237625219
urn:mavedb:00000071-b-1#1210,c.2087T>A,NA,p.Leu696Gln,0.10565221529152187
urn:mavedb:00000071-b-1#1211,c.2086C>A,NA,p.Leu696Met,-0.05214381498693649
urn:mavedb:00000071-b-1#1212,c.2081T>G,NA,p.Met694Arg,-0.7969383236787146
urn:mavedb:00000071-b-1#1213,c.2080A>C,NA,p.Met694Leu,-0.33758996135550234
urn:mavedb:00000071-b-1#1214,c.2081T>A,NA,p.Met694Lys,0.0863786961559527
urn:mavedb:00000071-b-1#1215,c.2079C>G,NA,p.Phe693Leu,1.0314727990121415
urn:mavedb:00000071-b-1#1216,c.2077T>A,NA,p.Phe693Ile,-0.19255527669864414
urn:mavedb:00000071-b-1#1217,c.2074A>T,NA,p.Asn692Tyr,-0.14066907676808854
urn:mavedb:00000071-b-1#1218,c.2075A>T,NA,p.Asn692Ile,-0.5459509918319141
urn:mavedb:00000071-b-1#1219,c.2075A>C,NA,p.Asn692Thr,-0.5245320081970084
urn:mavedb:00000071-b-1#1220,c.2071A>G,NA,p.Arg691Gly,-0.08408355545143073
urn:mavedb:00000071-b-1#1221,c.2073G>C,NA,p.Arg691Ser,-0.01866776055075666
urn:mavedb:00000071-b-1#1222,c.2068A>T,NA,p.Asn690Tyr,0.02121369016282765
urn:mavedb:00000071-b-1#1223,c.2068A>G,NA,p.Asn690Asp,0.3874450116670232
urn:mavedb:00000071-b-1#1224,c.2066C>T,NA,p.Ala689Val,0.03331406912027707
urn:mavedb:00000071-b-1#1225,c.2063T>A,NA,p.Phe688Tyr,0.6193985436970878
urn:mavedb:00000071-b-1#1226,c.2059G>T,NA,p.Gly687Cys,-0.23123112812790705
urn:mavedb:00000071-b-1#1227,c.2060G>C,NA,p.Gly687Ala,0.4660154243873409
urn:mavedb:00000071-b-1#1228,c.2060G>A,NA,p.Gly687Asp,-0.007339322512881091
urn:mavedb:00000071-b-1#1229,c.2056G>C,NA,p.Asp686His,0.2898733223912209
urn:mavedb:00000071-b-1#1230,c.2054C>T,NA,p.Ser685Phe,0.17457439652453532
urn:mavedb:00000071-b-1#1231,c.2052A>T,NA,p.Lys684Asn,0.005259601274482071
urn:mavedb:00000071-b-1#1232,c.2051A>T,NA,p.Lys684Ile,-0.4406867929457273
urn:mavedb:00000071-b-1#1233,c.2051A>C,NA,p.Lys684Thr,-0.6221455819164187
urn:mavedb:00000071-b-1#1234,c.2048T>C,NA,p.Leu683Pro,-0.23090420800840686
urn:mavedb:00000071-b-1#1235,c.2048T>A,NA,p.Leu683Gln,-0.000366516238465248
urn:mavedb:00000071-b-1#1236,c.2044T>G,NA,p.Phe682Val,-0.08341123726238041
urn:mavedb:00000071-b-1#1237,c.2045T>C,NA,p.Phe682Ser,-0.03748094487102084
urn:mavedb:00000071-b-1#1238,c.2044T>C,NA,p.Phe682Leu,0.0169143049318008
urn:mavedb:00000071-b-1#1239,c.2044T>A,NA,p.Phe682Ile,0.21798295745920154
urn:mavedb:00000071-b-1#1240,c.2041G>T,NA,p.Asp681Tyr,0.0634698160523096
urn:mavedb:00000071-b-1#1241,c.2043C>G,NA,p.Asp681Glu,0.4384077535599713
urn:mavedb:00000071-b-1#1242,c.2042A>G,NA,p.Asp681Gly,0.3662503851316217
urn:mavedb:00000071-b-1#1243,c.2041G>A,NA,p.Asp681Asn,-0.1887999053083232
urn:mavedb:00000071-b-1#1244,c.2038C>G,NA,p.Leu680Val,0.9588997974753524
urn:mavedb:00000071-b-1#1245,c.2039T>C,NA,p.Leu680Pro,-0.27984294732037124
urn:mavedb:00000071-b-1#1246,c.2038C>A,NA,p.Leu680Met,-0.19635383067011888
urn:mavedb:00000071-b-1#1247,c.2035A>T,NA,p.Ile679Phe,-0.17212346627700642
urn:mavedb:00000071-b-1#1248,c.2033C>T,NA,p.Thr678Ile,0.16588001589466714
urn:mavedb:00000071-b-1#1249,c.2032A>G,NA,p.Thr678Ala,-0.4672167108192957
urn:mavedb:00000071-b-1#1250,c.2033C>A,NA,p.Thr678Asn,0.11821358226435295
urn:mavedb:00000071-b-1#1251,c.2031G>T,NA,p.Lys677Asn,0.1703873239531094
urn:mavedb:00000071-b-1#1252,c.2031G>C,NA,p.Lys677Asn,0.08296006570517413
urn:mavedb:00000071-b-1#1253,c.2030A>G,NA,p.Lys677Arg,-0.058622022667174624
urn:mavedb:00000071-b-1#1254,c.2027G>T,NA,p.Gly676Val,-0.024903845379904664
urn:mavedb:00000071-b-1#1255,c.2026G>T,NA,p.Gly676Trp,-0.3191149324583724
urn:mavedb:00000071-b-1#1256,c.2024G>T,NA,p.Ser675Ile,0.2005314961732256
urn:mavedb:00000071-b-1#1257,c.2025C>G,NA,p.Ser675Arg,-0.06957048986347172
urn:mavedb:00000071-b-1#1258,c.2023A>G,NA,p.Ser675Gly,-0.16445445301375722
urn:mavedb:00000071-b-1#1259,c.2025C>A,NA,p.Ser675Arg,-0.3228947707518104
urn:mavedb:00000071-b-1#1260,c.2023A>T,NA,p.Ser675Cys,0.20401622781063536
urn:mavedb:00000071-b-1#1261,c.2021A>G,NA,p.Gln674Arg,0.004032762890760932
urn:mavedb:00000071-b-1#1262,c.2018A>T,NA,p.Lys673Ile,0.11163742444335567
urn:mavedb:00000071-b-1#1263,c.2689T>C,NA,p.Phe897Leu,-0.7643966160757099
urn:mavedb:00000071-b-1#1264,c.2690T>A,NA,p.Phe897Tyr,0.00309426451003332
urn:mavedb:00000071-b-1#1265,c.2689T>A,NA,p.Phe897Ile,-0.4668899929847768
urn:mavedb:00000071-b-1#1266,c.2688G>T,NA,p.Lys896Asn,0.1508676888483444
urn:mavedb:00000071-b-1#1267,c.2687A>G,NA,p.Lys896Arg,0.21331117780444664
urn:mavedb:00000071-b-1#1268,c.2686A>G,NA,p.Lys896Glu,-0.7198735019717305
urn:mavedb:00000071-b-1#1269,c.2688G>C,NA,p.Lys896Asn,-0.21977569107204584
urn:mavedb:00000071-b-1#1270,c.2682G>C,NA,p.Gln894His,-0.6417271723351798
urn:mavedb:00000071-b-1#1271,c.2680C>A,NA,p.Gln894Lys,0.4877964315124184
urn:mavedb:00000071-b-1#1272,c.2677A>T,NA,p.Thr893Ser,0.2323891872982717
urn:mavedb:00000071-b-1#1273,c.2677A>C,NA,p.Thr893Pro,0.3139190727948701
urn:mavedb:00000071-b-1#1274,c.2019A>T,NA,p.Lys673Asn,-0.695289687646827
urn:mavedb:00000071-b-1#1275,c.2018A>C,NA,p.Lys673Thr,0.5737431773789784
urn:mavedb:00000071-b-1#1276,c.2014G>T,NA,p.Asp672Tyr,-0.0712047532032251
urn:mavedb:00000071-b-1#1277,c.2012G>T,NA,p.Arg671Ile,0.16832240965778522
urn:mavedb:00000071-b-1#1278,c.2009T>A,NA,p.Ile670Asn,-0.007294817935469008
urn:mavedb:00000071-b-1#1279,c.2006G>T,NA,p.Gly669Val,-0.3349447893629573
urn:mavedb:00000071-b-1#1280,c.2005G>T,NA,p.Gly669Cys,-0.2876144538261794
urn:mavedb:00000071-b-1#1281,c.2005G>A,NA,p.Gly669Ser,-0.2362655925279264
urn:mavedb:00000071-b-1#1282,c.2003A>T,NA,p.Asn668Ile,-0.0842543320707185
urn:mavedb:00000071-b-1#1283,c.1999A>T,NA,p.Ile667Phe,0.027738992493054792
urn:mavedb:00000071-b-1#1284,c.2000T>A,NA,p.Ile667Asn,0.05732401440407455
urn:mavedb:00000071-b-1#1285,c.1999A>C,NA,p.Ile667Leu,0.22840751736647502
urn:mavedb:00000071-b-1#1286,c.1995G>T,NA,p.Lys665Asn,0.10915664976627484
urn:mavedb:00000071-b-1#1287,c.1991G>T,NA,p.Arg664Leu,0.4639326775964745
urn:mavedb:00000071-b-1#1288,c.1988C>T,NA,p.Ser663Phe,0.3426657325383713
urn:mavedb:00000071-b-1#1289,c.1984C>A,NA,p.Leu662Met,-0.21784820726138973
urn:mavedb:00000071-b-1#1290,c.1982G>T,NA,p.Arg661Leu,-0.30046462829121456
urn:mavedb:00000071-b-1#1291,c.1982G>C,NA,p.Arg661Pro,0.04383127962460235
urn:mavedb:00000071-b-1#1292,c.1978G>A,NA,p.Gly660Arg,-0.08104252324410903
urn:mavedb:00000071-b-1#1293,c.1979G>C,NA,p.Gly660Ala,-0.3913444664930144
urn:mavedb:00000071-b-1#1294,c.1977G>T,NA,p.Trp659Cys,0.1420858900998225
urn:mavedb:00000071-b-1#1295,c.1975T>G,NA,p.Trp659Gly,-1.9222190401455024
urn:mavedb:00000071-b-1#1296,c.1975T>C,NA,p.Trp659Arg,0.353905365128735
urn:mavedb:00000071-b-1#1297,c.1973G>T,NA,p.Gly658Val,-0.1008821758917082
urn:mavedb:00000071-b-1#1298,c.1972G>T,NA,p.Gly658Trp,-0.12982393966198605
urn:mavedb:00000071-b-1#1299,c.1973G>A,NA,p.Gly658Glu,0.024677884261318016
urn:mavedb:00000071-b-1#1300,c.1972G>A,NA,p.Gly658Arg,0.13855543693222316
urn:mavedb:00000071-b-1#1301,c.1970C>T,NA,p.Thr657Ile,0.2143972933348852
urn:mavedb:00000071-b-1#1302,c.1969A>T,NA,p.Thr657Ser,-0.4298794262214266
urn:mavedb:00000071-b-1#1303,c.1970C>G,NA,p.Thr657Ser,0.3950964032757192
urn:mavedb:00000071-b-1#1304,c.1969A>C,NA,p.Thr657Pro,1.1045503404807366
urn:mavedb:00000071-b-1#1305,c.1966T>A,NA,p.Tyr656Asn,-0.13366677877292674
urn:mavedb:00000071-b-1#1306,c.1964G>T,NA,p.Arg655Ile,0.2902120639835282
urn:mavedb:00000071-b-1#1307,c.1961G>T,NA,p.Arg654Leu,0.2586732072686347
urn:mavedb:00000071-b-1#1308,c.1960C>G,NA,p.Arg654Gly,0.17001929862334186
urn:mavedb:00000071-b-1#1309,c.1961G>A,NA,p.Arg654Gln,0.09854876926815216
urn:mavedb:00000071-b-1#1310,c.1958G>T,NA,p.Arg653Leu,0.06898695592011879
urn:mavedb:00000071-b-1#1311,c.1958G>C,NA,p.Arg653Pro,0.7221209592828541
urn:mavedb:00000071-b-1#1312,c.1954A>C,NA,p.Lys652Gln,0.5871835851142528
urn:mavedb:00000071-b-1#1313,c.1956G>T,NA,p.Lys652Asn,-0.3607157968998456
urn:mavedb:00000071-b-1#1314,c.1954A>G,NA,p.Lys652Glu,-0.1309581347602982
urn:mavedb:00000071-b-1#1315,c.1952T>A,NA,p.Leu651Gln,-0.05531879442904253
urn:mavedb:00000071-b-1#1316,c.1951C>G,NA,p.Leu651Val,-0.2425033239355325
urn:mavedb:00000071-b-1#1317,c.1950G>T,NA,p.Gln650His,0.34397193595683095
urn:mavedb:00000071-b-1#1318,c.1949A>T,NA,p.Gln650Leu,0.4196714149112633
urn:mavedb:00000071-b-1#1319,c.1947A>T,NA,p.Lys649Asn,0.28548992643914034
urn:mavedb:00000071-b-1#1320,c.1945A>G,NA,p.Lys649Glu,-0.27966881460675763
urn:mavedb:00000071-b-1#1321,c.1946A>C,NA,p.Lys649Thr,0.3982209819863056
urn:mavedb:00000071-b-1#1322,c.1942A>G,NA,p.Met648Val,0.07772172481242083
urn:mavedb:00000071-b-1#1323,c.1939G>T,NA,p.Val647Leu,0.17718885024908654
urn:mavedb:00000071-b-1#1324,c.1937A>G,NA,p.Lys646Arg,0.09820124919983042
urn:mavedb:00000071-b-1#1325,c.1937A>C,NA,p.Lys646Thr,-0.3390016314600565
urn:mavedb:00000071-b-1#1326,c.1937A>T,NA,p.Lys646Ile,-0.18889686152443266
urn:mavedb:00000071-b-1#1327,c.1933G>T,NA,p.Asp645Tyr,-0.1405080786860488
urn:mavedb:00000071-b-1#1328,c.1934A>G,NA,p.Asp645Gly,-0.04526778236904203
urn:mavedb:00000071-b-1#1329,c.1933G>C,NA,p.Asp645His,-0.10808660099367136
urn:mavedb:00000071-b-1#1330,c.1930G>A,NA,p.Asp644Asn,0.13964358159007986
urn:mavedb:00000071-b-1#1331,c.1932T>G,NA,p.Asp644Glu,0.03772139759147077
urn:mavedb:00000071-b-1#1332,c.1928T>A,NA,p.Phe643Tyr,-0.08533670826741792
urn:mavedb:00000071-b-1#1333,c.1929C>A,NA,p.Phe643Leu,-0.4156926175490869
urn:mavedb:00000071-b-1#1334,c.1925T>A,NA,p.Leu642Gln,-0.08654563761896858
urn:mavedb:00000071-b-1#1335,c.1925T>C,NA,p.Leu642Pro,0.02807937205488604
urn:mavedb:00000071-b-1#1336,c.1922A>T,NA,p.His641Leu,-0.05086434056230692
urn:mavedb:00000071-b-1#1337,c.1921C>T,NA,p.His641Tyr,0.0597141470901685
urn:mavedb:00000071-b-1#1338,c.1921C>A,NA,p.His641Asn,0.20419247040060573
urn:mavedb:00000071-b-1#1339,c.1918G>T,NA,p.Ala640Ser,0.4002408884919265
urn:mavedb:00000071-b-1#1340,c.1919C>G,NA,p.Ala640Gly,0.257630808793344
urn:mavedb:00000071-b-1#1341,c.1919C>T,NA,p.Ala640Val,0.032365445835296165
urn:mavedb:00000071-b-1#1342,c.1915T>A,NA,p.Tyr639Asn,0.7581100307862758
urn:mavedb:00000071-b-1#1343,c.1913C>G,NA,p.Thr638Ser,0.031336084884830105
urn:mavedb:00000071-b-1#1344,c.1913C>A,NA,p.Thr638Asn,0.4400982587371864
urn:mavedb:00000071-b-1#1345,c.1907T>G,NA,p.Leu636Arg,0.15487988943949602
urn:mavedb:00000071-b-1#1346,c.1907T>C,NA,p.Leu636Pro,-0.07644565666695978
urn:mavedb:00000071-b-1#1347,c.1904G>A,NA,p.Arg635His,-0.04349210725203837
urn:mavedb:00000071-b-1#1348,c.1903C>A,NA,p.Arg635Ser,0.3873633758799037
urn:mavedb:00000071-b-1#1349,c.1901A>G,NA,p.Glu634Gly,-0.07154694246286747
urn:mavedb:00000071-b-1#1350,c.1899G>T,NA,p.Glu633Asp,-0.007213774370896631
urn:mavedb:00000071-b-1#1351,c.1895T>A,NA,p.Ile632Asn,-0.2229175226635733
urn:mavedb:00000071-b-1#1352,c.1894A>C,NA,p.Ile632Leu,-0.9525500069401334
urn:mavedb:00000071-b-1#1353,c.1893G>T,NA,p.Met631Ile,-0.2104004640170028
urn:mavedb:00000071-b-1#1354,c.1886G>C,NA,p.Arg629Thr,-0.43602567935349934
urn:mavedb:00000071-b-1#1355,c.1883A>T,NA,p.Asp628Val,0.3338637930284715
urn:mavedb:00000071-b-1#1356,c.1882G>T,NA,p.Asp628Tyr,-0.023951931903777802
urn:mavedb:00000071-b-1#1357,c.1884T>A,NA,p.Asp628Glu,0.4610691520793454
urn:mavedb:00000071-b-1#1358,c.1882G>C,NA,p.Asp628His,-0.5385251047335359
urn:mavedb:00000071-b-1#1359,c.1881G>T,NA,p.Glu627Asp,-0.07166638147793805
urn:mavedb:00000071-b-1#1360,c.1880A>T,NA,p.Glu627Val,-0.22734165414778806
urn:mavedb:00000071-b-1#1361,c.1877T>G,NA,p.Phe626Cys,-0.014875289077837675
urn:mavedb:00000071-b-1#1362,c.1876T>C,NA,p.Phe626Leu,0.18389821557685465
urn:mavedb:00000071-b-1#1363,c.1878T>A,NA,p.Phe626Leu,0.4302829591225409
urn:mavedb:00000071-b-1#1364,c.1877T>A,NA,p.Phe626Tyr,-0.123399745856007
urn:mavedb:00000071-b-1#1365,c.1876T>A,NA,p.Phe626Ile,-0.0455601091750767
urn:mavedb:00000071-b-1#1366,c.1874T>A,NA,p.Leu625Gln,-0.04041557214354771
urn:mavedb:00000071-b-1#1367,c.1873C>G,NA,p.Leu625Val,-0.0772303040438014
urn:mavedb:00000071-b-1#1368,c.1871C>T,NA,p.Thr624Ile,-0.35238330748946384
urn:mavedb:00000071-b-1#1369,c.1871C>G,NA,p.Thr624Arg,0.007433745758933431
urn:mavedb:00000071-b-1#1370,c.1871C>A,NA,p.Thr624Lys,0.5489282179039803
urn:mavedb:00000071-b-1#1371,c.1868T>C,NA,p.Leu623Pro,-0.2861537873254095
urn:mavedb:00000071-b-1#1372,c.1865C>T,NA,p.Thr622Ile,0.09031033821707314
urn:mavedb:00000071-b-1#1373,c.1864A>T,NA,p.Thr622Ser,0.1328288965781679
urn:mavedb:00000071-b-1#1374,c.1861C>G,NA,p.Leu621Val,0.004027600969423239
urn:mavedb:00000071-b-1#1375,c.1862T>A,NA,p.Leu621Gln,-0.21107440350855755
urn:mavedb:00000071-b-1#1376,c.1859T>G,NA,p.Val620Gly,-0.12376699809335773
urn:mavedb:00000071-b-1#1377,c.1859T>A,NA,p.Val620Glu,-0.19019435983233368
urn:mavedb:00000071-b-1#1378,c.1858G>A,NA,p.Val620Met,-0.230280579130126
urn:mavedb:00000071-b-1#1379,c.1857T>G,NA,p.Ile619Met,-0.4224043596951028
urn:mavedb:00000071-b-1#1380,c.1856T>A,NA,p.Ile619Asn,-0.3007827932520108
urn:mavedb:00000071-b-1#1381,c.1618C>G,NA,p.Leu540Val,-0.4736126673040298
urn:mavedb:00000071-b-1#1382,c.1619T>C,NA,p.Leu540Pro,0.1347720685144315
urn:mavedb:00000071-b-1#1383,c.1619T>A,NA,p.Leu540Gln,0.014900094595574384
urn:mavedb:00000071-b-1#1384,c.1618C>A,NA,p.Leu540Met,0.5274675985951062
urn:mavedb:00000071-b-1#1385,c.1615T>G,NA,p.Phe539Val,0.4446342657103307
urn:mavedb:00000071-b-1#1386,c.1616T>C,NA,p.Phe539Ser,-0.2573098811201444
urn:mavedb:00000071-b-1#1387,c.1616T>A,NA,p.Phe539Tyr,0.025533005793829413
urn:mavedb:00000071-b-1#1388,c.1613C>T,NA,p.Ala538Val,0.09626754910333052
urn:mavedb:00000071-b-1#1389,c.1609C>T,NA,p.Pro537Ser,-0.14308477907800865
urn:mavedb:00000071-b-1#1390,c.1608G>T,NA,p.Lys536Asn,-0.2422590167122229
urn:mavedb:00000071-b-1#1391,c.1606A>G,NA,p.Lys536Glu,0.14185792919328766
urn:mavedb:00000071-b-1#1392,c.1606A>C,NA,p.Lys536Gln,-0.4595926943164375
urn:mavedb:00000071-b-1#1393,c.1604G>C,NA,p.Arg535Pro,0.2851680512219988
urn:mavedb:00000071-b-1#1394,c.1604G>A,NA,p.Arg535His,0.07735499245372042
urn:mavedb:00000071-b-1#1395,c.1603C>A,NA,p.Arg535Ser,-0.2453681235245942
urn:mavedb:00000071-b-1#1396,c.1602G>T,NA,p.Met534Ile,-0.08376788620429286
urn:mavedb:00000071-b-1#1397,c.1601T>G,NA,p.Met534Arg,0.07551708109021862
urn:mavedb:00000071-b-1#1398,c.1597G>T,NA,p.Gly533Cys,-0.2103284644529092
urn:mavedb:00000071-b-1#1399,c.1598G>C,NA,p.Gly533Ala,-0.5605343172840611
urn:mavedb:00000071-b-1#1400,c.1597G>A,NA,p.Gly533Ser,-0.26765865507817715
urn:mavedb:00000071-b-1#1401,c.1596G>T,NA,p.Glu532Asp,-0.0980846820625502
urn:mavedb:00000071-b-1#1402,c.1592C>T,NA,p.Thr531Ile,0.0431828652609683
urn:mavedb:00000071-b-1#1403,c.1592C>A,NA,p.Thr531Asn,0.3421552409324833
urn:mavedb:00000071-b-1#1404,c.1591A>G,NA,p.Thr531Ala,-0.31683056081296823
urn:mavedb:00000071-b-1#1405,c.1588G>A,NA,p.Val530Ile,0.1917817366132681
urn:mavedb:00000071-b-1#1406,c.1585T>A,NA,p.Tyr529Asn,-0.498952578857828
urn:mavedb:00000071-b-1#1407,c.1583A>T,NA,p.Lys528Ile,0.11800992904429132
urn:mavedb:00000071-b-1#1408,c.1582A>G,NA,p.Lys528Glu,0.3122053233519805
urn:mavedb:00000071-b-1#1409,c.1579G>A,NA,p.Val527Met,0.30055327184233305
urn:mavedb:00000071-b-1#1410,c.1578G>T,NA,p.Lys526Asn,0.08141454018011036
urn:mavedb:00000071-b-1#1411,c.1577A>T,NA,p.Lys526Met,0.464318032427917
urn:mavedb:00000071-b-1#1412,c.1578G>C,NA,p.Lys526Asn,-0.6059952295118636
urn:mavedb:00000071-b-1#1413,c.1576A>C,NA,p.Lys526Gln,0.14698828516639167
urn:mavedb:00000071-b-1#1414,c.1571T>G,NA,p.Leu524Arg,0.02165617804261068
urn:mavedb:00000071-b-1#1415,c.1570C>G,NA,p.Leu524Val,0.5319354823699491
urn:mavedb:00000071-b-1#1416,c.1571T>C,NA,p.Leu524Pro,-0.016074211034832038
urn:mavedb:00000071-b-1#1417,c.1568A>C,NA,p.Glu523Ala,-0.7619416008833975
urn:mavedb:00000071-b-1#1418,c.1567G>A,NA,p.Glu523Lys,-0.12270516954167802
urn:mavedb:00000071-b-1#1419,c.1561T>C,NA,p.Tyr521His,0.4714060201187032
urn:mavedb:00000071-b-1#1420,c.1562A>T,NA,p.Tyr521Phe,0.40972117336805264
urn:mavedb:00000071-b-1#1421,c.1558G>T,NA,p.Val520Phe,0.24128606335667216
urn:mavedb:00000071-b-1#1422,c.1559T>A,NA,p.Val520Asp,0.0036079131899791296
urn:mavedb:00000071-b-1#1423,c.1556C>T,NA,p.Thr519Ile,0.06187262094665553
urn:mavedb:00000071-b-1#1424,c.1556C>G,NA,p.Thr519Ser,-0.01779994777907863
urn:mavedb:00000071-b-1#1425,c.1553T>G,NA,p.Phe518Cys,0.3442045906107127
urn:mavedb:00000071-b-1#1426,c.1552T>G,NA,p.Phe518Val,0.3192639146378441
urn:mavedb:00000071-b-1#1427,c.1554C>A,NA,p.Phe518Leu,-0.4503231622707805
urn:mavedb:00000071-b-1#1428,c.1552T>A,NA,p.Phe518Ile,-0.03207001694511457
urn:mavedb:00000071-b-1#1429,c.1554C>G,NA,p.Phe518Leu,0.16038561332022508
urn:mavedb:00000071-b-1#1430,c.1553T>A,NA,p.Phe518Tyr,-0.22993705848832505
urn:mavedb:00000071-b-1#1431,c.1547A>T,NA,p.Glu516Val,-0.07272904027268717
urn:mavedb:00000071-b-1#1432,c.1546G>A,NA,p.Glu516Lys,-0.2638751402389506
urn:mavedb:00000071-b-1#1433,c.1540C>G,NA,p.Leu514Val,0.155308199871
urn:mavedb:00000071-b-1#1434,c.1541T>C,NA,p.Leu514Pro,-0.4527760466785569
urn:mavedb:00000071-b-1#1435,c.1538T>A,NA,p.Leu513Gln,0.1189842619094054
urn:mavedb:00000071-b-1#1436,c.1537C>A,NA,p.Leu513Met,0.22697016564562897
urn:mavedb:00000071-b-1#1437,c.1537C>G,NA,p.Leu513Val,-0.21043514666166924
urn:mavedb:00000071-b-1#1438,c.1535C>T,NA,p.Ser512Phe,-0.2735232386901504
urn:mavedb:00000071-b-1#1439,c.1535C>A,NA,p.Ser512Tyr,-0.17570564999417213
urn:mavedb:00000071-b-1#1440,c.1532A>T,NA,p.His511Leu,0.5392734205457405
urn:mavedb:00000071-b-1#1441,c.1532A>G,NA,p.His511Arg,-0.42584825521600395
urn:mavedb:00000071-b-1#1442,c.1529A>G,NA,p.Lys510Arg,-0.6660592590844013
urn:mavedb:00000071-b-1#1443,c.1530G>C,NA,p.Lys510Asn,-0.13177625297122406
urn:mavedb:00000071-b-1#1444,c.1529A>T,NA,p.Lys510Met,-0.3394151197944034
urn:mavedb:00000071-b-1#1445,c.1526C>T,NA,p.Pro509Leu,-0.4980611664853158
urn:mavedb:00000071-b-1#1446,c.1525C>G,NA,p.Pro509Ala,-0.020139167317654503
urn:mavedb:00000071-b-1#1447,c.1526C>A,NA,p.Pro509His,-0.040648715484670486
urn:mavedb:00000071-b-1#1448,c.1525C>T,NA,p.Pro509Ser,0.07328895905477392
urn:mavedb:00000071-b-1#1449,c.1522C>G,NA,p.Leu508Val,-0.2437335440147141
urn:mavedb:00000071-b-1#1450,c.1523T>C,NA,p.Leu508Pro,-0.2339093227331677
urn:mavedb:00000071-b-1#1451,c.1523T>A,NA,p.Leu508Gln,0.4673461687069512
urn:mavedb:00000071-b-1#1452,c.1522C>A,NA,p.Leu508Met,0.13005750851775247
urn:mavedb:00000071-b-1#1453,c.1520T>A,NA,p.Val507Glu,0.13609957646844634
urn:mavedb:00000071-b-1#1454,c.1518A>T,NA,p.Lys506Asn,-0.44095381160902136
urn:mavedb:00000071-b-1#1455,c.1516A>G,NA,p.Lys506Glu,0.08292379560435308
urn:mavedb:00000071-b-1#1456,c.1517A>C,NA,p.Lys506Thr,0.16530542355852967
urn:mavedb:00000071-b-1#1457,c.1515A>T,NA,p.Glu505Asp,0.13343161299990025
urn:mavedb:00000071-b-1#1458,c.1515A>C,NA,p.Glu505Asp,0.6172962363998584
urn:mavedb:00000071-b-1#1459,c.1513G>A,NA,p.Glu505Lys,-0.15919187267547072
urn:mavedb:00000071-b-1#1460,c.1513G>C,NA,p.Glu505Gln,-1.1660782582607108
urn:mavedb:00000071-b-1#1461,c.1511A>G,NA,p.Asn504Ser,0.6578313425814405
urn:mavedb:00000071-b-1#1462,c.1510A>G,NA,p.Asn504Asp,-0.1905684401067585
urn:mavedb:00000071-b-1#1463,c.1510A>C,NA,p.Asn504His,-0.2939081897994433
urn:mavedb:00000071-b-1#1464,c.1508C>T,NA,p.Pro503Leu,0.2946894529748977
urn:mavedb:00000071-b-1#1465,c.1508C>A,NA,p.Pro503Gln,-0.19489711871624213
urn:mavedb:00000071-b-1#1466,c.1507C>G,NA,p.Pro503Ala,-0.12271459791698075
urn:mavedb:00000071-b-1#1467,c.1504C>A,NA,p.Leu502Met,0.12410105725136487
urn:mavedb:00000071-b-1#1468,c.1502A>C,NA,p.Asn501Thr,-1.0108751757775063
urn:mavedb:00000071-b-1#1469,c.1503C>G,NA,p.Asn501Lys,-0.5341559500872167
urn:mavedb:00000071-b-1#1470,c.1502A>G,NA,p.Asn501Ser,0.10396462784809728
urn:mavedb:00000071-b-1#1471,c.1500G>T,NA,p.Lys500Asn,0.3113819148757311
urn:mavedb:00000071-b-1#1472,c.1499A>T,NA,p.Lys500Met,-0.10028767848804053
urn:mavedb:00000071-b-1#1473,c.1498A>C,NA,p.Lys500Gln,-0.11740936940771765
urn:mavedb:00000071-b-1#1474,c.1496A>T,NA,p.Asp499Val,-0.03500068035949859
urn:mavedb:00000071-b-1#1475,c.1495G>T,NA,p.Asp499Tyr,0.7769442238546407
urn:mavedb:00000071-b-1#1476,c.1493T>C,NA,p.Phe498Ser,-0.1059864965222262
urn:mavedb:00000071-b-1#1477,c.1492T>C,NA,p.Phe498Leu,0.03763474547921421
urn:mavedb:00000071-b-1#1478,c.1491C>G,NA,p.Asn497Lys,0.2826075009438757
urn:mavedb:00000071-b-1#1479,c.1491C>A,NA,p.Asn497Lys,1.2676312933710845
urn:mavedb:00000071-b-1#1480,c.1490A>T,NA,p.Asn497Ile,-0.3358491842436618
urn:mavedb:00000071-b-1#1481,c.1486A>T,NA,p.Thr496Ser,-0.26770565343851443
urn:mavedb:00000071-b-1#1482,c.1487C>G,NA,p.Thr496Arg,-0.3737805861736587
urn:mavedb:00000071-b-1#1483,c.1487C>A,NA,p.Thr496Lys,0.71077652390127
urn:mavedb:00000071-b-1#1484,c.1483A>T,NA,p.Met495Leu,-0.17098859912058453
urn:mavedb:00000071-b-1#1485,c.1485G>A,NA,p.Met495Ile,-0.19425238615310195
urn:mavedb:00000071-b-1#1486,c.1484T>A,NA,p.Met495Lys,0.005109612830795604
urn:mavedb:00000071-b-1#1487,c.1482G>T,NA,p.Arg494Ser,0.24081107949299024
urn:mavedb:00000071-b-1#1488,c.1481G>T,NA,p.Arg494Met,0.023197166326975414
urn:mavedb:00000071-b-1#1489,c.1480A>T,NA,p.Arg494Trp,0.2288124802076212
urn:mavedb:00000071-b-1#1490,c.2282T>A,NA,p.Ile761Asn,-0.23810421212931784
urn:mavedb:00000071-b-1#1491,c.2281A>T,NA,p.Ile761Phe,0.2628296475312924
urn:mavedb:00000071-b-1#1492,c.2279T>C,NA,p.Val760Ala,0.3247506422503118
urn:mavedb:00000071-b-1#1493,c.2279T>A,NA,p.Val760Glu,-0.29897547573213296
urn:mavedb:00000071-b-1#1494,c.2278G>A,NA,p.Val760Met,0.1247174988890142
urn:mavedb:00000071-b-1#1495,c.2275A>T,NA,p.Ile759Phe,-0.2230447114348403
urn:mavedb:00000071-b-1#1496,c.2275A>G,NA,p.Ile759Val,0.037892753563374015
urn:mavedb:00000071-b-1#1497,c.2276T>C,NA,p.Ile759Thr,-0.08795405181461019
urn:mavedb:00000071-b-1#1498,c.2276T>A,NA,p.Ile759Asn,-0.04403391851081488
urn:mavedb:00000071-b-1#1499,c.2273A>T,NA,p.Asn758Ile,-0.1496082423104305
urn:mavedb:00000071-b-1#1500,c.2272A>T,NA,p.Asn758Tyr,-0.01816205956753475
urn:mavedb:00000071-b-1#1501,c.2274C>G,NA,p.Asn758Lys,0.044351680412083434
urn:mavedb:00000071-b-1#1502,c.2272A>G,NA,p.Asn758Asp,-0.24561520803918616
urn:mavedb:00000071-b-1#1503,c.2273A>C,NA,p.Asn758Thr,-0.3616497641767339
urn:mavedb:00000071-b-1#1504,c.2269G>C,NA,p.Glu757Gln,-0.4406937314627393
urn:mavedb:00000071-b-1#1505,c.2267C>T,NA,p.Pro756Leu,0.0067312247554524385
urn:mavedb:00000071-b-1#1506,c.2266C>T,NA,p.Pro756Ser,0.07097166916134305
urn:mavedb:00000071-b-1#1507,c.2267C>G,NA,p.Pro756Arg,0.11626617706004515
urn:mavedb:00000071-b-1#1508,c.2266C>G,NA,p.Pro756Ala,-0.2419676424987645
urn:mavedb:00000071-b-1#1509,c.2267C>A,NA,p.Pro756Gln,-0.04655219914284085
urn:mavedb:00000071-b-1#1510,c.2266C>A,NA,p.Pro756Thr,-0.08278439538745785
urn:mavedb:00000071-b-1#1511,c.2263A>G,NA,p.Lys755Glu,-0.34937434164638936
urn:mavedb:00000071-b-1#1512,c.2264A>C,NA,p.Lys755Thr,0.11670868707020153
urn:mavedb:00000071-b-1#1513,c.2262T>A,NA,p.His754Gln,-0.2139128914642988
urn:mavedb:00000071-b-1#1514,c.2261A>G,NA,p.His754Arg,-0.4697115086206589
urn:mavedb:00000071-b-1#1515,c.2257C>G,NA,p.Arg753Gly,0.008436742610173366
urn:mavedb:00000071-b-1#1516,c.2257C>A,NA,p.Arg753Ser,-0.152251568560561
urn:mavedb:00000071-b-1#1517,c.2254G>T,NA,p.Gly752Trp,-0.14077617772963194
urn:mavedb:00000071-b-1#1518,c.2253G>T,NA,p.Met751Ile,0.06154023577749311
urn:mavedb:00000071-b-1#1519,c.2251A>G,NA,p.Met751Val,0.041531072258307385
urn:mavedb:00000071-b-1#1520,c.2253G>A,NA,p.Met751Ile,0.10231403945724923
urn:mavedb:00000071-b-1#1521,c.2252T>A,NA,p.Met751Lys,0.006033893652666799
urn:mavedb:00000071-b-1#1522,c.2248G>T,NA,p.Val750Phe,0.37572536508660703
urn:mavedb:00000071-b-1#1523,c.2249T>A,NA,p.Val750Asp,-0.193792402334117
urn:mavedb:00000071-b-1#1524,c.2243T>A,NA,p.Val748Glu,0.16436960007336812
urn:mavedb:00000071-b-1#1525,c.2240T>G,NA,p.Leu747Arg,0.24436517344034
urn:mavedb:00000071-b-1#1526,c.2240T>C,NA,p.Leu747Pro,-0.14956907685370344
urn:mavedb:00000071-b-1#1527,c.2240T>A,NA,p.Leu747Gln,-0.03140007840709603
urn:mavedb:00000071-b-1#1528,c.2239C>A,NA,p.Leu747Met,0.09633602070565453
urn:mavedb:00000071-b-1#1529,c.2238G>T,NA,p.Glu746Asp,0.08543843260302543
urn:mavedb:00000071-b-1#1530,c.2237A>T,NA,p.Glu746Val,0.3083483552793822
urn:mavedb:00000071-b-1#1531,c.2237A>G,NA,p.Glu746Gly,-0.23453354187136655
urn:mavedb:00000071-b-1#1532,c.2236G>A,NA,p.Glu746Lys,-0.13145626230790095
urn:mavedb:00000071-b-1#1533,c.2233G>T,NA,p.Asp745Tyr,-0.44530847557274494
urn:mavedb:00000071-b-1#1534,c.2234A>G,NA,p.Asp745Gly,-0.1397702540744329
urn:mavedb:00000071-b-1#1535,c.2233G>A,NA,p.Asp745Asn,0.1746509598049531
urn:mavedb:00000071-b-1#1536,c.2231T>A,NA,p.Val744Asp,-0.07612845628158246
urn:mavedb:00000071-b-1#1537,c.2230G>C,NA,p.Val744Leu,0.1213293434148946
urn:mavedb:00000071-b-1#1538,c.2228T>G,NA,p.Val743Gly,0.3585212951101653
urn:mavedb:00000071-b-1#1539,c.2228T>A,NA,p.Val743Glu,0.7418499346616713
urn:mavedb:00000071-b-1#1540,c.2227G>C,NA,p.Val743Leu,1.3766806892942267
urn:mavedb:00000071-b-1#1541,c.2226G>T,NA,p.Lys742Asn,0.1378311189688405
urn:mavedb:00000071-b-1#1542,c.2225A>G,NA,p.Lys742Arg,-0.14967220941523135
urn:mavedb:00000071-b-1#1543,c.2224A>C,NA,p.Lys742Gln,1.3662559011890203
urn:mavedb:00000071-b-1#1544,c.2225A>T,NA,p.Lys742Met,-0.267325453799928
urn:mavedb:00000071-b-1#1545,c.2222T>G,NA,p.Val741Gly,-0.4398599832668769
urn:mavedb:00000071-b-1#1546,c.2222T>C,NA,p.Val741Ala,0.06133415976168144
urn:mavedb:00000071-b-1#1547,c.2222T>A,NA,p.Val741Glu,0.4398457830154112
urn:mavedb:00000071-b-1#1548,c.2221G>T,NA,p.Val741Leu,-0.10164972061328306
urn:mavedb:00000071-b-1#1549,c.2219C>A,NA,p.Thr740Asn,0.4504770798416226
urn:mavedb:00000071-b-1#1550,c.2217G>T,NA,p.Gln739His,0.11720008161185615
urn:mavedb:00000071-b-1#1551,c.2216A>T,NA,p.Gln739Leu,0.2800101958946524
urn:mavedb:00000071-b-1#1552,c.2216A>G,NA,p.Gln739Arg,0.19301793732776815
urn:mavedb:00000071-b-1#1553,c.2215C>G,NA,p.Gln739Glu,-0.06489092541034991
urn:mavedb:00000071-b-1#1554,c.2213T>G,NA,p.Leu738Arg,0.25494850503620753
urn:mavedb:00000071-b-1#1555,c.2213T>C,NA,p.Leu738Pro,0.5781251461208287
urn:mavedb:00000071-b-1#1556,c.2213T>A,NA,p.Leu738Gln,-0.08049439632563651
urn:mavedb:00000071-b-1#1557,c.2209A>T,NA,p.Ile737Phe,-0.2493325844945059
urn:mavedb:00000071-b-1#1558,c.2209A>G,NA,p.Ile737Val,-0.1972699044096988
urn:mavedb:00000071-b-1#1559,c.2210T>C,NA,p.Ile737Thr,0.13551953739440134
urn:mavedb:00000071-b-1#1560,c.2210T>A,NA,p.Ile737Asn,0.08025551853221058
urn:mavedb:00000071-b-1#1561,c.2207G>A,NA,p.Gly736Asp,-0.09973847704046687
urn:mavedb:00000071-b-1#1562,c.2205A>T,NA,p.Lys735Asn,0.4193255221494793
urn:mavedb:00000071-b-1#1563,c.2204A>T,NA,p.Lys735Ile,0.12830797405317398
urn:mavedb:00000071-b-1#1564,c.2202G>T,NA,p.Lys734Asn,0.12758983205087004
urn:mavedb:00000071-b-1#1565,c.2201A>T,NA,p.Lys734Met,-0.41286263636468656
urn:mavedb:00000071-b-1#1566,c.2201A>G,NA,p.Lys734Arg,0.2020530864580972
urn:mavedb:00000071-b-1#1567,c.2200A>G,NA,p.Lys734Glu,-0.11195975937879801
urn:mavedb:00000071-b-1#1568,c.2192C>T,NA,p.Pro731Leu,0.2310245776352183
urn:mavedb:00000071-b-1#1569,c.2192C>G,NA,p.Pro731Arg,-0.2254231825632575
urn:mavedb:00000071-b-1#1570,c.2192C>A,NA,p.Pro731His,0.2684787999735159
urn:mavedb:00000071-b-1#1571,c.2189C>A,NA,p.Ser730Tyr,0.4536083435119879
urn:mavedb:00000071-b-1#1572,c.2186G>T,NA,p.Gly729Val,0.5525582201574596
urn:mavedb:00000071-b-1#1573,c.2185G>C,NA,p.Gly729Arg,-0.15135831788103493
urn:mavedb:00000071-b-1#1574,c.2177A>G,NA,p.Asn726Ser,-0.1564553314161132
urn:mavedb:00000071-b-1#1575,c.2174C>T,NA,p.Ala725Val,-0.08014333086041851
urn:mavedb:00000071-b-1#1576,c.2174C>G,NA,p.Ala725Gly,-0.2028258506352471
urn:mavedb:00000071-b-1#1577,c.1478A>G,NA,p.Glu493Gly,0.04700809874582231
urn:mavedb:00000071-b-1#1578,c.1475T>A,NA,p.Ile492Asn,-0.18564691621208992
urn:mavedb:00000071-b-1#1579,c.1474A>T,NA,p.Ile492Phe,-0.13336292893573945
urn:mavedb:00000071-b-1#1580,c.1474A>G,NA,p.Ile492Val,0.1487203449340233
urn:mavedb:00000071-b-1#1581,c.1475T>C,NA,p.Ile492Thr,0.44818525929459735
urn:mavedb:00000071-b-1#1582,c.1473C>G,NA,p.Phe491Leu,-0.4207278726170208
urn:mavedb:00000071-b-1#1583,c.1471T>G,NA,p.Phe491Val,0.7906259823568159
urn:mavedb:00000071-b-1#1584,c.1471T>A,NA,p.Phe491Ile,0.18294340513557628
urn:mavedb:00000071-b-1#1585,c.1469C>T,NA,p.Ser490Phe,0.0302223539393762
urn:mavedb:00000071-b-1#1586,c.1468T>C,NA,p.Ser490Pro,0.5444845914948686
urn:mavedb:00000071-b-1#1587,c.1465C>G,NA,p.Gln489Glu,0.39013923132385336
urn:mavedb:00000071-b-1#1588,c.1463C>T,NA,p.Ala488Val,0.06066513217560383
urn:mavedb:00000071-b-1#1589,c.1462G>A,NA,p.Ala488Thr,-0.014300879347390171
urn:mavedb:00000071-b-1#1590,c.1460C>T,NA,p.Ser487Phe,0.28426809354604954
urn:mavedb:00000071-b-1#1591,c.1456G>C,NA,p.Ala486Pro,0.3191468050822229
urn:mavedb:00000071-b-1#1592,c.1452G>T,NA,p.Lys484Asn,0.10390474406323542
urn:mavedb:00000071-b-1#1593,c.1451A>C,NA,p.Lys484Thr,0.2157181430691003
urn:mavedb:00000071-b-1#1594,c.1448A>G,NA,p.Asp483Gly,0.7918005441226313
urn:mavedb:00000071-b-1#1595,c.1448A>C,NA,p.Asp483Ala,-0.34837711392562903
urn:mavedb:00000071-b-1#1596,c.1447G>C,NA,p.Asp483His,0.6524930145727321
urn:mavedb:00000071-b-1#1597,c.1445T>G,NA,p.Val482Gly,-0.3965367450760025
urn:mavedb:00000071-b-1#1598,c.1445T>A,NA,p.Val482Asp,0.2643258700044122
urn:mavedb:00000071-b-1#1599,c.1439A>G,NA,p.Glu480Gly,0.06931157166682174
urn:mavedb:00000071-b-1#1600,c.1439A>T,NA,p.Glu480Val,0.14261933484281816
urn:mavedb:00000071-b-1#1601,c.1435G>A,NA,p.Glu479Lys,0.040198016740087834
urn:mavedb:00000071-b-1#1602,c.1436A>T,NA,p.Glu479Val,0.2669391771763601
urn:mavedb:00000071-b-1#1603,c.1433T>C,NA,p.Phe478Ser,-0.2473216595122209
urn:mavedb:00000071-b-1#1604,c.1430A>T,NA,p.Asn477Ile,0.05278027888377021
urn:mavedb:00000071-b-1#1605,c.1429A>G,NA,p.Asn477Asp,0.33576118207302225
urn:mavedb:00000071-b-1#1606,c.1428G>T,NA,p.Trp476Cys,1.1470313928900393
urn:mavedb:00000071-b-1#1607,c.1426T>C,NA,p.Trp476Arg,-0.1003274837951378
urn:mavedb:00000071-b-1#1608,c.1424C>T,NA,p.Pro475Leu,0.5980091812682891
urn:mavedb:00000071-b-1#1609,c.1423C>T,NA,p.Pro475Ser,-0.0049907397810990605
urn:mavedb:00000071-b-1#1610,c.1424C>G,NA,p.Pro475Arg,-0.5212897471040553
urn:mavedb:00000071-b-1#1611,c.1424C>A,NA,p.Pro475His,-0.16640109501368588
urn:mavedb:00000071-b-1#1612,c.1423C>A,NA,p.Pro475Thr,-0.4131081477729375
urn:mavedb:00000071-b-1#1613,c.1421C>T,NA,p.Thr474Ile,0.3345160673974753
urn:mavedb:00000071-b-1#1614,c.1420A>C,NA,p.Thr474Pro,0.8438397138641065
urn:mavedb:00000071-b-1#1615,c.1418T>A,NA,p.Ile473Asn,0.20650639925150574
urn:mavedb:00000071-b-1#1616,c.1415C>T,NA,p.Thr472Ile,-0.16305863113215574
urn:mavedb:00000071-b-1#1617,c.1415C>G,NA,p.Thr472Arg,-0.08938919053921596
urn:mavedb:00000071-b-1#1618,c.1415C>A,NA,p.Thr472Lys,-0.7082328460299225
urn:mavedb:00000071-b-1#1619,c.1405T>A,NA,p.Ser469Thr,-0.23219053544754603
urn:mavedb:00000071-b-1#1620,c.1403A>T,NA,p.Lys468Ile,0.8010403763059029
urn:mavedb:00000071-b-1#1621,c.1404A>T,NA,p.Lys468Asn,0.14656699635651682
urn:mavedb:00000071-b-1#1622,c.1404A>C,NA,p.Lys468Asn,1.0166867138096072
urn:mavedb:00000071-b-1#1623,c.1396A>G,NA,p.Thr466Ala,0.010577655200392748
urn:mavedb:00000071-b-1#1624,c.1395G>T,NA,p.Met465Ile,-0.2721672853548527
urn:mavedb:00000071-b-1#1625,c.1394T>A,NA,p.Met465Lys,-0.032629022519144214
urn:mavedb:00000071-b-1#1626,c.1391G>T,NA,p.Trp464Leu,-0.010422396171173506
urn:mavedb:00000071-b-1#1627,c.1390T>G,NA,p.Trp464Gly,-0.5673186856144119
urn:mavedb:00000071-b-1#1628,c.1392G>C,NA,p.Trp464Cys,1.5245113342280292
urn:mavedb:00000071-b-1#1629,c.1391G>C,NA,p.Trp464Ser,0.27367362519045
urn:mavedb:00000071-b-1#1630,c.1390T>A,NA,p.Trp464Arg,0.3737876253320196
urn:mavedb:00000071-b-1#1631,c.1388C>T,NA,p.Ala463Val,0.04012913344502767
urn:mavedb:00000071-b-1#1632,c.1388C>A,NA,p.Ala463Asp,0.8641627966492624
urn:mavedb:00000071-b-1#1633,c.1387G>T,NA,p.Ala463Ser,0.6201811995974759
urn:mavedb:00000071-b-1#1634,c.1385T>G,NA,p.Phe462Cys,0.6106586962870031
urn:mavedb:00000071-b-1#1635,c.1385T>C,NA,p.Phe462Ser,0.4000917103473448
urn:mavedb:00000071-b-1#1636,c.1384T>C,NA,p.Phe462Leu,0.02660293754952876
urn:mavedb:00000071-b-1#1637,c.1379G>C,NA,p.Ser460Thr,-0.04154789804759116
urn:mavedb:00000071-b-1#1638,c.1372G>A,NA,p.Gly458Ser,0.4652604313946002
urn:mavedb:00000071-b-1#1639,c.1367C>T,NA,p.Ala456Val,-0.2211202074529056
urn:mavedb:00000071-b-1#1640,c.1367C>A,NA,p.Ala456Glu,0.041047701151568965
urn:mavedb:00000071-b-1#1641,c.1366G>A,NA,p.Ala456Thr,0.08321158183639728
urn:mavedb:00000071-b-1#1642,c.1364T>C,NA,p.Leu455Pro,-0.06710184561408318
urn:mavedb:00000071-b-1#1643,c.1364T>A,NA,p.Leu455Gln,0.7050201939657395
urn:mavedb:00000071-b-1#1644,c.1363C>A,NA,p.Leu455Met,-0.040410594108314615
urn:mavedb:00000071-b-1#1645,c.1361C>T,NA,p.Pro454Leu,0.050346835465153866
urn:mavedb:00000071-b-1#1646,c.1360C>T,NA,p.Pro454Ser,0.08503486747545824
urn:mavedb:00000071-b-1#1647,c.1361C>A,NA,p.Pro454His,0.03353593631770825
urn:mavedb:00000071-b-1#1648,c.1358G>A,NA,p.Gly453Glu,-0.0029047040121773548
urn:mavedb:00000071-b-1#1649,c.1357G>A,NA,p.Gly453Arg,-0.03483806452862891
urn:mavedb:00000071-b-1#1650,c.1355T>G,NA,p.Val452Gly,0.07535790117969307
urn:mavedb:00000071-b-1#1651,c.1355T>A,NA,p.Val452Glu,0.4604530851010978
urn:mavedb:00000071-b-1#1652,c.1349A>C,NA,p.Tyr450Ser,0.0143980344229975
urn:mavedb:00000071-b-1#1653,c.1346C>T,NA,p.Pro449Leu,0.09157422572684336
urn:mavedb:00000071-b-1#1654,c.1345C>T,NA,p.Pro449Ser,-0.18338094832603316
urn:mavedb:00000071-b-1#1655,c.1346C>A,NA,p.Pro449His,0.1311025899134805
urn:mavedb:00000071-b-1#1656,c.1345C>A,NA,p.Pro449Thr,-0.6819141098915237
urn:mavedb:00000071-b-1#1657,c.1339C>T,NA,p.Arg447Cys,0.3767148693240639
urn:mavedb:00000071-b-1#1658,c.1339C>G,NA,p.Arg447Gly,-0.5241480467230509
urn:mavedb:00000071-b-1#1659,c.1339C>A,NA,p.Arg447Ser,-0.3549466929822153
urn:mavedb:00000071-b-1#1660,c.1333A>T,NA,p.Thr445Ser,-0.3091895525456964
urn:mavedb:00000071-b-1#1661,c.1334C>G,NA,p.Thr445Ser,-0.4134954469366064
urn:mavedb:00000071-b-1#1662,c.1333A>G,NA,p.Thr445Ala,-0.12332300723436247
urn:mavedb:00000071-b-1#1663,c.1331T>C,NA,p.Leu444Pro,-0.038073503936454985
urn:mavedb:00000071-b-1#1664,c.1330C>A,NA,p.Leu444Met,0.32919645875303977
urn:mavedb:00000071-b-1#1665,c.1327A>T,NA,p.Ile443Phe,0.430034677829433
urn:mavedb:00000071-b-1#1666,c.1329T>G,NA,p.Ile443Met,0.7536153362021231
urn:mavedb:00000071-b-1#1667,c.1326A>T,NA,p.Lys442Asn,0.08163963134179697
urn:mavedb:00000071-b-1#1668,c.1325A>T,NA,p.Lys442Ile,0.09442100979257606
urn:mavedb:00000071-b-1#1669,c.1324A>G,NA,p.Lys442Glu,-0.19630430396420465
urn:mavedb:00000071-b-1#1670,c.1321G>C,NA,p.Glu441Gln,0.016705822060047542
urn:mavedb:00000071-b-1#1671,c.1319T>G,NA,p.Ile440Ser,-0.16642746865385896
urn:mavedb:00000071-b-1#1672,c.1319T>C,NA,p.Ile440Thr,0.09443910049722476
urn:mavedb:00000071-b-1#1673,c.1319T>A,NA,p.Ile440Asn,0.3513037390908119
urn:mavedb:00000071-b-1#1674,c.1318A>T,NA,p.Ile440Phe,0.3408567224596229
urn:mavedb:00000071-b-1#1675,c.1316A>T,NA,p.Lys439Met,0.5010216105382489
urn:mavedb:00000071-b-1#1676,c.1316A>G,NA,p.Lys439Arg,0.06290049814636384
urn:mavedb:00000071-b-1#1677,c.1315A>G,NA,p.Lys439Glu,1.18986350482292
urn:mavedb:00000071-b-1#1678,c.1314G>T,NA,p.Glu438Asp,0.5360689579817941
urn:mavedb:00000071-b-1#1679,c.1313A>G,NA,p.Glu438Gly,0.6898670067180656
urn:mavedb:00000071-b-1#1680,c.1311G>T,NA,p.Arg437Ser,0.7027709637133583
urn:mavedb:00000071-b-1#1681,c.1310G>T,NA,p.Arg437Met,0.10306600490147104
urn:mavedb:00000071-b-1#1682,c.1310G>A,NA,p.Arg437Lys,-0.1746366703607775
urn:mavedb:00000071-b-1#1683,c.1307A>T,NA,p.Asn436Ile,-0.04486467871104742
urn:mavedb:00000071-b-1#1684,c.1232C>A,NA,p.Pro411His,0.19763424914581826
urn:mavedb:00000071-b-1#1685,c.1231C>A,NA,p.Pro411Thr,0.4777498510679149
urn:mavedb:00000071-b-1#1686,c.1229T>C,NA,p.Ile410Thr,0.3166040922037196
urn:mavedb:00000071-b-1#1687,c.1229T>A,NA,p.Ile410Asn,0.0878897595538021
urn:mavedb:00000071-b-1#1688,c.1225A>G,NA,p.Ser409Gly,0.27348388147757663
urn:mavedb:00000071-b-1#1689,c.1225A>C,NA,p.Ser409Arg,-0.7265161185224234
urn:mavedb:00000071-b-1#1690,c.1226G>A,NA,p.Ser409Asn,0.030974344811220755
urn:mavedb:00000071-b-1#1691,c.1222G>T,NA,p.Gly408Trp,-0.117362633222602
urn:mavedb:00000071-b-1#1692,c.1220A>G,NA,p.Asn407Ser,0.1053386328303492
urn:mavedb:00000071-b-1#1693,c.1221C>A,NA,p.Asn407Lys,0.2458101276628329
urn:mavedb:00000071-b-1#1694,c.1216G>T,NA,p.Asp406Tyr,0.2673145816249986
urn:mavedb:00000071-b-1#1695,c.1218T>A,NA,p.Asp406Glu,-0.2075125808376727
urn:mavedb:00000071-b-1#1696,c.1215T>A,NA,p.Phe405Leu,0.12010832687519968
urn:mavedb:00000071-b-1#1697,c.1214T>G,NA,p.Phe405Cys,-0.13976749142435507
urn:mavedb:00000071-b-1#1698,c.1213T>A,NA,p.Phe405Ile,-0.1909389688475289
urn:mavedb:00000071-b-1#1699,c.1211C>G,NA,p.Thr404Arg,-0.2979307529429189
urn:mavedb:00000071-b-1#1700,c.1210A>T,NA,p.Thr404Ser,-0.4909903697385332
urn:mavedb:00000071-b-1#1701,c.1208G>T,NA,p.Arg403Leu,0.10259764660935056
urn:mavedb:00000071-b-1#1702,c.1207C>G,NA,p.Arg403Gly,-0.5624187761621132
urn:mavedb:00000071-b-1#1703,c.1207C>A,NA,p.Arg403Ser,-0.002086552251416669
urn:mavedb:00000071-b-1#1704,c.1206G>T,NA,p.Gln402His,-0.32906381141901025
urn:mavedb:00000071-b-1#1705,c.1205A>G,NA,p.Gln402Arg,0.3166580846169062
urn:mavedb:00000071-b-1#1706,c.1202A>T,NA,p.Lys401Met,0.4245581389300649
urn:mavedb:00000071-b-1#1707,c.1201A>G,NA,p.Lys401Glu,0.15157510148527928
urn:mavedb:00000071-b-1#1708,c.1200G>T,NA,p.Arg400Ser,0.5379327660573501
urn:mavedb:00000071-b-1#1709,c.1193T>C,NA,p.Leu398Pro,0.2295739442253539
urn:mavedb:00000071-b-1#1710,c.1193T>A,NA,p.Leu398Gln,0.606624610350804
urn:mavedb:00000071-b-1#1711,c.1192C>A,NA,p.Leu398Met,0.3909780063015476
urn:mavedb:00000071-b-1#1712,c.1189G>T,NA,p.Asp397Tyr,0.24508538781918665
urn:mavedb:00000071-b-1#1713,c.1188A>C,NA,p.Glu396Asp,0.3076853052120135
urn:mavedb:00000071-b-1#1714,c.1184G>T,NA,p.Arg395Met,-0.0912705477589432
urn:mavedb:00000071-b-1#1715,c.1183A>T,NA,p.Arg395Trp,0.07715286358715387
urn:mavedb:00000071-b-1#1716,c.1184G>A,NA,p.Arg395Lys,-0.03343661811499226
urn:mavedb:00000071-b-1#1717,c.1182T>G,NA,p.Asn394Lys,-1.7883046779793312
urn:mavedb:00000071-b-1#1718,c.1178T>A,NA,p.Leu393Gln,0.2684610863983271
urn:mavedb:00000071-b-1#1719,c.1175A>T,NA,p.Lys392Ile,0.4318800472610513
urn:mavedb:00000071-b-1#1720,c.1175A>G,NA,p.Lys392Arg,0.07961153532472504
urn:mavedb:00000071-b-1#1721,c.1174A>G,NA,p.Lys392Glu,0.06228827906532049
urn:mavedb:00000071-b-1#1722,c.1168C>G,NA,p.Leu390Val,-0.19302183586372115
urn:mavedb:00000071-b-1#1723,c.1169T>A,NA,p.Leu390Gln,0.3599886997878852
urn:mavedb:00000071-b-1#1724,c.1166T>A,NA,p.Leu389Gln,0.5202119986101252
urn:mavedb:00000071-b-1#1725,c.1165C>G,NA,p.Leu389Val,0.5507463734964043
urn:mavedb:00000071-b-1#1726,c.1162G>A,NA,p.Glu388Lys,0.510743270555624
urn:mavedb:00000071-b-1#1727,c.1163A>G,NA,p.Glu388Gly,-0.077295981860364
urn:mavedb:00000071-b-1#1728,c.1164A>C,NA,p.Glu388Asp,-0.09093043415739542
urn:mavedb:00000071-b-1#1729,c.1161G>T,NA,p.Glu387Asp,-0.3394461209821481
urn:mavedb:00000071-b-1#1730,c.1160A>T,NA,p.Glu387Val,0.4022542029965489
urn:mavedb:00000071-b-1#1731,c.1157C>A,NA,p.Thr386Asn,-0.2191281478097234
urn:mavedb:00000071-b-1#1732,c.1154G>A,NA,p.Gly385Asp,-0.016947603138496085
urn:mavedb:00000071-b-1#1733,c.1151A>T,NA,p.Asp384Val,0.49106737495150604
urn:mavedb:00000071-b-1#1734,c.1152C>A,NA,p.Asp384Glu,0.05736861951415801
urn:mavedb:00000071-b-1#1735,c.1150G>A,NA,p.Asp384Asn,0.05778561812369955
urn:mavedb:00000071-b-1#1736,c.1149G>T,NA,p.Met383Ile,-0.15366992196327006
urn:mavedb:00000071-b-1#1737,c.1149G>A,NA,p.Met383Ile,0.5992862981833438
urn:mavedb:00000071-b-1#1738,c.1145A>T,NA,p.Lys382Met,0.19584792212786314
urn:mavedb:00000071-b-1#1739,c.1143G>C,NA,p.Glu381Asp,0.36005904446214243
urn:mavedb:00000071-b-1#1740,c.1143G>T,NA,p.Glu381Asp,0.4532788774993121
urn:mavedb:00000071-b-1#1741,c.1142A>C,NA,p.Glu381Ala,0.5372894634017581
urn:mavedb:00000071-b-1#1742,c.1139T>C,NA,p.Leu380Pro,0.467820452556161
urn:mavedb:00000071-b-1#1743,c.1138C>G,NA,p.Leu380Val,-0.14431616716034545
urn:mavedb:00000071-b-1#1744,c.1135A>G,NA,p.Ile379Val,0.09663192362567996
urn:mavedb:00000071-b-1#1745,c.1135A>C,NA,p.Ile379Leu,-1.463455908456447
urn:mavedb:00000071-b-1#1746,c.1133C>T,NA,p.Pro378Leu,0.1879781686518597
urn:mavedb:00000071-b-1#1747,c.1132C>G,NA,p.Pro378Ala,0.3243220203871979
urn:mavedb:00000071-b-1#1748,c.1129A>C,NA,p.Lys377Gln,-0.18757645901750866
urn:mavedb:00000071-b-1#1749,c.1127T>A,NA,p.Ile376Asn,-0.01862682352391036
urn:mavedb:00000071-b-1#1750,c.1125T>G,NA,p.Phe375Leu,-0.685234965882393
urn:mavedb:00000071-b-1#1751,c.1124T>C,NA,p.Phe375Ser,0.4302132027695851
urn:mavedb:00000071-b-1#1752,c.1124T>A,NA,p.Phe375Tyr,-0.03660683861180531
urn:mavedb:00000071-b-1#1753,c.1125T>A,NA,p.Phe375Leu,0.12211995617521094
urn:mavedb:00000071-b-1#1754,c.1121A>T,NA,p.Lys374Met,0.2075016035405641
urn:mavedb:00000071-b-1#1755,c.1121A>C,NA,p.Lys374Thr,-0.09754129888979596
urn:mavedb:00000071-b-1#1756,c.1122G>T,NA,p.Lys374Asn,0.07356693855705031
urn:mavedb:00000071-b-1#1757,c.1117T>A,NA,p.Tyr373Asn,0.4673043934807764
urn:mavedb:00000071-b-1#1758,c.1116C>G,NA,p.Phe372Leu,0.5696699614600245
urn:mavedb:00000071-b-1#1759,c.1115T>C,NA,p.Phe372Ser,0.009664428370241509
urn:mavedb:00000071-b-1#1760,c.1116C>A,NA,p.Phe372Leu,0.20266081690881926
urn:mavedb:00000071-b-1#1761,c.1114T>A,NA,p.Phe372Ile,0.13187271979379875
urn:mavedb:00000071-b-1#1762,c.1115T>G,NA,p.Phe372Cys,-0.7523299602874876
urn:mavedb:00000071-b-1#1763,c.1112A>T,NA,p.Glu371Val,-0.2781134344556652
urn:mavedb:00000071-b-1#1764,c.1110G>T,NA,p.Glu370Asp,-0.1674191422459247
urn:mavedb:00000071-b-1#1765,c.1109A>T,NA,p.Glu370Val,0.0973895686132661
urn:mavedb:00000071-b-1#1766,c.1109A>G,NA,p.Glu370Gly,0.30464097974086424
urn:mavedb:00000071-b-1#1767,c.1108G>A,NA,p.Glu370Lys,0.116924845555045
urn:mavedb:00000071-b-1#1768,c.1106A>G,NA,p.Gln369Arg,0.20615376884745928
urn:mavedb:00000071-b-1#1769,c.1105C>G,NA,p.Gln369Glu,0.8216481298820308
urn:mavedb:00000071-b-1#1770,c.1106A>C,NA,p.Gln369Pro,0.2674856121119901
urn:mavedb:00000071-b-1#1771,c.1105C>A,NA,p.Gln369Lys,0.14340415785513475
urn:mavedb:00000071-b-1#1772,c.1103C>A,NA,p.Ser368Tyr,0.3384396570400801
urn:mavedb:00000071-b-1#1773,c.1099G>A,NA,p.Ala367Thr,0.047251126714301865
urn:mavedb:00000071-b-1#1774,c.1099G>C,NA,p.Ala367Pro,-0.30649071684885354
urn:mavedb:00000071-b-1#1775,c.1096G>C,NA,p.Gly366Arg,0.8589056718148699
urn:mavedb:00000071-b-1#1776,c.1096G>A,NA,p.Gly366Arg,0.07702765577308951
urn:mavedb:00000071-b-1#1777,c.1093G>T,NA,p.Gly365Cys,0.34423181130278724
urn:mavedb:00000071-b-1#1778,c.1094G>A,NA,p.Gly365Asp,0.1556509432887122
urn:mavedb:00000071-b-1#1779,c.1091A>C,NA,p.Asp364Ala,0.6712494531035862
urn:mavedb:00000071-b-1#1780,c.1092C>A,NA,p.Asp364Glu,-0.03943848638619893
urn:mavedb:00000071-b-1#1781,c.1088T>C,NA,p.Ile363Thr,0.17486634548830107
urn:mavedb:00000071-b-1#1782,c.1089T>G,NA,p.Ile363Met,0.05160151715626535
urn:mavedb:00000071-b-1#1783,c.1088T>G,NA,p.Ile363Ser,-0.8776010744058345
urn:mavedb:00000071-b-1#1784,c.1084T>A,NA,p.Tyr362Asn,-0.2339854623833989
urn:mavedb:00000071-b-1#1785,c.1082G>T,NA,p.Gly361Val,-0.020483164310854226
urn:mavedb:00000071-b-1#1786,c.1078G>C,NA,p.Ala360Pro,0.5520216142975913
urn:mavedb:00000071-b-1#1787,c.1073G>A,NA,p.Gly358Glu,0.4610061741564154
urn:mavedb:00000071-b-1#1788,c.1069A>T,NA,p.Asn357Tyr,0.11151066861906762
urn:mavedb:00000071-b-1#1789,c.1068G>T,NA,p.Lys356Asn,-0.06762063666572235
urn:mavedb:00000071-b-1#1790,c.1067A>C,NA,p.Lys356Thr,-0.8281746373535028
urn:mavedb:00000071-b-1#1791,c.1064G>T,NA,p.Ser355Ile,0.4296560263160242
urn:mavedb:00000071-b-1#1792,c.1064G>A,NA,p.Ser355Asn,0.019549078791132848
urn:mavedb:00000071-b-1#1793,c.1855A>T,NA,p.Ile619Phe,-0.16117229189094015
urn:mavedb:00000071-b-1#1794,c.1855A>C,NA,p.Ile619Leu,0.4590555386494131
urn:mavedb:00000071-b-1#1795,c.1852G>T,NA,p.Asp618Tyr,-0.1923630484131812
urn:mavedb:00000071-b-1#1796,c.1853A>G,NA,p.Asp618Gly,-0.19342943453396588
urn:mavedb:00000071-b-1#1797,c.1854C>A,NA,p.Asp618Glu,0.4158976387093764
urn:mavedb:00000071-b-1#1798,c.1849G>A,NA,p.Glu617Lys,-0.7357871617315527
urn:mavedb:00000071-b-1#1799,c.1851A>T,NA,p.Glu617Asp,0.08667169855428491
urn:mavedb:00000071-b-1#1800,c.1851A>C,NA,p.Glu617Asp,-0.3147873942240182
urn:mavedb:00000071-b-1#1801,c.1847T>C,NA,p.Leu616Pro,-0.16938031704211842
urn:mavedb:00000071-b-1#1802,c.1846C>A,NA,p.Leu616Met,-0.9736617090087863
urn:mavedb:00000071-b-1#1803,c.1843A>G,NA,p.Ile615Val,0.12107190305421175
urn:mavedb:00000071-b-1#1804,c.1844T>A,NA,p.Ile615Asn,-0.04025134289796995
urn:mavedb:00000071-b-1#1805,c.1841A>T,NA,p.Asp614Val,-0.5001382564055348
urn:mavedb:00000071-b-1#1806,c.1842T>G,NA,p.Asp614Glu,0.05020493798191712
urn:mavedb:00000071-b-1#1807,c.1839G>T,NA,p.Glu613Asp,-0.7232559029657721
urn:mavedb:00000071-b-1#1808,c.1837G>A,NA,p.Glu613Lys,-0.037998837838069115
urn:mavedb:00000071-b-1#1809,c.1839G>C,NA,p.Glu613Asp,-0.39245167979390616
urn:mavedb:00000071-b-1#1810,c.1836T>A,NA,p.Asn612Lys,-0.4747992362808141
urn:mavedb:00000071-b-1#1811,c.1833A>T,NA,p.Glu611Asp,0.2227313318818308
urn:mavedb:00000071-b-1#1812,c.1832A>G,NA,p.Glu611Gly,0.25974105054835306
urn:mavedb:00000071-b-1#1813,c.1831G>A,NA,p.Glu611Lys,-0.03815756243575035
urn:mavedb:00000071-b-1#1814,c.1830G>T,NA,p.Glu610Asp,-0.1368450750966211
urn:mavedb:00000071-b-1#1815,c.1829A>T,NA,p.Glu610Val,0.3269980634300495
urn:mavedb:00000071-b-1#1816,c.1822G>T,NA,p.Asp608Tyr,-0.4187168028791535
urn:mavedb:00000071-b-1#1817,c.1822G>A,NA,p.Asp608Asn,-0.0041274151246108014
urn:mavedb:00000071-b-1#1818,c.1824C>G,NA,p.Asp608Glu,-0.5169294754444727
urn:mavedb:00000071-b-1#1819,c.1823A>C,NA,p.Asp608Ala,-0.27587102996469565
urn:mavedb:00000071-b-1#1820,c.1820T>A,NA,p.Leu607Gln,0.4359493609510292
urn:mavedb:00000071-b-1#1821,c.1816T>G,NA,p.Phe606Val,0.7602950660070081
urn:mavedb:00000071-b-1#1822,c.1817T>C,NA,p.Phe606Ser,0.546414352406739
urn:mavedb:00000071-b-1#1823,c.1815C>A,NA,p.Asp605Glu,-0.07274811755782139
urn:mavedb:00000071-b-1#1824,c.1813G>A,NA,p.Asp605Asn,-0.14130695585974098
urn:mavedb:00000071-b-1#1825,c.1814A>G,NA,p.Asp605Gly,0.727708838270619
urn:mavedb:00000071-b-1#1826,c.1812A>T,NA,p.Lys604Asn,0.3660287106471975
urn:mavedb:00000071-b-1#1827,c.1811A>T,NA,p.Lys604Ile,-0.20086149960103272
urn:mavedb:00000071-b-1#1828,c.1807G>A,NA,p.Asp603Asn,0.1442945141155329
urn:mavedb:00000071-b-1#1829,c.1806G>T,NA,p.Lys602Asn,-0.2641695013253753
urn:mavedb:00000071-b-1#1830,c.1805A>T,NA,p.Lys602Met,0.1900664939124193
urn:mavedb:00000071-b-1#1831,c.1805A>C,NA,p.Lys602Thr,0.9534654959314052
urn:mavedb:00000071-b-1#1832,c.1802T>A,NA,p.Ile601Asn,0.17513987731252995
urn:mavedb:00000071-b-1#1833,c.1799T>A,NA,p.Ile600Asn,-0.35686026893927314
urn:mavedb:00000071-b-1#1834,c.1797G>T,NA,p.Lys599Asn,-0.1970641474313629
urn:mavedb:00000071-b-1#1835,c.1796A>T,NA,p.Lys599Met,-0.5520679824510387
urn:mavedb:00000071-b-1#1836,c.1793T>C,NA,p.Leu598Pro,0.24180461748353554
urn:mavedb:00000071-b-1#1837,c.1792C>A,NA,p.Leu598Met,-0.02893673006476776
urn:mavedb:00000071-b-1#1838,c.1793T>A,NA,p.Leu598Gln,0.22496110732012145
urn:mavedb:00000071-b-1#1839,c.1790T>C,NA,p.Leu597Pro,0.1955830789385985
urn:mavedb:00000071-b-1#1840,c.1786G>T,NA,p.Asp596Tyr,-0.10258038026648353
urn:mavedb:00000071-b-1#1841,c.1788T>A,NA,p.Asp596Glu,0.1584555488989573
urn:mavedb:00000071-b-1#1842,c.1787A>T,NA,p.Asp596Val,0.12294597483716095
urn:mavedb:00000071-b-1#1843,c.1783C>T,NA,p.His595Tyr,-0.016523182299044155
urn:mavedb:00000071-b-1#1844,c.1784A>G,NA,p.His595Arg,0.10068944917532184
urn:mavedb:00000071-b-1#1845,c.1783C>A,NA,p.His595Asn,-0.09348516411392813
urn:mavedb:00000071-b-1#1846,c.1781A>G,NA,p.Tyr594Cys,-0.1933068015539088
urn:mavedb:00000071-b-1#1847,c.1780T>A,NA,p.Tyr594Asn,-0.1811504035151346
urn:mavedb:00000071-b-1#1848,c.1778C>T,NA,p.Thr593Ile,0.057181207464958674
urn:mavedb:00000071-b-1#1849,c.1774G>T,NA,p.Gly592Cys,0.2917988695249676
urn:mavedb:00000071-b-1#1850,c.1775G>C,NA,p.Gly592Ala,-0.1988999756133555
urn:mavedb:00000071-b-1#1851,c.1772T>C,NA,p.Leu591Pro,-0.2904351161167412
urn:mavedb:00000071-b-1#1852,c.1772T>A,NA,p.Leu591Gln,-0.8473779580931659
urn:mavedb:00000071-b-1#1853,c.1771C>A,NA,p.Leu591Met,0.001829885056365263
urn:mavedb:00000071-b-1#1854,c.1770C>G,NA,p.Ser590Arg,0.10817391933348663
urn:mavedb:00000071-b-1#1855,c.1768A>G,NA,p.Ser590Gly,0.19366542116754976
urn:mavedb:00000071-b-1#1856,c.1765G>C,NA,p.Ala589Pro,0.7149590241830992
urn:mavedb:00000071-b-1#1857,c.1764C>A,NA,p.Asn588Lys,-0.1380748766650421
urn:mavedb:00000071-b-1#1858,c.1763A>T,NA,p.Asn588Ile,0.6228997453414447
urn:mavedb:00000071-b-1#1859,c.1763A>G,NA,p.Asn588Ser,0.19578941376202574
urn:mavedb:00000071-b-1#1860,c.1760T>A,NA,p.Phe587Tyr,-0.14296442140588522
urn:mavedb:00000071-b-1#1861,c.1759T>A,NA,p.Phe587Ile,-0.08547775866767504
urn:mavedb:00000071-b-1#1862,c.1753G>T,NA,p.Asp585Tyr,-0.10941113447276823
urn:mavedb:00000071-b-1#1863,c.1755C>G,NA,p.Asp585Glu,0.5282454440619633
urn:mavedb:00000071-b-1#1864,c.1750G>C,NA,p.Glu584Gln,-0.06325549755864641
urn:mavedb:00000071-b-1#1865,c.1750G>A,NA,p.Glu584Lys,-0.18104287566578373
urn:mavedb:00000071-b-1#1866,c.1747G>T,NA,p.Val583Phe,-0.2730581841699253
urn:mavedb:00000071-b-1#1867,c.1747G>C,NA,p.Val583Leu,0.06697618633209114
urn:mavedb:00000071-b-1#1868,c.1745G>T,NA,p.Gly582Val,-0.3271912597504512
urn:mavedb:00000071-b-1#1869,c.1741A>G,NA,p.Ser581Gly,0.21052037679727925
urn:mavedb:00000071-b-1#1870,c.1742G>A,NA,p.Ser581Asn,0.15460016483504668
urn:mavedb:00000071-b-1#1871,c.1739T>C,NA,p.Ile580Thr,0.17983094184928247
urn:mavedb:00000071-b-1#1872,c.1739T>A,NA,p.Ile580Asn,-0.15270879930924436
urn:mavedb:00000071-b-1#1873,c.1738A>T,NA,p.Ile580Phe,0.4582256013633675
urn:mavedb:00000071-b-1#1874,c.1736A>G,NA,p.Glu579Gly,0.3824757484011366
urn:mavedb:00000071-b-1#1875,c.1733T>C,NA,p.Val578Ala,-0.01061811391360349
urn:mavedb:00000071-b-1#1876,c.1733T>A,NA,p.Val578Glu,-0.18534870205768697
urn:mavedb:00000071-b-1#1877,c.1729T>G,NA,p.Ser577Ala,-0.014180658359616018
urn:mavedb:00000071-b-1#1878,c.1726G>T,NA,p.Asp576Tyr,-0.3785686364703895
urn:mavedb:00000071-b-1#1879,c.1728T>A,NA,p.Asp576Glu,0.17876943981904225
urn:mavedb:00000071-b-1#1880,c.1727A>T,NA,p.Asp576Val,-0.15953318255727342
urn:mavedb:00000071-b-1#1881,c.1723T>C,NA,p.Phe575Leu,0.4328671176780399
urn:mavedb:00000071-b-1#1882,c.1725C>A,NA,p.Phe575Leu,0.1857552415813284
urn:mavedb:00000071-b-1#1883,c.1721G>A,NA,p.Cys574Tyr,0.23313521599681364
urn:mavedb:00000071-b-1#1884,c.1719A>T,NA,p.Glu573Asp,0.4676494774313565
urn:mavedb:00000071-b-1#1885,c.1712A>C,NA,p.Lys571Thr,-0.4891118745915793
urn:mavedb:00000071-b-1#1886,c.1708A>G,NA,p.Lys570Glu,-0.05261567660280709
urn:mavedb:00000071-b-1#1887,c.1708A>C,NA,p.Lys570Gln,0.12092057839188433
urn:mavedb:00000071-b-1#1888,c.1707C>A,NA,p.Phe569Leu,-0.4265297731377086
urn:mavedb:00000071-b-1#1889,c.1705T>A,NA,p.Phe569Ile,0.22781729523754565
urn:mavedb:00000071-b-1#1890,c.1703A>G,NA,p.Tyr568Cys,0.5471400207334062
urn:mavedb:00000071-b-1#1891,c.1700A>T,NA,p.Asp567Val,0.12951114005896264
urn:mavedb:00000071-b-1#1892,c.1699G>T,NA,p.Asp567Tyr,-0.43058687971849663
urn:mavedb:00000071-b-1#1893,c.1701C>G,NA,p.Asp567Glu,0.3692607438929332
urn:mavedb:00000071-b-1#1894,c.1697A>G,NA,p.Glu566Gly,0.60597339347929
urn:mavedb:00000071-b-1#1895,c.1698G>C,NA,p.Glu566Asp,0.831263886893348
urn:mavedb:00000071-b-1#1896,c.1694A>G,NA,p.Lys565Arg,0.181642161705362
urn:mavedb:00000071-b-1#1897,c.1694A>C,NA,p.Lys565Thr,0.022465035372576502
urn:mavedb:00000071-b-1#1898,c.1691T>C,NA,p.Leu564Pro,-0.03685231597541679
urn:mavedb:00000071-b-1#1899,c.1691T>A,NA,p.Leu564Gln,0.02008189403325909
urn:mavedb:00000071-b-1#1900,c.1690C>A,NA,p.Leu564Met,0.10613202373007008
urn:mavedb:00000071-b-1#1901,c.1689G>T,NA,p.Gln563His,0.04746563220255052
urn:mavedb:00000071-b-1#1902,c.1688A>T,NA,p.Gln563Leu,-0.20365936892651465
urn:mavedb:00000071-b-1#1903,c.1687C>A,NA,p.Gln563Lys,-0.17213287373029806
urn:mavedb:00000071-b-1#1904,c.1685A>T,NA,p.Lys562Met,-0.14363852781705952
urn:mavedb:00000071-b-1#1905,c.1684A>G,NA,p.Lys562Glu,0.1383119469129992
urn:mavedb:00000071-b-1#1906,c.1686G>C,NA,p.Lys562Asn,-0.3801290621469696
urn:mavedb:00000071-b-1#1907,c.1685A>C,NA,p.Lys562Thr,-0.1410178276579239
urn:mavedb:00000071-b-1#1908,c.1679C>T,NA,p.Thr560Ile,-0.031004416365178863
urn:mavedb:00000071-b-1#1909,c.1678A>T,NA,p.Thr560Ser,0.0010796489415666002
urn:mavedb:00000071-b-1#1910,c.1675G>T,NA,p.Val559Leu,-0.5547481081909766
urn:mavedb:00000071-b-1#1911,c.1676T>C,NA,p.Val559Ala,-0.15890949752313954
urn:mavedb:00000071-b-1#1912,c.1676T>A,NA,p.Val559Glu,-0.36219309591188303
urn:mavedb:00000071-b-1#1913,c.1675G>A,NA,p.Val559Met,-0.00031894654710539616
urn:mavedb:00000071-b-1#1914,c.1673A>G,NA,p.Lys558Arg,0.2594346090325725
urn:mavedb:00000071-b-1#1915,c.1669C>G,NA,p.Arg557Gly,0.09161024768322623
urn:mavedb:00000071-b-1#1916,c.1667A>G,NA,p.Asn556Ser,0.2649374455574393
urn:mavedb:00000071-b-1#1917,c.1664C>T,NA,p.Thr555Ile,-0.13666800801045847
urn:mavedb:00000071-b-1#1918,c.1663A>G,NA,p.Thr555Ala,-0.0659018157452345
urn:mavedb:00000071-b-1#1919,c.1662A>T,NA,p.Lys554Asn,0.2726243865512017
urn:mavedb:00000071-b-1#1920,c.1661A>G,NA,p.Lys554Arg,-0.15991106933428084
urn:mavedb:00000071-b-1#1921,c.1658T>C,NA,p.Phe553Ser,-0.4255545484700762
urn:mavedb:00000071-b-1#1922,c.1657T>A,NA,p.Phe553Ile,-0.0008545687503495612
urn:mavedb:00000071-b-1#1923,c.1655T>G,NA,p.Leu552Arg,0.10406460843052663
urn:mavedb:00000071-b-1#1924,c.1655T>C,NA,p.Leu552Pro,-0.17512207894335893
urn:mavedb:00000071-b-1#1925,c.1654C>G,NA,p.Leu552Val,-0.5504020197392718
urn:mavedb:00000071-b-1#1926,c.1648G>T,NA,p.Asp550Tyr,-0.10425495896326344
urn:mavedb:00000071-b-1#1927,c.1646T>C,NA,p.Val549Ala,0.08613175294423983
urn:mavedb:00000071-b-1#1928,c.1645G>A,NA,p.Val549Met,0.07383128749722334
urn:mavedb:00000071-b-1#1929,c.1643T>A,NA,p.Ile548Asn,-0.5771723557049033
urn:mavedb:00000071-b-1#1930,c.1642A>G,NA,p.Ile548Val,-0.3992958805093573
urn:mavedb:00000071-b-1#1931,c.1643T>C,NA,p.Ile548Thr,-1.1752862240773645
urn:mavedb:00000071-b-1#1932,c.1640C>T,NA,p.Ala547Val,0.09636073824728916
urn:mavedb:00000071-b-1#1933,c.1640C>G,NA,p.Ala547Gly,0.07409555534734509
urn:mavedb:00000071-b-1#1934,c.1639G>T,NA,p.Ala547Ser,-0.04910128627250004
urn:mavedb:00000071-b-1#1935,c.1639G>A,NA,p.Ala547Thr,-0.15479064676332754
urn:mavedb:00000071-b-1#1936,c.1638A>T,NA,p.Lys546Asn,-0.3073788303871449
urn:mavedb:00000071-b-1#1937,c.1636A>C,NA,p.Lys546Gln,0.3737828976702267
urn:mavedb:00000071-b-1#1938,c.1635G>T,NA,p.Lys545Asn,-0.36994083692784
urn:mavedb:00000071-b-1#1939,c.1634A>T,NA,p.Lys545Met,-0.07506629069190439
urn:mavedb:00000071-b-1#1940,c.1633A>G,NA,p.Lys545Glu,-0.09875978431125784
urn:mavedb:00000071-b-1#1941,c.1633A>C,NA,p.Lys545Gln,0.05680303694317412
urn:mavedb:00000071-b-1#1942,c.1634A>C,NA,p.Lys545Thr,-0.20579322509743192
urn:mavedb:00000071-b-1#1943,c.1631A>T,NA,p.Gln544Leu,-0.3232756167745913
urn:mavedb:00000071-b-1#1944,c.1624G>T,NA,p.Gly542Trp,-0.05965376145959288
urn:mavedb:00000071-b-1#1945,c.1625G>C,NA,p.Gly542Ala,-0.07872634461124799
urn:mavedb:00000071-b-1#1946,c.1621A>T,NA,p.Ser541Cys,-0.19055376121337428
urn:mavedb:00000071-b-1#1947,c.1060C>G,NA,p.Gln354Glu,0.20816098903076655
urn:mavedb:00000071-b-1#1948,c.1057G>T,NA,p.Asp353Tyr,0.300523012213662
urn:mavedb:00000071-b-1#1949,c.1059T>A,NA,p.Asp353Glu,0.0082278695498999
urn:mavedb:00000071-b-1#1950,c.1052T>A,NA,p.Phe351Tyr,0.6565773432100528
urn:mavedb:00000071-b-1#1951,c.1052T>C,NA,p.Phe351Ser,1.9143751006777001
urn:mavedb:00000071-b-1#1952,c.1049T>A,NA,p.Ile350Asn,0.31549006067872754
urn:mavedb:00000071-b-1#1953,c.1042A>G,NA,p.Lys348Glu,0.5558668086155747
urn:mavedb:00000071-b-1#1954,c.1044A>C,NA,p.Lys348Asn,0.26136935756013946
urn:mavedb:00000071-b-1#1955,c.1037A>G,NA,p.Lys346Arg,0.053245048074718894
urn:mavedb:00000071-b-1#1956,c.1031C>T,NA,p.Pro344Leu,0.31125025671369305
urn:mavedb:00000071-b-1#1957,c.1026G>C,NA,p.Gln342His,0.7981816588163483
urn:mavedb:00000071-b-1#1958,c.1016T>C,NA,p.Val339Ala,0.3058359350140986
urn:mavedb:00000071-b-1#1959,c.1016T>A,NA,p.Val339Glu,-0.10987430619388076
urn:mavedb:00000071-b-1#1960,c.1008G>T,NA,p.Lys336Asn,-0.20398877946027166
urn:mavedb:00000071-b-1#1961,c.1008G>C,NA,p.Lys336Asn,2.4540916504649
urn:mavedb:00000071-b-1#1962,c.1007A>C,NA,p.Lys336Thr,0.06484103298197517
urn:mavedb:00000071-b-1#1963,c.1004T>C,NA,p.Leu335Pro,0.380668803861444
urn:mavedb:00000071-b-1#1964,c.997A>T,NA,p.Thr333Ser,-1.310109611605203
urn:mavedb:00000071-b-1#1965,c.995T>A,NA,p.Leu332Gln,-0.16198454333276802
urn:mavedb:00000071-b-1#1966,c.995T>G,NA,p.Leu332Arg,-0.22148555508142967
urn:mavedb:00000071-b-1#1967,c.990G>T,NA,p.Gln330His,0.12931723310564966
urn:mavedb:00000071-b-1#1968,c.990G>C,NA,p.Gln330His,1.4537521836035867
urn:mavedb:00000071-b-1#1969,c.976G>T,NA,p.Asp326Tyr,0.22690590657507398
urn:mavedb:00000071-b-1#1970,c.977A>G,NA,p.Asp326Gly,0.5007731369564897
urn:mavedb:00000071-b-1#1971,c.974A>G,NA,p.Tyr325Cys,0.14338328893629773
urn:mavedb:00000071-b-1#1972,c.971G>A,NA,p.Arg324Gln,0.04515792045856866
urn:mavedb:00000071-b-1#1973,c.964A>T,NA,p.Ile322Phe,0.6630677633417259
urn:mavedb:00000071-b-1#1974,c.963G>T,NA,p.Met321Ile,-0.0865260635914135
urn:mavedb:00000071-b-1#1975,c.963G>A,NA,p.Met321Ile,0.4733735786031642
urn:mavedb:00000071-b-1#1976,c.961A>T,NA,p.Met321Leu,-0.2642050458066533
urn:mavedb:00000071-b-1#1977,c.958A>C,NA,p.Ser320Arg,1.2531141716411407
urn:mavedb:00000071-b-1#1978,c.956C>T,NA,p.Ala319Val,-0.01246392612151659
urn:mavedb:00000071-b-1#1979,c.955G>A,NA,p.Ala319Thr,-0.08744148127765902
urn:mavedb:00000071-b-1#1980,c.954C>G,NA,p.Ser318Arg,0.2975603192443912
urn:mavedb:00000071-b-1#1981,c.950T>A,NA,p.Leu317Gln,0.9851257335827482
urn:mavedb:00000071-b-1#1982,c.947C>T,NA,p.Pro316Leu,-0.33028109895702346
urn:mavedb:00000071-b-1#1983,c.944C>T,NA,p.Ala315Val,0.3808792797746006
urn:mavedb:00000071-b-1#1984,c.941A>C,NA,p.Lys314Thr,0.4904739981826688
urn:mavedb:00000071-b-1#1985,c.937A>T,NA,p.Thr313Ser,1.1449815047106178
urn:mavedb:00000071-b-1#1986,c.935T>C,NA,p.Ile312Thr,0.7481148363029502
urn:mavedb:00000071-b-1#1987,c.932A>T,NA,p.Glu311Val,-0.2335620398374155
urn:mavedb:00000071-b-1#1988,c.928A>T,NA,p.Thr310Ser,0.05041697637076967
urn:mavedb:00000071-b-1#1989,c.926A>T,NA,p.Asn309Ile,0.2449131730678168
urn:mavedb:00000071-b-1#1990,c.927C>G,NA,p.Asn309Lys,-0.2704271627537533
urn:mavedb:00000071-b-1#1991,c.925A>G,NA,p.Asn309Asp,0.6974619084301567
urn:mavedb:00000071-b-1#1992,c.919A>G,NA,p.Arg307Gly,0.25935006024364016
urn:mavedb:00000071-b-1#1993,c.917T>C,NA,p.Leu306Pro,-0.12490746918895194
urn:mavedb:00000071-b-1#1994,c.908G>T,NA,p.Ser303Ile,0.4542033819412129
urn:mavedb:00000071-b-1#1995,c.904C>G,NA,p.Leu302Val,0.11291637961418195
urn:mavedb:00000071-b-1#1996,c.905T>A,NA,p.Leu302Gln,0.4526792808245355
urn:mavedb:00000071-b-1#1997,c.904C>A,NA,p.Leu302Met,0.0014410927517418065
urn:mavedb:00000071-b-1#1998,c.901C>A,NA,p.Leu301Met,-0.2499688183972349
urn:mavedb:00000071-b-1#1999,c.898A>C,NA,p.Ile300Leu,0.25187635871294944
urn:mavedb:00000071-b-1#2000,c.899T>A,NA,p.Ile300Asn,-1.2571176623811668
urn:mavedb:00000071-b-1#2001,c.889T>C,NA,p.Ser297Pro,0.05990182972348802
urn:mavedb:00000071-b-1#2002,c.890C>A,NA,p.Ser297Tyr,-0.17669630961206295
urn:mavedb:00000071-b-1#2003,c.887T>G,NA,p.Leu296Arg,0.20900929930394965
urn:mavedb:00000071-b-1#2004,c.884A>G,NA,p.Asn295Ser,-0.1677424998581733
urn:mavedb:00000071-b-1#2005,c.884A>T,NA,p.Asn295Ile,0.2669773652823701
urn:mavedb:00000071-b-1#2006,c.881A>T,NA,p.Lys294Met,-0.13990263127661992
urn:mavedb:00000071-b-1#2007,c.877G>T,NA,p.Ala293Ser,0.08374207204304693
urn:mavedb:00000071-b-1#2008,c.878C>G,NA,p.Ala293Gly,-0.8678900845904041
urn:mavedb:00000071-b-1#2009,c.878C>A,NA,p.Ala293Asp,0.17986304685796406
urn:mavedb:00000071-b-1#2010,c.875C>A,NA,p.Ala292Asp,0.4007335431520348
urn:mavedb:00000071-b-1#2011,c.874G>T,NA,p.Ala292Ser,0.1595534634868373
urn:mavedb:00000071-b-1#2012,c.871C>G,NA,p.Leu291Val,-0.4239830356151281
urn:mavedb:00000071-b-1#2013,c.871C>A,NA,p.Leu291Met,0.0009208998938981973
urn:mavedb:00000071-b-1#2014,c.869T>C,NA,p.Phe290Ser,-1.1309579726759331
urn:mavedb:00000071-b-1#2015,c.866T>A,NA,p.Leu289Gln,0.4865527175809167
urn:mavedb:00000071-b-1#2016,c.862G>T,NA,p.Asp288Tyr,0.1795002846907528
urn:mavedb:00000071-b-1#2017,c.862G>A,NA,p.Asp288Asn,-0.046567794789093515
urn:mavedb:00000071-b-1#2018,c.859G>A,NA,p.Ala287Thr,-0.14595642665013422
urn:mavedb:00000071-b-1#2019,c.856T>G,NA,p.Tyr286Asp,0.8598963269989953
urn:mavedb:00000071-b-1#2020,c.853C>A,NA,p.Gln285Lys,-0.10877961594714487
urn:mavedb:00000071-b-1#2021,c.852T>A,NA,p.Asp284Glu,-0.11846965602567099
urn:mavedb:00000071-b-1#2022,c.847G>T,NA,p.Gly283Cys,0.3035966163371592
urn:mavedb:00000071-b-1#2023,c.848G>C,NA,p.Gly283Ala,-0.9472529837627248
urn:mavedb:00000071-b-1#2024,c.843G>T,NA,p.Gln281His,-0.2636775229522401
urn:mavedb:00000071-b-1#2025,c.838G>T,NA,p.Ala280Ser,-0.27380824980305746
urn:mavedb:00000071-b-1#2026,c.836T>A,NA,p.Leu279Gln,0.11092392066389566
urn:mavedb:00000071-b-1#2027,c.833T>C,NA,p.Leu278Pro,-0.485866661601348
urn:mavedb:00000071-b-1#2028,c.833T>A,NA,p.Leu278Gln,0.06552386690741824
urn:mavedb:00000071-b-1#2029,c.827A>T,NA,p.Asp276Val,-0.08081086639355607
urn:mavedb:00000071-b-1#2030,c.827A>C,NA,p.Asp276Ala,0.12564001107387038
urn:mavedb:00000071-b-1#2031,c.823C>A,NA,p.Leu275Met,0.12358018406383395
urn:mavedb:00000071-b-1#2032,c.822C>G,NA,p.Asp274Glu,-0.37914632973128776
urn:mavedb:00000071-b-1#2033,c.820G>A,NA,p.Asp274Asn,-0.1793198008130355
urn:mavedb:00000071-b-1#2034,c.817G>A,NA,p.Asp273Asn,0.008275639237892407
urn:mavedb:00000071-b-1#2035,c.812A>C,NA,p.Tyr271Ser,1.5392680004631405
urn:mavedb:00000071-b-1#2036,c.806A>G,NA,p.Asp269Gly,-0.3080441090510165
urn:mavedb:00000071-b-1#2037,c.804G>C,NA,p.Lys268Asn,0.2867354987456455
urn:mavedb:00000071-b-1#2038,c.803A>T,NA,p.Lys268Met,-0.2505734619876673
urn:mavedb:00000071-b-1#2039,c.800C>G,NA,p.Ser267Cys,0.4114020812074925
urn:mavedb:00000071-b-1#2040,c.797T>C,NA,p.Leu266Pro,-0.17102164650352342
urn:mavedb:00000071-b-1#2041,c.791T>A,NA,p.Leu264Gln,0.20637255218652498
urn:mavedb:00000071-b-1#2042,c.791T>C,NA,p.Leu264Pro,0.7095409617440336
urn:mavedb:00000071-b-1#2043,c.784G>T,NA,p.Ala262Ser,0.7389598422711131
urn:mavedb:00000071-b-1#2044,c.784G>C,NA,p.Ala262Pro,0.032090672851040725
urn:mavedb:00000071-b-1#2045,c.775G>C,NA,p.Ala259Pro,0.03386018371340529
urn:mavedb:00000071-b-1#2046,c.772C>G,NA,p.Leu258Val,0.12265965156733867
urn:mavedb:00000071-b-1#2047,c.773T>C,NA,p.Leu258Pro,0.1849347072512084
urn:mavedb:00000071-b-1#2048,c.769G>T,NA,p.Asp257Tyr,0.5560761744820082
urn:mavedb:00000071-b-1#2049,c.771T>G,NA,p.Asp257Glu,-0.6949200991533053
urn:mavedb:00000071-b-1#2050,c.771T>A,NA,p.Asp257Glu,0.2388066814275289
urn:mavedb:00000071-b-1#2051,c.769G>A,NA,p.Asp257Asn,0.010642037947489186
urn:mavedb:00000071-b-1#2052,c.768T>A,NA,p.Phe256Leu,-0.13033989665808382
urn:mavedb:00000071-b-1#2053,c.763A>G,NA,p.Asn255Asp,0.2545626185770457
urn:mavedb:00000071-b-1#2054,c.763A>T,NA,p.Asn255Tyr,0.8565986326571433
urn:mavedb:00000071-b-1#2055,c.758A>G,NA,p.Lys253Arg,-0.5238359601792276
urn:mavedb:00000071-b-1#2056,c.757A>C,NA,p.Lys253Gln,0.5470142037916645
urn:mavedb:00000071-b-1#2057,c.757A>G,NA,p.Lys253Glu,-0.18138937687111736
urn:mavedb:00000071-b-1#2058,c.755T>A,NA,p.Phe252Tyr,0.11785473530825726
urn:mavedb:00000071-b-1#2059,c.754T>A,NA,p.Phe252Ile,-0.14236656792519758
urn:mavedb:00000071-b-1#2060,c.754T>G,NA,p.Phe252Val,-0.30162830732160645
urn:mavedb:00000071-b-1#2061,c.753C>G,NA,p.Asn251Lys,0.011952821696815387
urn:mavedb:00000071-b-1#2062,c.752A>T,NA,p.Asn251Ile,-0.1981256761570264
urn:mavedb:00000071-b-1#2063,c.749C>A,NA,p.Pro250His,-0.4058533708053266
urn:mavedb:00000071-b-1#2064,c.742C>A,NA,p.Leu248Met,-0.5432431571708286
urn:mavedb:00000071-b-1#2065,c.736C>A,NA,p.Leu246Met,0.40837357708759947
urn:mavedb:00000071-b-1#2066,c.733T>C,NA,p.Ser245Pro,-0.1925037717020432
urn:mavedb:00000071-b-1#2067,c.731T>A,NA,p.Leu244Gln,-0.2354038610084877
urn:mavedb:00000071-b-1#2068,c.730C>A,NA,p.Leu244Met,-0.10906860632426237
urn:mavedb:00000071-b-1#2069,c.713T>C,NA,p.Phe238Ser,0.2998212179902306
urn:mavedb:00000071-b-1#2070,c.704A>T,NA,p.Asn235Ile,-0.24243022831550945
urn:mavedb:00000071-b-1#2071,c.703A>T,NA,p.Asn235Tyr,-0.13936717997275064
urn:mavedb:00000071-b-1#2072,c.700A>C,NA,p.Lys234Gln,0.6533986177830108
urn:mavedb:00000071-b-1#2073,c.697A>C,NA,p.Lys233Gln,0.4260991838218197
urn:mavedb:00000071-b-1#2074,c.692G>A,NA,p.Gly231Asp,0.6729553734045595
urn:mavedb:00000071-b-1#2075,c.686T>A,NA,p.Leu229Gln,0.5752641414943104
urn:mavedb:00000071-b-1#2076,c.683A>T,NA,p.Gln228Leu,0.7806503839740118
urn:mavedb:00000071-b-1#2077,c.679G>A,NA,p.Ala227Thr,-0.2223717328230664
urn:mavedb:00000071-b-1#2078,c.672C>A,NA,p.Asn224Lys,-0.08306684297354595
urn:mavedb:00000071-b-1#2079,c.668A>T,NA,p.Glu223Val,-0.334869681204664
urn:mavedb:00000071-b-1#2080,c.668A>C,NA,p.Glu223Ala,-0.2920565976656904
urn:mavedb:00000071-b-1#2081,c.665T>C,NA,p.Leu222Pro,-0.16126658484462267
urn:mavedb:00000071-b-1#2082,c.664C>G,NA,p.Leu222Val,-0.1819736708299809
urn:mavedb:00000071-b-1#2083,c.662G>T,NA,p.Arg221Ile,-0.2719993365183981
urn:mavedb:00000071-b-1#2084,c.662G>A,NA,p.Arg221Lys,-0.2279870051623324
urn:mavedb:00000071-b-1#2085,c.659G>C,NA,p.Arg220Pro,-0.4149887516764953
urn:mavedb:00000071-b-1#2086,c.659G>A,NA,p.Arg220Gln,-0.16746003244976473
urn:mavedb:00000071-b-1#2087,c.656G>T,NA,p.Ser219Ile,-0.25259752374551875
urn:mavedb:00000071-b-1#2088,c.652A>G,NA,p.Lys218Glu,-0.33575990993638954
urn:mavedb:00000071-b-1#2089,c.654G>C,NA,p.Lys218Asn,-0.04648347602307434
urn:mavedb:00000071-b-1#2090,c.649T>A,NA,p.Ser217Thr,0.3260189550777458
urn:mavedb:00000071-b-1#2091,c.650C>T,NA,p.Ser217Phe,-0.4059514808835842
urn:mavedb:00000071-b-1#2092,c.643C>A,NA,p.Arg215Ser,0.1089119837986984
urn:mavedb:00000071-b-1#2093,c.641C>T,NA,p.Ala214Val,0.04358327508138778
urn:mavedb:00000071-b-1#2094,c.637A>T,NA,p.Ser213Cys,0.3811328037180984
urn:mavedb:00000071-b-1#2095,c.639C>G,NA,p.Ser213Arg,0.0028634640172352536
urn:mavedb:00000071-b-1#2096,c.631A>T,NA,p.Ile211Phe,0.13773239529866532
urn:mavedb:00000071-b-1#2097,c.632T>G,NA,p.Ile211Ser,-0.2165543463666256
urn:mavedb:00000071-b-1#2098,c.629C>T,NA,p.Ala210Val,0.19978169645764007
urn:mavedb:00000071-b-1#2099,c.629C>A,NA,p.Ala210Asp,-0.13669470699887729
urn:mavedb:00000071-b-1#2100,c.626A>T,NA,p.Lys209Ile,-0.1610386218113484
urn:mavedb:00000071-b-1#2101,c.617T>A,NA,p.Val206Glu,0.6711449346567858
urn:mavedb:00000071-b-1#2102,c.608C>G,NA,p.Ala203Gly,0.2131133215923005
urn:mavedb:00000071-b-1#2103,c.605A>G,NA,p.Asn202Ser,0.029503698063034475
urn:mavedb:00000071-b-1#2104,c.602T>G,NA,p.Ile201Ser,-0.622227583138423
urn:mavedb:00000071-b-1#2105,c.602T>C,NA,p.Ile201Thr,0.4466112931895752
urn:mavedb:00000071-b-1#2106,c.602T>A,NA,p.Ile201Asn,-0.27280887140501964
urn:mavedb:00000071-b-1#2107,c.601A>G,NA,p.Ile201Val,-0.6701083242936214
urn:mavedb:00000071-b-1#2108,c.598C>T,NA,p.Pro200Ser,-0.2056634226989868
urn:mavedb:00000071-b-1#2109,c.599C>A,NA,p.Pro200His,0.12184687729990465
urn:mavedb:00000071-b-1#2110,c.596A>G,NA,p.Asn199Ser,-0.4337921081061557
urn:mavedb:00000071-b-1#2111,c.595A>G,NA,p.Asn199Asp,0.0975399471573802
urn:mavedb:00000071-b-1#2112,c.592G>C,NA,p.Glu198Gln,-0.3797002226620632
urn:mavedb:00000071-b-1#2113,c.588T>A,NA,p.Phe196Leu,0.5483833756640579
urn:mavedb:00000071-b-1#2114,c.581A>T,NA,p.Gln194Leu,0.7451480168514115
urn:mavedb:00000071-b-1#2115,c.580C>A,NA,p.Gln194Lys,-0.30372047215012843
urn:mavedb:00000071-b-1#2116,c.578A>T,NA,p.Asn193Ile,-0.18975837773730425
urn:mavedb:00000071-b-1#2117,c.579T>A,NA,p.Asn193Lys,-0.01688879755512415
urn:mavedb:00000071-b-1#2118,c.575A>C,NA,p.Tyr192Ser,0.2937393807933786
urn:mavedb:00000071-b-1#2119,c.572C>T,NA,p.Thr191Ile,0.029836990312908512
urn:mavedb:00000071-b-1#2120,c.571A>T,NA,p.Thr191Ser,0.1713255725035272
urn:mavedb:00000071-b-1#2121,c.572C>G,NA,p.Thr191Arg,-0.2131954505498051
urn:mavedb:00000071-b-1#2122,c.570G>T,NA,p.Gln190His,-0.31011269508494715
urn:mavedb:00000071-b-1#2123,c.568C>A,NA,p.Gln190Lys,0.06335214543408155
urn:mavedb:00000071-b-1#2124,c.566T>A,NA,p.Val189Asp,0.2024618713768553
urn:mavedb:00000071-b-1#2125,c.563T>C,NA,p.Leu188Pro,-0.10364215570645184
urn:mavedb:00000071-b-1#2126,c.563T>A,NA,p.Leu188Gln,0.08289245863320753
urn:mavedb:00000071-b-1#2127,c.561G>T,NA,p.Gln187His,0.1494856790679777
urn:mavedb:00000071-b-1#2128,c.558C>G,NA,p.Ile186Met,-0.1603189159561873
urn:mavedb:00000071-b-1#2129,c.557T>C,NA,p.Ile186Thr,-0.07986842203813255
urn:mavedb:00000071-b-1#2130,c.555C>A,NA,p.Phe185Leu,0.022005475868315187
urn:mavedb:00000071-b-1#2131,c.551T>G,NA,p.Leu184Arg,1.1073693866863972
urn:mavedb:00000071-b-1#2132,c.541G>C,NA,p.Val181Leu,1.0285915306346538
urn:mavedb:00000071-b-1#2133,c.542T>A,NA,p.Val181Glu,-0.27322362647945336
urn:mavedb:00000071-b-1#2134,c.538G>C,NA,p.Asp180His,-0.01832166269689847
urn:mavedb:00000071-b-1#2135,c.540T>A,NA,p.Asp180Glu,0.06004028572434071
urn:mavedb:00000071-b-1#2136,c.536G>T,NA,p.Ser179Ile,0.3556324978084814
urn:mavedb:00000071-b-1#2137,c.535A>T,NA,p.Ser179Cys,-0.3645876254872574
urn:mavedb:00000071-b-1#2138,c.537C>G,NA,p.Ser179Arg,0.3038419783159767
urn:mavedb:00000071-b-1#2139,c.535A>G,NA,p.Ser179Gly,0.15786839334358602
urn:mavedb:00000071-b-1#2140,c.534T>A,NA,p.Asn178Lys,0.27273483434791634
urn:mavedb:00000071-b-1#2141,c.530A>T,NA,p.Asp177Val,0.19659640981908036
urn:mavedb:00000071-b-1#2142,c.529G>T,NA,p.Asp177Tyr,0.06782529717512369
urn:mavedb:00000071-b-1#2143,c.529G>A,NA,p.Asp177Asn,0.3844065805223536
urn:mavedb:00000071-b-1#2144,c.526C>A,NA,p.Pro176Thr,0.10872333886617046
urn:mavedb:00000071-b-1#2145,c.523A>G,NA,p.Asn175Asp,0.13567317452603536
urn:mavedb:00000071-b-1#2146,c.524A>G,NA,p.Asn175Ser,-0.6155602133755986
urn:mavedb:00000071-b-1#2147,c.520C>G,NA,p.Leu174Val,-0.038374869865378886
urn:mavedb:00000071-b-1#2148,c.520C>A,NA,p.Leu174Met,-0.980493953784879
urn:mavedb:00000071-b-1#2149,c.517G>T,NA,p.Asp173Tyr,0.06252562074805318
urn:mavedb:00000071-b-1#2150,c.518A>G,NA,p.Asp173Gly,0.02636487985615588
urn:mavedb:00000071-b-1#2151,c.515G>T,NA,p.Gly172Val,1.0677459144794543
urn:mavedb:00000071-b-1#2152,c.512A>T,NA,p.Glu171Val,0.0467463097675918
urn:mavedb:00000071-b-1#2153,c.513G>C,NA,p.Glu171Asp,0.4957189126313569
urn:mavedb:00000071-b-1#2154,c.508A>G,NA,p.Ile170Val,0.23790747418443825
urn:mavedb:00000071-b-1#2155,c.509T>A,NA,p.Ile170Asn,0.09159441378373216
urn:mavedb:00000071-b-1#2156,c.505C>A,NA,p.Leu169Met,-0.008440022589841995
urn:mavedb:00000071-b-1#2157,c.506T>G,NA,p.Leu169Arg,-0.5627206972726029
urn:mavedb:00000071-b-1#2158,c.506T>A,NA,p.Leu169Gln,-0.10830895965961428
urn:mavedb:00000071-b-1#2159,c.502T>G,NA,p.Phe168Val,0.31567769866356993
urn:mavedb:00000071-b-1#2160,c.503T>A,NA,p.Phe168Tyr,-0.17555011062494252
urn:mavedb:00000071-b-1#2161,c.502T>A,NA,p.Phe168Ile,-0.11643331397421555
urn:mavedb:00000071-b-1#2162,c.503T>C,NA,p.Phe168Ser,0.4971609418219671
urn:mavedb:00000071-b-1#2163,c.1303G>A,NA,p.Asp435Asn,-0.14862704864060422
urn:mavedb:00000071-b-1#2164,c.1298T>C,NA,p.Leu433Pro,0.0888045508007354
urn:mavedb:00000071-b-1#2165,c.1297C>A,NA,p.Leu433Met,0.04512983026828146
urn:mavedb:00000071-b-1#2166,c.1295T>C,NA,p.Phe432Ser,-0.258311383709193
urn:mavedb:00000071-b-1#2167,c.1294T>A,NA,p.Phe432Ile,1.4845831536311835
urn:mavedb:00000071-b-1#2168,c.1292C>T,NA,p.Pro431Leu,0.014926152371541044
urn:mavedb:00000071-b-1#2169,c.1291C>G,NA,p.Pro431Ala,0.7852384683668872
urn:mavedb:00000071-b-1#2170,c.1292C>A,NA,p.Pro431Gln,0.7100715708431202
urn:mavedb:00000071-b-1#2171,c.1291C>A,NA,p.Pro431Thr,0.09067844046568056
urn:mavedb:00000071-b-1#2172,c.1287C>G,NA,p.Phe429Leu,0.01584885217529649
urn:mavedb:00000071-b-1#2173,c.1285T>G,NA,p.Phe429Val,0.7165773842818489
urn:mavedb:00000071-b-1#2174,c.1287C>A,NA,p.Phe429Leu,0.3534818477685338
urn:mavedb:00000071-b-1#2175,c.1280A>T,NA,p.Glu427Val,0.06918774057101648
urn:mavedb:00000071-b-1#2176,c.1281A>C,NA,p.Glu427Asp,-0.3080401785379429
urn:mavedb:00000071-b-1#2177,c.1279G>A,NA,p.Glu427Lys,0.043506951501042834
urn:mavedb:00000071-b-1#2178,c.1279G>C,NA,p.Glu427Gln,0.095037252141125
urn:mavedb:00000071-b-1#2179,c.1278G>T,NA,p.Gln426His,0.20381624396017925
urn:mavedb:00000071-b-1#2180,c.1277A>T,NA,p.Gln426Leu,-0.1611181116913288
urn:mavedb:00000071-b-1#2181,c.1277A>G,NA,p.Gln426Arg,-0.18544744105306926
urn:mavedb:00000071-b-1#2182,c.1276C>A,NA,p.Gln426Lys,-0.18620678590603829
urn:mavedb:00000071-b-1#2183,c.1274G>T,NA,p.Arg425Leu,0.057540789990269764
urn:mavedb:00000071-b-1#2184,c.1273C>T,NA,p.Arg425Cys,0.09151035470715196
urn:mavedb:00000071-b-1#2185,c.1274G>A,NA,p.Arg425His,0.2407101262465533
urn:mavedb:00000071-b-1#2186,c.1271G>C,NA,p.Arg424Thr,1.3090151159065149
urn:mavedb:00000071-b-1#2187,c.1268T>C,NA,p.Leu423Pro,0.7227772023768031
urn:mavedb:00000071-b-1#2188,c.1267C>A,NA,p.Leu423Met,0.16552890593786967
urn:mavedb:00000071-b-1#2189,c.1267C>G,NA,p.Leu423Val,-0.13048518809667362
urn:mavedb:00000071-b-1#2190,c.1265T>A,NA,p.Ile422Asn,0.31212248050545693
urn:mavedb:00000071-b-1#2191,c.1264A>C,NA,p.Ile422Leu,-0.4124595218688065
urn:mavedb:00000071-b-1#2192,c.1261G>C,NA,p.Ala421Pro,0.2841194758037185
urn:mavedb:00000071-b-1#2193,c.1255C>G,NA,p.Leu419Val,-0.22456205286339115
urn:mavedb:00000071-b-1#2194,c.1253A>T,NA,p.Glu418Val,0.4048743867386791
urn:mavedb:00000071-b-1#2195,c.1254G>C,NA,p.Glu418Asp,0.4791559576759004
urn:mavedb:00000071-b-1#2196,c.1252G>A,NA,p.Glu418Lys,0.22612309678861786
urn:mavedb:00000071-b-1#2197,c.1250G>A,NA,p.Gly417Glu,0.23782662996394566
urn:mavedb:00000071-b-1#2198,c.1244A>T,NA,p.His415Leu,-0.0022961502060441013
urn:mavedb:00000071-b-1#2199,c.1244A>G,NA,p.His415Arg,-0.10384816935546327
urn:mavedb:00000071-b-1#2200,c.1243C>A,NA,p.His415Asn,-0.10312310574298517
urn:mavedb:00000071-b-1#2201,c.1245T>G,NA,p.His415Gln,-0.3109764322065233
urn:mavedb:00000071-b-1#2202,c.1240A>T,NA,p.Ile414Phe,0.10189373682586624
urn:mavedb:00000071-b-1#2203,c.1239G>T,NA,p.Gln413His,0.2520062276428624
urn:mavedb:00000071-b-1#2204,c.1238A>G,NA,p.Gln413Arg,0.22297735931246146
urn:mavedb:00000071-b-1#2205,c.1238A>C,NA,p.Gln413Pro,0.06372383499411227
urn:mavedb:00000071-b-1#2206,c.1237C>A,NA,p.Gln413Lys,0.3662716841562633
urn:mavedb:00000071-b-1#2207,c.1235A>T,NA,p.His412Leu,0.4868596408328694
urn:mavedb:00000071-b-1#2208,c.1234C>T,NA,p.His412Tyr,0.3604804965186599
urn:mavedb:00000071-b-1#2209,c.1236C>G,NA,p.His412Gln,0.34332562691842783
urn:mavedb:00000071-b-1#2210,c.1235A>C,NA,p.His412Pro,1.4433322652919482
urn:mavedb:00000071-b-1#2211,c.1232C>T,NA,p.Pro411Leu,0.07821314558464773
urn:mavedb:00000071-b-1#2212,c.1231C>G,NA,p.Pro411Ala,0.058797301785688184
urn:mavedb:00000071-b-1#2213,c.499C>T,NA,p.His167Tyr,0.025226999129631972
urn:mavedb:00000071-b-1#2214,c.501T>G,NA,p.His167Gln,0.29829350698157586
urn:mavedb:00000071-b-1#2215,c.499C>G,NA,p.His167Asp,-1.0684677958322222
urn:mavedb:00000071-b-1#2216,c.501T>A,NA,p.His167Gln,0.09530648481772083
urn:mavedb:00000071-b-1#2217,c.497G>T,NA,p.Gly166Val,0.34525969973979065
urn:mavedb:00000071-b-1#2218,c.497G>A,NA,p.Gly166Glu,0.2375655028017128
urn:mavedb:00000071-b-1#2219,c.496G>A,NA,p.Gly166Arg,-0.2410119198210063
urn:mavedb:00000071-b-1#2220,c.495G>T,NA,p.Arg165Ser,-0.19002378342923468
urn:mavedb:00000071-b-1#2221,c.494G>T,NA,p.Arg165Met,0.036367109091327385
urn:mavedb:00000071-b-1#2222,c.493A>T,NA,p.Arg165Trp,0.5977131112834551
urn:mavedb:00000071-b-1#2223,c.494G>A,NA,p.Arg165Lys,0.4420059103679217
urn:mavedb:00000071-b-1#2224,c.492C>A,NA,p.Phe164Leu,-0.1858876367134845
urn:mavedb:00000071-b-1#2225,c.491T>A,NA,p.Phe164Tyr,-0.08212331296725454
urn:mavedb:00000071-b-1#2226,c.489G>T,NA,p.Lys163Asn,0.485174629802081
urn:mavedb:00000071-b-1#2227,c.488A>T,NA,p.Lys163Met,0.4259450503240306
urn:mavedb:00000071-b-1#2228,c.488A>G,NA,p.Lys163Arg,-0.2258112538314873
urn:mavedb:00000071-b-1#2229,c.489G>C,NA,p.Lys163Asn,0.8181356646647794
urn:mavedb:00000071-b-1#2230,c.484A>T,NA,p.Ile162Phe,0.11086479943114434
urn:mavedb:00000071-b-1#2231,c.484A>G,NA,p.Ile162Val,0.657026368756467
urn:mavedb:00000071-b-1#2232,c.485T>C,NA,p.Ile162Thr,0.4196097925554903
urn:mavedb:00000071-b-1#2233,c.483G>T,NA,p.Met161Ile,0.17737554875401654
urn:mavedb:00000071-b-1#2234,c.481A>T,NA,p.Met161Leu,0.2887143330187865
urn:mavedb:00000071-b-1#2235,c.482T>G,NA,p.Met161Arg,0.14631651061360995
urn:mavedb:00000071-b-1#2236,c.483G>A,NA,p.Met161Ile,-0.5033787774119413
urn:mavedb:00000071-b-1#2237,c.479A>T,NA,p.His160Leu,-0.011234798608782928
urn:mavedb:00000071-b-1#2238,c.480C>G,NA,p.His160Gln,0.4359110389725471
urn:mavedb:00000071-b-1#2239,c.475G>T,NA,p.Ala159Ser,0.16898242084676046
urn:mavedb:00000071-b-1#2240,c.472C>A,NA,p.Leu158Met,0.09559341485379402
urn:mavedb:00000071-b-1#2241,c.470C>A,NA,p.Ala157Asp,0.2470337570370333
urn:mavedb:00000071-b-1#2242,c.470C>G,NA,p.Ala157Gly,-0.5049480139510242
urn:mavedb:00000071-b-1#2243,c.464A>G,NA,p.Tyr155Cys,0.4693613180633531
urn:mavedb:00000071-b-1#2244,c.462C>G,NA,p.Ile154Met,-0.7933084221513907
urn:mavedb:00000071-b-1#2245,c.455G>T,NA,p.Arg152Ile,0.18184385360754712
urn:mavedb:00000071-b-1#2246,c.451C>G,NA,p.Leu151Val,-0.18314078278820853
urn:mavedb:00000071-b-1#2247,c.451C>A,NA,p.Leu151Met,0.12908591090685978
urn:mavedb:00000071-b-1#2248,c.449A>T,NA,p.Asp150Val,-0.6395370590751029
urn:mavedb:00000071-b-1#2249,c.448G>T,NA,p.Asp150Tyr,-0.23458947767214405
urn:mavedb:00000071-b-1#2250,c.448G>A,NA,p.Asp150Asn,0.35140906980153697
urn:mavedb:00000071-b-1#2251,c.445G>A,NA,p.Ala149Thr,-0.04477172580948333
urn:mavedb:00000071-b-1#2252,c.443A>G,NA,p.Lys148Arg,0.19023596407726664
urn:mavedb:00000071-b-1#2253,c.436A>G,NA,p.Thr146Ala,-0.12574048127334336
urn:mavedb:00000071-b-1#2254,c.434C>T,NA,p.Ser145Phe,0.34933774217629204
urn:mavedb:00000071-b-1#2255,c.434C>A,NA,p.Ser145Tyr,0.17510470134777645
urn:mavedb:00000071-b-1#2256,c.433T>A,NA,p.Ser145Thr,0.21094311087714074
urn:mavedb:00000071-b-1#2257,c.430G>T,NA,p.Asp144Tyr,0.5489926922816728
urn:mavedb:00000071-b-1#2258,c.431A>C,NA,p.Asp144Ala,1.6585482672322842
urn:mavedb:00000071-b-1#2259,c.432C>A,NA,p.Asp144Glu,-0.27310168921499023
urn:mavedb:00000071-b-1#2260,c.430G>A,NA,p.Asp144Asn,0.011159278640208988
urn:mavedb:00000071-b-1#2261,c.425T>A,NA,p.Leu142Gln,0.04382042637029495
urn:mavedb:00000071-b-1#2262,c.424C>A,NA,p.Leu142Met,0.6595324364123777
urn:mavedb:00000071-b-1#2263,c.422A>C,NA,p.Lys141Thr,-0.3252663166351439
urn:mavedb:00000071-b-1#2264,c.422A>G,NA,p.Lys141Arg,0.3656791133071498
urn:mavedb:00000071-b-1#2265,c.420G>T,NA,p.Lys140Asn,-0.06469525301327674
urn:mavedb:00000071-b-1#2266,c.415C>T,NA,p.Arg139Trp,0.048229527541318366
urn:mavedb:00000071-b-1#2267,c.412C>G,NA,p.Leu138Val,-0.3750389963978323
urn:mavedb:00000071-b-1#2268,c.409C>A,NA,p.His137Asn,-0.5565769228847323
urn:mavedb:00000071-b-1#2269,c.411T>G,NA,p.His137Gln,-0.4929560449760965
urn:mavedb:00000071-b-1#2270,c.406T>A,NA,p.Tyr136Asn,-0.005685152495171199
urn:mavedb:00000071-b-1#2271,c.398C>T,NA,p.Pro133Leu,0.2764763610423641
urn:mavedb:00000071-b-1#2272,c.397C>T,NA,p.Pro133Ser,0.19004853688742954
urn:mavedb:00000071-b-1#2273,c.398C>A,NA,p.Pro133His,-0.058355567075635766
urn:mavedb:00000071-b-1#2274,c.390A>T,NA,p.Glu130Asp,0.4696116512099233
urn:mavedb:00000071-b-1#2275,c.387C>A,NA,p.His129Gln,0.5041580832685052
urn:mavedb:00000071-b-1#2276,c.382T>G,NA,p.Tyr128Asp,-0.3359801179165111
urn:mavedb:00000071-b-1#2277,c.382T>A,NA,p.Tyr128Asn,-0.16605511647419882
urn:mavedb:00000071-b-1#2278,c.375G>C,NA,p.Glu125Asp,-0.5132362765566366
urn:mavedb:00000071-b-1#2279,c.372C>G,NA,p.Asp124Glu,0.0578350612028909
urn:mavedb:00000071-b-1#2280,c.370G>C,NA,p.Asp124His,-1.1793181771384385
urn:mavedb:00000071-b-1#2281,c.367G>A,NA,p.Val123Met,-0.3847167789377626
urn:mavedb:00000071-b-1#2282,c.357T>G,NA,p.Phe119Leu,0.5817694133439669
urn:mavedb:00000071-b-1#2283,c.355T>A,NA,p.Phe119Ile,0.20294909485141124
urn:mavedb:00000071-b-1#2284,c.355T>G,NA,p.Phe119Val,0.200375151187585
urn:mavedb:00000071-b-1#2285,c.353T>C,NA,p.Ile118Thr,0.4250587751481413
urn:mavedb:00000071-b-1#2286,c.353T>A,NA,p.Ile118Asn,-0.024974145486906272
urn:mavedb:00000071-b-1#2287,c.350C>A,NA,p.Pro117His,0.14615866877022235
urn:mavedb:00000071-b-1#2288,c.343A>T,NA,p.Arg115Trp,-0.5668430383021663
urn:mavedb:00000071-b-1#2289,c.337C>G,NA,p.His113Asp,0.1543094108882658
urn:mavedb:00000071-b-1#2290,c.339C>G,NA,p.His113Gln,0.5288068798128791
urn:mavedb:00000071-b-1#2291,c.335A>G,NA,p.Lys112Arg,0.13959744443813188
urn:mavedb:00000071-b-1#2292,c.328G>A,NA,p.Asp110Asn,0.2286215103609737
urn:mavedb:00000071-b-1#2293,c.330T>A,NA,p.Asp110Glu,-0.11531771459314805
urn:mavedb:00000071-b-1#2294,c.327A>T,NA,p.Glu109Asp,-0.5157584409768863
urn:mavedb:00000071-b-1#2295,c.323A>G,NA,p.Glu108Gly,0.5034800221998641
urn:mavedb:00000071-b-1#2296,c.324G>C,NA,p.Glu108Asp,0.2047810117387088
urn:mavedb:00000071-b-1#2297,c.319G>C,NA,p.Val107Leu,0.8865114342488608
urn:mavedb:00000071-b-1#2298,c.317T>G,NA,p.Leu106Arg,0.0708943684423552
urn:mavedb:00000071-b-1#2299,c.314T>G,NA,p.Phe105Cys,-0.9850506040343368
urn:mavedb:00000071-b-1#2300,c.311C>G,NA,p.Ser104Cys,0.14456380301975652
urn:mavedb:00000071-b-1#2301,c.307G>A,NA,p.Glu103Lys,0.31648720724397433
urn:mavedb:00000071-b-1#2302,c.305A>G,NA,p.Glu102Gly,-0.13044902987396487
urn:mavedb:00000071-b-1#2303,c.304G>C,NA,p.Glu102Gln,-0.4159503743737208
urn:mavedb:00000071-b-1#2304,c.302T>C,NA,p.Leu101Pro,0.4931045611344131
urn:mavedb:00000071-b-1#2305,c.302T>A,NA,p.Leu101Gln,0.7226585077614999
urn:mavedb:00000071-b-1#2306,c.299G>T,NA,p.Arg100Ile,0.05073329081557397
urn:mavedb:00000071-b-1#2307,c.292T>G,NA,p.Phe98Val,1.0342488998139585
urn:mavedb:00000071-b-1#2308,c.289T>G,NA,p.Phe97Val,0.0994990132601522
urn:mavedb:00000071-b-1#2309,c.290T>C,NA,p.Phe97Ser,-0.5802936927441232
urn:mavedb:00000071-b-1#2310,c.286A>G,NA,p.Ser96Gly,-0.3249842731715444
urn:mavedb:00000071-b-1#2311,c.288C>A,NA,p.Ser96Arg,-0.038420862154291004
urn:mavedb:00000071-b-1#2312,c.282C>G,NA,p.Asp94Glu,1.4801339682708945
urn:mavedb:00000071-b-1#2313,c.281A>G,NA,p.Asp94Gly,0.5204878171066263
urn:mavedb:00000071-b-1#2314,c.282C>A,NA,p.Asp94Glu,1.2022464343427428
urn:mavedb:00000071-b-1#2315,c.278T>C,NA,p.Val93Ala,0.11443685958733353
urn:mavedb:00000071-b-1#2316,c.274A>G,NA,p.Lys92Glu,-0.024042919196976983
urn:mavedb:00000071-b-1#2317,c.271G>C,NA,p.Ala91Pro,-0.01929125534704837
urn:mavedb:00000071-b-1#2318,c.271G>T,NA,p.Ala91Ser,0.05305958887763588
urn:mavedb:00000071-b-1#2319,c.268A>G,NA,p.Met90Val,-0.27171507722505506
urn:mavedb:00000071-b-1#2320,c.266A>G,NA,p.Glu89Gly,0.7027950339454913
urn:mavedb:00000071-b-1#2321,c.262A>G,NA,p.Asn88Asp,0.2411714147147508
urn:mavedb:00000071-b-1#2322,c.263A>T,NA,p.Asn88Ile,0.2653975464143392
urn:mavedb:00000071-b-1#2323,c.257T>C,NA,p.Phe86Ser,0.3368042114567332
urn:mavedb:00000071-b-1#2324,c.256T>C,NA,p.Phe86Leu,0.16684915637834288
urn:mavedb:00000071-b-1#2325,c.257T>A,NA,p.Phe86Tyr,0.4743077352066682
urn:mavedb:00000071-b-1#2326,c.253A>G,NA,p.Ile85Val,0.02339280866103425
urn:mavedb:00000071-b-1#2327,c.254T>A,NA,p.Ile85Asn,0.3251228375537864
urn:mavedb:00000071-b-1#2328,c.254T>C,NA,p.Ile85Thr,0.4514068099303056
urn:mavedb:00000071-b-1#2329,c.252G>T,NA,p.Glu84Asp,-0.1559200539828165
urn:mavedb:00000071-b-1#2330,c.250G>A,NA,p.Glu84Lys,0.4173477707646651
urn:mavedb:00000071-b-1#2331,c.249G>T,NA,p.Gln83His,0.4216458068537766
urn:mavedb:00000071-b-1#2332,c.247C>G,NA,p.Gln83Glu,-0.07811108353247577
urn:mavedb:00000071-b-1#2333,c.245T>G,NA,p.Leu82Arg,0.5852213754588289
urn:mavedb:00000071-b-1#2334,c.244C>G,NA,p.Leu82Val,0.8971382992311744
urn:mavedb:00000071-b-1#2335,c.245T>A,NA,p.Leu82Gln,0.33729386201524336
urn:mavedb:00000071-b-1#2336,c.244C>A,NA,p.Leu82Met,-0.046905294794810114
urn:mavedb:00000071-b-1#2337,c.241T>C,NA,p.Tyr81His,-0.6123296999881769
urn:mavedb:00000071-b-1#2338,c.236T>A,NA,p.Ile79Asn,-0.2638099962245661
urn:mavedb:00000071-b-1#2339,c.233G>T,NA,p.Arg78Leu,-0.2854103643390037
urn:mavedb:00000071-b-1#2340,c.232C>T,NA,p.Arg78Trp,0.0710983922170773
urn:mavedb:00000071-b-1#2341,c.233G>A,NA,p.Arg78Gln,0.07304360657347246
urn:mavedb:00000071-b-1#2342,c.230A>T,NA,p.Asn77Ile,0.08233198873302694
urn:mavedb:00000071-b-1#2343,c.228G>T,NA,p.Lys76Asn,0.07370074410224338
urn:mavedb:00000071-b-1#2344,c.224G>T,NA,p.Arg75Leu,0.22323286983702592
urn:mavedb:00000071-b-1#2345,c.220C>T,NA,p.Arg74Cys,0.15386616458310876
urn:mavedb:00000071-b-1#2346,c.221G>A,NA,p.Arg74His,0.2178461801109149
urn:mavedb:00000071-b-1#2347,c.220C>A,NA,p.Arg74Ser,-0.15835403919304344
urn:mavedb:00000071-b-1#2348,c.214T>C,NA,p.Tyr72His,-0.09385652870512763
urn:mavedb:00000071-b-1#2349,c.212G>A,NA,p.Arg71Lys,-0.0681311497853091
urn:mavedb:00000071-b-1#2350,c.209G>T,NA,p.Arg70Ile,-0.3245505199018132
urn:mavedb:00000071-b-1#2351,c.209G>A,NA,p.Arg70Lys,0.08149819614977585
urn:mavedb:00000071-b-1#2352,c.205C>T,NA,p.Arg69Trp,-0.043360743221764746
urn:mavedb:00000071-b-1#2353,c.206G>C,NA,p.Arg69Pro,0.8684757619301814
urn:mavedb:00000071-b-1#2354,c.203C>T,NA,p.Ala68Val,0.1464809716290841
urn:mavedb:00000071-b-1#2355,c.200C>T,NA,p.Thr67Ile,-0.4835686898223401
urn:mavedb:00000071-b-1#2356,c.197G>T,NA,p.Arg66Ile,-0.2718994017621259
urn:mavedb:00000071-b-1#2357,c.196A>G,NA,p.Arg66Gly,-0.19637560247027866
urn:mavedb:00000071-b-1#2358,c.194A>G,NA,p.Lys65Arg,0.12903165306291148
urn:mavedb:00000071-b-1#2359,c.190C>A,NA,p.Leu64Met,-0.13225510766477036
urn:mavedb:00000071-b-1#2360,c.185C>T,NA,p.Thr62Ile,0.056698496674074235
urn:mavedb:00000071-b-1#2361,c.184A>T,NA,p.Thr62Ser,0.6253289570687658
urn:mavedb:00000071-b-1#2362,c.184A>C,NA,p.Thr62Pro,-0.10802538354506168
urn:mavedb:00000071-b-1#2363,c.181G>T,NA,p.Ala61Ser,-0.2350595725815877
urn:mavedb:00000071-b-1#2364,c.178G>C,NA,p.Glu60Gln,1.0763515380921551
urn:mavedb:00000071-b-1#2365,c.178G>A,NA,p.Glu60Lys,0.5149758576886144
urn:mavedb:00000071-b-1#2366,c.172A>C,NA,p.Thr58Pro,-0.625217133076893
urn:mavedb:00000071-b-1#2367,c.173C>G,NA,p.Thr58Arg,-0.09635115712487978
urn:mavedb:00000071-b-1#2368,c.171G>C,NA,p.Glu57Asp,-0.05306622799958019
urn:mavedb:00000071-b-1#2369,c.167G>T,NA,p.Gly56Val,0.4188072471688571
urn:mavedb:00000071-b-1#2370,c.160G>T,NA,p.Asp54Tyr,-0.04417216513301425
urn:mavedb:00000071-b-1#2371,c.160G>A,NA,p.Asp54Asn,0.2994009237943281
urn:mavedb:00000071-b-1#2372,c.158T>C,NA,p.Phe53Ser,0.1280090455516449
urn:mavedb:00000071-b-1#2373,c.157T>C,NA,p.Phe53Leu,0.24026954270123566
urn:mavedb:00000071-b-1#2374,c.159C>A,NA,p.Phe53Leu,-0.36921781797288894
urn:mavedb:00000071-b-1#2375,c.155T>C,NA,p.Leu52Pro,0.4632309278235005
urn:mavedb:00000071-b-1#2376,c.155T>A,NA,p.Leu52Gln,0.31585471278156524
urn:mavedb:00000071-b-1#2377,c.151C>A,NA,p.Leu51Met,-0.08242908188899778
urn:mavedb:00000071-b-1#2378,c.148G>A,NA,p.Ala50Thr,0.016049298746993384
urn:mavedb:00000071-b-1#2379,c.148G>T,NA,p.Ala50Ser,0.38724818709231296
urn:mavedb:00000071-b-1#2380,c.146G>T,NA,p.Gly49Val,0.10379000256510572
urn:mavedb:00000071-b-1#2381,c.145G>T,NA,p.Gly49Trp,-0.11970532385276947
urn:mavedb:00000071-b-1#2382,c.146G>A,NA,p.Gly49Glu,0.6108630728841132
urn:mavedb:00000071-b-1#2383,c.145G>A,NA,p.Gly49Arg,0.24029081186811274
urn:mavedb:00000071-b-1#2384,c.142A>G,NA,p.Ile48Val,-0.03881575726053587
urn:mavedb:00000071-b-1#2385,c.143T>C,NA,p.Ile48Thr,0.8831694151168012
urn:mavedb:00000071-b-1#2386,c.140T>C,NA,p.Leu47Pro,0.5129472879546791
urn:mavedb:00000071-b-1#2387,c.137A>T,NA,p.Asn46Ile,0.0009572735133780355
urn:mavedb:00000071-b-1#2388,c.137A>C,NA,p.Asn46Thr,0.9287289459581992
urn:mavedb:00000071-b-1#2389,c.136A>C,NA,p.Asn46His,0.6061731864855088
urn:mavedb:00000071-b-1#2390,c.135A>C,NA,p.Lys45Asn,0.6341452964002582
urn:mavedb:00000071-b-1#2391,c.133A>C,NA,p.Lys45Gln,0.9518136862719668
urn:mavedb:00000071-b-1#2392,c.131A>T,NA,p.Lys44Met,-0.1281642441536518
urn:mavedb:00000071-b-1#2393,c.131A>G,NA,p.Lys44Arg,0.9861191833422396
urn:mavedb:00000071-b-1#2394,c.127A>G,NA,p.Ile43Val,0.11317393118204964
urn:mavedb:00000071-b-1#2395,c.128T>A,NA,p.Ile43Asn,0.11026783944072123
urn:mavedb:00000071-b-1#2396,c.125G>T,NA,p.Ser42Ile,0.4581483880195872
urn:mavedb:00000071-b-1#2397,c.124A>T,NA,p.Ser42Cys,0.8555726999658465
urn:mavedb:00000071-b-1#2398,c.121C>A,NA,p.His41Asn,0.01055969096141776
urn:mavedb:00000071-b-1#2399,c.118C>A,NA,p.Arg40Ser,-0.04353324337705748
urn:mavedb:00000071-b-1#2400,c.112A>C,NA,p.Thr38Pro,1.8570537723568803
urn:mavedb:00000071-b-1#2401,c.109A>G,NA,p.Asn37Asp,0.01999039521853109
urn:mavedb:00000071-b-1#2402,c.107G>A,NA,p.Gly36Glu,0.52669995521764
urn:mavedb:00000071-b-1#2403,c.106G>A,NA,p.Gly36Arg,-0.3312509284821875
urn:mavedb:00000071-b-1#2404,c.104T>A,NA,p.Leu35Gln,0.08343764343025828
urn:mavedb:00000071-b-1#2405,c.100G>A,NA,p.Val34Met,0.2012760819693836
urn:mavedb:00000071-b-1#2406,c.95T>C,NA,p.Phe32Ser,0.05954138994598104
urn:mavedb:00000071-b-1#2407,c.96C>A,NA,p.Phe32Leu,0.09762215335519628
urn:mavedb:00000071-b-1#2408,c.94T>C,NA,p.Phe32Leu,0.4389270732983826
urn:mavedb:00000071-b-1#2409,c.92A>T,NA,p.Lys31Met,-0.19971825367975865
urn:mavedb:00000071-b-1#2410,c.89A>C,NA,p.Lys30Thr,1.0206762497950228
urn:mavedb:00000071-b-1#2411,c.86G>T,NA,p.Ser29Ile,0.22521525557799324
urn:mavedb:00000071-b-1#2412,c.86G>C,NA,p.Ser29Thr,1.2829307534342806
urn:mavedb:00000071-b-1#2413,c.83C>T,NA,p.Pro28Leu,0.5927006555367897
urn:mavedb:00000071-b-1#2414,c.83C>A,NA,p.Pro28Gln,-0.03734973471290422
urn:mavedb:00000071-b-1#2415,c.82C>A,NA,p.Pro28Thr,-0.06657354883288047
urn:mavedb:00000071-b-1#2416,c.79G>T,NA,p.Val27Phe,-0.10040115170271932
urn:mavedb:00000071-b-1#2417,c.80T>C,NA,p.Val27Ala,-0.14984545482282954
urn:mavedb:00000071-b-1#2418,c.80T>A,NA,p.Val27Asp,1.3611164644545497
urn:mavedb:00000071-b-1#2419,c.77A>T,NA,p.Lys26Ile,-0.3431075276203395
urn:mavedb:00000071-b-1#2420,c.77A>G,NA,p.Lys26Arg,-0.04534784698057314
urn:mavedb:00000071-b-1#2421,c.77A>C,NA,p.Lys26Thr,-0.4536906936854085
urn:mavedb:00000071-b-1#2422,c.73T>A,NA,p.Tyr25Asn,-0.14086673280586062
urn:mavedb:00000071-b-1#2423,c.72A>T,NA,p.Glu24Asp,0.35698917031356026
urn:mavedb:00000071-b-1#2424,c.67G>C,NA,p.Asp23His,-0.5180405813360804
urn:mavedb:00000071-b-1#2425,c.65C>T,NA,p.Thr22Ile,-0.5925572006925549
urn:mavedb:00000071-b-1#2426,c.65C>G,NA,p.Thr22Arg,-0.07093613100554341
urn:mavedb:00000071-b-1#2427,c.64A>G,NA,p.Thr22Ala,-0.007614397212819448
urn:mavedb:00000071-b-1#2428,c.64A>C,NA,p.Thr22Pro,-0.08778474589680288
urn:mavedb:00000071-b-1#2429,c.61A>T,NA,p.Ile21Phe,0.3384083738902432
urn:mavedb:00000071-b-1#2430,c.62T>C,NA,p.Ile21Thr,1.0189604733930944
urn:mavedb:00000071-b-1#2431,c.62T>A,NA,p.Ile21Asn,0.6445649586115965
urn:mavedb:00000071-b-1#2432,c.61A>G,NA,p.Ile21Val,0.9575865899493125
urn:mavedb:00000071-b-1#2433,c.59T>A,NA,p.Val20Asp,0.03065770976972759
urn:mavedb:00000071-b-1#2434,c.55G>C,NA,p.Ala19Pro,-0.7166881717317007
urn:mavedb:00000071-b-1#2435,c.54G>T,NA,p.Trp18Cys,-0.3585034363975937
urn:mavedb:00000071-b-1#2436,c.53G>T,NA,p.Trp18Leu,0.36823979807706936
urn:mavedb:00000071-b-1#2437,c.49G>T,NA,p.Gly17Cys,-0.028736567266691663
urn:mavedb:00000071-b-1#2438,c.49G>C,NA,p.Gly17Arg,-0.13183006023079527
urn:mavedb:00000071-b-1#2439,c.50G>A,NA,p.Gly17Asp,0.5057154669634027
urn:mavedb:00000071-b-1#2440,c.49G>A,NA,p.Gly17Ser,-0.5809091328701783
urn:mavedb:00000071-b-1#2441,c.44C>T,NA,p.Ser15Leu,-0.3276261198315813
urn:mavedb:00000071-b-1#2442,c.43T>C,NA,p.Ser15Pro,-0.3012426087862707
urn:mavedb:00000071-b-1#2443,c.43T>A,NA,p.Ser15Thr,0.2330938188649175
urn:mavedb:00000071-b-1#2444,c.42C>G,NA,p.Asn14Lys,-0.1673678574139996
urn:mavedb:00000071-b-1#2445,c.40A>C,NA,p.Asn14His,0.2766973435447556
urn:mavedb:00000071-b-1#2446,c.42C>A,NA,p.Asn14Lys,0.2837388965723662
urn:mavedb:00000071-b-1#2447,c.34G>A,NA,p.Gly12Arg,0.0661748218877198
urn:mavedb:00000071-b-1#2448,c.31A>G,NA,p.Ile11Val,-0.6099539313835324
urn:mavedb:00000071-b-1#2449,c.29A>G,NA,p.Asp10Gly,-0.14501489224813707
urn:mavedb:00000071-b-1#2450,c.26T>C,NA,p.Leu9Pro,0.02060296839161547
urn:mavedb:00000071-b-1#2451,c.26T>A,NA,p.Leu9Gln,-0.4533282199407966
urn:mavedb:00000071-b-1#2452,c.25C>A,NA,p.Leu9Met,-0.2158037212762132
urn:mavedb:00000071-b-1#2453,c.23G>T,NA,p.Gly8Val,-0.41434215731252905
urn:mavedb:00000071-b-1#2454,c.22G>T,NA,p.Gly8Trp,-0.30177975507119786
urn:mavedb:00000071-b-1#2455,c.23G>A,NA,p.Gly8Glu,0.9559303294135304
urn:mavedb:00000071-b-1#2456,c.22G>A,NA,p.Gly8Arg,-0.2352843432842912
urn:mavedb:00000071-b-1#2457,c.19A>G,NA,p.Ile7Val,0.4880826120412528
urn:mavedb:00000071-b-1#2458,c.20T>C,NA,p.Ile7Thr,0.622888189316439
urn:mavedb:00000071-b-1#2459,c.20T>A,NA,p.Ile7Asn,0.3513922047344491
urn:mavedb:00000071-b-1#2460,c.17C>T,NA,p.Ser6Leu,-0.20803281095737367
urn:mavedb:00000071-b-1#2461,c.16T>C,NA,p.Ser6Pro,0.33452207314103954
urn:mavedb:00000071-b-1#2462,c.14A>T,NA,p.Tyr5Phe,-0.1236614535104926
urn:mavedb:00000071-b-1#2463,c.14A>G,NA,p.Tyr5Cys,0.07304073657791986
urn:mavedb:00000071-b-1#2464,c.13T>C,NA,p.Tyr5His,-0.4537920626968879
urn:mavedb:00000071-b-1#2465,c.13T>A,NA,p.Tyr5Asn,0.8681360321904743
urn:mavedb:00000071-b-1#2466,c.11A>G,NA,p.Lys4Arg,-0.06710599214134293
urn:mavedb:00000071-b-1#2467,c.10A>G,NA,p.Lys4Glu,-0.3791571786077209
urn:mavedb:00000071-b-1#2468,c.10A>C,NA,p.Lys4Gln,-0.3652850040261633
urn:mavedb:00000071-b-1#2469,c.8A>G,NA,p.Lys3Arg,0.7089954551780615
urn:mavedb:00000071-b-1#2470,c.7A>G,NA,p.Lys3Glu,0.032784090601794755
