accession,hgvs_nt,hgvs_splice,hgvs_pro,score,ambler,err
urn:mavedb:00000085-b-1#1,NA,NA,p.Trp286Tyr,NA,290,NA
urn:mavedb:00000085-b-1#2,NA,NA,p.Trp286Val,0.005645118749565453,290,0.0015445307739903
urn:mavedb:00000085-b-1#3,NA,NA,p.Trp286Thr,0.0030532097317304547,290,0.000910718789336401
urn:mavedb:00000085-b-1#4,NA,NA,p.Trp286Ser,0.003066858772395989,290,0.12903506488608002
urn:mavedb:00000085-b-1#5,NA,NA,p.Trp286Arg,0.015169192808369569,290,0.00337988732621437
urn:mavedb:00000085-b-1#6,NA,NA,p.Trp286Met,0.2821502696728873,290,0.0602179975760908
urn:mavedb:00000085-b-1#7,NA,NA,p.Trp286Leu,0.4364475076259081,290,0.10788459216441801
urn:mavedb:00000085-b-1#8,NA,NA,p.Trp286Gly,0.00525716549730704,290,0.00156812004995642
urn:mavedb:00000085-b-1#9,NA,NA,p.Trp286Glu,NA,290,NA
urn:mavedb:00000085-b-1#10,NA,NA,p.Trp286Asp,NA,290,NA
urn:mavedb:00000085-b-1#11,NA,NA,p.Trp286Cys,0.3114461122013238,290,0.111430737779299
urn:mavedb:00000085-b-1#12,NA,NA,p.His285Tyr,0.9043377920760988,289,0.301515491189443
urn:mavedb:00000085-b-1#13,NA,NA,p.His285Val,NA,289,NA
urn:mavedb:00000085-b-1#14,NA,NA,p.His285Thr,NA,289,NA
urn:mavedb:00000085-b-1#15,NA,NA,p.His285Ser,NA,289,0.158136184557615
urn:mavedb:00000085-b-1#16,NA,NA,p.His285Arg,0.6070624644453371,289,0.132301998618798
urn:mavedb:00000085-b-1#17,NA,NA,p.His285Gln,0.4726900377095702,289,0.120519352808343
urn:mavedb:00000085-b-1#18,NA,NA,p.His285Pro,NA,289,NA
urn:mavedb:00000085-b-1#19,NA,NA,p.His285Asn,0.5629758096220426,289,0.20142428291906503
urn:mavedb:00000085-b-1#20,NA,NA,p.His285Leu,0.5365844984690079,289,0.136810195526498
urn:mavedb:00000085-b-1#21,NA,NA,p.His285Ile,NA,289,NA
urn:mavedb:00000085-b-1#22,NA,NA,p.His285Gly,0.5941930841213476,289,0.17723735142700303
urn:mavedb:00000085-b-1#23,NA,NA,p.Arg255Gly,0.012159473918695457,259,0.00245200127565289
urn:mavedb:00000085-b-1#24,NA,NA,p.Arg255Glu,0.031604131057358986,259,0.0113074830689128
urn:mavedb:00000085-b-1#25,NA,NA,p.Arg255Asp,NA,259,NA
urn:mavedb:00000085-b-1#26,NA,NA,p.Arg255Cys,0.029633616297816082,259,0.00988015147884431
urn:mavedb:00000085-b-1#27,NA,NA,p.Arg255Ala,0.04758712682309888,259,0.0158660359481621
urn:mavedb:00000085-b-1#28,NA,NA,p.Ser254Tyr,0.631307463855883,258,0.132088740585003
urn:mavedb:00000085-b-1#29,NA,NA,p.Ser254Trp,NA,258,NA
urn:mavedb:00000085-b-1#30,NA,NA,p.Ser254Val,0.6810603594570903,258,0.110044181391878
urn:mavedb:00000085-b-1#31,NA,NA,p.Ser254Thr,0.8820153264657278,258,0.277042676346489
urn:mavedb:00000085-b-1#32,NA,NA,p.Ser254Arg,0.5899915546408009,258,0.14171562255042097
urn:mavedb:00000085-b-1#33,NA,NA,p.Ser254Gln,NA,258,0.4020498006480379
urn:mavedb:00000085-b-1#34,NA,NA,p.Ser254Pro,0.3609713145715559,258,0.0892277819787336
urn:mavedb:00000085-b-1#35,NA,NA,p.Ser254Asn,NA,258,NA
urn:mavedb:00000085-b-1#36,NA,NA,p.Ser254Met,NA,258,NA
urn:mavedb:00000085-b-1#37,NA,NA,p.Ser254Leu,0.5635879374479039,258,0.125574495034203
urn:mavedb:00000085-b-1#38,NA,NA,p.Ser254Lys,NA,258,NA
urn:mavedb:00000085-b-1#39,NA,NA,p.Ser254Ile,0.5565131454760013,258,0.126941749015221
urn:mavedb:00000085-b-1#40,NA,NA,p.Ser254His,0.4716113634032278,258,0.168735457308109
urn:mavedb:00000085-b-1#41,NA,NA,p.Ser254Gly,0.6113469635673154,258,0.13047689095930198
urn:mavedb:00000085-b-1#42,NA,NA,p.Ser254Phe,0.6194204680029103,258,0.113778152518639
urn:mavedb:00000085-b-1#43,NA,NA,p.Ser254Glu,0.7486363743864435,258,0.235148096123714
urn:mavedb:00000085-b-1#44,NA,NA,p.Ser254Asp,0.9039543289474468,258,0.201412416499865
urn:mavedb:00000085-b-1#45,NA,NA,p.Ser254Cys,0.6588354621032765,258,0.11938573177138198
urn:mavedb:00000085-b-1#46,NA,NA,p.Ser254Ala,0.8434843747851174,258,0.147132117053459
urn:mavedb:00000085-b-1#47,NA,NA,p.Pro253Thr,0.4863965154067101,257,0.0750063017760897
urn:mavedb:00000085-b-1#48,NA,NA,p.Pro253Ser,0.5519039880629389,257,0.10281328588255301
urn:mavedb:00000085-b-1#49,NA,NA,p.Pro253Arg,0.5071370502410248,257,0.0827699269840383
urn:mavedb:00000085-b-1#50,NA,NA,p.Pro253Gln,NA,257,NA
urn:mavedb:00000085-b-1#51,NA,NA,p.Pro253Asn,0.4592436655640552,257,0.1369843122031
urn:mavedb:00000085-b-1#52,NA,NA,p.Pro253Leu,0.4576412018860766,257,0.10702895471937099
urn:mavedb:00000085-b-1#53,NA,NA,p.Pro253Ile,NA,257,NA
urn:mavedb:00000085-b-1#54,NA,NA,p.Pro253His,0.5258127601300067,257,0.156840702866431
urn:mavedb:00000085-b-1#55,NA,NA,p.Pro253Gly,0.3907950082922734,257,0.0938687299065729
urn:mavedb:00000085-b-1#56,NA,NA,p.Pro253Glu,0.3547098949593413,257,0.111415046516129
urn:mavedb:00000085-b-1#57,NA,NA,p.Pro253Asp,NA,257,NA
urn:mavedb:00000085-b-1#58,NA,NA,p.Pro253Ala,0.5267055827517572,257,0.0842741127151777
urn:mavedb:00000085-b-1#59,NA,NA,p.Lys252Trp,0.4546432848345772,256,0.15158273218702698
urn:mavedb:00000085-b-1#60,NA,NA,p.Lys252Val,NA,256,NA
urn:mavedb:00000085-b-1#61,NA,NA,p.Lys252Thr,0.4212532989377497,256,0.0717768603851006
urn:mavedb:00000085-b-1#62,NA,NA,p.Lys252Ser,0.7314490275239279,256,0.140379847802228
urn:mavedb:00000085-b-1#63,NA,NA,p.Lys252Arg,0.5914943055618201,256,0.0825183399485844
urn:mavedb:00000085-b-1#64,NA,NA,p.Lys252Gln,0.5574197077642792,256,0.101008466518756
urn:mavedb:00000085-b-1#65,NA,NA,p.Lys252Pro,0.4835761386085706,256,0.161229242256181
urn:mavedb:00000085-b-1#66,NA,NA,p.Lys252Asn,0.2657123712089745,256,0.14505312215282998
urn:mavedb:00000085-b-1#67,NA,NA,p.Lys252Met,0.6249523910507874,256,0.142552876272806
urn:mavedb:00000085-b-1#68,NA,NA,p.Lys252Leu,0.8090296813617371,256,0.18454127021463898
urn:mavedb:00000085-b-1#69,NA,NA,p.Lys252Ile,0.5534172874425624,256,0.18451499729199697
urn:mavedb:00000085-b-1#70,NA,NA,p.Lys252Gly,0.5051248485316989,256,0.10012292863732598
urn:mavedb:00000085-b-1#71,NA,NA,p.Lys252Glu,0.7285608440652649,256,0.105316402700476
urn:mavedb:00000085-b-1#72,NA,NA,p.Lys252Asp,NA,256,NA
urn:mavedb:00000085-b-1#73,NA,NA,p.Lys252Cys,NA,256,NA
urn:mavedb:00000085-b-1#74,NA,NA,p.Lys252Ala,0.691069381506087,256,0.189079800452515
urn:mavedb:00000085-b-1#75,NA,NA,p.Gly251Tyr,NA,255,NA
urn:mavedb:00000085-b-1#76,NA,NA,p.Gly251Trp,0.3055718243093351,255,0.0959806859161498
urn:mavedb:00000085-b-1#77,NA,NA,p.Gly251Val,0.3767450273762862,255,0.0375397568234989
urn:mavedb:00000085-b-1#78,NA,NA,p.Gly251Ser,0.5552969912604194,255,0.12102033328297399
urn:mavedb:00000085-b-1#79,NA,NA,p.Gly251Arg,0.5143124472728008,255,0.0807519546504225
urn:mavedb:00000085-b-1#80,NA,NA,p.Gly251Gln,0.8542991443401353,255,0.305655393368692
urn:mavedb:00000085-b-1#81,NA,NA,p.Gly251Pro,NA,255,NA
urn:mavedb:00000085-b-1#82,NA,NA,p.Gly251Met,NA,255,NA
urn:mavedb:00000085-b-1#83,NA,NA,p.Gly251Leu,0.5534172874425624,255,0.18451499729199697
urn:mavedb:00000085-b-1#84,NA,NA,p.Gly251Ile,0.3016698219101412,255,0.07055178942882599
urn:mavedb:00000085-b-1#85,NA,NA,p.Gly251Phe,0.2981795170391462,255,0.0889417081115141
urn:mavedb:00000085-b-1#86,NA,NA,p.Gly251Glu,0.5459868051103516,255,0.18203759830480395
urn:mavedb:00000085-b-1#87,NA,NA,p.Gly251Asp,0.5326002821116942,255,0.10740074610819
urn:mavedb:00000085-b-1#88,NA,NA,p.Gly251Cys,0.5798628401642372,255,0.10370574997145099
urn:mavedb:00000085-b-1#89,NA,NA,p.Gly251Ala,0.6291588392940274,255,0.12687212348597698
urn:mavedb:00000085-b-1#90,NA,NA,p.Asp250Tyr,0.5922680105236998,254,0.17666313581449103
urn:mavedb:00000085-b-1#91,NA,NA,p.Asp250Trp,NA,254,NA
urn:mavedb:00000085-b-1#92,NA,NA,p.Asp250Val,0.5400120683574693,254,0.09919203295554198
urn:mavedb:00000085-b-1#93,NA,NA,p.Asp250Thr,0.56974870998863,254,0.20384752487068303
urn:mavedb:00000085-b-1#94,NA,NA,p.Asp250Ser,0.473247040937601,254,0.141161272905892
urn:mavedb:00000085-b-1#95,NA,NA,p.Asp250Arg,0.6407859329726673,254,0.134071924881071
urn:mavedb:00000085-b-1#96,NA,NA,p.Asp250Gln,NA,254,NA
urn:mavedb:00000085-b-1#97,NA,NA,p.Asp250Asn,0.5329754454266129,254,0.15897720597459603
urn:mavedb:00000085-b-1#98,NA,NA,p.Asp250Leu,0.5343190284922285,254,0.167830613861895
urn:mavedb:00000085-b-1#99,NA,NA,p.Asp250Lys,NA,254,NA
urn:mavedb:00000085-b-1#100,NA,NA,p.Asp250Ile,0.6669591862941102,254,0.23862797217835396
urn:mavedb:00000085-b-1#101,NA,NA,p.Asp250His,0.6270992160325364,254,0.150628860874182
urn:mavedb:00000085-b-1#102,NA,NA,p.Asp250Gly,0.6797678417662233,254,0.107730021484087
urn:mavedb:00000085-b-1#103,NA,NA,p.Asp250Phe,0.801697724733114,254,0.23913233791144897
urn:mavedb:00000085-b-1#104,NA,NA,p.Asp250Glu,0.8893687487344993,254,0.139639367559809
urn:mavedb:00000085-b-1#105,NA,NA,p.Asp250Cys,0.6806958173882992,254,0.213807839125393
urn:mavedb:00000085-b-1#106,NA,NA,p.Asp250Ala,0.6145015553059716,254,0.11981321436012501
urn:mavedb:00000085-b-1#107,NA,NA,p.Pro249Tyr,NA,252,NA
urn:mavedb:00000085-b-1#108,NA,NA,p.Pro249Trp,0.0723272800417152,252,0.0258776136894222
urn:mavedb:00000085-b-1#109,NA,NA,p.Pro249Val,0.2981795170391462,252,0.0581379267217987
urn:mavedb:00000085-b-1#110,NA,NA,p.Pro249Thr,0.4185838503495265,252,0.0605079805021441
urn:mavedb:00000085-b-1#111,NA,NA,p.Pro249Ser,0.3745789392093594,252,0.0515640606606985
urn:mavedb:00000085-b-1#112,NA,NA,p.Pro249Arg,0.5773592959614298,252,0.10462166353844501
urn:mavedb:00000085-b-1#113,NA,NA,p.Pro249Gln,0.4638006390003118,252,0.0935270527394166
urn:mavedb:00000085-b-1#114,NA,NA,p.Pro249Leu,0.1610660550868707,252,0.0212306847940862
urn:mavedb:00000085-b-1#115,NA,NA,p.Pro249Lys,NA,252,NA
urn:mavedb:00000085-b-1#116,NA,NA,p.Pro249Ile,0.2358056817016141,252,0.0843677286540543
urn:mavedb:00000085-b-1#117,NA,NA,p.Pro249His,0.3171905250878835,252,0.0502685475580621
urn:mavedb:00000085-b-1#118,NA,NA,p.Pro249Gly,0.0986597206623591,252,0.0215017053290037
urn:mavedb:00000085-b-1#119,NA,NA,p.Pro249Glu,NA,252,NA
urn:mavedb:00000085-b-1#120,NA,NA,p.Pro249Asp,NA,252,NA
urn:mavedb:00000085-b-1#121,NA,NA,p.Pro249Cys,NA,252,NA
urn:mavedb:00000085-b-1#122,NA,NA,p.Pro249Ala,0.29112606099153165,252,0.0420834439920039
urn:mavedb:00000085-b-1#123,NA,NA,p.Gly248Trp,0.013729857293735872,251,0.00247643375083454
urn:mavedb:00000085-b-1#124,NA,NA,p.Gly248Val,0.0017056179197483072,251,0.000434872646824595
urn:mavedb:00000085-b-1#125,NA,NA,p.Gly248Ser,NA,251,NA
urn:mavedb:00000085-b-1#126,NA,NA,p.Gly248Arg,0.0020432863365515523,251,0.000505075889407844
urn:mavedb:00000085-b-1#127,NA,NA,p.Gly248Met,NA,251,NA
urn:mavedb:00000085-b-1#128,NA,NA,p.Gly248Glu,0.00878267686944234,251,0.00681330219241704
urn:mavedb:00000085-b-1#129,NA,NA,p.Gly248Ala,0.01992504968436369,251,0.00594329205014251
urn:mavedb:00000085-b-1#130,NA,NA,p.Leu247Trp,0.3271893870575,250,0.117063444894782
urn:mavedb:00000085-b-1#131,NA,NA,p.Leu247Val,0.7148291564648258,250,0.21322097109556898
urn:mavedb:00000085-b-1#132,NA,NA,p.Leu247Thr,0.3335286899644471,250,0.0711834508154851
urn:mavedb:00000085-b-1#133,NA,NA,p.Leu247Ser,0.2511951780785817,250,0.231721239226023
urn:mavedb:00000085-b-1#134,NA,NA,p.Leu247Arg,0.0016891441747518038,250,0.000445421559760713
urn:mavedb:00000085-b-1#135,NA,NA,p.Leu247Gln,0.005517177170773709,250,0.00197396306620459
urn:mavedb:00000085-b-1#136,NA,NA,p.Leu247Pro,0.0020662671193365767,250,0.19937360346185398
urn:mavedb:00000085-b-1#137,NA,NA,p.Leu247Met,NA,250,NA
urn:mavedb:00000085-b-1#138,NA,NA,p.Leu247Ile,NA,250,NA
urn:mavedb:00000085-b-1#139,NA,NA,p.Leu247His,NA,250,NA
urn:mavedb:00000085-b-1#140,NA,NA,p.Leu247Gly,0.002037516538004453,250,0.0006077553649393821
urn:mavedb:00000085-b-1#141,NA,NA,p.Leu247Phe,NA,250,NA
urn:mavedb:00000085-b-1#142,NA,NA,p.Leu247Asp,NA,250,NA
urn:mavedb:00000085-b-1#143,NA,NA,p.Leu247Cys,0.5243076128440376,250,0.17480953334717098
urn:mavedb:00000085-b-1#144,NA,NA,p.Leu247Ala,0.17976658697818435,250,0.0284895181669112
urn:mavedb:00000085-b-1#145,NA,NA,p.Ala246Trp,0.16802075904942332,249,0.0443065012961191
urn:mavedb:00000085-b-1#146,NA,NA,p.Ala246Val,0.7846004799411216,249,0.140322116825434
urn:mavedb:00000085-b-1#147,NA,NA,p.Ala246Thr,0.7303551706233049,249,0.162732336256076
urn:mavedb:00000085-b-1#148,NA,NA,p.Ala246Ser,0.5872297302948889,249,0.175160305392252
urn:mavedb:00000085-b-1#149,NA,NA,p.Ala246Arg,0.014737855106350872,249,0.00328377985030655
urn:mavedb:00000085-b-1#150,NA,NA,p.Ala246Gln,0.16571170375294447,249,0.0323098480586387
urn:mavedb:00000085-b-1#151,NA,NA,p.Ala246Pro,0.0016274245522465592,249,0.0005111771190110861
urn:mavedb:00000085-b-1#152,NA,NA,p.Ala246Leu,0.6933689170493402,249,0.206819758936368
urn:mavedb:00000085-b-1#153,NA,NA,p.Ala246Lys,NA,249,NA
urn:mavedb:00000085-b-1#154,NA,NA,p.Ala246Ile,NA,249,NA
urn:mavedb:00000085-b-1#155,NA,NA,p.Ala246His,NA,249,NA
urn:mavedb:00000085-b-1#156,NA,NA,p.Ala246Gly,0.2045169946239456,249,0.0191363212291281
urn:mavedb:00000085-b-1#157,NA,NA,p.Ala246Glu,0.18000641950484725,249,0.0223531929320233
urn:mavedb:00000085-b-1#158,NA,NA,p.Ala246Asp,0.016785279567570848,249,0.00442622099271401
urn:mavedb:00000085-b-1#159,NA,NA,p.Ala245Val,0.08940753925905763,248,0.0126467014108171
urn:mavedb:00000085-b-1#160,NA,NA,p.Ala245Thr,0.22963828496870226,248,0.0567638313572861
urn:mavedb:00000085-b-1#161,NA,NA,p.Ala245Ser,0.5899838255101275,248,0.150425147867319
urn:mavedb:00000085-b-1#162,NA,NA,p.Ala245Arg,NA,248,NA
urn:mavedb:00000085-b-1#163,NA,NA,p.Ala245Met,NA,248,NA
urn:mavedb:00000085-b-1#164,NA,NA,p.Ala245Leu,NA,248,NA
urn:mavedb:00000085-b-1#165,NA,NA,p.Ala245Ile,0.014737855106350872,248,0.00462918806482766
urn:mavedb:00000085-b-1#166,NA,NA,p.Ala245Gly,0.5503283566284841,248,0.0864067955830224
urn:mavedb:00000085-b-1#167,NA,NA,p.Ala245Glu,NA,248,NA
urn:mavedb:00000085-b-1#168,NA,NA,p.Ala245Asp,NA,248,0.07864076928205001
urn:mavedb:00000085-b-1#169,NA,NA,p.Ala245Cys,NA,248,NA
urn:mavedb:00000085-b-1#170,NA,NA,p.Ile244Tyr,0.0055662390434789676,247,0.0014677982577252
urn:mavedb:00000085-b-1#171,NA,NA,p.Ile244Trp,NA,247,NA
urn:mavedb:00000085-b-1#172,NA,NA,p.Ile244Val,0.7643944637198999,247,0.11892926211488301
urn:mavedb:00000085-b-1#173,NA,NA,p.Ile244Thr,0.2825723646314951,247,0.0317141568408
urn:mavedb:00000085-b-1#174,NA,NA,p.Ile244Ser,0.023522023145847337,247,0.00438187899079691
urn:mavedb:00000085-b-1#175,NA,NA,p.Ile244Arg,0.0012483067778380522,247,0.000229295036724944
urn:mavedb:00000085-b-1#176,NA,NA,p.Ile244Gln,NA,247,NA
urn:mavedb:00000085-b-1#177,NA,NA,p.Ile244Pro,0.0009676319951591149,247,0.000255161257991179
urn:mavedb:00000085-b-1#178,NA,NA,p.Ile244Asn,0.006026538288821662,247,0.00189294703452596
urn:mavedb:00000085-b-1#179,NA,NA,p.Ile244Met,0.4873223591324694,247,0.100055497249776
urn:mavedb:00000085-b-1#180,NA,NA,p.Ile244Leu,0.4820685057186261,247,0.0736951657848243
urn:mavedb:00000085-b-1#181,NA,NA,p.Ile244Lys,0.001145591866528033,247,0.000341709914951282
urn:mavedb:00000085-b-1#182,NA,NA,p.Ile244His,0.0015531349696517255,247,0.208890655696622
urn:mavedb:00000085-b-1#183,NA,NA,p.Ile244Gly,0.005564199969273157,247,0.000982582981323104
urn:mavedb:00000085-b-1#184,NA,NA,p.Ile244Phe,0.039631521259751834,247,0.0118213860928527
urn:mavedb:00000085-b-1#185,NA,NA,p.Ile244Glu,0.002250301049345061,247,0.00047083148634047197
urn:mavedb:00000085-b-1#186,NA,NA,p.Ile244Asp,0.004937123946002868,247,0.000782438409252385
urn:mavedb:00000085-b-1#187,NA,NA,p.Ile244Cys,0.40541983170423707,247,0.135171128272341
urn:mavedb:00000085-b-1#188,NA,NA,p.Ile244Ala,0.3210163841806061,247,0.04206876219337
urn:mavedb:00000085-b-1#189,NA,NA,p.Ile243Tyr,0.2981795170391462,246,0.0581379267217987
urn:mavedb:00000085-b-1#190,NA,NA,p.Ile243Trp,0.08246269390536058,246,0.0295039124302923
urn:mavedb:00000085-b-1#191,NA,NA,p.Ile243Val,0.5886016452493267,246,0.11296454881613499
urn:mavedb:00000085-b-1#192,NA,NA,p.Ile243Thr,0.057683993699927535,246,0.010062033591708
urn:mavedb:00000085-b-1#193,NA,NA,p.Ile243Ser,0.014060191338844627,246,0.0030008001372584803
urn:mavedb:00000085-b-1#194,NA,NA,p.Ile243Arg,0.0010783511669538233,246,0.00023501373080487997
urn:mavedb:00000085-b-1#195,NA,NA,p.Ile243Asn,0.011399075746256815,246,0.00290636383666763
urn:mavedb:00000085-b-1#196,NA,NA,p.Ile243Met,0.2850209306164761,246,0.0516478458266022
urn:mavedb:00000085-b-1#197,NA,NA,p.Ile243Leu,0.5839914609343102,246,0.10444413443696801
urn:mavedb:00000085-b-1#198,NA,NA,p.Ile243Lys,NA,246,NA
urn:mavedb:00000085-b-1#199,NA,NA,p.Ile243His,0.009870225976469941,246,0.0049137519856034895
urn:mavedb:00000085-b-1#200,NA,NA,p.Ile243Gly,0.0022059863421745227,246,0.000452926191988016
urn:mavedb:00000085-b-1#201,NA,NA,p.Ile243Phe,0.15443678964400506,246,0.0195779990010708
urn:mavedb:00000085-b-1#202,NA,NA,p.Ile243Glu,0.02482130234417296,246,0.007403758145309641
urn:mavedb:00000085-b-1#203,NA,NA,p.Ile243Asp,0.013511742226270756,246,0.0034450195657050103
urn:mavedb:00000085-b-1#204,NA,NA,p.Ile243Cys,0.4332349102681311,246,0.144444960626966
urn:mavedb:00000085-b-1#205,NA,NA,p.Ile243Ala,0.04598052498342987,246,0.0125804857243444
urn:mavedb:00000085-b-1#206,NA,NA,p.Gly242Tyr,NA,245,NA
urn:mavedb:00000085-b-1#207,NA,NA,p.Gly242Trp,NA,245,NA
urn:mavedb:00000085-b-1#208,NA,NA,p.Gly242Val,0.004279210308496498,245,0.000618577075285803
urn:mavedb:00000085-b-1#209,NA,NA,p.Gly242Thr,NA,245,NA
urn:mavedb:00000085-b-1#210,NA,NA,p.Gly242Ser,0.35544397207010164,245,0.0428757189502079
urn:mavedb:00000085-b-1#211,NA,NA,p.Gly242Arg,0.0011870543944647418,245,0.000224387891768479
urn:mavedb:00000085-b-1#212,NA,NA,p.Gly242Gln,NA,245,NA
urn:mavedb:00000085-b-1#213,NA,NA,p.Gly242Pro,NA,245,NA
urn:mavedb:00000085-b-1#214,NA,NA,p.Gly242Asn,NA,245,NA
urn:mavedb:00000085-b-1#215,NA,NA,p.Gly242Met,NA,245,NA
urn:mavedb:00000085-b-1#216,NA,NA,p.Gly242Leu,0.0013584291217665972,245,0.000405195526634658
urn:mavedb:00000085-b-1#217,NA,NA,p.Gly242Glu,0.0025547273990621077,245,0.0006136440105911769
urn:mavedb:00000085-b-1#218,NA,NA,p.Gly242Asp,0.0016184290121240375,245,0.00030149447784956
urn:mavedb:00000085-b-1#219,NA,NA,p.Gly242Cys,0.2688277835071519,245,0.0358596449364287
urn:mavedb:00000085-b-1#220,NA,NA,p.Gly242Ala,0.5559041103162088,245,0.0724339918173332
urn:mavedb:00000085-b-1#221,NA,NA,p.Arg241Tyr,NA,244,NA
urn:mavedb:00000085-b-1#222,NA,NA,p.Arg241Trp,NA,244,NA
urn:mavedb:00000085-b-1#223,NA,NA,p.Arg241Val,0.05066979769348785,244,0.0144404525190529
urn:mavedb:00000085-b-1#224,NA,NA,p.Arg241Thr,0.13082294933228394,244,0.0390221859949951
urn:mavedb:00000085-b-1#225,NA,NA,p.Arg241Ser,0.27494419562766165,244,0.0463248163473499
urn:mavedb:00000085-b-1#226,NA,NA,p.Arg241Gln,0.09324319480689333,244,0.0245879125587731
urn:mavedb:00000085-b-1#227,NA,NA,p.Arg241Pro,NA,244,NA
urn:mavedb:00000085-b-1#228,NA,NA,p.Arg241Asn,0.05895142042540327,244,0.0168006431115704
urn:mavedb:00000085-b-1#229,NA,NA,p.Arg241Leu,0.030510978496580857,244,0.00664950259871697
urn:mavedb:00000085-b-1#230,NA,NA,p.Arg241Lys,0.2015398760032961,244,0.04981824147823901
urn:mavedb:00000085-b-1#231,NA,NA,p.Arg241Ile,NA,244,NA
urn:mavedb:00000085-b-1#232,NA,NA,p.Arg241His,0.06993477401142438,244,0.0159522602514646
urn:mavedb:00000085-b-1#233,NA,NA,p.Arg241Gly,0.10925356379749908,244,0.0133679025548584
urn:mavedb:00000085-b-1#234,NA,NA,p.Arg241Glu,0.029691029135600133,244,0.0106230039560357
urn:mavedb:00000085-b-1#235,NA,NA,p.Arg241Asp,NA,244,NA
urn:mavedb:00000085-b-1#236,NA,NA,p.Arg241Cys,0.04764737636049595,244,0.0101691541798273
urn:mavedb:00000085-b-1#237,NA,NA,p.Arg241Ala,0.0638782352022965,244,0.0115751963768689
urn:mavedb:00000085-b-1#238,NA,NA,p.Ser240Tyr,0.03624274486161582,243,0.00924062663957303
urn:mavedb:00000085-b-1#239,NA,NA,p.Ala225Val,0.8069027441683596,227,0.162714815727892
urn:mavedb:00000085-b-1#240,NA,NA,p.Ala225Thr,0.8446096317998649,227,0.180261038982642
urn:mavedb:00000085-b-1#241,NA,NA,p.Ala225Ser,0.8392865249234261,227,0.19144291606545802
urn:mavedb:00000085-b-1#242,NA,NA,p.Ala225Arg,0.6745443569720102,227,0.133704284618224
urn:mavedb:00000085-b-1#243,NA,NA,p.Ala225Pro,0.4035193037648371,227,0.23833136922568202
urn:mavedb:00000085-b-1#244,NA,NA,p.Ala225Asn,0.6392126628489034,227,0.19811006593998604
urn:mavedb:00000085-b-1#245,NA,NA,p.Ala225Leu,0.7403385648300902,227,0.164956762300255
urn:mavedb:00000085-b-1#246,NA,NA,p.Ala225Ile,NA,227,NA
urn:mavedb:00000085-b-1#247,NA,NA,p.Ala225His,0.9052410981122148,227,0.284337934993455
urn:mavedb:00000085-b-1#248,NA,NA,p.Ala225Gly,0.7050146085243048,227,0.15046793340458403
urn:mavedb:00000085-b-1#249,NA,NA,p.Ala225Phe,0.5417391973391965,227,0.170161302881262
urn:mavedb:00000085-b-1#250,NA,NA,p.Ala225Glu,0.978687174389962,227,0.24191973793125196
urn:mavedb:00000085-b-1#251,NA,NA,p.Ala225Asp,0.6655114884753156,227,0.142036969329604
urn:mavedb:00000085-b-1#252,NA,NA,p.Ala225Cys,0.8503948078800856,227,0.304258480467108
urn:mavedb:00000085-b-1#253,NA,NA,p.Pro224Tyr,0.053158801306468516,226,0.0140177946600776
urn:mavedb:00000085-b-1#254,NA,NA,p.Pro224Trp,0.016882531009731038,226,0.00530283480807544
urn:mavedb:00000085-b-1#255,NA,NA,p.Pro224Val,0.043448360778550466,226,0.00688572267255229
urn:mavedb:00000085-b-1#256,NA,NA,p.Pro224Thr,0.19749727046501653,226,0.0164238384496509
urn:mavedb:00000085-b-1#257,NA,NA,p.Pro224Ser,0.2108885151900186,226,0.0211956055036856
urn:mavedb:00000085-b-1#258,NA,NA,p.Pro224Arg,0.1960794684719857,226,0.0124583423881458
urn:mavedb:00000085-b-1#259,NA,NA,p.Pro224Gln,0.2002791168905581,226,0.0220576322988409
urn:mavedb:00000085-b-1#260,NA,NA,p.Pro224Asn,0.11674491454854295,226,0.0280420594408595
urn:mavedb:00000085-b-1#261,NA,NA,p.Pro224Met,NA,226,NA
urn:mavedb:00000085-b-1#262,NA,NA,p.Pro224Leu,0.048663278981947056,226,0.00665549434288697
urn:mavedb:00000085-b-1#263,NA,NA,p.Pro224Lys,0.2981795170391462,226,0.0581379267217987
urn:mavedb:00000085-b-1#264,NA,NA,p.Pro224Ile,NA,226,NA
urn:mavedb:00000085-b-1#265,NA,NA,p.Pro224His,0.20465588842432067,226,0.0330678322353613
urn:mavedb:00000085-b-1#266,NA,NA,p.Pro224Gly,0.2793822067108889,226,0.0251946787177378
urn:mavedb:00000085-b-1#267,NA,NA,p.Pro224Phe,NA,226,NA
urn:mavedb:00000085-b-1#268,NA,NA,p.Pro224Glu,0.2255914240794875,226,0.0251256787707303
urn:mavedb:00000085-b-1#269,NA,NA,p.Pro224Asp,0.26197046905344745,226,0.0360625217907234
urn:mavedb:00000085-b-1#270,NA,NA,p.Pro224Cys,0.07823215261045015,226,0.0155067252298694
urn:mavedb:00000085-b-1#271,NA,NA,p.Pro224Ala,0.15717616770835294,226,0.0113431720827116
urn:mavedb:00000085-b-1#272,NA,NA,p.Leu223Tyr,0.02331235487467542,225,0.00406646077716179
urn:mavedb:00000085-b-1#273,NA,NA,p.Leu223Trp,0.03869626188292545,225,0.00956525208320176
urn:mavedb:00000085-b-1#274,NA,NA,p.Leu223Val,0.7957881657978826,225,0.109547187412299
urn:mavedb:00000085-b-1#275,NA,NA,p.Leu223Thr,0.5703234472623789,225,0.145412442133415
urn:mavedb:00000085-b-1#276,NA,NA,p.Leu223Ser,0.30757117698333625,225,0.0346543931404871
urn:mavedb:00000085-b-1#277,NA,NA,p.Leu223Arg,0.17309663548345988,225,0.0130970184582788
urn:mavedb:00000085-b-1#278,NA,NA,p.Leu223Gln,0.1495435136153589,225,0.0341111711853242
urn:mavedb:00000085-b-1#279,NA,NA,p.Leu223Pro,0.01767550028454339,225,0.00413378496472781
urn:mavedb:00000085-b-1#280,NA,NA,p.Leu223Asn,0.05743010808404673,225,0.0151441236943443
urn:mavedb:00000085-b-1#281,NA,NA,p.Leu223Met,0.5811201356421123,225,0.148165218355026
urn:mavedb:00000085-b-1#282,NA,NA,p.Leu223Lys,0.3378133893535793,225,0.0669594179999226
urn:mavedb:00000085-b-1#283,NA,NA,p.Leu223Ile,0.7994768758780626,225,0.136221936411461
urn:mavedb:00000085-b-1#284,NA,NA,p.Leu223His,0.027005451954283125,225,0.00631578905587841
urn:mavedb:00000085-b-1#285,NA,NA,p.Leu223Gly,0.045057024586025514,225,0.00671808715708513
urn:mavedb:00000085-b-1#286,NA,NA,p.Leu223Phe,0.14981165419002426,225,0.0239702115274669
urn:mavedb:00000085-b-1#287,NA,NA,p.Leu223Glu,0.014737855106350872,225,0.00354002408174467
urn:mavedb:00000085-b-1#288,NA,NA,p.Leu223Asp,0.008400400468336728,225,0.0021418069919148302
urn:mavedb:00000085-b-1#289,NA,NA,p.Leu223Cys,0.5906421574971003,225,0.0995161560352033
urn:mavedb:00000085-b-1#290,NA,NA,p.Leu223Ala,0.4903563854316418,225,0.0845221282696585
urn:mavedb:00000085-b-1#291,NA,NA,p.Ala222Tyr,NA,224,NA
urn:mavedb:00000085-b-1#292,NA,NA,p.Ala222Trp,0.3206273398887925,224,0.0845483363527442
urn:mavedb:00000085-b-1#293,NA,NA,p.Ala222Val,0.6801146161953493,224,0.10060040034826899
urn:mavedb:00000085-b-1#294,NA,NA,p.Ala222Thr,0.7579912656261732,224,0.129153251459795
urn:mavedb:00000085-b-1#295,NA,NA,p.Ala222Ser,0.6616690006011883,224,0.102946593337215
urn:mavedb:00000085-b-1#296,NA,NA,p.Ala222Arg,1.006913091553285,224,0.0926668065643704
urn:mavedb:00000085-b-1#297,NA,NA,p.Ala222Pro,0.6508471073401332,224,0.119550749887252
urn:mavedb:00000085-b-1#298,NA,NA,p.Ala222Asn,0.7486363743864435,224,0.235148096123714
urn:mavedb:00000085-b-1#299,NA,NA,p.Ala222Met,NA,224,NA
urn:mavedb:00000085-b-1#300,NA,NA,p.Ala222Leu,0.35668556482884817,224,0.0565277455053405
urn:mavedb:00000085-b-1#301,NA,NA,p.Ala222Ile,0.6847737309759167,224,0.20425596602900303
urn:mavedb:00000085-b-1#302,NA,NA,p.Ala222His,0.6549036586599497,224,0.195346248555526
urn:mavedb:00000085-b-1#303,NA,NA,p.Ala222Gly,0.5734921373472299,224,0.0855087569141584
urn:mavedb:00000085-b-1#304,NA,NA,p.Ala222Phe,0.4332349102681311,224,0.123468188864056
urn:mavedb:00000085-b-1#305,NA,NA,p.Ala222Glu,0.8588822220154358,224,0.195912733323602
urn:mavedb:00000085-b-1#306,NA,NA,p.Ala222Asp,0.4684504349285243,224,0.0682271879982987
urn:mavedb:00000085-b-1#307,NA,NA,p.Ala222Cys,0.5477177363983452,224,0.0876361059478102
urn:mavedb:00000085-b-1#308,NA,NA,p.Ser221Tyr,0.6224319826355642,223,0.11765779310883699
urn:mavedb:00000085-b-1#309,NA,NA,p.Ser221Trp,0.5001698055590008,223,0.0883250676517578
urn:mavedb:00000085-b-1#310,NA,NA,p.Ser221Val,0.6001294752869025,223,0.0723911072855731
urn:mavedb:00000085-b-1#311,NA,NA,p.Ser221Thr,0.7053743745121609,223,0.107832560836036
urn:mavedb:00000085-b-1#312,NA,NA,p.Ser221Arg,0.5899838255101275,223,0.0846581605218669
urn:mavedb:00000085-b-1#313,NA,NA,p.Ser221Gln,0.7208357489699749,223,0.17818195644690196
urn:mavedb:00000085-b-1#314,NA,NA,p.Ser221Pro,0.5142428563882172,223,0.140699239862299
urn:mavedb:00000085-b-1#315,NA,NA,p.Ser221Asn,0.5343190284922285,223,0.167830613861895
urn:mavedb:00000085-b-1#316,NA,NA,p.Ser221Met,0.5125165101737338,223,0.130673704081067
urn:mavedb:00000085-b-1#317,NA,NA,p.Ser221Leu,0.5766999640249235,223,0.0881617424759243
urn:mavedb:00000085-b-1#318,NA,NA,p.Ser221Lys,0.5813747729607296,223,0.143708874903943
urn:mavedb:00000085-b-1#319,NA,NA,p.Ser221Ile,0.6110965758382778,223,0.12546843094165
urn:mavedb:00000085-b-1#320,NA,NA,p.Ser221His,0.4716113634032278,223,0.15724006353931197
urn:mavedb:00000085-b-1#321,NA,NA,p.Ser221Gly,0.5224336571055189,223,0.0573272701723689
urn:mavedb:00000085-b-1#322,NA,NA,p.Ser221Phe,0.4978490622754931,223,0.12306232044992299
urn:mavedb:00000085-b-1#323,NA,NA,p.Ser221Glu,0.6088215952146436,223,0.11684516577219099
urn:mavedb:00000085-b-1#324,NA,NA,p.Ser221Asp,0.4476274721998792,223,0.081113322526618
urn:mavedb:00000085-b-1#325,NA,NA,p.Ser221Cys,0.6114879652069131,223,0.0978394902036003
urn:mavedb:00000085-b-1#326,NA,NA,p.Ser221Ala,0.5708901573135616,223,0.0554915201668556
urn:mavedb:00000085-b-1#327,NA,NA,p.Arg220Tyr,NA,222,NA
urn:mavedb:00000085-b-1#328,NA,NA,p.Arg220Trp,0.017503804228925942,222,0.00522107709486239
urn:mavedb:00000085-b-1#329,NA,NA,p.Arg220Val,0.029720723789639605,222,0.009335335355940059
urn:mavedb:00000085-b-1#330,NA,NA,p.Arg220Thr,0.03509710846435262,222,0.00843030469948596
urn:mavedb:00000085-b-1#331,NA,NA,p.Arg220Ser,0.06194662539552739,222,0.00831373818836157
urn:mavedb:00000085-b-1#332,NA,NA,p.Arg220Gln,0.08310554116306383,222,0.0157093704069618
urn:mavedb:00000085-b-1#333,NA,NA,p.Arg220Pro,0.019578636577522228,222,0.004839604271750821
urn:mavedb:00000085-b-1#334,NA,NA,p.Arg220Asn,NA,222,NA
urn:mavedb:00000085-b-1#335,NA,NA,p.Arg220Met,NA,222,NA
urn:mavedb:00000085-b-1#336,NA,NA,p.Arg220Leu,0.026682823160266995,222,0.00528891502147147
urn:mavedb:00000085-b-1#337,NA,NA,p.Arg220Lys,0.13067200821275776,222,0.0410443240526156
urn:mavedb:00000085-b-1#338,NA,NA,p.Arg220Ile,NA,222,NA
urn:mavedb:00000085-b-1#339,NA,NA,p.Arg220His,0.05722785249903192,222,0.0106608824844304
urn:mavedb:00000085-b-1#340,NA,NA,p.Arg220Gly,0.05578006791721854,222,0.0062126123544649
urn:mavedb:00000085-b-1#341,NA,NA,p.Arg220Glu,0.023730523127071728,222,0.007078397880108091
urn:mavedb:00000085-b-1#342,NA,NA,p.Arg220Asp,NA,222,NA
urn:mavedb:00000085-b-1#343,NA,NA,p.Arg220Cys,0.02944881767121468,222,0.0060463388151464105
urn:mavedb:00000085-b-1#344,NA,NA,p.Arg220Ala,0.06964271037514676,222,0.0114843146076962
urn:mavedb:00000085-b-1#345,NA,NA,p.Leu219Tyr,NA,221,NA
urn:mavedb:00000085-b-1#346,NA,NA,p.Leu219Trp,0.035731432965109916,221,0.006020320109532179
urn:mavedb:00000085-b-1#347,NA,NA,p.Leu219Val,0.5663083400122383,221,0.0924272835735184
urn:mavedb:00000085-b-1#348,NA,NA,p.Leu219Thr,0.044966004774626464,221,0.0128149210471971
urn:mavedb:00000085-b-1#349,NA,NA,p.Leu219Ser,0.04462815861996426,221,0.0101797712355948
urn:mavedb:00000085-b-1#350,NA,NA,p.Leu219Arg,0.033865911112413515,221,0.0038459672943076204
urn:mavedb:00000085-b-1#351,NA,NA,p.Leu219Gln,0.04498593732168192,221,0.00794407401877158
urn:mavedb:00000085-b-1#352,NA,NA,p.Leu219Pro,0.07866896034647677,221,0.0140695746771684
urn:mavedb:00000085-b-1#353,NA,NA,p.Leu219Met,0.6214275881487492,221,0.18536092521174805
urn:mavedb:00000085-b-1#354,NA,NA,p.Leu219Lys,0.04384907402447002,221,0.0100020604986844
urn:mavedb:00000085-b-1#355,NA,NA,p.Leu219Gly,0.019352035639078214,221,0.0018285671747508602
urn:mavedb:00000085-b-1#356,NA,NA,p.Leu219Phe,0.3679193426023062,221,0.12266808074907501
urn:mavedb:00000085-b-1#357,NA,NA,p.Leu219Glu,0.04026049575358042,221,0.00729549185418067
urn:mavedb:00000085-b-1#358,NA,NA,p.Leu219Asp,0.05895142042540327,221,0.019655007942413996
urn:mavedb:00000085-b-1#359,NA,NA,p.Leu219Cys,0.0927594631431706,221,0.0216937381066818
urn:mavedb:00000085-b-1#360,NA,NA,p.Leu219Ala,0.047160613732745334,221,0.00714851200901614
urn:mavedb:00000085-b-1#361,NA,NA,p.Leu218Tyr,0.01329687538693379,220,0.0041765736191944
urn:mavedb:00000085-b-1#362,NA,NA,p.Leu218Trp,0.017503804228925942,220,0.00522107709486239
urn:mavedb:00000085-b-1#363,NA,NA,p.Leu218Val,0.07479956510754729,220,0.00898103673675344
urn:mavedb:00000085-b-1#364,NA,NA,p.Leu218Thr,0.04779955464315945,220,0.0106503431644673
urn:mavedb:00000085-b-1#365,NA,NA,p.Leu218Ser,0.033205513157836715,220,0.0065818049417524106
urn:mavedb:00000085-b-1#366,NA,NA,p.Leu218Arg,0.0182449241068138,220,0.00206376885274811
urn:mavedb:00000085-b-1#367,NA,NA,p.Leu218Gln,0.027948663376090997,220,0.00796512646241143
urn:mavedb:00000085-b-1#368,NA,NA,p.Leu218Pro,0.04598052498342987,220,0.0125804857243444
urn:mavedb:00000085-b-1#369,NA,NA,p.Leu218Asn,0.05216489141034583,220,0.0137557040091966
urn:mavedb:00000085-b-1#370,NA,NA,p.Leu218Met,NA,220,NA
urn:mavedb:00000085-b-1#371,NA,NA,p.Leu218Lys,0.010985093484317395,220,0.0039303013381037
urn:mavedb:00000085-b-1#372,NA,NA,p.Leu218Ile,0.09109567941722592,220,0.0187034789818028
urn:mavedb:00000085-b-1#373,NA,NA,p.Leu218His,0.031956551087705,220,0.0074737070116442095
urn:mavedb:00000085-b-1#374,NA,NA,p.Leu218Gly,0.06533086301799007,220,0.00811278502996605
urn:mavedb:00000085-b-1#375,NA,NA,p.Leu218Phe,0.053786672534272606,220,0.0117221615436904
urn:mavedb:00000085-b-1#376,NA,NA,p.Leu218Glu,0.012230705350479052,220,0.00348564486001131
urn:mavedb:00000085-b-1#377,NA,NA,p.Leu218Asp,0.03591472355093601,220,0.00915699272957562
urn:mavedb:00000085-b-1#378,NA,NA,p.Leu218Cys,0.14123309754654895,220,0.0279944084872994
urn:mavedb:00000085-b-1#379,NA,NA,p.Leu218Ala,0.04978209359071282,220,0.008387688773395359
urn:mavedb:00000085-b-1#380,NA,NA,p.Pro217Trp,0.1874755797706631,219,0.0625062803035222
urn:mavedb:00000085-b-1#381,NA,NA,p.Pro217Val,NA,219,NA
urn:mavedb:00000085-b-1#382,NA,NA,p.Pro217Thr,0.6376531025917076,219,0.181725599287043
urn:mavedb:00000085-b-1#383,NA,NA,p.Pro217Ser,0.5258127601300067,219,0.156840702866431
urn:mavedb:00000085-b-1#384,NA,NA,p.Pro217Arg,0.5130809885402571,219,0.0791212647357177
urn:mavedb:00000085-b-1#385,NA,NA,p.Pro217Gln,0.4746154824759053,219,0.10129493764597199
urn:mavedb:00000085-b-1#386,NA,NA,p.Pro217Leu,0.4451833920365171,219,0.11350612454039
urn:mavedb:00000085-b-1#387,NA,NA,p.Pro217Lys,NA,219,NA
urn:mavedb:00000085-b-1#388,NA,NA,p.Pro217His,0.466951215415325,219,0.10651249565525399
urn:mavedb:00000085-b-1#389,NA,NA,p.Pro217Gly,0.4607201238862117,219,0.131301236168268
urn:mavedb:00000085-b-1#390,NA,NA,p.Pro217Asp,NA,219,NA
urn:mavedb:00000085-b-1#391,NA,NA,p.Pro217Ala,0.6072962185040339,219,0.12037474720110002
urn:mavedb:00000085-b-1#392,NA,NA,p.Gly216Trp,NA,218,NA
urn:mavedb:00000085-b-1#393,NA,NA,p.Gly216Val,0.35080907873917777,218,0.0584662501076168
urn:mavedb:00000085-b-1#394,NA,NA,p.Gly216Ser,NA,218,NA
urn:mavedb:00000085-b-1#395,NA,NA,p.Gly216Arg,0.4649516641134451,218,0.0892336190049864
urn:mavedb:00000085-b-1#396,NA,NA,p.Gly216Glu,0.3740505248399459,218,0.0687074125950846
urn:mavedb:00000085-b-1#397,NA,NA,p.Gly216Asp,0.3547098949593413,218,0.111415046516129
urn:mavedb:00000085-b-1#398,NA,NA,p.Gly216Cys,NA,218,NA
urn:mavedb:00000085-b-1#399,NA,NA,p.Gly216Ala,0.4716113634032278,218,0.12436230857487801
urn:mavedb:00000085-b-1#400,NA,NA,p.Ala215Val,0.05795640146681338,217,0.0121262435768347
urn:mavedb:00000085-b-1#401,NA,NA,p.Ala215Thr,0.19073737285279432,217,0.0415689276107364
urn:mavedb:00000085-b-1#402,NA,NA,p.Ala215Ser,0.5435836857472544,217,0.13436737114865
urn:mavedb:00000085-b-1#403,NA,NA,p.Ala215Arg,0.0829859679014062,217,0.021158506305979
urn:mavedb:00000085-b-1#404,NA,NA,p.Ala215Gln,0.07692604038184904,217,0.0385744154383558
urn:mavedb:00000085-b-1#405,NA,NA,p.Ala215Pro,0.09746624109716806,217,0.0266672173745364
urn:mavedb:00000085-b-1#406,NA,NA,p.Ala215Asn,NA,217,NA
urn:mavedb:00000085-b-1#407,NA,NA,p.Ala215Leu,0.018347164416637002,217,0.00611713271245249
urn:mavedb:00000085-b-1#408,NA,NA,p.Ala215Lys,NA,217,NA
urn:mavedb:00000085-b-1#409,NA,NA,p.Ala215Ile,NA,217,NA
urn:mavedb:00000085-b-1#410,NA,NA,p.Ala215His,0.10892793696094742,217,0.0298031907294084
urn:mavedb:00000085-b-1#411,NA,NA,p.Ala215Gly,0.5034111097788879,217,0.073319014918957
urn:mavedb:00000085-b-1#412,NA,NA,p.Ala215Glu,0.10600166915983424,217,0.0236185077661624
urn:mavedb:00000085-b-1#413,NA,NA,p.Ala215Asp,0.014737855106350872,217,0.00439604309536378
urn:mavedb:00000085-b-1#414,NA,NA,p.Val214Tyr,NA,216,NA
urn:mavedb:00000085-b-1#415,NA,NA,p.Val214Trp,NA,216,NA
urn:mavedb:00000085-b-1#416,NA,NA,p.Val214Thr,NA,216,0.296543337053638
urn:mavedb:00000085-b-1#417,NA,NA,p.Val214Ser,0.20290888131429285,216,0.0487385933074437
urn:mavedb:00000085-b-1#418,NA,NA,p.Val214Arg,0.23145616271647404,216,0.0363408228876244
urn:mavedb:00000085-b-1#419,NA,NA,p.Val214Gln,NA,216,NA
urn:mavedb:00000085-b-1#420,NA,NA,p.Val214Pro,NA,216,NA
urn:mavedb:00000085-b-1#421,NA,NA,p.Val214Met,0.4716113634032278,216,0.168735457308109
urn:mavedb:00000085-b-1#422,NA,NA,p.Val214Leu,0.4835761386085706,216,0.161229242256181
urn:mavedb:00000085-b-1#423,NA,NA,p.Val214Lys,NA,216,NA
urn:mavedb:00000085-b-1#424,NA,NA,p.Val214Ile,0.3072487299696945,216,0.070084042905578
urn:mavedb:00000085-b-1#425,NA,NA,p.Val214His,NA,216,NA
urn:mavedb:00000085-b-1#426,NA,NA,p.Val214Gly,0.17377871762870406,216,0.0247561831367209
urn:mavedb:00000085-b-1#427,NA,NA,p.Val214Phe,NA,216,NA
urn:mavedb:00000085-b-1#428,NA,NA,p.Val214Glu,0.05895142042540327,216,0.0150305410946009
urn:mavedb:00000085-b-1#429,NA,NA,p.His285Glu,NA,289,NA
urn:mavedb:00000085-b-1#430,NA,NA,p.His285Asp,0.2358056817016141,289,0.0786200317696559
urn:mavedb:00000085-b-1#431,NA,NA,p.His285Cys,0.6962353040325595,289,0.19049322090869397
urn:mavedb:00000085-b-1#432,NA,NA,p.His285Ala,0.4825343053930464,289,0.115904454822821
urn:mavedb:00000085-b-1#433,NA,NA,p.Lys284Val,NA,288,NA
urn:mavedb:00000085-b-1#434,NA,NA,p.Lys284Thr,0.4546432848345772,288,0.15158273218702698
urn:mavedb:00000085-b-1#435,NA,NA,p.Lys284Ser,NA,288,NA
urn:mavedb:00000085-b-1#436,NA,NA,p.Lys284Arg,0.6777013142313061,288,0.16751964123438698
urn:mavedb:00000085-b-1#437,NA,NA,p.Lys284Gln,0.634741824852014,288,0.18089591040168101
urn:mavedb:00000085-b-1#438,NA,NA,p.Lys284Pro,NA,288,NA
urn:mavedb:00000085-b-1#439,NA,NA,p.Lys284Asn,NA,288,NA
urn:mavedb:00000085-b-1#440,NA,NA,p.Lys284Met,0.5162368984312405,288,0.136129910011419
urn:mavedb:00000085-b-1#441,NA,NA,p.Lys284Leu,0.4716113634032278,288,0.134405144892563
urn:mavedb:00000085-b-1#442,NA,NA,p.Lys284Gly,0.634741824852014,288,0.211629431807083
urn:mavedb:00000085-b-1#443,NA,NA,p.Lys284Glu,0.6156534989140786,288,0.13717535828083902
urn:mavedb:00000085-b-1#444,NA,NA,p.Lys284Asp,NA,288,NA
urn:mavedb:00000085-b-1#445,NA,NA,p.Lys284Ala,NA,288,NA
urn:mavedb:00000085-b-1#446,NA,NA,p.Ile283Tyr,NA,287,NA
urn:mavedb:00000085-b-1#447,NA,NA,p.Ile283Val,0.05895142042540327,287,0.0168006431115704
urn:mavedb:00000085-b-1#448,NA,NA,p.Ile283Thr,0.2981795170391462,287,0.0889417081115141
urn:mavedb:00000085-b-1#449,NA,NA,p.Ile283Ser,0.15796203254889365,287,0.027553904918400998
urn:mavedb:00000085-b-1#450,NA,NA,p.Ile283Arg,0.16462732681347506,287,0.0344450485851244
urn:mavedb:00000085-b-1#451,NA,NA,p.Ile283Gln,0.16462732681347506,287,0.0589011831157524
urn:mavedb:00000085-b-1#452,NA,NA,p.Ile283Pro,0.014737855106350872,287,0.0052729830408784
urn:mavedb:00000085-b-1#453,NA,NA,p.Ile283Met,0.6639666393931526,287,0.15528246820851802
urn:mavedb:00000085-b-1#454,NA,NA,p.Ile283Leu,0.03666482420067962,287,0.00660340783664874
urn:mavedb:00000085-b-1#455,NA,NA,p.Ile283His,NA,287,NA
urn:mavedb:00000085-b-1#456,NA,NA,p.Ile283Gly,0.05066979769348785,287,0.0144404525190529
urn:mavedb:00000085-b-1#457,NA,NA,p.Ile283Asp,0.05895142042540327,287,0.0185167522593106
urn:mavedb:00000085-b-1#458,NA,NA,p.Ile283Cys,NA,287,NA
urn:mavedb:00000085-b-1#459,NA,NA,p.Leu282Val,0.8867979935588164,286,0.24263206003768698
urn:mavedb:00000085-b-1#460,NA,NA,p.Leu282Thr,NA,286,NA
urn:mavedb:00000085-b-1#461,NA,NA,p.Leu282Ser,0.2358056817016141,286,0.0703366895258205
urn:mavedb:00000085-b-1#462,NA,NA,p.Leu282Arg,0.06286314825581912,286,0.0179154515886888
urn:mavedb:00000085-b-1#463,NA,NA,p.Leu282Gln,0.16702569114930274,286,0.0275430920823412
urn:mavedb:00000085-b-1#464,NA,NA,p.Leu282Pro,0.0013340774671103564,286,0.168735457308109
urn:mavedb:00000085-b-1#465,NA,NA,p.Leu282Met,NA,286,NA
urn:mavedb:00000085-b-1#466,NA,NA,p.Leu282Lys,NA,286,NA
urn:mavedb:00000085-b-1#467,NA,NA,p.Leu282His,NA,286,NA
urn:mavedb:00000085-b-1#468,NA,NA,p.Leu282Gly,0.039631521259751834,286,0.0118213860928527
urn:mavedb:00000085-b-1#469,NA,NA,p.Leu282Phe,0.3547098949593413,286,0.111415046516129
urn:mavedb:00000085-b-1#470,NA,NA,p.Ser281Val,NA,285,NA
urn:mavedb:00000085-b-1#471,NA,NA,p.Ser281Gln,NA,285,NA
urn:mavedb:00000085-b-1#472,NA,NA,p.Ser281Leu,NA,285,NA
urn:mavedb:00000085-b-1#473,NA,NA,p.Ser281Ile,NA,285,NA
urn:mavedb:00000085-b-1#474,NA,NA,p.Ser281Gly,NA,285,NA
urn:mavedb:00000085-b-1#475,NA,NA,p.Ser281Asp,NA,285,NA
urn:mavedb:00000085-b-1#476,NA,NA,p.Ser281Ala,0.6781686248288041,285,0.193272171442089
urn:mavedb:00000085-b-1#477,NA,NA,p.Ala280Val,NA,284,NA
urn:mavedb:00000085-b-1#478,NA,NA,p.Ala280Thr,NA,284,NA
urn:mavedb:00000085-b-1#479,NA,NA,p.Ala280Ser,NA,284,NA
urn:mavedb:00000085-b-1#480,NA,NA,p.Ala280Gly,0.6064347567091857,284,0.138328967259954
urn:mavedb:00000085-b-1#481,NA,NA,p.Ala280Asp,NA,284,NA
urn:mavedb:00000085-b-1#482,NA,NA,p.Gly279Val,0.5040160649941128,283,0.15033913188052803
urn:mavedb:00000085-b-1#483,NA,NA,p.Gly279Ser,0.4096849472551527,283,0.23833136922568202
urn:mavedb:00000085-b-1#484,NA,NA,p.Gly279Arg,0.0032668732705161433,283,0.0480712039755279
urn:mavedb:00000085-b-1#485,NA,NA,p.Gly279Asp,NA,283,NA
urn:mavedb:00000085-b-1#486,NA,NA,p.Gly279Cys,NA,283,NA
urn:mavedb:00000085-b-1#487,NA,NA,p.Gly279Ala,0.5629758096220426,283,0.20142428291906503
urn:mavedb:00000085-b-1#488,NA,NA,p.Ile278Tyr,NA,282,0.0459886368219205
urn:mavedb:00000085-b-1#489,NA,NA,p.Ile278Val,NA,282,NA
urn:mavedb:00000085-b-1#490,NA,NA,p.Ile278Thr,NA,282,NA
urn:mavedb:00000085-b-1#491,NA,NA,p.Ile278Arg,NA,282,0.7358181891507279
urn:mavedb:00000085-b-1#492,NA,NA,p.Ile278Gln,NA,282,NA
urn:mavedb:00000085-b-1#493,NA,NA,p.Ile278Pro,NA,282,NA
urn:mavedb:00000085-b-1#494,NA,NA,p.Ile278Met,0.49832825902954603,282,0.136344931925372
urn:mavedb:00000085-b-1#495,NA,NA,p.Ile278Leu,0.4742717377417218,282,0.10818232127459901
urn:mavedb:00000085-b-1#496,NA,NA,p.Ile278Phe,0.049846006718708265,282,0.0148681875405878
urn:mavedb:00000085-b-1#497,NA,NA,p.Glu277Trp,NA,281,NA
urn:mavedb:00000085-b-1#498,NA,NA,p.Glu277Val,0.6110965758382778,281,0.191946586183262
urn:mavedb:00000085-b-1#499,NA,NA,p.Glu277Arg,0.5365844984690079,281,0.178902772877714
urn:mavedb:00000085-b-1#500,NA,NA,p.Glu277Lys,0.5539248151057006,281,0.19818597312137998
urn:mavedb:00000085-b-1#501,NA,NA,p.Glu277Gly,0.4881394451171911,281,0.11416160597618699
urn:mavedb:00000085-b-1#502,NA,NA,p.Glu277Asp,0.08141417478508907,281,0.0843677286540543
urn:mavedb:00000085-b-1#503,NA,NA,p.Glu277Cys,NA,281,NA
urn:mavedb:00000085-b-1#504,NA,NA,p.Glu277Ala,0.5929451902106593,281,0.15118019182565398
urn:mavedb:00000085-b-1#505,NA,NA,p.Ala276Val,0.3007122877147672,280,0.0944542963131966
urn:mavedb:00000085-b-1#506,NA,NA,p.Ala276Thr,0.378459300923121,280,0.112887756372524
urn:mavedb:00000085-b-1#507,NA,NA,p.Ala276Ser,NA,280,NA
urn:mavedb:00000085-b-1#508,NA,NA,p.Ala276Leu,NA,280,NA
urn:mavedb:00000085-b-1#509,NA,NA,p.Ala276Gly,0.49832825902954603,280,0.136344931925372
urn:mavedb:00000085-b-1#510,NA,NA,p.Ala276Glu,NA,280,NA
urn:mavedb:00000085-b-1#511,NA,NA,p.Ala276Asp,0.47865167318425,280,0.142773379694798
urn:mavedb:00000085-b-1#512,NA,NA,p.Ala276Cys,NA,280,NA
urn:mavedb:00000085-b-1#513,NA,NA,p.Ile275Tyr,0.1203936311836663,279,0.0401404709174965
urn:mavedb:00000085-b-1#514,NA,NA,p.Ile275Val,0.0025547273990621077,279,0.14813401807448498
urn:mavedb:00000085-b-1#515,NA,NA,p.Ile275Thr,NA,279,NA
urn:mavedb:00000085-b-1#516,NA,NA,p.Ile275Ser,NA,279,NA
urn:mavedb:00000085-b-1#517,NA,NA,p.Ile275Arg,NA,279,NA
urn:mavedb:00000085-b-1#518,NA,NA,p.Ile275Met,NA,279,NA
urn:mavedb:00000085-b-1#519,NA,NA,p.Ile275Leu,0.4295537013190397,279,0.143217607823421
urn:mavedb:00000085-b-1#520,NA,NA,p.Ile275Gly,0.0018153935379913691,279,0.0006495205217632849
urn:mavedb:00000085-b-1#521,NA,NA,p.Ile275Phe,NA,279,NA
urn:mavedb:00000085-b-1#522,NA,NA,p.Gln274Arg,NA,278,0.396324642393524
urn:mavedb:00000085-b-1#523,NA,NA,p.Gln274Ile,NA,278,NA
urn:mavedb:00000085-b-1#524,NA,NA,p.Gln274Glu,NA,278,NA
urn:mavedb:00000085-b-1#525,NA,NA,p.Arg273Ser,NA,277,NA
urn:mavedb:00000085-b-1#526,NA,NA,p.Arg273Ile,NA,277,NA
urn:mavedb:00000085-b-1#527,NA,NA,p.Arg273Gly,NA,277,NA
urn:mavedb:00000085-b-1#528,NA,NA,p.Asn272Thr,NA,276,NA
urn:mavedb:00000085-b-1#529,NA,NA,p.Asn272Ser,0.28965718418896724,276,0.0715997837946308
urn:mavedb:00000085-b-1#530,NA,NA,p.Asn272Lys,0.20952011715742916,276,0.12303484514910301
urn:mavedb:00000085-b-1#531,NA,NA,p.Asn272Ile,NA,276,NA
urn:mavedb:00000085-b-1#532,NA,NA,p.Asn272His,NA,276,NA
urn:mavedb:00000085-b-1#533,NA,NA,p.Asn272Gly,0.1351429105859825,276,0.027252049831102
urn:mavedb:00000085-b-1#534,NA,NA,p.Asn272Glu,NA,276,NA
urn:mavedb:00000085-b-1#535,NA,NA,p.Asn272Asp,0.13704517285303927,276,0.0361383448271055
urn:mavedb:00000085-b-1#536,NA,NA,p.Arg271Trp,NA,275,NA
urn:mavedb:00000085-b-1#537,NA,NA,p.Arg271Val,NA,275,NA
urn:mavedb:00000085-b-1#538,NA,NA,p.Arg271Thr,NA,275,NA
urn:mavedb:00000085-b-1#539,NA,NA,p.Arg271Ser,0.3382632450314309,275,0.0964020886439205
urn:mavedb:00000085-b-1#540,NA,NA,p.Arg271Gln,NA,275,NA
urn:mavedb:00000085-b-1#541,NA,NA,p.Arg271Pro,NA,275,NA
urn:mavedb:00000085-b-1#542,NA,NA,p.Arg271Leu,0.6368403791838563,275,0.212329111335792
urn:mavedb:00000085-b-1#543,NA,NA,p.Arg271Gly,0.4774500998940074,275,0.13606913411108001
urn:mavedb:00000085-b-1#544,NA,NA,p.Arg271Glu,NA,275,NA
urn:mavedb:00000085-b-1#545,NA,NA,p.Arg271Asp,NA,275,NA
urn:mavedb:00000085-b-1#546,NA,NA,p.Arg271Cys,NA,275,NA
urn:mavedb:00000085-b-1#547,NA,NA,p.Arg271Ala,0.4507667460387183,275,0.161277566518472
urn:mavedb:00000085-b-1#548,NA,NA,p.Glu270Arg,NA,274,NA
urn:mavedb:00000085-b-1#549,NA,NA,p.Glu270Pro,NA,274,NA
urn:mavedb:00000085-b-1#550,NA,NA,p.Glu270Gly,0.4561878429757045,274,0.10957605012938698
urn:mavedb:00000085-b-1#551,NA,NA,p.Glu270Asp,0.7261361056226886,274,0.242101221994258
urn:mavedb:00000085-b-1#552,NA,NA,p.Glu270Ala,NA,274,NA
urn:mavedb:00000085-b-1#553,NA,NA,p.Asp269Tyr,NA,273,NA
urn:mavedb:00000085-b-1#554,NA,NA,p.Asp269Val,0.7475076822532019,273,0.222968400868897
urn:mavedb:00000085-b-1#555,NA,NA,p.Asp269Thr,0.6669591862941102,273,0.23862797217835396
urn:mavedb:00000085-b-1#556,NA,NA,p.Asp269Ser,NA,273,NA
urn:mavedb:00000085-b-1#557,NA,NA,p.Asp269Arg,0.5696022979242102,273,0.145228574388
urn:mavedb:00000085-b-1#558,NA,NA,p.Asp269Asn,NA,273,0.414890048701262
urn:mavedb:00000085-b-1#559,NA,NA,p.Asp269Met,0.5710285473900534,273,0.16273817936852802
urn:mavedb:00000085-b-1#560,NA,NA,p.Asp269Leu,NA,273,NA
urn:mavedb:00000085-b-1#561,NA,NA,p.Asp269Ile,NA,273,NA
urn:mavedb:00000085-b-1#562,NA,NA,p.Asp269His,NA,273,NA
urn:mavedb:00000085-b-1#563,NA,NA,p.Asp269Gly,0.611604270484195,273,0.14690698411595499
urn:mavedb:00000085-b-1#564,NA,NA,p.Asp269Glu,0.6767792432184084,273,0.14749593616090698
urn:mavedb:00000085-b-1#565,NA,NA,p.Asp269Cys,NA,273,NA
urn:mavedb:00000085-b-1#566,NA,NA,p.Asp269Ala,0.618814067824566,273,0.169310410202927
urn:mavedb:00000085-b-1#567,NA,NA,p.Met268Tyr,0.21197271410005514,272,0.0706738760346522
urn:mavedb:00000085-b-1#568,NA,NA,p.Met268Trp,NA,272,NA
urn:mavedb:00000085-b-1#569,NA,NA,p.Met268Val,0.5036086854375131,272,0.0981917374511799
urn:mavedb:00000085-b-1#570,NA,NA,p.Met268Thr,0.33222115302255983,272,0.0647752375536959
urn:mavedb:00000085-b-1#571,NA,NA,p.Met268Ser,0.4624668297727456,272,0.126533077907125
urn:mavedb:00000085-b-1#572,NA,NA,p.Met268Arg,0.22988570612247475,272,0.0297852228696885
urn:mavedb:00000085-b-1#573,NA,NA,p.Met268Gln,NA,272,NA
urn:mavedb:00000085-b-1#574,NA,NA,p.Met268Pro,NA,272,NA
urn:mavedb:00000085-b-1#575,NA,NA,p.Met268Leu,0.4818946996315705,272,0.100827041676563
urn:mavedb:00000085-b-1#576,NA,NA,p.Met268Lys,0.1669257123957605,272,0.0380760851012877
urn:mavedb:00000085-b-1#577,NA,NA,p.Met268Ile,0.5674191262570061,272,0.144671942313257
urn:mavedb:00000085-b-1#578,NA,NA,p.Met268His,NA,272,NA
urn:mavedb:00000085-b-1#579,NA,NA,p.Met268Gly,0.3438793007264706,272,0.0876771403276408
urn:mavedb:00000085-b-1#580,NA,NA,p.Met268Glu,0.2358056817016141,272,0.0645175324430401
urn:mavedb:00000085-b-1#581,NA,NA,p.Met268Asp,0.27390562278597097,272,0.0657919686270882
urn:mavedb:00000085-b-1#582,NA,NA,p.Met268Cys,0.17110855740898134,272,0.0570493472526961
urn:mavedb:00000085-b-1#583,NA,NA,p.Met268Ala,0.40541983170423707,272,0.110924753620349
urn:mavedb:00000085-b-1#584,NA,NA,p.Thr267Trp,NA,271,NA
urn:mavedb:00000085-b-1#585,NA,NA,p.Thr267Ser,0.6745443569720102,271,0.133704284618224
urn:mavedb:00000085-b-1#586,NA,NA,p.Thr267Arg,0.6010038634173209,271,0.140557307818347
urn:mavedb:00000085-b-1#587,NA,NA,p.Thr267Gln,NA,271,NA
urn:mavedb:00000085-b-1#588,NA,NA,p.Thr267Pro,NA,271,NA
urn:mavedb:00000085-b-1#589,NA,NA,p.Thr267Asn,0.5629758096220426,271,0.20142428291906503
urn:mavedb:00000085-b-1#590,NA,NA,p.Thr267Met,NA,271,NA
urn:mavedb:00000085-b-1#591,NA,NA,p.Thr267Leu,0.5323196949793996,271,0.11361047479819301
urn:mavedb:00000085-b-1#592,NA,NA,p.Thr267Ile,0.5629758096220426,271,0.20142428291906503
urn:mavedb:00000085-b-1#593,NA,NA,p.Thr267Gly,0.7148291564648258,271,0.23833136922568202
urn:mavedb:00000085-b-1#594,NA,NA,p.Thr267Glu,0.611604270484195,271,0.19210605402838
urn:mavedb:00000085-b-1#595,NA,NA,p.Thr267Asp,NA,271,NA
urn:mavedb:00000085-b-1#596,NA,NA,p.Thr267Ala,0.5452435527727104,271,0.114081550308236
urn:mavedb:00000085-b-1#597,NA,NA,p.Ala266Val,0.6314045193991509,270,0.11935386417144699
urn:mavedb:00000085-b-1#598,NA,NA,p.Ala266Thr,0.5838441339296615,270,0.148859742217338
urn:mavedb:00000085-b-1#599,NA,NA,p.Ala266Ser,NA,270,NA
urn:mavedb:00000085-b-1#600,NA,NA,p.Ala266Arg,0.634741824852014,270,0.18089591040168101
urn:mavedb:00000085-b-1#601,NA,NA,p.Ala266Gln,0.3436979000221524,270,0.168735457308109
urn:mavedb:00000085-b-1#602,NA,NA,p.Ala266Leu,NA,270,NA
urn:mavedb:00000085-b-1#603,NA,NA,p.Ala266Ile,NA,270,NA
urn:mavedb:00000085-b-1#604,NA,NA,p.Ala266His,NA,270,0.44316670046744705
urn:mavedb:00000085-b-1#605,NA,NA,p.Ala266Gly,0.6681076987004935,270,0.10043106981721
urn:mavedb:00000085-b-1#606,NA,NA,p.Ala266Phe,NA,270,NA
urn:mavedb:00000085-b-1#607,NA,NA,p.Ala266Glu,0.6716609618126927,270,0.153207193632096
urn:mavedb:00000085-b-1#608,NA,NA,p.Ala266Asp,0.56974870998863,270,0.20384752487068303
urn:mavedb:00000085-b-1#609,NA,NA,p.Ala266Cys,0.6110965758382778,270,0.191946586183262
urn:mavedb:00000085-b-1#610,NA,NA,p.Gln265Val,NA,269,NA
urn:mavedb:00000085-b-1#611,NA,NA,p.Gln265Arg,0.5459868051103516,269,0.18203759830480395
urn:mavedb:00000085-b-1#612,NA,NA,p.Gln265Pro,NA,269,NA
urn:mavedb:00000085-b-1#613,NA,NA,p.Gln265Leu,0.6581393953398138,269,0.150122897580068
urn:mavedb:00000085-b-1#614,NA,NA,p.Gln265Lys,NA,269,NA
urn:mavedb:00000085-b-1#615,NA,NA,p.Gln265His,0.9913057069284488,269,0.31137099082560804
urn:mavedb:00000085-b-1#616,NA,NA,p.Gln265Glu,0.5624594860158352,269,0.15724006353931197
urn:mavedb:00000085-b-1#617,NA,NA,p.Gln265Ala,NA,269,NA
urn:mavedb:00000085-b-1#618,NA,NA,p.Ser264Trp,NA,268,NA
urn:mavedb:00000085-b-1#619,NA,NA,p.Ser264Val,0.1310746746786342,268,0.0373551445300202
urn:mavedb:00000085-b-1#620,NA,NA,p.Ser264Arg,0.12537302492963268,268,0.0182598804569252
urn:mavedb:00000085-b-1#621,NA,NA,p.Ser264Asn,0.17651719448774691,268,0.0554443834644175
urn:mavedb:00000085-b-1#622,NA,NA,p.Ser264Met,0.16908191053573882,268,0.0376735805082881
urn:mavedb:00000085-b-1#623,NA,NA,p.Ser264His,NA,268,NA
urn:mavedb:00000085-b-1#624,NA,NA,p.Ser264Gly,0.7068972344361152,268,0.14254834807679098
urn:mavedb:00000085-b-1#625,NA,NA,p.Ser264Glu,NA,268,NA
urn:mavedb:00000085-b-1#626,NA,NA,p.Ser264Asp,0.40541983170423707,268,0.135171128272341
urn:mavedb:00000085-b-1#627,NA,NA,p.Ser264Cys,NA,268,NA
urn:mavedb:00000085-b-1#628,NA,NA,p.Ser264Ala,NA,268,NA
urn:mavedb:00000085-b-1#629,NA,NA,p.Gly263Trp,0.15111329141736793,267,0.0316175009670585
urn:mavedb:00000085-b-1#630,NA,NA,p.Gly263Val,0.1173317579741822,267,0.0218575401457805
urn:mavedb:00000085-b-1#631,NA,NA,p.Gly263Thr,0.2358056817016141,267,0.0740670090372425
urn:mavedb:00000085-b-1#632,NA,NA,p.Gly263Arg,0.3363428954369611,267,0.0479147644187531
urn:mavedb:00000085-b-1#633,NA,NA,p.Gly263Glu,0.5872297302948889,267,0.175160305392252
urn:mavedb:00000085-b-1#634,NA,NA,p.Gly263Cys,NA,267,NA
urn:mavedb:00000085-b-1#635,NA,NA,p.Gly263Ala,0.5248702752563476,267,0.129741640393997
urn:mavedb:00000085-b-1#636,NA,NA,p.Thr262Ser,0.5629758096220426,266,0.20142428291906503
urn:mavedb:00000085-b-1#637,NA,NA,p.Thr262Arg,0.5588012788159451,266,0.15289063170598402
urn:mavedb:00000085-b-1#638,NA,NA,p.Thr262Asn,NA,266,NA
urn:mavedb:00000085-b-1#639,NA,NA,p.Thr262Met,NA,266,0.285842196432117
urn:mavedb:00000085-b-1#640,NA,NA,p.Thr262Lys,0.7824403515455925,266,0.279945397374747
urn:mavedb:00000085-b-1#641,NA,NA,p.Thr262His,NA,266,NA
urn:mavedb:00000085-b-1#642,NA,NA,p.Thr262Gly,0.1884272560250725,266,0.0515545745803267
urn:mavedb:00000085-b-1#643,NA,NA,p.Thr262Asp,0.3982411872076364,266,0.101537511508504
urn:mavedb:00000085-b-1#644,NA,NA,p.Thr262Ala,0.33022894560295674,266,0.10372553418489501
urn:mavedb:00000085-b-1#645,NA,NA,p.Thr261Trp,NA,265,NA
urn:mavedb:00000085-b-1#646,NA,NA,p.Thr261Val,NA,265,NA
urn:mavedb:00000085-b-1#647,NA,NA,p.Thr261Ser,0.5629758096220426,265,0.20142428291906503
urn:mavedb:00000085-b-1#648,NA,NA,p.Thr261Arg,NA,265,NA
urn:mavedb:00000085-b-1#649,NA,NA,p.Thr261Pro,NA,265,NA
urn:mavedb:00000085-b-1#650,NA,NA,p.Thr261Met,NA,265,NA
urn:mavedb:00000085-b-1#651,NA,NA,p.Thr261Leu,NA,265,NA
urn:mavedb:00000085-b-1#652,NA,NA,p.Thr261Glu,0.2358056817016141,265,0.0786200317696559
urn:mavedb:00000085-b-1#653,NA,NA,p.Thr261Ala,0.611604270484195,265,0.19210605402838
urn:mavedb:00000085-b-1#654,NA,NA,p.Tyr260Val,0.2053435304611641,264,0.0468392653751329
urn:mavedb:00000085-b-1#655,NA,NA,p.Tyr260Ser,0.01242314625416282,264,0.00339903065826804
urn:mavedb:00000085-b-1#656,NA,NA,p.Tyr260Gln,NA,264,NA
urn:mavedb:00000085-b-1#657,NA,NA,p.Tyr260Asn,NA,264,NA
urn:mavedb:00000085-b-1#658,NA,NA,p.Tyr260Met,NA,264,NA
urn:mavedb:00000085-b-1#659,NA,NA,p.Tyr260Ile,NA,264,NA
urn:mavedb:00000085-b-1#660,NA,NA,p.Tyr260His,NA,264,NA
urn:mavedb:00000085-b-1#661,NA,NA,p.Tyr260Gly,NA,264,NA
urn:mavedb:00000085-b-1#662,NA,NA,p.Tyr260Phe,0.3547098949593413,264,0.111415046516129
urn:mavedb:00000085-b-1#663,NA,NA,p.Tyr260Glu,NA,264,NA
urn:mavedb:00000085-b-1#664,NA,NA,p.Tyr260Asp,0.0014007907635314278,264,0.000327604181143289
urn:mavedb:00000085-b-1#665,NA,NA,p.Tyr260Cys,0.052977444723719916,264,0.0123898820934714
urn:mavedb:00000085-b-1#666,NA,NA,p.Tyr260Ala,0.013515898054044805,264,0.00424536905171836
urn:mavedb:00000085-b-1#667,NA,NA,p.Ile259Tyr,0.05272192393662817,263,0.014424963866413999
urn:mavedb:00000085-b-1#668,NA,NA,p.Ile259Val,0.4230228913717126,263,0.15135123232044598
urn:mavedb:00000085-b-1#669,NA,NA,p.Ile259Thr,NA,263,NA
urn:mavedb:00000085-b-1#670,NA,NA,p.Ile259Ser,NA,263,NA
urn:mavedb:00000085-b-1#671,NA,NA,p.Ile259Arg,0.001164123347729783,263,0.168735457308109
urn:mavedb:00000085-b-1#672,NA,NA,p.Ile259Met,0.4332349102681311,263,0.144444960626966
urn:mavedb:00000085-b-1#673,NA,NA,p.Ile259Leu,0.5922680105236998,263,0.17666313581449103
urn:mavedb:00000085-b-1#674,NA,NA,p.Ile259Gly,NA,263,NA
urn:mavedb:00000085-b-1#675,NA,NA,p.Ile259Phe,0.3843755349085313,263,0.105166936033172
urn:mavedb:00000085-b-1#676,NA,NA,p.Ile259Asp,NA,263,NA
urn:mavedb:00000085-b-1#677,NA,NA,p.Ile259Cys,NA,263,NA
urn:mavedb:00000085-b-1#678,NA,NA,p.Ile259Ala,NA,263,NA
urn:mavedb:00000085-b-1#679,NA,NA,p.Val258Thr,0.2358056817016141,262,0.0601221643784037
urn:mavedb:00000085-b-1#680,NA,NA,p.Val258Leu,NA,262,NA
urn:mavedb:00000085-b-1#681,NA,NA,p.Val258Ile,NA,262,NA
urn:mavedb:00000085-b-1#682,NA,NA,p.Val258Gly,0.09308888626142696,262,0.0254695527101753
urn:mavedb:00000085-b-1#683,NA,NA,p.Val258Phe,NA,262,NA
urn:mavedb:00000085-b-1#684,NA,NA,p.Val258Cys,NA,262,NA
urn:mavedb:00000085-b-1#685,NA,NA,p.Val258Ala,0.2358056817016141,262,0.0786200317696559
urn:mavedb:00000085-b-1#686,NA,NA,p.Val257Tyr,NA,261,NA
urn:mavedb:00000085-b-1#687,NA,NA,p.Val257Asn,NA,261,NA
urn:mavedb:00000085-b-1#688,NA,NA,p.Val257Leu,0.4716113634032278,261,0.168735457308109
urn:mavedb:00000085-b-1#689,NA,NA,p.Val257Ile,0.4546432848345772,261,0.15158273218702698
urn:mavedb:00000085-b-1#690,NA,NA,p.Val257His,NA,261,NA
urn:mavedb:00000085-b-1#691,NA,NA,p.Val257Gly,0.002650954012691633,261,0.000493841861380575
urn:mavedb:00000085-b-1#692,NA,NA,p.Val257Glu,0.01045519905411426,261,0.00311860208156661
urn:mavedb:00000085-b-1#693,NA,NA,p.Val257Ala,0.1984536824162417,261,0.036452933850637
urn:mavedb:00000085-b-1#694,NA,NA,p.Ile256Val,0.7748564386314807,260,0.14434673107285098
urn:mavedb:00000085-b-1#695,NA,NA,p.Ile256Thr,0.013674922040070321,260,0.00407898884743302
urn:mavedb:00000085-b-1#696,NA,NA,p.Ile256Ser,0.00404546741191158,260,0.0007887701015970941
urn:mavedb:00000085-b-1#697,NA,NA,p.Ile256Arg,NA,260,NA
urn:mavedb:00000085-b-1#698,NA,NA,p.Ile256Gln,NA,260,NA
urn:mavedb:00000085-b-1#699,NA,NA,p.Ile256Asn,0.002159689970100241,260,0.00077270461025135
urn:mavedb:00000085-b-1#700,NA,NA,p.Ile256Met,NA,260,NA
urn:mavedb:00000085-b-1#701,NA,NA,p.Ile256Leu,0.4716113634032278,260,0.168735457308109
urn:mavedb:00000085-b-1#702,NA,NA,p.Ile256Gly,0.011010233185411042,260,0.00301245106402511
urn:mavedb:00000085-b-1#703,NA,NA,p.Ile256Phe,NA,260,NA
urn:mavedb:00000085-b-1#704,NA,NA,p.Ile256Glu,NA,260,NA
urn:mavedb:00000085-b-1#705,NA,NA,p.Ile256Asp,0.0010098724132882708,260,0.00033670181584721
urn:mavedb:00000085-b-1#706,NA,NA,p.Ile256Ala,0.2358056817016141,260,0.0703366895258205
urn:mavedb:00000085-b-1#707,NA,NA,p.Arg255Val,0.1495977819568091,259,0.025785986052327
urn:mavedb:00000085-b-1#708,NA,NA,p.Arg255Thr,NA,259,NA
urn:mavedb:00000085-b-1#709,NA,NA,p.Arg255Ser,0.06813993521148685,259,0.0155428539718168
urn:mavedb:00000085-b-1#710,NA,NA,p.Arg255Leu,NA,259,NA
urn:mavedb:00000085-b-1#711,NA,NA,p.Arg255His,0.11036234952496682,259,0.0394859898674043
urn:mavedb:00000085-b-1#712,NA,NA,p.Val214Asp,0.019675145577982014,216,0.00538321143913431
urn:mavedb:00000085-b-1#713,NA,NA,p.Val214Cys,0.08397306083635507,216,0.0279974793783958
urn:mavedb:00000085-b-1#714,NA,NA,p.Val214Ala,0.377716043075534,216,0.0693807127432267
urn:mavedb:00000085-b-1#715,NA,NA,p.Lys213Tyr,NA,215,NA
urn:mavedb:00000085-b-1#716,NA,NA,p.Lys213Trp,NA,215,NA
urn:mavedb:00000085-b-1#717,NA,NA,p.Lys213Val,0.6669591862941102,215,0.23862797217835396
urn:mavedb:00000085-b-1#718,NA,NA,p.Lys213Thr,0.6508471073401332,215,0.156333090323644
urn:mavedb:00000085-b-1#719,NA,NA,p.Lys213Ser,0.5173145048070039,215,0.15430582269793
urn:mavedb:00000085-b-1#720,NA,NA,p.Lys213Arg,0.760976979168981,215,0.13438104903476
urn:mavedb:00000085-b-1#721,NA,NA,p.Lys213Gln,0.7620608352627033,215,0.272653912761448
urn:mavedb:00000085-b-1#722,NA,NA,p.Lys213Pro,0.08339892289432348,215,0.0261957588601558
urn:mavedb:00000085-b-1#723,NA,NA,p.Lys213Asn,0.8109481635771253,215,0.213844265815073
urn:mavedb:00000085-b-1#724,NA,NA,p.Lys213Leu,NA,215,NA
urn:mavedb:00000085-b-1#725,NA,NA,p.Lys213Ile,0.8317706175559599,215,0.19452693375598104
urn:mavedb:00000085-b-1#726,NA,NA,p.Lys213Gly,0.4607201238862117,215,0.085826793850883
urn:mavedb:00000085-b-1#727,NA,NA,p.Lys213Phe,NA,215,NA
urn:mavedb:00000085-b-1#728,NA,NA,p.Lys213Glu,0.4582363628909401,215,0.0688828586226414
urn:mavedb:00000085-b-1#729,NA,NA,p.Lys213Asp,0.01868795740563417,215,0.00476477258279081
urn:mavedb:00000085-b-1#730,NA,NA,p.Lys213Cys,NA,215,NA
urn:mavedb:00000085-b-1#731,NA,NA,p.Lys213Ala,0.4323971637542937,215,0.212593354526124
urn:mavedb:00000085-b-1#732,NA,NA,p.Asp212Tyr,NA,214,NA
urn:mavedb:00000085-b-1#733,NA,NA,p.Asp212Val,0.056885131739297164,214,0.0123974336441291
urn:mavedb:00000085-b-1#734,NA,NA,p.Asp212Thr,0.1410270282566872,214,0.050457351014568004
urn:mavedb:00000085-b-1#735,NA,NA,p.Asp212Ser,0.2625306197071455,214,0.0718295999147303
urn:mavedb:00000085-b-1#736,NA,NA,p.Asp212Arg,0.08402436570750899,214,0.0207698159981208
urn:mavedb:00000085-b-1#737,NA,NA,p.Asp212Gln,0.4944831846346267,214,0.147495641251746
urn:mavedb:00000085-b-1#738,NA,NA,p.Asp212Gly,0.3207406535862342,214,0.0362804781651097
urn:mavedb:00000085-b-1#739,NA,NA,p.Asp212Glu,0.08534088870575178,214,0.0123363689868383
urn:mavedb:00000085-b-1#740,NA,NA,p.Asp212Cys,0.07802156041775532,214,0.0260131881237875
urn:mavedb:00000085-b-1#741,NA,NA,p.Asp212Ala,0.08976314615299577,214,0.0195628033915807
urn:mavedb:00000085-b-1#742,NA,NA,p.Ala211Trp,NA,213,NA
urn:mavedb:00000085-b-1#743,NA,NA,p.Ala211Val,0.3359139174960745,213,0.0527416856736131
urn:mavedb:00000085-b-1#744,NA,NA,p.Ala211Thr,0.2693072521851148,213,0.0710154042006456
urn:mavedb:00000085-b-1#745,NA,NA,p.Ala211Ser,0.7539179512354202,213,0.164307394353841
urn:mavedb:00000085-b-1#746,NA,NA,p.Ala211Arg,0.6611178628644618,213,0.133316774552898
urn:mavedb:00000085-b-1#747,NA,NA,p.Ala211Pro,NA,213,NA
urn:mavedb:00000085-b-1#748,NA,NA,p.Ala211Leu,NA,213,NA
urn:mavedb:00000085-b-1#749,NA,NA,p.Ala211Gly,0.5141917848187053,213,0.0957879415884864
urn:mavedb:00000085-b-1#750,NA,NA,p.Ala211Glu,0.8478523414967709,213,0.22357577170803397
urn:mavedb:00000085-b-1#751,NA,NA,p.Ala211Asp,NA,213,NA
urn:mavedb:00000085-b-1#752,NA,NA,p.Ala211Cys,NA,213,NA
urn:mavedb:00000085-b-1#753,NA,NA,p.Glu210Trp,NA,212,NA
urn:mavedb:00000085-b-1#754,NA,NA,p.Glu210Val,NA,212,NA
urn:mavedb:00000085-b-1#755,NA,NA,p.Glu210Thr,NA,212,NA
urn:mavedb:00000085-b-1#756,NA,NA,p.Glu210Arg,0.7964472854947329,212,0.173576153751732
urn:mavedb:00000085-b-1#757,NA,NA,p.Glu210Lys,0.6741253989152148,212,0.24119193534298897
urn:mavedb:00000085-b-1#758,NA,NA,p.Glu210Gly,0.4230228913717126,212,0.115741032706577
urn:mavedb:00000085-b-1#759,NA,NA,p.Glu210Asp,NA,212,NA
urn:mavedb:00000085-b-1#760,NA,NA,p.Glu210Ala,NA,212,NA
urn:mavedb:00000085-b-1#761,NA,NA,p.Met209Trp,NA,211,NA
urn:mavedb:00000085-b-1#762,NA,NA,p.Met209Val,NA,211,NA
urn:mavedb:00000085-b-1#763,NA,NA,p.Met209Thr,NA,211,NA
urn:mavedb:00000085-b-1#764,NA,NA,p.Met209Leu,0.3271893870575,211,0.117063444894782
urn:mavedb:00000085-b-1#765,NA,NA,p.Met209Ile,0.001793308913952218,211,0.168735457308109
urn:mavedb:00000085-b-1#766,NA,NA,p.Trp208Tyr,NA,210,NA
urn:mavedb:00000085-b-1#767,NA,NA,p.Trp208Val,NA,210,NA
urn:mavedb:00000085-b-1#768,NA,NA,p.Trp208Ser,0.01809166735232173,210,0.0044720433036646
urn:mavedb:00000085-b-1#769,NA,NA,p.Trp208Arg,0.002386017385884953,210,0.000795522658010416
urn:mavedb:00000085-b-1#770,NA,NA,p.Trp208Leu,0.12938556693847644,210,0.0462922111309825
urn:mavedb:00000085-b-1#771,NA,NA,p.Trp208Gly,0.004080903070523792,210,0.00076022471865324
urn:mavedb:00000085-b-1#772,NA,NA,p.Trp208Glu,0.03130113572469584,210,0.009831745723288609
urn:mavedb:00000085-b-1#773,NA,NA,p.Trp208Asp,NA,210,NA
urn:mavedb:00000085-b-1#774,NA,NA,p.Trp208Cys,0.05397995489851121,210,0.0142343300625837
urn:mavedb:00000085-b-1#775,NA,NA,p.Trp208Ala,NA,210,NA
urn:mavedb:00000085-b-1#776,NA,NA,p.Asp207Val,NA,209,0.276741744481237
urn:mavedb:00000085-b-1#777,NA,NA,p.Asp207Thr,NA,209,NA
urn:mavedb:00000085-b-1#778,NA,NA,p.Asp207Asn,0.3179687094626887,209,0.227101084494892
urn:mavedb:00000085-b-1#779,NA,NA,p.Asp207Ile,NA,209,NA
urn:mavedb:00000085-b-1#780,NA,NA,p.Asp207Gly,0.6649522989421142,209,0.1204941466703
urn:mavedb:00000085-b-1#781,NA,NA,p.Asp207Glu,0.9618862166736694,209,0.224957184591918
urn:mavedb:00000085-b-1#782,NA,NA,p.Asp207Ala,0.7620608352627033,209,0.272653912761448
urn:mavedb:00000085-b-1#783,NA,NA,p.Ile206Tyr,0.8420594104346522,208,0.2807512402694439
urn:mavedb:00000085-b-1#784,NA,NA,p.Ile206Val,0.8055474513270978,208,0.253023972649102
urn:mavedb:00000085-b-1#785,NA,NA,p.Ile206Thr,NA,208,NA
urn:mavedb:00000085-b-1#786,NA,NA,p.Ile206Arg,0.634741824852014,208,0.148447634851481
urn:mavedb:00000085-b-1#787,NA,NA,p.Ile206Gln,NA,208,NA
urn:mavedb:00000085-b-1#788,NA,NA,p.Ile206Met,0.7148291564648258,208,0.23833136922568202
urn:mavedb:00000085-b-1#789,NA,NA,p.Ile206Leu,0.7620608352627033,208,0.272653912761448
urn:mavedb:00000085-b-1#790,NA,NA,p.Ile206Gly,0.5140046770092052,208,0.16144983777532598
urn:mavedb:00000085-b-1#791,NA,NA,p.Ile206Cys,NA,208,NA
urn:mavedb:00000085-b-1#792,NA,NA,p.Leu205Val,0.19073737285279432,207,0.0415689276107364
urn:mavedb:00000085-b-1#793,NA,NA,p.Leu205Gly,NA,207,NA
urn:mavedb:00000085-b-1#794,NA,NA,p.Leu205Phe,NA,207,NA
urn:mavedb:00000085-b-1#795,NA,NA,p.Leu205Ala,NA,207,NA
urn:mavedb:00000085-b-1#796,NA,NA,p.Gln204Trp,NA,206,NA
urn:mavedb:00000085-b-1#797,NA,NA,p.Gln204Thr,NA,206,NA
urn:mavedb:00000085-b-1#798,NA,NA,p.Gln204Arg,0.4635921740347234,206,0.118199717202431
urn:mavedb:00000085-b-1#799,NA,NA,p.Gln204Pro,NA,206,NA
urn:mavedb:00000085-b-1#800,NA,NA,p.Gln204Leu,0.5941930841213476,206,0.151498360931181
urn:mavedb:00000085-b-1#801,NA,NA,p.Gln204Gly,0.09746624109716806,206,0.03487195610588299
urn:mavedb:00000085-b-1#802,NA,NA,p.Gln204Asp,NA,206,NA
urn:mavedb:00000085-b-1#803,NA,NA,p.Gln204Ala,0.24414630990997715,206,0.0728245522970165
urn:mavedb:00000085-b-1#804,NA,NA,p.Gln203Trp,NA,205,NA
urn:mavedb:00000085-b-1#805,NA,NA,p.Gln203Ser,NA,205,NA
urn:mavedb:00000085-b-1#806,NA,NA,p.Gln203Arg,0.7879850649568583,205,0.24750759399099104
urn:mavedb:00000085-b-1#807,NA,NA,p.Gln203Leu,0.5002925544818239,205,0.12755702483839598
urn:mavedb:00000085-b-1#808,NA,NA,p.Gln203Lys,0.2704375003090075,205,0.0901666351403057
urn:mavedb:00000085-b-1#809,NA,NA,p.Gln203His,0.4716113634032278,205,0.168735457308109
urn:mavedb:00000085-b-1#810,NA,NA,p.Gln203Gly,0.56974870998863,205,0.20384752487068303
urn:mavedb:00000085-b-1#811,NA,NA,p.Gln203Glu,NA,205,NA
urn:mavedb:00000085-b-1#812,NA,NA,p.Gln203Ala,0.56974870998863,205,0.20384752487068303
urn:mavedb:00000085-b-1#813,NA,NA,p.Arg202Trp,0.03875459008405535,204,0.00863501107227408
urn:mavedb:00000085-b-1#814,NA,NA,p.Arg202Val,0.4544916713694929,204,0.0970000078206962
urn:mavedb:00000085-b-1#815,NA,NA,p.Arg202Thr,NA,204,NA
urn:mavedb:00000085-b-1#816,NA,NA,p.Arg202Ser,0.5534172874425624,204,0.18451499729199697
urn:mavedb:00000085-b-1#817,NA,NA,p.Arg202Gln,0.3619975915153006,204,0.10316617137313001
urn:mavedb:00000085-b-1#818,NA,NA,p.Arg202Pro,NA,204,NA
urn:mavedb:00000085-b-1#819,NA,NA,p.Arg202Asn,NA,204,NA
urn:mavedb:00000085-b-1#820,NA,NA,p.Arg202Met,0.2358056817016141,204,0.0843677286540543
urn:mavedb:00000085-b-1#821,NA,NA,p.Arg202Leu,0.10911128723940967,204,0.027819544888015
urn:mavedb:00000085-b-1#822,NA,NA,p.Arg202Ile,NA,204,NA
urn:mavedb:00000085-b-1#823,NA,NA,p.Arg202Gly,0.36758047922697107,204,0.0476256948767806
urn:mavedb:00000085-b-1#824,NA,NA,p.Arg202Glu,0.3843755349085313,204,0.105166936033172
urn:mavedb:00000085-b-1#825,NA,NA,p.Arg202Asp,NA,204,NA
urn:mavedb:00000085-b-1#826,NA,NA,p.Arg202Cys,NA,204,NA
urn:mavedb:00000085-b-1#827,NA,NA,p.Arg202Ala,0.6294444866534612,204,0.151192193490521
urn:mavedb:00000085-b-1#828,NA,NA,p.Ser201Tyr,0.1520921211676376,203,0.047772421901485
urn:mavedb:00000085-b-1#829,NA,NA,p.Ser201Trp,NA,203,NA
urn:mavedb:00000085-b-1#830,NA,NA,p.Ser201Val,0.04884079771372513,203,0.0153409866104335
urn:mavedb:00000085-b-1#831,NA,NA,p.Ser201Arg,0.2358056817016141,203,0.0645175324430401
urn:mavedb:00000085-b-1#832,NA,NA,p.Ser201Gln,NA,203,NA
urn:mavedb:00000085-b-1#833,NA,NA,p.Ser201Pro,NA,203,NA
urn:mavedb:00000085-b-1#834,NA,NA,p.Ser201Met,NA,203,NA
urn:mavedb:00000085-b-1#835,NA,NA,p.Ser201Leu,NA,203,NA
urn:mavedb:00000085-b-1#836,NA,NA,p.Ser201Ile,NA,203,NA
urn:mavedb:00000085-b-1#837,NA,NA,p.Ser201Gly,0.5534172874425624,203,0.18451499729199697
urn:mavedb:00000085-b-1#838,NA,NA,p.Ser201Phe,0.8132525379658057,203,0.23176991413178302
urn:mavedb:00000085-b-1#839,NA,NA,p.Ser201Asp,NA,203,NA
urn:mavedb:00000085-b-1#840,NA,NA,p.Ser201Cys,NA,203,0.323759105508894
urn:mavedb:00000085-b-1#841,NA,NA,p.Ser201Ala,0.5747460186460778,203,0.163797626408128
urn:mavedb:00000085-b-1#842,NA,NA,p.Ala200Trp,0.2358056817016141,202,0.0566403853079147
urn:mavedb:00000085-b-1#843,NA,NA,p.Ala200Val,0.6366295817246246,202,0.109735059571869
urn:mavedb:00000085-b-1#844,NA,NA,p.Ala200Thr,0.7157036254293618,202,0.17691335702671498
urn:mavedb:00000085-b-1#845,NA,NA,p.Ala200Ser,0.7059758680213535,202,0.15067309047258898
urn:mavedb:00000085-b-1#846,NA,NA,p.Ala200Arg,0.6699679060350723,202,0.11686499396971699
urn:mavedb:00000085-b-1#847,NA,NA,p.Ala200Gln,NA,202,NA
urn:mavedb:00000085-b-1#848,NA,NA,p.Ala200Pro,1.1687454569394695,202,0.23166197093748
urn:mavedb:00000085-b-1#849,NA,NA,p.Ala200Met,NA,202,NA
urn:mavedb:00000085-b-1#850,NA,NA,p.Ala200Leu,0.4269810923026152,202,0.127360953756354
urn:mavedb:00000085-b-1#851,NA,NA,p.Ala200Ile,0.3271893870575,202,0.117063444894782
urn:mavedb:00000085-b-1#852,NA,NA,p.Ala200Gly,0.6753576687057087,202,0.0917771724058981
urn:mavedb:00000085-b-1#853,NA,NA,p.Ala200Phe,0.40541983170423707,202,0.135171128272341
urn:mavedb:00000085-b-1#854,NA,NA,p.Ala200Glu,1.2567603786119113,202,0.253430211878528
urn:mavedb:00000085-b-1#855,NA,NA,p.Ala200Asp,0.9233288645933159,202,0.210613139942024
urn:mavedb:00000085-b-1#856,NA,NA,p.Ala200Cys,0.5727857108919747,202,0.13758278905612698
urn:mavedb:00000085-b-1#857,NA,NA,p.Leu199Val,0.4716113634032278,201,0.15724006353931197
urn:mavedb:00000085-b-1#858,NA,NA,p.Leu199Ile,NA,201,NA
urn:mavedb:00000085-b-1#859,NA,NA,p.Thr198Tyr,NA,200,NA
urn:mavedb:00000085-b-1#860,NA,NA,p.Thr198Val,NA,200,NA
urn:mavedb:00000085-b-1#861,NA,NA,p.Thr198Ser,0.8343391698281668,200,0.16537788905625198
urn:mavedb:00000085-b-1#862,NA,NA,p.Thr198Arg,0.5417391973391965,200,0.170161302881262
urn:mavedb:00000085-b-1#863,NA,NA,p.Thr198Pro,0.2358056817016141,200,0.0786200317696559
urn:mavedb:00000085-b-1#864,NA,NA,p.Thr198Leu,NA,200,NA
urn:mavedb:00000085-b-1#865,NA,NA,p.Thr198Ile,0.14480599012475812,200,0.0322645995054234
urn:mavedb:00000085-b-1#866,NA,NA,p.Thr198Gly,0.5984324653669053,200,0.133338294979864
urn:mavedb:00000085-b-1#867,NA,NA,p.Thr198Glu,0.4230228913717126,200,0.115741032706577
urn:mavedb:00000085-b-1#868,NA,NA,p.Thr198Ala,0.4725653768474474,200,0.0763560370636991
urn:mavedb:00000085-b-1#869,NA,NA,p.Leu197Tyr,0.2358056817016141,199,0.0786200317696559
urn:mavedb:00000085-b-1#870,NA,NA,p.Leu197Val,0.09798241826683173,199,0.0158317759347576
urn:mavedb:00000085-b-1#871,NA,NA,p.Leu197Ser,0.09704494602199604,199,0.0347212230602291
urn:mavedb:00000085-b-1#872,NA,NA,p.Leu197Arg,0.07812266492254716,199,0.00755350854278645
urn:mavedb:00000085-b-1#873,NA,NA,p.Leu197Gln,0.1274912477791728,199,0.0348821990014846
urn:mavedb:00000085-b-1#874,NA,NA,p.Leu197Pro,0.049256358885145436,199,0.0134767691323896
urn:mavedb:00000085-b-1#875,NA,NA,p.Leu197Asn,NA,199,NA
urn:mavedb:00000085-b-1#876,NA,NA,p.Leu197Met,0.3362772682995959,199,0.205387055167427
urn:mavedb:00000085-b-1#877,NA,NA,p.Leu197Ile,NA,199,NA
urn:mavedb:00000085-b-1#878,NA,NA,p.Leu197His,0.12415445420703798,199,0.0283198765261712
urn:mavedb:00000085-b-1#879,NA,NA,p.Leu197Gly,0.057983584347684275,199,0.0084449850296505
urn:mavedb:00000085-b-1#880,NA,NA,p.Leu197Phe,NA,199,NA
urn:mavedb:00000085-b-1#881,NA,NA,p.Leu197Asp,0.02605585491875863,199,0.00868728915569776
urn:mavedb:00000085-b-1#882,NA,NA,p.Leu197Cys,0.04305994779598058,199,0.0128440254588793
urn:mavedb:00000085-b-1#883,NA,NA,p.Leu197Ala,0.06561063120293656,199,0.0142990518228145
urn:mavedb:00000085-b-1#884,NA,NA,p.Leu196Tyr,NA,198,NA
urn:mavedb:00000085-b-1#885,NA,NA,p.Leu196Val,0.6806958173882992,198,0.213807839125393
urn:mavedb:00000085-b-1#886,NA,NA,p.Leu196Ser,NA,198,NA
urn:mavedb:00000085-b-1#887,NA,NA,p.Leu196Arg,NA,198,NA
urn:mavedb:00000085-b-1#888,NA,NA,p.Leu196Gln,1.281380881891376,198,0.12436230857487801
urn:mavedb:00000085-b-1#889,NA,NA,p.Leu196Pro,NA,198,NA
urn:mavedb:00000085-b-1#890,NA,NA,p.Leu196Met,NA,198,NA
urn:mavedb:00000085-b-1#891,NA,NA,p.Leu196Lys,3.7728909072258223,198,0.5718872979866451
urn:mavedb:00000085-b-1#892,NA,NA,p.Leu196Ile,NA,198,NA
urn:mavedb:00000085-b-1#893,NA,NA,p.Leu196His,NA,198,NA
urn:mavedb:00000085-b-1#894,NA,NA,p.Leu196Gly,0.5261569516871277,198,0.149950164087276
urn:mavedb:00000085-b-1#895,NA,NA,p.Leu196Glu,NA,198,NA
urn:mavedb:00000085-b-1#896,NA,NA,p.Leu196Asp,NA,198,NA
urn:mavedb:00000085-b-1#897,NA,NA,p.Glu195Arg,NA,197,NA
urn:mavedb:00000085-b-1#898,NA,NA,p.Glu195Gly,0.6882958334921939,197,0.12822149836056698
urn:mavedb:00000085-b-1#899,NA,NA,p.Glu195Asp,NA,197,NA
urn:mavedb:00000085-b-1#900,NA,NA,p.Gly194Val,0.4416371815633247,196,0.11645821902039001
urn:mavedb:00000085-b-1#901,NA,NA,p.Gly194Thr,NA,196,NA
urn:mavedb:00000085-b-1#902,NA,NA,p.Gly194Ser,0.9052410981122148,196,0.284337934993455
urn:mavedb:00000085-b-1#903,NA,NA,p.Gly194Arg,NA,196,NA
urn:mavedb:00000085-b-1#904,NA,NA,p.Gly194Pro,NA,196,NA
urn:mavedb:00000085-b-1#905,NA,NA,p.Gly194Met,NA,196,NA
urn:mavedb:00000085-b-1#906,NA,NA,p.Gly194Leu,NA,196,NA
urn:mavedb:00000085-b-1#907,NA,NA,p.Gly194Asp,0.5252734735217351,196,0.16498938799782
urn:mavedb:00000085-b-1#908,NA,NA,p.Gly194Cys,0.3064068696992841,196,0.102159191654599
urn:mavedb:00000085-b-1#909,NA,NA,p.Gly194Ala,0.4507667460387183,196,0.161277566518472
urn:mavedb:00000085-b-1#910,NA,NA,p.Thr193Ser,NA,195,NA
urn:mavedb:00000085-b-1#911,NA,NA,p.Thr193Leu,0.9625505917870464,195,0.34438613420031705
urn:mavedb:00000085-b-1#912,NA,NA,p.Thr193Ile,NA,195,NA
urn:mavedb:00000085-b-1#913,NA,NA,p.Thr193Gly,NA,195,NA
urn:mavedb:00000085-b-1#914,NA,NA,p.Thr193Ala,0.7620608352627033,195,0.272653912761448
urn:mavedb:00000085-b-1#915,NA,NA,p.Leu192Tyr,NA,194,NA
urn:mavedb:00000085-b-1#916,NA,NA,p.Leu192Trp,NA,194,NA
urn:mavedb:00000085-b-1#917,NA,NA,p.Leu192Val,0.3427712379123598,194,0.0976868274847397
urn:mavedb:00000085-b-1#918,NA,NA,p.Leu192Thr,NA,194,NA
urn:mavedb:00000085-b-1#919,NA,NA,p.Leu192Ser,0.07730120769761371,194,0.0191079319289462
urn:mavedb:00000085-b-1#920,NA,NA,p.Leu192Arg,0.0015957457845379185,194,0.000532038004221706
urn:mavedb:00000085-b-1#921,NA,NA,p.Leu192Gln,NA,194,NA
urn:mavedb:00000085-b-1#922,NA,NA,p.Leu192Lys,NA,194,NA
urn:mavedb:00000085-b-1#923,NA,NA,p.Leu192Ile,NA,194,0.276741744481237
urn:mavedb:00000085-b-1#924,NA,NA,p.Leu192Gly,NA,194,NA
urn:mavedb:00000085-b-1#925,NA,NA,p.Leu192Phe,0.5459868051103516,194,0.18203759830480395
urn:mavedb:00000085-b-1#926,NA,NA,p.Leu192Glu,NA,194,NA
urn:mavedb:00000085-b-1#927,NA,NA,p.Leu192Ala,NA,194,NA
urn:mavedb:00000085-b-1#928,NA,NA,p.Ser240Glu,0.3679193426023062,243,0.12266808074907501
urn:mavedb:00000085-b-1#929,NA,NA,p.Ser240Asp,0.23195299650789825,243,0.0343097527314028
urn:mavedb:00000085-b-1#930,NA,NA,p.Ser240Cys,0.5054765495953051,243,0.0915959920767728
urn:mavedb:00000085-b-1#931,NA,NA,p.Ser240Ala,0.6399669769514242,243,0.0911684692984879
urn:mavedb:00000085-b-1#932,NA,NA,p.Gly239Tyr,NA,242,NA
urn:mavedb:00000085-b-1#933,NA,NA,p.Gly239Trp,0.005539033189365898,242,0.0009437894324011119
urn:mavedb:00000085-b-1#934,NA,NA,p.Gly239Val,0.002919121614359438,242,0.000396691619994903
urn:mavedb:00000085-b-1#935,NA,NA,p.Gly239Thr,0.033942908083449734,242,0.00895062913357658
urn:mavedb:00000085-b-1#936,NA,NA,p.Gly239Ser,0.12964593045042822,242,0.0231865667479229
urn:mavedb:00000085-b-1#937,NA,NA,p.Gly239Arg,0.014600272913227375,242,0.00127305416489997
urn:mavedb:00000085-b-1#938,NA,NA,p.Gly239Gln,0.020806625452043825,242,0.00569278960093536
urn:mavedb:00000085-b-1#939,NA,NA,p.Gly239Pro,0.003292292649358777,242,0.0007509784639895441
urn:mavedb:00000085-b-1#940,NA,NA,p.Gly239Asn,NA,242,NA
urn:mavedb:00000085-b-1#941,NA,NA,p.Gly239Met,0.009528794479250256,242,0.0037407130755136397
urn:mavedb:00000085-b-1#942,NA,NA,p.Gly239Leu,0.005033721219366228,242,0.0013772495630136302
urn:mavedb:00000085-b-1#943,NA,NA,p.Gly239Lys,NA,242,0.00983009616025625
urn:mavedb:00000085-b-1#944,NA,NA,p.Gly239Ile,NA,242,NA
urn:mavedb:00000085-b-1#945,NA,NA,p.Gly239His,0.04869651999399188,242,0.0152956687067501
urn:mavedb:00000085-b-1#946,NA,NA,p.Gly239Glu,0.008880822321385902,242,0.0013817337720054901
urn:mavedb:00000085-b-1#947,NA,NA,p.Gly239Asp,0.028873154338429883,242,0.007613752356293041
urn:mavedb:00000085-b-1#948,NA,NA,p.Gly239Cys,0.029578695838896912,242,0.0088228049925946
urn:mavedb:00000085-b-1#949,NA,NA,p.Gly239Ala,0.08752645000327755,242,0.00837526812417303
urn:mavedb:00000085-b-1#950,NA,NA,p.Arg238Tyr,0.8059961800418683,241,0.212538444640568
urn:mavedb:00000085-b-1#951,NA,NA,p.Arg238Trp,0.7148291564648258,241,0.21322097109556898
urn:mavedb:00000085-b-1#952,NA,NA,p.Arg238Val,0.593585926598709,241,0.11573516332161699
urn:mavedb:00000085-b-1#953,NA,NA,p.Arg238Thr,0.5696022979242102,241,0.145228574388
urn:mavedb:00000085-b-1#954,NA,NA,p.Arg238Ser,0.6977979193425125,241,0.110587439157166
urn:mavedb:00000085-b-1#955,NA,NA,p.Arg238Gln,0.6617058987059824,241,0.16356576625446897
urn:mavedb:00000085-b-1#956,NA,NA,p.Arg238Pro,0.5039008470731425,241,0.09255894887911599
urn:mavedb:00000085-b-1#957,NA,NA,p.Arg238Asn,0.7591448366889351,241,0.253106671338724
urn:mavedb:00000085-b-1#958,NA,NA,p.Arg238Met,0.6549036586599497,241,0.195346248555526
urn:mavedb:00000085-b-1#959,NA,NA,p.Arg238Leu,0.6619323421056308,241,0.125124512769634
urn:mavedb:00000085-b-1#960,NA,NA,p.Arg238Lys,0.7475076822532019,241,0.222968400868897
urn:mavedb:00000085-b-1#961,NA,NA,p.Arg238Ile,0.4740797796994004,241,0.105630949468611
urn:mavedb:00000085-b-1#962,NA,NA,p.Arg238His,0.6510276725936337,241,0.12306321228194099
urn:mavedb:00000085-b-1#963,NA,NA,p.Arg238Gly,0.5555595324547359,241,0.0897660436619319
urn:mavedb:00000085-b-1#964,NA,NA,p.Arg238Phe,0.7879850649568583,241,0.24750759399099104
urn:mavedb:00000085-b-1#965,NA,NA,p.Arg238Glu,0.4323425266314294,241,0.0963313634947546
urn:mavedb:00000085-b-1#966,NA,NA,p.Arg238Asp,0.3365276328691956,241,0.0678619972052413
urn:mavedb:00000085-b-1#967,NA,NA,p.Arg238Cys,0.5865033150314554,241,0.102305954892684
urn:mavedb:00000085-b-1#968,NA,NA,p.Arg238Ala,0.4878917661036051,241,0.108708434103895
urn:mavedb:00000085-b-1#969,NA,NA,p.Glu237Trp,0.4628193421998519,240,0.12204388255986201
urn:mavedb:00000085-b-1#970,NA,NA,p.Glu237Val,0.4806897769226966,240,0.0711021096300832
urn:mavedb:00000085-b-1#971,NA,NA,p.Glu237Thr,NA,240,NA
urn:mavedb:00000085-b-1#972,NA,NA,p.Glu237Ser,NA,240,NA
urn:mavedb:00000085-b-1#973,NA,NA,p.Glu237Arg,0.4663611918645529,240,0.10163784021517401
urn:mavedb:00000085-b-1#974,NA,NA,p.Glu237Gln,0.8250579690940858,240,0.23513435952992898
urn:mavedb:00000085-b-1#975,NA,NA,p.Glu237Asn,NA,240,NA
urn:mavedb:00000085-b-1#976,NA,NA,p.Glu237Met,NA,240,NA
urn:mavedb:00000085-b-1#977,NA,NA,p.Glu237Leu,NA,240,NA
urn:mavedb:00000085-b-1#978,NA,NA,p.Glu237Lys,0.6706419448732773,240,0.17684599431561604
urn:mavedb:00000085-b-1#979,NA,NA,p.Glu237Gly,0.8072120395867001,240,0.11111978335768301
urn:mavedb:00000085-b-1#980,NA,NA,p.Glu237Asp,0.6688526849996157,240,0.13732673399927497
urn:mavedb:00000085-b-1#981,NA,NA,p.Glu237Ala,0.6439346963522111,240,0.11371253319671601
urn:mavedb:00000085-b-1#982,NA,NA,p.Gly236Tyr,NA,238,NA
urn:mavedb:00000085-b-1#983,NA,NA,p.Gly236Val,0.007440189261186487,238,0.0018391255994001199
urn:mavedb:00000085-b-1#984,NA,NA,p.Gly236Thr,0.16462732681347506,238,0.0589011831157524
urn:mavedb:00000085-b-1#985,NA,NA,p.Gly236Ser,0.322830675592556,238,0.0570087217278285
urn:mavedb:00000085-b-1#986,NA,NA,p.Gly236Arg,0.008766360739212973,238,0.00313647211039365
urn:mavedb:00000085-b-1#987,NA,NA,p.Gly236Asn,NA,238,NA
urn:mavedb:00000085-b-1#988,NA,NA,p.Gly236Leu,NA,238,NA
urn:mavedb:00000085-b-1#989,NA,NA,p.Gly236Ile,NA,238,NA
urn:mavedb:00000085-b-1#990,NA,NA,p.Gly236Glu,0.023821154542332596,238,0.007482269536648
urn:mavedb:00000085-b-1#991,NA,NA,p.Gly236Asp,0.024104387679094917,238,0.00614577200950199
urn:mavedb:00000085-b-1#992,NA,NA,p.Gly236Cys,0.02243659059409051,238,0.006138755653043001
urn:mavedb:00000085-b-1#993,NA,NA,p.Gly236Ala,0.5258127601300067,238,0.156840702866431
urn:mavedb:00000085-b-1#994,NA,NA,p.Ala235Trp,NA,237,NA
urn:mavedb:00000085-b-1#995,NA,NA,p.Ala235Val,0.14375869995103066,237,0.0232282032486557
urn:mavedb:00000085-b-1#996,NA,NA,p.Ala235Thr,0.2304739278581787,237,0.0525715587179901
urn:mavedb:00000085-b-1#997,NA,NA,p.Ala235Ser,0.4516359795111874,237,0.100630187940524
urn:mavedb:00000085-b-1#998,NA,NA,p.Ala235Arg,0.024710477322796697,237,0.00453894019147641
urn:mavedb:00000085-b-1#999,NA,NA,p.Ala235Pro,NA,237,NA
urn:mavedb:00000085-b-1#1000,NA,NA,p.Ala235Leu,0.15555975445227474,237,0.0488616120515173
urn:mavedb:00000085-b-1#1001,NA,NA,p.Ala235His,NA,237,NA
urn:mavedb:00000085-b-1#1002,NA,NA,p.Ala235Gly,0.461017696506334,237,0.069880145294976
urn:mavedb:00000085-b-1#1003,NA,NA,p.Ala235Phe,NA,237,NA
urn:mavedb:00000085-b-1#1004,NA,NA,p.Ala235Glu,0.032452253819624674,237,0.008879087745251209
urn:mavedb:00000085-b-1#1005,NA,NA,p.Ala235Asp,0.01981692603137535,237,0.00489850656835429
urn:mavedb:00000085-b-1#1006,NA,NA,p.Ala235Cys,0.030995195434322168,237,0.00790268589541925
urn:mavedb:00000085-b-1#1007,NA,NA,p.Gly234Trp,NA,236,NA
urn:mavedb:00000085-b-1#1008,NA,NA,p.Gly234Val,NA,236,0.0005822675234906679
urn:mavedb:00000085-b-1#1009,NA,NA,p.Gly234Ser,0.20357496814266568,236,0.045359068439044005
urn:mavedb:00000085-b-1#1010,NA,NA,p.Gly234Arg,0.0014007907635314278,236,0.21593483053639698
urn:mavedb:00000085-b-1#1011,NA,NA,p.Gly234Leu,NA,236,NA
urn:mavedb:00000085-b-1#1012,NA,NA,p.Gly234Ile,NA,236,NA
urn:mavedb:00000085-b-1#1013,NA,NA,p.Gly234His,NA,236,NA
urn:mavedb:00000085-b-1#1014,NA,NA,p.Gly234Phe,NA,236,NA
urn:mavedb:00000085-b-1#1015,NA,NA,p.Gly234Glu,0.010435608558537023,236,0.282000327852024
urn:mavedb:00000085-b-1#1016,NA,NA,p.Gly234Asp,NA,236,NA
urn:mavedb:00000085-b-1#1017,NA,NA,p.Gly234Cys,0.18109705676259227,236,0.0540180684520934
urn:mavedb:00000085-b-1#1018,NA,NA,p.Gly234Ala,0.4779948359301981,236,0.10650327333600801
urn:mavedb:00000085-b-1#1019,NA,NA,p.Ser233Tyr,0.0015542716487801753,235,0.168735457308109
urn:mavedb:00000085-b-1#1020,NA,NA,p.Ser233Val,NA,235,NA
urn:mavedb:00000085-b-1#1021,NA,NA,p.Ser233Thr,NA,235,NA
urn:mavedb:00000085-b-1#1022,NA,NA,p.Ser233Arg,NA,235,NA
urn:mavedb:00000085-b-1#1023,NA,NA,p.Ser233Pro,NA,235,NA
urn:mavedb:00000085-b-1#1024,NA,NA,p.Ser233Phe,0.002104930636484194,235,0.000701805454046346
urn:mavedb:00000085-b-1#1025,NA,NA,p.Ser233Glu,0.0032668732705161433,235,0.0011688381537085
urn:mavedb:00000085-b-1#1026,NA,NA,p.Ser233Asp,NA,235,NA
urn:mavedb:00000085-b-1#1027,NA,NA,p.Ser233Cys,0.02243659059409051,235,0.008027474883152391
urn:mavedb:00000085-b-1#1028,NA,NA,p.Ser233Ala,0.2312897744717901,235,0.0483928620668776
urn:mavedb:00000085-b-1#1029,NA,NA,p.Lys232Val,0.0025035043348086033,234,0.0008957162222691919
urn:mavedb:00000085-b-1#1030,NA,NA,p.Lys232Thr,0.002869823503136639,234,0.0005507771169692321
urn:mavedb:00000085-b-1#1031,NA,NA,p.Lys232Ser,NA,234,NA
urn:mavedb:00000085-b-1#1032,NA,NA,p.Lys232Arg,0.2354856361396125,234,0.0262276656699512
urn:mavedb:00000085-b-1#1033,NA,NA,p.Lys232Gln,NA,234,0.12027604546057599
urn:mavedb:00000085-b-1#1034,NA,NA,p.Lys232Pro,0.0013340774671103564,234,0.000477312865985469
urn:mavedb:00000085-b-1#1035,NA,NA,p.Lys232Asn,0.001793308913952218,234,0.0843677286540543
urn:mavedb:00000085-b-1#1036,NA,NA,p.Lys232Met,NA,234,NA
urn:mavedb:00000085-b-1#1037,NA,NA,p.Lys232Leu,0.0010604462796448973,234,0.000316312483193589
urn:mavedb:00000085-b-1#1038,NA,NA,p.Lys232Ile,NA,234,NA
urn:mavedb:00000085-b-1#1039,NA,NA,p.Lys232His,NA,234,NA
urn:mavedb:00000085-b-1#1040,NA,NA,p.Lys232Gly,0.0012439490123677664,234,0.00041474535374402
urn:mavedb:00000085-b-1#1041,NA,NA,p.Lys232Glu,0.0012064859690801436,234,0.00031814623654375496
urn:mavedb:00000085-b-1#1042,NA,NA,p.Lys232Asp,NA,234,NA
urn:mavedb:00000085-b-1#1043,NA,NA,p.Lys232Ala,0.003166120218674574,234,0.0009443980026916039
urn:mavedb:00000085-b-1#1044,NA,NA,p.Asp231Tyr,NA,233,NA
urn:mavedb:00000085-b-1#1045,NA,NA,p.Asp231Trp,NA,233,NA
urn:mavedb:00000085-b-1#1046,NA,NA,p.Asp231Val,0.05895142042540327,233,0.0150305410946009
urn:mavedb:00000085-b-1#1047,NA,NA,p.Asp231Thr,NA,233,NA
urn:mavedb:00000085-b-1#1048,NA,NA,p.Asp231Ser,0.10140783758709676,233,0.0338104126891997
urn:mavedb:00000085-b-1#1049,NA,NA,p.Asp231Arg,0.03779415911464445,233,0.0107710072871022
urn:mavedb:00000085-b-1#1050,NA,NA,p.Asp231Asn,NA,233,NA
urn:mavedb:00000085-b-1#1051,NA,NA,p.Asp231Met,NA,233,NA
urn:mavedb:00000085-b-1#1052,NA,NA,p.Asp231Leu,NA,233,NA
urn:mavedb:00000085-b-1#1053,NA,NA,p.Asp231Lys,NA,233,NA
urn:mavedb:00000085-b-1#1054,NA,NA,p.Asp231His,0.05708856978995387,233,0.0204254322055799
urn:mavedb:00000085-b-1#1055,NA,NA,p.Asp231Gly,0.07105625503229647,233,0.00745571200962602
urn:mavedb:00000085-b-1#1056,NA,NA,p.Asp231Glu,0.08690150809399212,233,0.0118094086441036
urn:mavedb:00000085-b-1#1057,NA,NA,p.Asp231Cys,NA,233,NA
urn:mavedb:00000085-b-1#1058,NA,NA,p.Asp231Ala,0.1623471148600196,233,0.021788295971963
urn:mavedb:00000085-b-1#1059,NA,NA,p.Ala230Val,0.17853948561452634,232,0.0360031239351675
urn:mavedb:00000085-b-1#1060,NA,NA,p.Ala230Thr,0.011010233185411042,232,0.00393929594529471
urn:mavedb:00000085-b-1#1061,NA,NA,p.Ala230Ser,0.1810870076718659,232,0.0378889149093665
urn:mavedb:00000085-b-1#1062,NA,NA,p.Ala230Arg,NA,232,NA
urn:mavedb:00000085-b-1#1063,NA,NA,p.Ala230Leu,NA,232,NA
urn:mavedb:00000085-b-1#1064,NA,NA,p.Ala230Gly,0.7157791435211172,232,0.13955993962375102
urn:mavedb:00000085-b-1#1065,NA,NA,p.Ala230Glu,0.0015531349696517255,232,0.0005556883478681799
urn:mavedb:00000085-b-1#1066,NA,NA,p.Ala230Asp,NA,232,NA
urn:mavedb:00000085-b-1#1067,NA,NA,p.Ile229Tyr,0.08608230626535887,231,0.0136330182904151
urn:mavedb:00000085-b-1#1068,NA,NA,p.Ile229Trp,NA,231,NA
urn:mavedb:00000085-b-1#1069,NA,NA,p.Ile229Val,NA,231,0.24055209092115198
urn:mavedb:00000085-b-1#1070,NA,NA,p.Ile229Thr,NA,231,NA
urn:mavedb:00000085-b-1#1071,NA,NA,p.Ile229Ser,0.015977897101191182,231,0.00532719469964895
urn:mavedb:00000085-b-1#1072,NA,NA,p.Ile229Arg,0.003684463776587715,231,0.00122843799640087
urn:mavedb:00000085-b-1#1073,NA,NA,p.Ile229Met,0.4186860455475233,231,0.11932188870562802
urn:mavedb:00000085-b-1#1074,NA,NA,p.Ile229Leu,0.21572160790920725,231,0.0643459633797994
urn:mavedb:00000085-b-1#1075,NA,NA,p.Ile229Gly,0.0083749625262726,231,0.00229142874166097
urn:mavedb:00000085-b-1#1076,NA,NA,p.Ile229Phe,NA,231,NA
urn:mavedb:00000085-b-1#1077,NA,NA,p.Ile229Glu,0.00525716549730704,231,0.00156812004995642
urn:mavedb:00000085-b-1#1078,NA,NA,p.Ile229Asp,0.0032668732705161433,231,0.0011688381537085
urn:mavedb:00000085-b-1#1079,NA,NA,p.Ile229Ala,0.082251554833961,231,0.0258353683899914
urn:mavedb:00000085-b-1#1080,NA,NA,p.Phe228Tyr,0.2680528901430996,230,0.0841959179839052
urn:mavedb:00000085-b-1#1081,NA,NA,p.Phe228Trp,NA,230,NA
urn:mavedb:00000085-b-1#1082,NA,NA,p.Phe228Val,0.2649927539406448,230,0.0367206913190726
urn:mavedb:00000085-b-1#1083,NA,NA,p.Phe228Thr,NA,230,NA
urn:mavedb:00000085-b-1#1084,NA,NA,p.Phe228Ser,0.3387931163035787,230,0.0671536138146483
urn:mavedb:00000085-b-1#1085,NA,NA,p.Phe228Arg,0.3963369296364279,230,0.104512697038054
urn:mavedb:00000085-b-1#1086,NA,NA,p.Phe228Leu,0.28944469434151643,230,0.047240319367670994
urn:mavedb:00000085-b-1#1087,NA,NA,p.Phe228Lys,NA,230,NA
urn:mavedb:00000085-b-1#1088,NA,NA,p.Phe228Ile,0.40541983170423707,230,0.135171128272341
urn:mavedb:00000085-b-1#1089,NA,NA,p.Phe228Gly,0.15132341153967768,230,0.0281897893616557
urn:mavedb:00000085-b-1#1090,NA,NA,p.Phe228Glu,0.07874789019621417,230,0.0215457894139471
urn:mavedb:00000085-b-1#1091,NA,NA,p.Phe228Asp,NA,230,NA
urn:mavedb:00000085-b-1#1092,NA,NA,p.Phe228Cys,0.36215303347360606,230,0.0695044846696127
urn:mavedb:00000085-b-1#1093,NA,NA,p.Phe228Ala,NA,230,NA
urn:mavedb:00000085-b-1#1094,NA,NA,p.Trp227Val,0.008084332020127687,229,0.0017618834080576603
urn:mavedb:00000085-b-1#1095,NA,NA,p.Trp227Thr,NA,229,NA
urn:mavedb:00000085-b-1#1096,NA,NA,p.Trp227Ser,0.014737855106350872,229,0.0049137519856034895
urn:mavedb:00000085-b-1#1097,NA,NA,p.Trp227Arg,0.0015155080764391686,229,0.000374615430015612
urn:mavedb:00000085-b-1#1098,NA,NA,p.Trp227Met,NA,229,NA
urn:mavedb:00000085-b-1#1099,NA,NA,p.Trp227Leu,0.002720594528994928,229,0.000854543868967177
urn:mavedb:00000085-b-1#1100,NA,NA,p.Trp227Gly,0.008851590520159361,229,0.0014913873860557
urn:mavedb:00000085-b-1#1101,NA,NA,p.Trp227Glu,0.0020998690819736586,229,0.0007513015956128231
urn:mavedb:00000085-b-1#1102,NA,NA,p.Trp227Cys,0.007292093951884731,229,0.00217510343510658
urn:mavedb:00000085-b-1#1103,NA,NA,p.Trp227Ala,0.014737855106350872,229,0.0042001607778926
urn:mavedb:00000085-b-1#1104,NA,NA,p.Gly226Trp,0.16462732681347506,228,0.0450428031337238
urn:mavedb:00000085-b-1#1105,NA,NA,p.Gly226Val,0.05591033995887332,228,0.0105686844427104
urn:mavedb:00000085-b-1#1106,NA,NA,p.Gly226Thr,0.4774500998940074,228,0.13606913411108001
urn:mavedb:00000085-b-1#1107,NA,NA,p.Gly226Ser,0.6848202839846687,228,0.111769638750827
urn:mavedb:00000085-b-1#1108,NA,NA,p.Gly226Arg,0.5602766375685,228,0.0977311379858671
urn:mavedb:00000085-b-1#1109,NA,NA,p.Gly226Gln,NA,228,NA
urn:mavedb:00000085-b-1#1110,NA,NA,p.Gly226Pro,0.3438793007264706,228,0.0876771403276408
urn:mavedb:00000085-b-1#1111,NA,NA,p.Gly226Lys,NA,228,NA
urn:mavedb:00000085-b-1#1112,NA,NA,p.Gly226His,NA,228,NA
urn:mavedb:00000085-b-1#1113,NA,NA,p.Gly226Phe,0.2981795170391462,228,0.0889417081115141
urn:mavedb:00000085-b-1#1114,NA,NA,p.Gly226Glu,0.6781710094558936,228,0.17290978153261402
urn:mavedb:00000085-b-1#1115,NA,NA,p.Gly226Asp,0.5702100542955314,228,0.0912349288875449
urn:mavedb:00000085-b-1#1116,NA,NA,p.Gly226Cys,0.4347588942920131,228,0.0809905191040759
urn:mavedb:00000085-b-1#1117,NA,NA,p.Gly226Ala,0.4692341712697953,228,0.0598033398838787
urn:mavedb:00000085-b-1#1118,NA,NA,p.Leu191Val,NA,193,0.158136184557615
urn:mavedb:00000085-b-1#1119,NA,NA,p.Leu191Thr,NA,193,NA
urn:mavedb:00000085-b-1#1120,NA,NA,p.Leu191Ser,NA,193,NA
urn:mavedb:00000085-b-1#1121,NA,NA,p.Leu191Arg,NA,193,NA
urn:mavedb:00000085-b-1#1122,NA,NA,p.Leu191Gln,0.06267644779045771,193,0.0171485679418542
urn:mavedb:00000085-b-1#1123,NA,NA,p.Leu191Lys,NA,193,NA
urn:mavedb:00000085-b-1#1124,NA,NA,p.Leu191His,0.06857354484334435,193,0.021539079673469
urn:mavedb:00000085-b-1#1125,NA,NA,p.Leu191Gly,0.005568192009527944,193,0.0018564923013287698
urn:mavedb:00000085-b-1#1126,NA,NA,p.Lys190Ser,NA,192,NA
urn:mavedb:00000085-b-1#1127,NA,NA,p.Lys190Asn,0.7620608352627033,192,0.272653912761448
urn:mavedb:00000085-b-1#1128,NA,NA,p.Lys190Ile,NA,192,NA
urn:mavedb:00000085-b-1#1129,NA,NA,p.Lys190Glu,NA,192,NA
urn:mavedb:00000085-b-1#1130,NA,NA,p.Arg189Tyr,NA,191,NA
urn:mavedb:00000085-b-1#1131,NA,NA,p.Arg189Val,0.5142428563882172,191,0.140699239862299
urn:mavedb:00000085-b-1#1132,NA,NA,p.Arg189Thr,NA,191,NA
urn:mavedb:00000085-b-1#1133,NA,NA,p.Arg189Ser,0.7188291379016599,191,0.15341630307130302
urn:mavedb:00000085-b-1#1134,NA,NA,p.Arg189Gln,0.7620608352627033,191,0.272653912761448
urn:mavedb:00000085-b-1#1135,NA,NA,p.Arg189Asn,NA,191,NA
urn:mavedb:00000085-b-1#1136,NA,NA,p.Arg189Leu,0.5813747729607296,191,0.143708874903943
urn:mavedb:00000085-b-1#1137,NA,NA,p.Arg189Lys,0.6669591862941102,191,0.23862797217835396
urn:mavedb:00000085-b-1#1138,NA,NA,p.Arg189Ile,0.2358056817016141,191,0.0703366895258205
urn:mavedb:00000085-b-1#1139,NA,NA,p.Arg189His,0.3557066523592867,191,0.0831894310036762
urn:mavedb:00000085-b-1#1140,NA,NA,p.Arg189Gly,0.6673954160854354,191,0.160307984298905
urn:mavedb:00000085-b-1#1141,NA,NA,p.Arg189Phe,NA,191,NA
urn:mavedb:00000085-b-1#1142,NA,NA,p.Arg189Glu,0.4507667460387183,191,0.161277566518472
urn:mavedb:00000085-b-1#1143,NA,NA,p.Arg189Asp,0.3271893870575,191,0.117063444894782
urn:mavedb:00000085-b-1#1144,NA,NA,p.Leu188Cys,0.4406126391766799,190,0.0820810036074098
urn:mavedb:00000085-b-1#1145,NA,NA,p.Leu188Ala,0.3907950082922734,190,0.080236804539446
urn:mavedb:00000085-b-1#1146,NA,NA,p.Thr187Tyr,NA,189,NA
urn:mavedb:00000085-b-1#1147,NA,NA,p.Thr187Val,0.5114104346430767,189,0.12641452913826
urn:mavedb:00000085-b-1#1148,NA,NA,p.Thr187Ser,0.6215963236637213,189,0.11263773162738601
urn:mavedb:00000085-b-1#1149,NA,NA,p.Thr187Arg,0.004507926657734779,189,0.000839774240128178
urn:mavedb:00000085-b-1#1150,NA,NA,p.Thr187Gln,0.12878960115027405,189,0.0243449897650597
urn:mavedb:00000085-b-1#1151,NA,NA,p.Thr187Pro,NA,189,0.0524069849097871
urn:mavedb:00000085-b-1#1152,NA,NA,p.Thr187Asn,0.4716113634032278,189,0.15724006353931197
urn:mavedb:00000085-b-1#1153,NA,NA,p.Thr187Met,0.460028754463359,189,0.10250020396912599
urn:mavedb:00000085-b-1#1154,NA,NA,p.Thr187Leu,0.600688934655342,189,0.15839962402528301
urn:mavedb:00000085-b-1#1155,NA,NA,p.Thr187Lys,0.0028728757835950877,189,0.000786032190723299
urn:mavedb:00000085-b-1#1156,NA,NA,p.Thr187Ile,0.33229347704461354,189,0.090917042503517
urn:mavedb:00000085-b-1#1157,NA,NA,p.Thr187His,0.13706334245676144,189,0.0490392038112227
urn:mavedb:00000085-b-1#1158,NA,NA,p.Thr187Gly,0.4881394451171911,189,0.11416160597618699
urn:mavedb:00000085-b-1#1159,NA,NA,p.Thr187Phe,0.16462732681347506,189,0.0450428031337238
urn:mavedb:00000085-b-1#1160,NA,NA,p.Thr187Glu,0.01868795740563417,189,0.00623075658880903
urn:mavedb:00000085-b-1#1161,NA,NA,p.Thr187Cys,NA,189,NA
urn:mavedb:00000085-b-1#1162,NA,NA,p.Thr187Ala,0.5158373394314234,189,0.07954631647888401
urn:mavedb:00000085-b-1#1163,NA,NA,p.Thr186Tyr,0.8779423266227608,188,0.19133702260830104
urn:mavedb:00000085-b-1#1164,NA,NA,p.Thr186Val,0.7829826190361223,188,0.223143249985543
urn:mavedb:00000085-b-1#1165,NA,NA,p.Thr186Ser,0.7454943978574381,188,0.12702392467387
urn:mavedb:00000085-b-1#1166,NA,NA,p.Thr186Arg,0.8468255872470952,188,0.14596628703901302
urn:mavedb:00000085-b-1#1167,NA,NA,p.Thr186Gln,0.7710831078875019,188,0.21975199259823103
urn:mavedb:00000085-b-1#1168,NA,NA,p.Thr186Pro,0.444970696637254,188,0.0817343733434406
urn:mavedb:00000085-b-1#1169,NA,NA,p.Thr186Asn,0.8538282091789604,188,0.19024368530512803
urn:mavedb:00000085-b-1#1170,NA,NA,p.Thr186Met,NA,188,NA
urn:mavedb:00000085-b-1#1171,NA,NA,p.Thr186Leu,0.5851271727083927,188,0.127521464312933
urn:mavedb:00000085-b-1#1172,NA,NA,p.Thr186Lys,0.7536754944048867,188,0.15474228699847697
urn:mavedb:00000085-b-1#1173,NA,NA,p.Thr186Ile,0.553338096185253,188,0.0876933584194209
urn:mavedb:00000085-b-1#1174,NA,NA,p.Thr186His,0.8068691760168059,188,0.121289927817799
urn:mavedb:00000085-b-1#1175,NA,NA,p.Thr186Gly,0.8691871212746447,188,0.259263238475725
urn:mavedb:00000085-b-1#1176,NA,NA,p.Thr186Glu,0.8290037501970141,188,0.21860546244638399
urn:mavedb:00000085-b-1#1177,NA,NA,p.Thr186Asp,0.4565520190392549,188,0.0995000483970453
urn:mavedb:00000085-b-1#1178,NA,NA,p.Thr186Ala,0.6789752734164024,188,0.09814860886537301
urn:mavedb:00000085-b-1#1179,NA,NA,p.Ala185Val,0.2872619066778617,187,0.060103936106460004
urn:mavedb:00000085-b-1#1180,NA,NA,p.Ala185Thr,0.5766623389037528,187,0.15777750090848403
urn:mavedb:00000085-b-1#1181,NA,NA,p.Ala185Ser,0.4995821414704933,187,0.15691969218096602
urn:mavedb:00000085-b-1#1182,NA,NA,p.Ala185Gln,0.471476096798956,187,0.15906944974672102
urn:mavedb:00000085-b-1#1183,NA,NA,p.Ala185Pro,NA,187,0.0128511453707786
urn:mavedb:00000085-b-1#1184,NA,NA,p.Ala185Leu,NA,187,NA
urn:mavedb:00000085-b-1#1185,NA,NA,p.Ala185Glu,NA,187,0.18395454728768199
urn:mavedb:00000085-b-1#1186,NA,NA,p.Met184Tyr,0.5417391973391965,186,0.170161302881262
urn:mavedb:00000085-b-1#1187,NA,NA,p.Met184Trp,NA,186,NA
urn:mavedb:00000085-b-1#1188,NA,NA,p.Met184Val,0.35500840629021296,186,0.0692182109471098
urn:mavedb:00000085-b-1#1189,NA,NA,p.Met184Thr,0.014737855106350872,186,0.00388632214296495
urn:mavedb:00000085-b-1#1190,NA,NA,p.Met184Ser,NA,186,NA
urn:mavedb:00000085-b-1#1191,NA,NA,p.Met184Arg,0.0012539380149782721,186,0.00031971013977623303
urn:mavedb:00000085-b-1#1192,NA,NA,p.Met184Asn,NA,186,NA
urn:mavedb:00000085-b-1#1193,NA,NA,p.Met184Leu,0.3099625446272501,186,0.0585919585828781
urn:mavedb:00000085-b-1#1194,NA,NA,p.Met184Lys,NA,186,NA
urn:mavedb:00000085-b-1#1195,NA,NA,p.Met184Ile,0.4729113889579332,186,0.129390757930867
urn:mavedb:00000085-b-1#1196,NA,NA,p.Met184His,NA,186,NA
urn:mavedb:00000085-b-1#1197,NA,NA,p.Met184Gly,NA,186,NA
urn:mavedb:00000085-b-1#1198,NA,NA,p.Met184Phe,NA,186,NA
urn:mavedb:00000085-b-1#1199,NA,NA,p.Met184Asp,NA,186,NA
urn:mavedb:00000085-b-1#1200,NA,NA,p.Met184Cys,0.17110855740898134,186,0.0570493472526961
urn:mavedb:00000085-b-1#1201,NA,NA,p.Met184Ala,0.1520921211676376,186,0.047772421901485
urn:mavedb:00000085-b-1#1202,NA,NA,p.Ala183Tyr,NA,185,NA
urn:mavedb:00000085-b-1#1203,NA,NA,p.Ala183Trp,NA,185,NA
urn:mavedb:00000085-b-1#1204,NA,NA,p.Ala183Val,0.6219326716747513,185,0.0919943113561582
urn:mavedb:00000085-b-1#1205,NA,NA,p.Ala183Thr,0.6014725251793225,185,0.10491708990064999
urn:mavedb:00000085-b-1#1206,NA,NA,p.Ala183Ser,0.7035319004483589,185,0.141869716477582
urn:mavedb:00000085-b-1#1207,NA,NA,p.Ala183Arg,0.5020848819495123,185,0.0935325665726047
urn:mavedb:00000085-b-1#1208,NA,NA,p.Ala183Gln,1.1018181103370082,185,0.39421395908799
urn:mavedb:00000085-b-1#1209,NA,NA,p.Ala183Pro,0.3911303301585913,185,0.0914739980215717
urn:mavedb:00000085-b-1#1210,NA,NA,p.Ala183Asn,NA,185,NA
urn:mavedb:00000085-b-1#1211,NA,NA,p.Ala183Leu,0.312871038664491,185,0.0552499478160864
urn:mavedb:00000085-b-1#1212,NA,NA,p.Ala183Ile,NA,185,NA
urn:mavedb:00000085-b-1#1213,NA,NA,p.Ala183His,0.5806216953238639,185,0.165472143259293
urn:mavedb:00000085-b-1#1214,NA,NA,p.Ala183Gly,0.3759874124290716,185,0.0584984685878876
urn:mavedb:00000085-b-1#1215,NA,NA,p.Ala183Glu,0.5915511878213096,185,0.150824770191232
urn:mavedb:00000085-b-1#1216,NA,NA,p.Ala183Asp,0.378459300923121,185,0.112887756372524
urn:mavedb:00000085-b-1#1217,NA,NA,p.Ala183Cys,0.4716113634032278,185,0.168735457308109
urn:mavedb:00000085-b-1#1218,NA,NA,p.Ala182Val,0.6517258174260864,184,0.13909475875936403
urn:mavedb:00000085-b-1#1219,NA,NA,p.Ala182Thr,0.6504463959177236,184,0.122953334041777
urn:mavedb:00000085-b-1#1220,NA,NA,p.Ala182Ser,0.8516411851336442,184,0.185605003600758
urn:mavedb:00000085-b-1#1221,NA,NA,p.Ala182Arg,1.0709808853570173,184,0.305220256006644
urn:mavedb:00000085-b-1#1222,NA,NA,p.Ala182Gln,NA,184,NA
urn:mavedb:00000085-b-1#1223,NA,NA,p.Ala182Pro,0.3438793007264706,184,0.0876771403276408
urn:mavedb:00000085-b-1#1224,NA,NA,p.Ala182Leu,NA,184,NA
urn:mavedb:00000085-b-1#1225,NA,NA,p.Ala182Lys,NA,184,NA
urn:mavedb:00000085-b-1#1226,NA,NA,p.Ala182Ile,NA,184,NA
urn:mavedb:00000085-b-1#1227,NA,NA,p.Ala182His,NA,184,NA
urn:mavedb:00000085-b-1#1228,NA,NA,p.Ala182Gly,0.8989714975470671,184,0.167467921190366
urn:mavedb:00000085-b-1#1229,NA,NA,p.Ala182Glu,0.8172550033866032,184,0.170994626730363
urn:mavedb:00000085-b-1#1230,NA,NA,p.Ala182Asp,0.6554834078527486,184,0.179343312369918
urn:mavedb:00000085-b-1#1231,NA,NA,p.Ala182Cys,NA,184,NA
urn:mavedb:00000085-b-1#1232,NA,NA,p.Pro181Tyr,NA,183,0.000614381010016016
urn:mavedb:00000085-b-1#1233,NA,NA,p.Pro181Val,0.3921449104474946,183,0.0777286981591861
urn:mavedb:00000085-b-1#1234,NA,NA,p.Pro181Thr,0.10276788180516336,183,0.00983369672412547
urn:mavedb:00000085-b-1#1235,NA,NA,p.Pro181Ser,0.0671557914244341,183,0.00875036171932075
urn:mavedb:00000085-b-1#1236,NA,NA,p.Pro181Arg,0.06771479276814017,183,0.0192981281614927
urn:mavedb:00000085-b-1#1237,NA,NA,p.Pro181Gln,0.0013340774671103564,183,0.000477312865985469
urn:mavedb:00000085-b-1#1238,NA,NA,p.Pro181Asn,0.002452172139586081,183,0.000670925714893753
urn:mavedb:00000085-b-1#1239,NA,NA,p.Pro181Met,0.014737855106350872,183,0.0052729830408784
urn:mavedb:00000085-b-1#1240,NA,NA,p.Pro181Leu,0.027096648444602488,183,0.00442244874872775
urn:mavedb:00000085-b-1#1241,NA,NA,p.Pro181Lys,NA,183,NA
urn:mavedb:00000085-b-1#1242,NA,NA,p.Pro181Ile,0.0559735467617012,183,0.0102814922487064
urn:mavedb:00000085-b-1#1243,NA,NA,p.Pro181His,0.05407713680313005,183,0.0129892962831741
urn:mavedb:00000085-b-1#1244,NA,NA,p.Pro181Gly,0.046695889518516526,183,0.0106514247425942
urn:mavedb:00000085-b-1#1245,NA,NA,p.Pro181Phe,NA,183,NA
urn:mavedb:00000085-b-1#1246,NA,NA,p.Pro181Glu,0.001164123347729783,183,0.000416505836553146
urn:mavedb:00000085-b-1#1247,NA,NA,p.Pro181Asp,0.0011158661419137551,183,0.000372041211623369
urn:mavedb:00000085-b-1#1248,NA,NA,p.Pro181Cys,0.4522417793985785,183,0.1031572442112
urn:mavedb:00000085-b-1#1249,NA,NA,p.Pro181Ala,0.3325082828136875,183,0.033322409325034
urn:mavedb:00000085-b-1#1250,NA,NA,p.Met180Trp,NA,182,NA
urn:mavedb:00000085-b-1#1251,NA,NA,p.Met180Val,0.7801237664432027,182,0.147466138103643
urn:mavedb:00000085-b-1#1252,NA,NA,p.Met180Thr,0.5486498331854371,182,0.11957166473572801
urn:mavedb:00000085-b-1#1253,NA,NA,p.Met180Ser,1.5585181346319277,182,0.3743551343543421
urn:mavedb:00000085-b-1#1254,NA,NA,p.Met180Arg,0.6300830751501886,182,0.100814750847551
urn:mavedb:00000085-b-1#1255,NA,NA,p.Met180Gln,0.5329754454266129,182,0.15897720597459603
urn:mavedb:00000085-b-1#1256,NA,NA,p.Met180Pro,0.014737855106350872,182,0.0052729830408784
urn:mavedb:00000085-b-1#1257,NA,NA,p.Met180Asn,0.8420594104346522,182,0.2807512402694439
urn:mavedb:00000085-b-1#1258,NA,NA,p.Met180Leu,0.6649524084627757,182,0.159721175312544
urn:mavedb:00000085-b-1#1259,NA,NA,p.Met180Lys,0.984061271608435,182,0.236370935544412
urn:mavedb:00000085-b-1#1260,NA,NA,p.Met180Ile,0.6487631768732078,182,0.11756056113019699
urn:mavedb:00000085-b-1#1261,NA,NA,p.Met180His,NA,182,NA
urn:mavedb:00000085-b-1#1262,NA,NA,p.Met180Gly,0.5629758096220426,182,0.131663653071033
urn:mavedb:00000085-b-1#1263,NA,NA,p.Met180Glu,NA,182,NA
urn:mavedb:00000085-b-1#1264,NA,NA,p.Met180Asp,NA,182,NA
urn:mavedb:00000085-b-1#1265,NA,NA,p.Met180Ala,0.5814058587126868,182,0.13965334346538802
urn:mavedb:00000085-b-1#1266,NA,NA,p.Thr179Trp,0.0012439490123677664,181,0.000371048122494258
urn:mavedb:00000085-b-1#1267,NA,NA,p.Thr179Val,0.013580110843883364,181,0.0026917710994845
urn:mavedb:00000085-b-1#1268,NA,NA,p.Thr179Ser,0.6163515467661422,181,0.0848461705104072
urn:mavedb:00000085-b-1#1269,NA,NA,p.Thr179Arg,0.001265766821986014,181,0.000242926228810515
urn:mavedb:00000085-b-1#1270,NA,NA,p.Thr179Gln,NA,181,NA
urn:mavedb:00000085-b-1#1271,NA,NA,p.Thr179Pro,0.0010835687596497336,181,0.00026027257533107996
urn:mavedb:00000085-b-1#1272,NA,NA,p.Thr179Asn,NA,181,NA
urn:mavedb:00000085-b-1#1273,NA,NA,p.Thr179Met,0.0024886740377577377,181,0.000634524446156771
urn:mavedb:00000085-b-1#1274,NA,NA,p.Thr179Leu,0.0018237408598790433,181,0.00032616750122109304
urn:mavedb:00000085-b-1#1275,NA,NA,p.Thr179Lys,0.0012162771639349134,181,0.000284451821576592
urn:mavedb:00000085-b-1#1276,NA,NA,p.Thr179Ile,0.003066858772395989,181,0.0008391068396590129
urn:mavedb:00000085-b-1#1277,NA,NA,p.Thr179His,0.0011158661419137551,181,0.000372041211623369
urn:mavedb:00000085-b-1#1278,NA,NA,p.Thr179Gly,0.0026963861316607147,181,0.00053446207808563
urn:mavedb:00000085-b-1#1279,NA,NA,p.Thr179Phe,NA,181,0.000939656605160751
urn:mavedb:00000085-b-1#1280,NA,NA,p.Thr179Glu,NA,181,NA
urn:mavedb:00000085-b-1#1281,NA,NA,p.Thr179Asp,0.0013584291217665972,181,0.000405195526634658
urn:mavedb:00000085-b-1#1282,NA,NA,p.Thr179Cys,0.0959690756239663,181,0.0244687426455173
urn:mavedb:00000085-b-1#1283,NA,NA,p.Thr179Ala,0.02024431642512878,181,0.00304315959874195
urn:mavedb:00000085-b-1#1284,NA,NA,p.Thr178Tyr,0.014408425814135846,180,0.0020674987562342697
urn:mavedb:00000085-b-1#1285,NA,NA,p.Thr178Trp,0.0018153935379913691,180,0.000496700124607056
urn:mavedb:00000085-b-1#1286,NA,NA,p.Thr178Val,0.08655098918288474,180,0.00982912500367762
urn:mavedb:00000085-b-1#1287,NA,NA,p.Thr178Ser,0.6371499917715724,180,0.0640375312050469
urn:mavedb:00000085-b-1#1288,NA,NA,p.Thr178Arg,0.010091106836095091,180,0.0014273876243364
urn:mavedb:00000085-b-1#1289,NA,NA,p.Thr178Gln,0.03078323279990111,180,0.00581892855289307
urn:mavedb:00000085-b-1#1290,NA,NA,p.Thr178Pro,0.0013120331979987075,180,0.000269382538218997
urn:mavedb:00000085-b-1#1291,NA,NA,p.Thr178Asn,0.0193759012477076,180,0.0027030982224755
urn:mavedb:00000085-b-1#1292,NA,NA,p.Thr178Met,0.030471119382193174,180,0.00678934940813829
urn:mavedb:00000085-b-1#1293,NA,NA,p.Thr178Leu,0.013830577717424295,180,0.0018677047414649
urn:mavedb:00000085-b-1#1294,NA,NA,p.Thr178Lys,0.009680759316015466,180,0.00182994577482547
urn:mavedb:00000085-b-1#1295,NA,NA,p.Thr178Ile,0.0507590799968192,180,0.00541520682211303
urn:mavedb:00000085-b-1#1296,NA,NA,p.Thr178His,0.01348828058826691,180,0.00271995987901612
urn:mavedb:00000085-b-1#1297,NA,NA,p.Thr178Gly,0.025604041485479675,180,0.0037011672611971
urn:mavedb:00000085-b-1#1298,NA,NA,p.Thr178Phe,0.013490644324711394,180,0.00247802690876614
urn:mavedb:00000085-b-1#1299,NA,NA,p.Thr178Glu,0.01005898029130599,180,0.0023525026629688103
urn:mavedb:00000085-b-1#1300,NA,NA,p.Thr178Asp,0.015044571336747576,180,0.0019602991538979603
urn:mavedb:00000085-b-1#1301,NA,NA,p.Thr178Cys,0.3232405805807436,180,0.0460482337496264
urn:mavedb:00000085-b-1#1302,NA,NA,p.Thr178Ala,0.09618853250420173,180,0.00756089231129285
urn:mavedb:00000085-b-1#1303,NA,NA,p.Asp177Tyr,0.004763962835885228,179,0.00121464315297598
urn:mavedb:00000085-b-1#1304,NA,NA,p.Asp177Trp,NA,179,NA
urn:mavedb:00000085-b-1#1305,NA,NA,p.Asp177Val,0.003571704225988363,179,0.00050170705130512
urn:mavedb:00000085-b-1#1306,NA,NA,p.Asp177Thr,0.003001521236240885,179,0.00085540749854693
urn:mavedb:00000085-b-1#1307,NA,NA,p.Asp177Ser,0.010561213261034269,179,0.00220972733345999
urn:mavedb:00000085-b-1#1308,NA,NA,p.Asp177Arg,0.0015761317054551875,179,0.000415620556922156
urn:mavedb:00000085-b-1#1309,NA,NA,p.Asp177Gln,NA,179,NA
urn:mavedb:00000085-b-1#1310,NA,NA,p.Asp177Pro,NA,179,NA
urn:mavedb:00000085-b-1#1311,NA,NA,p.Asp177Asn,0.07197926175471901,179,0.0150602528526251
urn:mavedb:00000085-b-1#1312,NA,NA,p.Asp177Leu,0.0026850508908267965,179,0.00080090347911163
urn:mavedb:00000085-b-1#1313,NA,NA,p.Asp177Lys,NA,179,NA
urn:mavedb:00000085-b-1#1314,NA,NA,p.Asp177Ile,NA,179,NA
urn:mavedb:00000085-b-1#1315,NA,NA,p.Asp177His,0.003110789767150861,179,0.0006779593988783361
urn:mavedb:00000085-b-1#1316,NA,NA,p.Asp177Gly,0.029321430283446817,179,0.0043371331170618
urn:mavedb:00000085-b-1#1317,NA,NA,p.Asp177Phe,0.003684463776587715,179,0.00115729701620691
urn:mavedb:00000085-b-1#1318,NA,NA,p.Asp177Glu,0.005733885041708175,179,0.0009002745846692679
urn:mavedb:00000085-b-1#1319,NA,NA,p.Asp177Cys,0.019564953047363057,179,0.00417565539295195
urn:mavedb:00000085-b-1#1320,NA,NA,p.Asp177Ala,0.006829317520068788,179,0.00122139141561702
urn:mavedb:00000085-b-1#1321,NA,NA,p.Arg176Trp,0.44545552782501496,178,0.101609286807124
urn:mavedb:00000085-b-1#1322,NA,NA,p.Arg176Val,0.18791928120480828,178,0.0428647596624474
urn:mavedb:00000085-b-1#1323,NA,NA,p.Arg176Thr,0.2358056817016141,178,0.0645175324430401
urn:mavedb:00000085-b-1#1324,NA,NA,p.Arg176Ser,0.5223296200761001,178,0.10532963048415302
urn:mavedb:00000085-b-1#1325,NA,NA,p.Arg176Gln,NA,178,NA
urn:mavedb:00000085-b-1#1326,NA,NA,p.Arg176Pro,0.04758712682309888,178,0.0158660359481621
urn:mavedb:00000085-b-1#1327,NA,NA,p.Arg176Met,NA,178,NA
urn:mavedb:00000085-b-1#1328,NA,NA,p.Arg176Leu,0.4820502446539948,178,0.10995661408366801
urn:mavedb:00000085-b-1#1329,NA,NA,p.Arg176Ile,NA,178,NA
urn:mavedb:00000085-b-1#1330,NA,NA,p.Arg176His,0.4665364298330202,178,0.0834378528741951
urn:mavedb:00000085-b-1#1331,NA,NA,p.Arg176Gly,0.2537969427206748,178,0.0320049530474965
urn:mavedb:00000085-b-1#1332,NA,NA,p.Arg176Asp,NA,178,NA
urn:mavedb:00000085-b-1#1333,NA,NA,p.Arg176Cys,0.4676059579997897,178,0.101909122096611
urn:mavedb:00000085-b-1#1334,NA,NA,p.Ile275Cys,NA,279,NA
urn:mavedb:00000085-b-1#1335,NA,NA,p.Ser240Trp,0.003066858772395989,243,0.0008391068396590129
urn:mavedb:00000085-b-1#1336,NA,NA,p.Ser240Val,0.5509027896871473,243,0.122748084249571
urn:mavedb:00000085-b-1#1337,NA,NA,p.Ser240Thr,0.3346540692895427,243,0.0480202959677981
urn:mavedb:00000085-b-1#1338,NA,NA,p.Ser240Arg,0.007251510169313284,243,0.00128054536512091
urn:mavedb:00000085-b-1#1339,NA,NA,p.Ser240Gln,NA,243,NA
urn:mavedb:00000085-b-1#1340,NA,NA,p.Ser240Pro,0.007967353892539369,243,0.00196943437711861
urn:mavedb:00000085-b-1#1341,NA,NA,p.Ser240Asn,0.4451882064123654,243,0.0897737893372492
urn:mavedb:00000085-b-1#1342,NA,NA,p.Ser240Met,0.04305994779598058,243,0.0128440254588793
urn:mavedb:00000085-b-1#1343,NA,NA,p.Ser240Leu,0.012133518531675548,243,0.0023657480509619603
urn:mavedb:00000085-b-1#1344,NA,NA,p.Ser240Lys,0.003684463776587715,243,0.0013182457602196
urn:mavedb:00000085-b-1#1345,NA,NA,p.Ser240Ile,0.003292292649358777,243,0.0007509784639895441
urn:mavedb:00000085-b-1#1346,NA,NA,p.Ser240His,0.2358056817016141,243,0.051391026133194
urn:mavedb:00000085-b-1#1347,NA,NA,p.Ser240Gly,0.6112156070219193,243,0.0977959122634134
urn:mavedb:00000085-b-1#1348,NA,NA,p.Ser240Phe,0.03417011735792443,243,0.00820764198387107
urn:mavedb:00000085-b-1#1349,NA,NA,p.Asp212Asn,0.4683964232395184,214,0.112508543889568
urn:mavedb:00000085-b-1#1350,NA,NA,p.Asp212Met,NA,214,NA
urn:mavedb:00000085-b-1#1351,NA,NA,p.Asp212Leu,NA,214,NA
urn:mavedb:00000085-b-1#1352,NA,NA,p.Asp212Lys,0.1026704925538143,214,0.0292601991782113
urn:mavedb:00000085-b-1#1353,NA,NA,p.Asp212His,0.052859296592747684,214,0.0157669989381427
urn:mavedb:00000085-b-1#1354,NA,NA,p.Arg176Ala,0.11398949368252825,178,0.0311880562154321
urn:mavedb:00000085-b-1#1355,NA,NA,p.Glu175Tyr,0.688307402500311,177,0.19616163507192802
urn:mavedb:00000085-b-1#1356,NA,NA,p.Glu175Trp,NA,177,0.27882295480886
urn:mavedb:00000085-b-1#1357,NA,NA,p.Glu175Val,0.8156287952932664,177,0.11703648556549902
urn:mavedb:00000085-b-1#1358,NA,NA,p.Glu175Thr,0.5534172874425624,177,0.14110196533591102
urn:mavedb:00000085-b-1#1359,NA,NA,p.Glu175Ser,0.7300141472364264,177,0.11569308657074401
urn:mavedb:00000085-b-1#1360,NA,NA,p.Glu175Arg,0.6442401079516367,177,0.10977132380810199
urn:mavedb:00000085-b-1#1361,NA,NA,p.Glu175Gln,0.5941930841213476,177,0.151498360931181
urn:mavedb:00000085-b-1#1362,NA,NA,p.Glu175Pro,0.5779046838990505,177,0.164697818587403
urn:mavedb:00000085-b-1#1363,NA,NA,p.Glu175Asn,0.6669591862941102,177,0.23862797217835396
urn:mavedb:00000085-b-1#1364,NA,NA,p.Glu175Met,0.5125165101737338,177,0.130673704081067
urn:mavedb:00000085-b-1#1365,NA,NA,p.Glu175Leu,0.7050745032719913,177,0.13975579380088599
urn:mavedb:00000085-b-1#1366,NA,NA,p.Glu175Lys,0.6285694539647825,177,0.120635178885133
urn:mavedb:00000085-b-1#1367,NA,NA,p.Glu175Ile,0.5806216953238639,177,0.165472143259293
urn:mavedb:00000085-b-1#1368,NA,NA,p.Glu175His,0.6847737309759167,177,0.20425596602900303
urn:mavedb:00000085-b-1#1369,NA,NA,p.Glu175Gly,0.6205081509797294,177,0.0983385096041166
urn:mavedb:00000085-b-1#1370,NA,NA,p.Glu175Asp,0.7031514685259963,177,0.100169610900665
urn:mavedb:00000085-b-1#1371,NA,NA,p.Glu175Cys,0.6185554061056419,177,0.16923963915228
urn:mavedb:00000085-b-1#1372,NA,NA,p.Glu175Ala,0.7005012373403711,177,0.0983974002282826
urn:mavedb:00000085-b-1#1373,NA,NA,p.Asp174Tyr,0.02530811795255405,176,0.00540139191534066
urn:mavedb:00000085-b-1#1374,NA,NA,p.Asp174Val,0.05679030412632085,176,0.007161516595242559
urn:mavedb:00000085-b-1#1375,NA,NA,p.Asp174Thr,0.10534045897989547,176,0.0147968722251369
urn:mavedb:00000085-b-1#1376,NA,NA,p.Asp174Ser,0.2634788525010197,176,0.0389729575188132
urn:mavedb:00000085-b-1#1377,NA,NA,p.Asp174Arg,0.01720629798219897,176,0.0035327430974057797
urn:mavedb:00000085-b-1#1378,NA,NA,p.Asp174Gln,0.19636583822767234,176,0.0371188689083836
urn:mavedb:00000085-b-1#1379,NA,NA,p.Asp174Pro,0.01786985820394731,176,0.0056129561405599895
urn:mavedb:00000085-b-1#1380,NA,NA,p.Pro172His,0.5424021611082894,174,0.0829185410595014
urn:mavedb:00000085-b-1#1381,NA,NA,p.Pro172Gly,0.5859473687074126,174,0.160317928294582
urn:mavedb:00000085-b-1#1382,NA,NA,p.Pro172Glu,0.8250579690940858,174,0.23513435952992898
urn:mavedb:00000085-b-1#1383,NA,NA,p.Pro172Asp,NA,174,0.355179810439294
urn:mavedb:00000085-b-1#1384,NA,NA,p.Pro172Cys,0.5329754454266129,174,0.15897720597459603
urn:mavedb:00000085-b-1#1385,NA,NA,p.Pro172Ala,0.6201768622639044,174,0.0718874624858315
urn:mavedb:00000085-b-1#1386,NA,NA,p.Ile171Val,NA,173,0.231768206351633
urn:mavedb:00000085-b-1#1387,NA,NA,p.Ile171Thr,NA,173,NA
urn:mavedb:00000085-b-1#1388,NA,NA,p.Ile171Ser,NA,173,NA
urn:mavedb:00000085-b-1#1389,NA,NA,p.Ile171Arg,0.7793685366506679,173,0.25984946024023703
urn:mavedb:00000085-b-1#1390,NA,NA,p.Ile171Met,1.0574339732969469,173,0.289318858588349
urn:mavedb:00000085-b-1#1391,NA,NA,p.Ile171Leu,NA,173,NA
urn:mavedb:00000085-b-1#1392,NA,NA,p.Ala170Tyr,0.5459868051103516,172,0.18203759830480395
urn:mavedb:00000085-b-1#1393,NA,NA,p.Ala170Trp,NA,172,NA
urn:mavedb:00000085-b-1#1394,NA,NA,p.Ala170Val,0.5801146207801847,172,0.0743361927151484
urn:mavedb:00000085-b-1#1395,NA,NA,p.Ala170Thr,0.5248702752563476,172,0.129741640393997
urn:mavedb:00000085-b-1#1396,NA,NA,p.Ala170Ser,0.5732560982838697,172,0.103878134561158
urn:mavedb:00000085-b-1#1397,NA,NA,p.Ala170Arg,0.4759642667957981,172,0.0820413764459821
urn:mavedb:00000085-b-1#1398,NA,NA,p.Ala170Gln,0.3547098949593413,172,0.111415046516129
urn:mavedb:00000085-b-1#1399,NA,NA,p.Ala170Pro,0.4747617159528647,172,0.11403748343538302
urn:mavedb:00000085-b-1#1400,NA,NA,p.Ala170Leu,0.5020848819495123,172,0.143089833162251
urn:mavedb:00000085-b-1#1401,NA,NA,p.Ala170Ile,NA,172,NA
urn:mavedb:00000085-b-1#1402,NA,NA,p.Ala170His,0.56974870998863,172,0.20384752487068303
urn:mavedb:00000085-b-1#1403,NA,NA,p.Ala170Gly,0.6640695021640853,172,0.110674597538658
urn:mavedb:00000085-b-1#1404,NA,NA,p.Ala170Phe,NA,172,NA
urn:mavedb:00000085-b-1#1405,NA,NA,p.Ala170Glu,0.3649338838359141,172,0.0735902190076516
urn:mavedb:00000085-b-1#1406,NA,NA,p.Ala170Asp,0.4466342993841222,172,0.0714625219883078
urn:mavedb:00000085-b-1#1407,NA,NA,p.Ala170Cys,0.6110965758382778,172,0.146785036162216
urn:mavedb:00000085-b-1#1408,NA,NA,p.Glu169Tyr,NA,171,NA
urn:mavedb:00000085-b-1#1409,NA,NA,p.Glu169Trp,0.4716113634032278,171,0.168735457308109
urn:mavedb:00000085-b-1#1410,NA,NA,p.Glu169Val,0.6918473331024935,171,0.125367720603316
urn:mavedb:00000085-b-1#1411,NA,NA,p.Glu169Ser,NA,171,NA
urn:mavedb:00000085-b-1#1412,NA,NA,p.Glu169Arg,0.5415780603655285,171,0.138083378373535
urn:mavedb:00000085-b-1#1413,NA,NA,p.Glu169Gln,0.982433026091438,171,0.327553242845969
urn:mavedb:00000085-b-1#1414,NA,NA,p.Glu169Pro,NA,171,NA
urn:mavedb:00000085-b-1#1415,NA,NA,p.Glu169Leu,NA,171,NA
urn:mavedb:00000085-b-1#1416,NA,NA,p.Glu169Lys,0.7836450908265812,171,0.23374755457185997
urn:mavedb:00000085-b-1#1417,NA,NA,p.Glu169His,NA,171,NA
urn:mavedb:00000085-b-1#1418,NA,NA,p.Glu169Gly,0.753589817407168,171,0.13842302863818698
urn:mavedb:00000085-b-1#1419,NA,NA,p.Glu169Asp,0.7392365762358091,171,0.13220899536026198
urn:mavedb:00000085-b-1#1420,NA,NA,p.Glu169Cys,NA,171,NA
urn:mavedb:00000085-b-1#1421,NA,NA,p.Glu169Ala,0.8823614338243996,171,0.188318227534834
urn:mavedb:00000085-b-1#1422,NA,NA,p.Asn168Tyr,0.01808723453435173,170,0.00311767441553791
urn:mavedb:00000085-b-1#1423,NA,NA,p.Asn168Trp,NA,170,NA
urn:mavedb:00000085-b-1#1424,NA,NA,p.Asn168Val,0.19450279002454648,170,0.0347859119672544
urn:mavedb:00000085-b-1#1425,NA,NA,p.Asn168Thr,0.2098148215946599,170,0.0286955870502507
urn:mavedb:00000085-b-1#1426,NA,NA,p.Asn168Ser,0.3033478108428569,170,0.0412232001274693
urn:mavedb:00000085-b-1#1427,NA,NA,p.Asn168Arg,0.022951974059493584,170,0.00318051094631367
urn:mavedb:00000085-b-1#1428,NA,NA,p.Asn168Gln,0.041521014115167454,170,0.0467486214415896
urn:mavedb:00000085-b-1#1429,NA,NA,p.Asn168Pro,NA,170,NA
urn:mavedb:00000085-b-1#1430,NA,NA,p.Asn168Met,0.08237038967885142,170,0.0192640362598938
urn:mavedb:00000085-b-1#1431,NA,NA,p.Asn168Leu,0.07837565479968206,170,0.0174630836121378
urn:mavedb:00000085-b-1#1432,NA,NA,p.Asn168Lys,0.017027586550754432,170,0.00304530401180671
urn:mavedb:00000085-b-1#1433,NA,NA,p.Asn168Ile,0.10355197301335103,170,0.0126702748769967
urn:mavedb:00000085-b-1#1434,NA,NA,p.Asn168His,0.039849140342207864,170,0.0132861119252514
urn:mavedb:00000085-b-1#1435,NA,NA,p.Asn168Gly,0.5665896950186888,170,0.155021578642523
urn:mavedb:00000085-b-1#1436,NA,NA,p.Asn168Phe,0.014054448239044618,170,0.00468589712972599
urn:mavedb:00000085-b-1#1437,NA,NA,p.Asn168Glu,0.052280843869438785,170,0.0129231979111231
urn:mavedb:00000085-b-1#1438,NA,NA,p.Asn168Asp,0.19385175228414092,170,0.0266853858229742
urn:mavedb:00000085-b-1#1439,NA,NA,p.Asn168Cys,0.1212610488945657,170,0.0299742777237554
urn:mavedb:00000085-b-1#1440,NA,NA,p.Leu167Trp,NA,169,NA
urn:mavedb:00000085-b-1#1441,NA,NA,p.Leu167Val,0.5859005754202908,169,0.13702508842794803
urn:mavedb:00000085-b-1#1442,NA,NA,p.Leu167Thr,0.31493938985803616,169,0.10500402135130302
urn:mavedb:00000085-b-1#1443,NA,NA,p.Leu167Ser,0.18109705676259227,169,0.0540180684520934
urn:mavedb:00000085-b-1#1444,NA,NA,p.Leu167Arg,0.004629560530264876,169,0.0268938711567417
urn:mavedb:00000085-b-1#1445,NA,NA,p.Leu167Gln,0.09582691791250804,169,0.0244324974234587
urn:mavedb:00000085-b-1#1446,NA,NA,p.Leu167Pro,0.05243861959643032,169,0.0133700056945303
urn:mavedb:00000085-b-1#1447,NA,NA,p.Leu167Met,0.5757863818127303,169,0.13465967297762302
urn:mavedb:00000085-b-1#1448,NA,NA,p.Leu167Ile,NA,169,NA
urn:mavedb:00000085-b-1#1449,NA,NA,p.Leu167His,0.03893554228651799,169,0.013930551812505
urn:mavedb:00000085-b-1#1450,NA,NA,p.Leu167Gly,0.12938556693847644,169,0.0462922111309825
urn:mavedb:00000085-b-1#1451,NA,NA,p.Leu167Cys,0.9223453343375192,169,0.30751939039352505
urn:mavedb:00000085-b-1#1452,NA,NA,p.Leu167Ala,NA,169,NA
urn:mavedb:00000085-b-1#1453,NA,NA,p.Glu166Tyr,0.7620608352627033,168,0.272653912761448
urn:mavedb:00000085-b-1#1454,NA,NA,p.Glu166Trp,0.6037259331588289,168,0.17205665049302998
urn:mavedb:00000085-b-1#1455,NA,NA,p.Glu166Val,0.6272610297098518,168,0.098485958280221
urn:mavedb:00000085-b-1#1456,NA,NA,p.Glu166Thr,0.5248702752563476,168,0.129741640393997
urn:mavedb:00000085-b-1#1457,NA,NA,p.Glu166Ser,0.5988341545299588,168,0.127806341308029
urn:mavedb:00000085-b-1#1458,NA,NA,p.Glu166Arg,0.7888267572808189,168,0.14489552046939902
urn:mavedb:00000085-b-1#1459,NA,NA,p.Glu166Gln,0.4253424177191373,168,0.0751112870122532
urn:mavedb:00000085-b-1#1460,NA,NA,p.Glu166Pro,0.1940316183212654,168,0.0494712458458925
urn:mavedb:00000085-b-1#1461,NA,NA,p.Glu166Asn,NA,168,NA
urn:mavedb:00000085-b-1#1462,NA,NA,p.Glu166Met,0.688307402500311,168,0.19616163507192802
urn:mavedb:00000085-b-1#1463,NA,NA,p.Glu166Leu,0.7483189418495907,168,0.19732915357927103
urn:mavedb:00000085-b-1#1464,NA,NA,p.Glu166Lys,0.5763173367411686,168,0.10586076054329599
urn:mavedb:00000085-b-1#1465,NA,NA,p.Glu166Ile,NA,168,NA
urn:mavedb:00000085-b-1#1466,NA,NA,p.Glu166His,0.6429532606097941,168,0.214367208672733
urn:mavedb:00000085-b-1#1467,NA,NA,p.Glu166Gly,0.6306861283414247,168,0.11921806731524599
urn:mavedb:00000085-b-1#1468,NA,NA,p.Glu166Phe,NA,168,NA
urn:mavedb:00000085-b-1#1469,NA,NA,p.Glu166Asp,0.5941930841213476,168,0.151498360931181
urn:mavedb:00000085-b-1#1470,NA,NA,p.Glu166Cys,0.7931526097573809,168,0.26444521152894696
urn:mavedb:00000085-b-1#1471,NA,NA,p.Glu166Ala,0.7288875538932542,168,0.130358121241131
urn:mavedb:00000085-b-1#1472,NA,NA,p.Pro165Trp,NA,167,NA
urn:mavedb:00000085-b-1#1473,NA,NA,p.Pro165Val,0.5370656606657033,167,0.12560402350098698
urn:mavedb:00000085-b-1#1474,NA,NA,p.Pro165Thr,0.6823866427063782,167,0.105229574697938
urn:mavedb:00000085-b-1#1475,NA,NA,p.Pro165Ser,0.358645396106174,167,0.0464680176701327
urn:mavedb:00000085-b-1#1476,NA,NA,p.Pro165Arg,0.2028399731007673,167,0.0231279990503214
urn:mavedb:00000085-b-1#1477,NA,NA,p.Pro165Gln,0.25313823378144445,167,0.0365921506556092
urn:mavedb:00000085-b-1#1478,NA,NA,p.Pro165Asn,NA,167,NA
urn:mavedb:00000085-b-1#1479,NA,NA,p.Pro165Met,NA,167,NA
urn:mavedb:00000085-b-1#1480,NA,NA,p.Pro165Leu,0.4293705426524261,167,0.0515536769725432
urn:mavedb:00000085-b-1#1481,NA,NA,p.Pro165Lys,0.12434669572231205,167,0.0370904333918857
urn:mavedb:00000085-b-1#1482,NA,NA,p.Pro165Ile,NA,167,NA
urn:mavedb:00000085-b-1#1483,NA,NA,p.Pro165His,0.15995772261454547,167,0.040783599543611
urn:mavedb:00000085-b-1#1484,NA,NA,p.Pro165Gly,0.2476060880850012,167,0.0564794383454186
urn:mavedb:00000085-b-1#1485,NA,NA,p.Pro165Phe,NA,167,NA
urn:mavedb:00000085-b-1#1486,NA,NA,p.Pro165Glu,0.2921989508764606,167,0.0832741646566884
urn:mavedb:00000085-b-1#1487,NA,NA,p.Pro165Ala,0.3279167033764982,167,0.0529840339210987
urn:mavedb:00000085-b-1#1488,NA,NA,p.Glu164Val,0.004196406563683374,166,0.0013180992104744199
urn:mavedb:00000085-b-1#1489,NA,NA,p.Glu164Thr,0.002159689970100241,166,0.00077270461025135
urn:mavedb:00000085-b-1#1490,NA,NA,p.Glu164Arg,0.0018422318882938575,166,0.0005786485081034571
urn:mavedb:00000085-b-1#1491,NA,NA,p.Glu164Gln,NA,166,NA
urn:mavedb:00000085-b-1#1492,NA,NA,p.Glu164Asn,NA,166,NA
urn:mavedb:00000085-b-1#1493,NA,NA,p.Glu164Lys,0.5978631451124904,166,0.147784602852819
urn:mavedb:00000085-b-1#1494,NA,NA,p.Glu164Gly,0.0015531349696517255,166,0.0005556883478681799
urn:mavedb:00000085-b-1#1495,NA,NA,p.Glu164Asp,0.0022006598793664887,166,0.000691231415616137
urn:mavedb:00000085-b-1#1496,NA,NA,p.Glu164Ala,NA,166,NA
urn:mavedb:00000085-b-1#1497,NA,NA,p.Trp163Tyr,NA,165,NA
urn:mavedb:00000085-b-1#1498,NA,NA,p.Trp163Val,0.6222160263503399,165,0.10601866612163902
urn:mavedb:00000085-b-1#1499,NA,NA,p.Trp163Thr,0.618814067824566,165,0.169310410202927
urn:mavedb:00000085-b-1#1500,NA,NA,p.Trp163Ser,0.5232855715125164,165,0.11168236455516001
urn:mavedb:00000085-b-1#1501,NA,NA,p.Trp163Arg,0.5465574929617801,165,0.0752384097758595
urn:mavedb:00000085-b-1#1502,NA,NA,p.Trp163Gln,0.5258127601300067,165,0.156840702866431
urn:mavedb:00000085-b-1#1503,NA,NA,p.Trp163Pro,NA,165,NA
urn:mavedb:00000085-b-1#1504,NA,NA,p.Trp163Asn,0.6035358761039655,165,0.14505312215282998
urn:mavedb:00000085-b-1#1505,NA,NA,p.Trp163Met,0.8018024332356423,165,0.174743244109836
urn:mavedb:00000085-b-1#1506,NA,NA,p.Trp163Leu,0.5540139694039604,165,0.0743531558807404
urn:mavedb:00000085-b-1#1507,NA,NA,p.Trp163Lys,NA,165,NA
urn:mavedb:00000085-b-1#1508,NA,NA,p.Trp163Ile,NA,165,0.31456307712820003
urn:mavedb:00000085-b-1#1509,NA,NA,p.Trp163Gly,0.5141840906704204,165,0.0658878198996865
urn:mavedb:00000085-b-1#1510,NA,NA,p.Trp163Glu,0.5981684852343038,165,0.122814075955407
urn:mavedb:00000085-b-1#1511,NA,NA,p.Trp163Asp,0.4740797796994004,165,0.105630949468611
urn:mavedb:00000085-b-1#1512,NA,NA,p.Trp163Cys,0.6871732394402799,165,0.0927970431700393
urn:mavedb:00000085-b-1#1513,NA,NA,p.Trp163Ala,0.5516173087397481,165,0.109338395445414
urn:mavedb:00000085-b-1#1514,NA,NA,p.Arg162Tyr,NA,164,NA
urn:mavedb:00000085-b-1#1515,NA,NA,p.Arg162Val,NA,164,NA
urn:mavedb:00000085-b-1#1516,NA,NA,p.Arg162Thr,0.37168669084116496,164,0.0947670478622929
urn:mavedb:00000085-b-1#1517,NA,NA,p.Arg162Ser,0.4607201238862117,164,0.131301236168268
urn:mavedb:00000085-b-1#1518,NA,NA,p.Arg162Gln,NA,164,0.231768206351633
urn:mavedb:00000085-b-1#1519,NA,NA,p.Arg162Pro,NA,164,NA
urn:mavedb:00000085-b-1#1520,NA,NA,p.Arg162Leu,0.0906722826283656,164,0.0217794286709234
urn:mavedb:00000085-b-1#1521,NA,NA,p.Arg162Lys,NA,164,NA
urn:mavedb:00000085-b-1#1522,NA,NA,p.Arg162His,NA,164,NA
urn:mavedb:00000085-b-1#1523,NA,NA,p.Arg162Gly,0.4332349102681311,164,0.144444960626966
urn:mavedb:00000085-b-1#1524,NA,NA,p.Arg162Cys,0.4394718641042726,164,0.0957776330494228
urn:mavedb:00000085-b-1#1525,NA,NA,p.Asp161Tyr,0.07802156041775532,163,0.0260131881237875
urn:mavedb:00000085-b-1#1526,NA,NA,p.Asp161Val,0.2320148561063941,163,0.0445283389032956
urn:mavedb:00000085-b-1#1527,NA,NA,p.Asp161Thr,NA,163,NA
urn:mavedb:00000085-b-1#1528,NA,NA,p.Asp161Ser,0.42363075343985895,163,0.11590734659867401
urn:mavedb:00000085-b-1#1529,NA,NA,p.Asp161Arg,0.014737855106350872,163,0.0049137519856034895
urn:mavedb:00000085-b-1#1530,NA,NA,p.Asp161Asn,0.03738464228535417,163,0.0071310532247362704
urn:mavedb:00000085-b-1#1531,NA,NA,p.Asp161Met,NA,163,NA
urn:mavedb:00000085-b-1#1532,NA,NA,p.Asp161Leu,NA,163,NA
urn:mavedb:00000085-b-1#1533,NA,NA,p.Asp161Lys,0.02384305789792903,163,0.00679506453858062
urn:mavedb:00000085-b-1#1534,NA,NA,p.Asp161Ile,NA,163,NA
urn:mavedb:00000085-b-1#1535,NA,NA,p.Asp161His,0.05986061272704329,163,0.0130655697128368
urn:mavedb:00000085-b-1#1536,NA,NA,p.Asp161Gly,0.03363434857499068,163,0.00807895063902163
urn:mavedb:00000085-b-1#1537,NA,NA,p.Asp161Glu,0.4607201238862122,163,0.0858267938508832
urn:mavedb:00000085-b-1#1538,NA,NA,p.Asp161Ala,0.17300824284556066,163,0.0269177023617935
urn:mavedb:00000085-b-1#1539,NA,NA,p.Leu160Tyr,0.009293003730407541,162,0.00448018087962857
urn:mavedb:00000085-b-1#1540,NA,NA,p.Leu160Val,0.618814067824566,162,0.169310410202927
urn:mavedb:00000085-b-1#1541,NA,NA,p.Leu160Thr,0.4742809107247509,162,0.271516086664458
urn:mavedb:00000085-b-1#1542,NA,NA,p.Leu160Ser,0.3982348345799518,162,0.23833136922568202
urn:mavedb:00000085-b-1#1543,NA,NA,p.Leu160Arg,0.04884079771372513,162,0.0153409866104335
urn:mavedb:00000085-b-1#1544,NA,NA,p.Leu160Gln,0.3176853320041175,162,0.0629697507810832
urn:mavedb:00000085-b-1#1545,NA,NA,p.Leu160Pro,0.06844241639961958,162,0.0140523821193655
urn:mavedb:00000085-b-1#1546,NA,NA,p.Leu160Lys,NA,162,NA
urn:mavedb:00000085-b-1#1547,NA,NA,p.Leu160Ile,0.7829826190361223,162,0.223143249985543
urn:mavedb:00000085-b-1#1548,NA,NA,p.Leu160His,0.16353829094901426,162,0.0364383922013541
urn:mavedb:00000085-b-1#1549,NA,NA,p.Leu160Gly,0.06252985393197849,162,0.0128384333508885
urn:mavedb:00000085-b-1#1550,NA,NA,p.Leu160Phe,0.5404346662104091,162,0.11307538484053999
urn:mavedb:00000085-b-1#1551,NA,NA,p.Leu160Asp,0.025943724449043668,162,0.00928227466275462
urn:mavedb:00000085-b-1#1552,NA,NA,p.Leu160Cys,0.6669591862941102,162,0.23862797217835396
urn:mavedb:00000085-b-1#1553,NA,NA,p.Leu160Ala,0.737754693104119,162,0.21025368368201897
urn:mavedb:00000085-b-1#1554,NA,NA,p.Arg159Val,0.2260827339086434,161,0.0753783012953862
urn:mavedb:00000085-b-1#1555,NA,NA,p.Arg159Thr,NA,161,NA
urn:mavedb:00000085-b-1#1556,NA,NA,p.Arg159Ser,0.3821523746633891,161,0.0692487631915118
urn:mavedb:00000085-b-1#1557,NA,NA,p.Arg159Gln,0.7620608352627033,161,0.272653912761448
urn:mavedb:00000085-b-1#1558,NA,NA,p.Arg159Leu,0.105555604429347,161,0.019663779877348
urn:mavedb:00000085-b-1#1559,NA,NA,p.Arg159Lys,NA,161,NA
urn:mavedb:00000085-b-1#1560,NA,NA,p.Arg159Ile,NA,161,NA
urn:mavedb:00000085-b-1#1561,NA,NA,p.Arg159His,0.6951844865580314,161,0.17724762046678
urn:mavedb:00000085-b-1#1562,NA,NA,p.Arg159Gly,0.06407576306902213,161,0.0134066003181966
urn:mavedb:00000085-b-1#1563,NA,NA,p.Arg159Phe,0.16829570691270998,161,0.0479628156310119
urn:mavedb:00000085-b-1#1564,NA,NA,p.Arg159Cys,0.15231842878066498,161,0.0248599174966751
urn:mavedb:00000085-b-1#1565,NA,NA,p.Arg159Ala,0.14724460426105251,161,0.0490928606188675
urn:mavedb:00000085-b-1#1566,NA,NA,p.Thr158Tyr,0.0025035043348086033,160,0.0008957162222691919
urn:mavedb:00000085-b-1#1567,NA,NA,p.Thr158Trp,NA,160,NA
urn:mavedb:00000085-b-1#1568,NA,NA,p.Thr158Val,0.06389760888583364,160,0.0107659846752307
urn:mavedb:00000085-b-1#1569,NA,NA,p.Thr158Ser,0.5406154881824615,160,0.0891492923614917
urn:mavedb:00000085-b-1#1570,NA,NA,p.Arg189Cys,0.648341220785823,191,0.141298209526573
urn:mavedb:00000085-b-1#1571,NA,NA,p.Arg189Ala,0.8503948078800856,191,0.304258480467108
urn:mavedb:00000085-b-1#1572,NA,NA,p.Leu188Tyr,0.34903892946071713,190,0.0816300447219097
urn:mavedb:00000085-b-1#1573,NA,NA,p.Leu188Trp,0.04305032642078314,190,0.006132867013356779
urn:mavedb:00000085-b-1#1574,NA,NA,p.Leu188Val,0.5473438203333248,190,0.0912209593020801
urn:mavedb:00000085-b-1#1575,NA,NA,p.Leu188Thr,0.6045828436628622,190,0.15942643455432
urn:mavedb:00000085-b-1#1576,NA,NA,p.Leu188Ser,0.16479853589300922,190,0.020464678303499
urn:mavedb:00000085-b-1#1577,NA,NA,p.Leu188Arg,0.0010401119686942975,190,0.00020616498419968798
urn:mavedb:00000085-b-1#1578,NA,NA,p.Leu188Gln,0.017503804228925942,190,0.00341282626559626
urn:mavedb:00000085-b-1#1579,NA,NA,p.Leu188Pro,NA,190,NA
urn:mavedb:00000085-b-1#1580,NA,NA,p.Leu188Asn,NA,190,NA
urn:mavedb:00000085-b-1#1581,NA,NA,p.Leu188Met,0.6010038634173209,190,0.0918771478046133
urn:mavedb:00000085-b-1#1582,NA,NA,p.Leu188Lys,NA,190,0.00278789596909022
urn:mavedb:00000085-b-1#1583,NA,NA,p.Leu188Ile,0.6602696027568813,190,0.18817110551854502
urn:mavedb:00000085-b-1#1584,NA,NA,p.Leu188Gly,0.04368640662660506,190,0.00865926708181392
urn:mavedb:00000085-b-1#1585,NA,NA,p.Leu188Phe,0.2224040247047468,190,0.0663392108369356
urn:mavedb:00000085-b-1#1586,NA,NA,p.Leu188Glu,0.0026850508908267965,190,0.0006845936444692679
urn:mavedb:00000085-b-1#1587,NA,NA,p.Thr158Arg,NA,160,NA
urn:mavedb:00000085-b-1#1588,NA,NA,p.Thr158Gln,NA,160,NA
urn:mavedb:00000085-b-1#1589,NA,NA,p.Thr158Pro,0.0014521075108397052,160,0.00045610970589126504
urn:mavedb:00000085-b-1#1590,NA,NA,p.Thr158Asn,0.0024061073911255835,160,0.0008608690597365219
urn:mavedb:00000085-b-1#1591,NA,NA,p.Thr158Leu,0.0027515410478725685,160,0.000564937771864521
urn:mavedb:00000085-b-1#1592,NA,NA,p.Thr158Ile,0.01949616862675746,160,0.004160975059390329
urn:mavedb:00000085-b-1#1593,NA,NA,p.Thr158His,NA,160,NA
urn:mavedb:00000085-b-1#1594,NA,NA,p.Thr158Gly,0.07904137434120136,160,0.0165378618004435
urn:mavedb:00000085-b-1#1595,NA,NA,p.Thr158Phe,0.2358056817016141,160,0.0740670090372425
urn:mavedb:00000085-b-1#1596,NA,NA,p.Thr158Asp,0.0026850508908267965,160,0.0006845936444692679
urn:mavedb:00000085-b-1#1597,NA,NA,p.Thr158Cys,0.018347164416637002,160,0.00611713271245249
urn:mavedb:00000085-b-1#1598,NA,NA,p.Thr158Ala,0.14374738078565025,160,0.0163246080493417
urn:mavedb:00000085-b-1#1599,NA,NA,p.Val157Ser,NA,159,NA
urn:mavedb:00000085-b-1#1600,NA,NA,p.Val157Arg,NA,159,0.205618325932457
urn:mavedb:00000085-b-1#1601,NA,NA,p.Val157Lys,NA,159,NA
urn:mavedb:00000085-b-1#1602,NA,NA,p.Val157Ile,0.2839020408465026,159,0.228801056024154
urn:mavedb:00000085-b-1#1603,NA,NA,p.Val157Gly,0.5123909909108444,159,0.111669484018765
urn:mavedb:00000085-b-1#1604,NA,NA,p.Val157Glu,NA,159,NA
urn:mavedb:00000085-b-1#1605,NA,NA,p.Val157Asp,0.8193838965791251,159,0.29316324251069203
urn:mavedb:00000085-b-1#1606,NA,NA,p.Val157Ala,NA,159,NA
urn:mavedb:00000085-b-1#1607,NA,NA,p.His156Tyr,0.4960127853046242,158,0.155798550682225
urn:mavedb:00000085-b-1#1608,NA,NA,p.His156Arg,0.7161113224550033,158,0.20408551091564103
urn:mavedb:00000085-b-1#1609,NA,NA,p.His156Gln,0.7172312161443766,158,0.256614548848981
urn:mavedb:00000085-b-1#1610,NA,NA,p.His156Pro,NA,158,NA
urn:mavedb:00000085-b-1#1611,NA,NA,p.His156Asn,NA,158,NA
urn:mavedb:00000085-b-1#1612,NA,NA,p.His156Leu,NA,158,NA
urn:mavedb:00000085-b-1#1613,NA,NA,p.Ala124Thr,0.4155875168514063,126,0.10958901125194599
urn:mavedb:00000085-b-1#1614,NA,NA,p.Ala124Ser,0.4193771098313099,126,0.131727140583465
urn:mavedb:00000085-b-1#1615,NA,NA,p.Ala124Arg,0.0013340774671103564,126,0.000477312865985469
urn:mavedb:00000085-b-1#1616,NA,NA,p.Ala124Pro,0.001164123347729783,126,0.000416505836553146
urn:mavedb:00000085-b-1#1617,NA,NA,p.Ala124Met,NA,126,NA
urn:mavedb:00000085-b-1#1618,NA,NA,p.Ala124Leu,NA,126,NA
urn:mavedb:00000085-b-1#1619,NA,NA,p.Ala124Lys,NA,126,NA
urn:mavedb:00000085-b-1#1620,NA,NA,p.Ala124Ile,0.04058969436858231,126,0.0130655697128368
urn:mavedb:00000085-b-1#1621,NA,NA,p.Ala124Gly,0.21782184319640036,126,0.0363024423683496
urn:mavedb:00000085-b-1#1622,NA,NA,p.Ala124Asp,0.001292637964899633,126,0.0003683905996502
urn:mavedb:00000085-b-1#1623,NA,NA,p.Ala124Cys,NA,126,NA
urn:mavedb:00000085-b-1#1624,NA,NA,p.Ala123Val,0.4305812056369861,125,0.128434804276113
urn:mavedb:00000085-b-1#1625,NA,NA,p.Ala123Thr,0.07185882249749502,125,0.0196609084155458
urn:mavedb:00000085-b-1#1626,NA,NA,p.Ala123Pro,NA,125,NA
urn:mavedb:00000085-b-1#1627,NA,NA,p.Ala123Gly,0.20005226820601552,125,0.0510063000457052
urn:mavedb:00000085-b-1#1628,NA,NA,p.Ala123Glu,0.07251297404337995,125,0.0191214240229294
urn:mavedb:00000085-b-1#1629,NA,NA,p.Ala123Asp,0.019118979270237445,125,0.004624958519035429
urn:mavedb:00000085-b-1#1630,NA,NA,p.Ser122Arg,NA,124,0.278813302561299
urn:mavedb:00000085-b-1#1631,NA,NA,p.Ser122Asn,0.5629758096220426,124,0.15403280277147
urn:mavedb:00000085-b-1#1632,NA,NA,p.Ser122Ile,NA,124,NA
urn:mavedb:00000085-b-1#1633,NA,NA,p.Ser122Gly,NA,124,NA
urn:mavedb:00000085-b-1#1634,NA,NA,p.Cys121Trp,NA,123,NA
urn:mavedb:00000085-b-1#1635,NA,NA,p.Cys121Val,NA,123,NA
urn:mavedb:00000085-b-1#1636,NA,NA,p.Cys121Ser,NA,123,NA
urn:mavedb:00000085-b-1#1637,NA,NA,p.Cys121Arg,0.0009211159441469287,123,0.0003295614400549
urn:mavedb:00000085-b-1#1638,NA,NA,p.Cys121Met,NA,123,NA
urn:mavedb:00000085-b-1#1639,NA,NA,p.Cys121Leu,0.1410270282566872,123,0.050457351014568004
urn:mavedb:00000085-b-1#1640,NA,NA,p.Cys121Gly,0.12291007251977433,123,0.0350283037850623
urn:mavedb:00000085-b-1#1641,NA,NA,p.Cys121Ala,NA,123,NA
urn:mavedb:00000085-b-1#1642,NA,NA,p.Leu120Tyr,NA,122,NA
urn:mavedb:00000085-b-1#1643,NA,NA,p.Leu120Trp,NA,122,NA
urn:mavedb:00000085-b-1#1644,NA,NA,p.Leu120Val,0.12456934138758236,122,0.026586245359358995
urn:mavedb:00000085-b-1#1645,NA,NA,p.Leu120Thr,NA,122,NA
urn:mavedb:00000085-b-1#1646,NA,NA,p.Leu120Ser,0.048627864599145004,122,0.0152741039178363
urn:mavedb:00000085-b-1#1647,NA,NA,p.Leu120Arg,NA,122,NA
urn:mavedb:00000085-b-1#1648,NA,NA,p.Leu120Asn,NA,122,NA
urn:mavedb:00000085-b-1#1649,NA,NA,p.Leu120Ile,0.18109705676259227,122,0.0540180684520934
urn:mavedb:00000085-b-1#1650,NA,NA,p.Leu120Gly,NA,122,NA
urn:mavedb:00000085-b-1#1651,NA,NA,p.Leu120Phe,0.049256358885145436,122,0.0176231848652705
urn:mavedb:00000085-b-1#1652,NA,NA,p.Glu119Tyr,NA,121,NA
urn:mavedb:00000085-b-1#1653,NA,NA,p.Glu119Arg,0.1810697880003309,121,0.0540099346596798
urn:mavedb:00000085-b-1#1654,NA,NA,p.Glu119Lys,0.0735406751612606,121,0.0114703534803637
urn:mavedb:00000085-b-1#1655,NA,NA,p.Glu119Gly,0.5429172127075809,121,0.113594809144907
urn:mavedb:00000085-b-1#1656,NA,NA,p.Glu119Asp,0.6581393953398138,121,0.196311411924773
urn:mavedb:00000085-b-1#1657,NA,NA,p.Glu119Ala,0.7021720571771234,121,0.192117544211027
urn:mavedb:00000085-b-1#1658,NA,NA,p.Arg118Tyr,NA,120,NA
urn:mavedb:00000085-b-1#1659,NA,NA,p.Arg118Trp,1.0067057199316447,120,0.28690239178121196
urn:mavedb:00000085-b-1#1660,NA,NA,p.Arg118Thr,0.3436979000221524,120,0.168735457308109
urn:mavedb:00000085-b-1#1661,NA,NA,p.Arg118Ser,1.0915455647138443,120,0.3905385966647121
urn:mavedb:00000085-b-1#1662,NA,NA,p.Arg118Asn,NA,120,NA
urn:mavedb:00000085-b-1#1663,NA,NA,p.Arg118Lys,0.4716113634032278,120,0.168735457308109
urn:mavedb:00000085-b-1#1664,NA,NA,p.Arg118Ile,NA,120,NA
urn:mavedb:00000085-b-1#1665,NA,NA,p.Arg118Gly,NA,120,NA
urn:mavedb:00000085-b-1#1666,NA,NA,p.Arg118Glu,NA,120,NA
urn:mavedb:00000085-b-1#1667,NA,NA,p.Arg118Ala,NA,120,NA
urn:mavedb:00000085-b-1#1668,NA,NA,p.Val117Thr,NA,119,NA
urn:mavedb:00000085-b-1#1669,NA,NA,p.Val117Ser,0.012994425813533078,119,0.004649210244385271
urn:mavedb:00000085-b-1#1670,NA,NA,p.Val117Arg,NA,119,NA
urn:mavedb:00000085-b-1#1671,NA,NA,p.Val117Leu,0.8542991443401353,119,0.305655393368692
urn:mavedb:00000085-b-1#1672,NA,NA,p.Val117Ile,0.534074916038604,119,0.19108397758752302
urn:mavedb:00000085-b-1#1673,NA,NA,p.Val117Gly,0.005774163335830332,119,0.00206590885345147
urn:mavedb:00000085-b-1#1674,NA,NA,p.Val117Phe,NA,119,NA
urn:mavedb:00000085-b-1#1675,NA,NA,p.Val117Glu,NA,119,NA
urn:mavedb:00000085-b-1#1676,NA,NA,p.Val117Asp,NA,119,NA
urn:mavedb:00000085-b-1#1677,NA,NA,p.Val117Cys,0.04598052498342987,119,0.0164511407324009
urn:mavedb:00000085-b-1#1678,NA,NA,p.Val117Ala,0.05827263236703435,119,0.0136282723349339
urn:mavedb:00000085-b-1#1679,NA,NA,p.Thr116Val,NA,118,NA
urn:mavedb:00000085-b-1#1680,NA,NA,p.Thr116Arg,NA,118,NA
urn:mavedb:00000085-b-1#1681,NA,NA,p.Thr116Ile,NA,118,0.0706272440908057
urn:mavedb:00000085-b-1#1682,NA,NA,p.Thr116Asp,NA,118,NA
urn:mavedb:00000085-b-1#1683,NA,NA,p.Thr116Ala,NA,118,NA
urn:mavedb:00000085-b-1#1684,NA,NA,p.Met115Trp,NA,117,NA
urn:mavedb:00000085-b-1#1685,NA,NA,p.Met115Val,0.19275813210512496,117,0.0292178941944569
urn:mavedb:00000085-b-1#1686,NA,NA,p.Met115Thr,0.05349261230557581,117,0.0109829352647637
urn:mavedb:00000085-b-1#1687,NA,NA,p.Met115Ser,0.07377079831468214,117,0.021024037174964004
urn:mavedb:00000085-b-1#1688,NA,NA,p.Met115Arg,0.06840740302349596,117,0.0111647842545352
urn:mavedb:00000085-b-1#1689,NA,NA,p.Met115Gln,NA,117,NA
urn:mavedb:00000085-b-1#1690,NA,NA,p.Met115Asn,NA,117,NA
urn:mavedb:00000085-b-1#1691,NA,NA,p.Met115Leu,0.4716113634032278,117,0.12436230857487801
urn:mavedb:00000085-b-1#1692,NA,NA,p.Met115Lys,0.03699096185917052,117,0.0132348101634635
urn:mavedb:00000085-b-1#1693,NA,NA,p.Met115Ile,0.4537375467807769,117,0.119649044072149
urn:mavedb:00000085-b-1#1694,NA,NA,p.Met115Gly,0.014737855106350872,117,0.0037576352736502297
urn:mavedb:00000085-b-1#1695,NA,NA,p.Met115Phe,NA,117,NA
urn:mavedb:00000085-b-1#1696,NA,NA,p.Met115Cys,0.21197271410005514,117,0.0706738760346522
urn:mavedb:00000085-b-1#1697,NA,NA,p.Met115Ala,NA,117,NA
urn:mavedb:00000085-b-1#1698,NA,NA,p.Gly114Val,NA,116,NA
urn:mavedb:00000085-b-1#1699,NA,NA,p.Gly114Ser,0.046467104316956304,116,0.0127136160955482
urn:mavedb:00000085-b-1#1700,NA,NA,p.Gly114Arg,NA,116,NA
urn:mavedb:00000085-b-1#1701,NA,NA,p.Gly114His,NA,116,NA
urn:mavedb:00000085-b-1#1702,NA,NA,p.Gly114Glu,NA,116,NA
urn:mavedb:00000085-b-1#1703,NA,NA,p.Gly114Asp,0.09336177678258628,116,0.0155597825788327
urn:mavedb:00000085-b-1#1704,NA,NA,p.Gly114Ala,0.3064068696992841,116,0.102159191654599
urn:mavedb:00000085-b-1#1705,NA,NA,p.Asp113Tyr,0.2657123712089745,115,0.14505312215282998
urn:mavedb:00000085-b-1#1706,NA,NA,p.Asp113Val,NA,115,NA
urn:mavedb:00000085-b-1#1707,NA,NA,p.Asp113Thr,NA,115,NA
urn:mavedb:00000085-b-1#1708,NA,NA,p.Asp113Ser,0.8503948078800856,115,0.304258480467108
urn:mavedb:00000085-b-1#1709,NA,NA,p.Asp113Asn,0.5710285473900534,115,0.16273817936852802
urn:mavedb:00000085-b-1#1710,NA,NA,p.Asp113Leu,NA,115,NA
urn:mavedb:00000085-b-1#1711,NA,NA,p.Asp113Ile,NA,115,0.0420536337889708
urn:mavedb:00000085-b-1#1712,NA,NA,p.Asp113His,NA,115,NA
urn:mavedb:00000085-b-1#1713,NA,NA,p.Asp113Glu,NA,115,NA
urn:mavedb:00000085-b-1#1714,NA,NA,p.Asp113Ala,NA,115,NA
urn:mavedb:00000085-b-1#1715,NA,NA,p.Thr112Ser,NA,114,NA
urn:mavedb:00000085-b-1#1716,NA,NA,p.Thr112Arg,1.0119578274138241,114,0.362063300496002
urn:mavedb:00000085-b-1#1717,NA,NA,p.Thr112Asn,0.6669591862941102,114,0.23862797217835396
urn:mavedb:00000085-b-1#1718,NA,NA,p.Thr112Met,0.1078957361181475,114,0.227101084494892
urn:mavedb:00000085-b-1#1719,NA,NA,p.Thr112Leu,NA,114,NA
urn:mavedb:00000085-b-1#1720,NA,NA,p.Thr112Asp,NA,114,NA
urn:mavedb:00000085-b-1#1721,NA,NA,p.Thr112Ala,0.7931526097573809,114,0.26444521152894696
urn:mavedb:00000085-b-1#1722,NA,NA,p.Leu111Val,0.6596149234387837,113,0.18047371427091397
urn:mavedb:00000085-b-1#1723,NA,NA,p.Leu111Thr,NA,113,NA
urn:mavedb:00000085-b-1#1724,NA,NA,p.Leu111Ser,NA,113,NA
urn:mavedb:00000085-b-1#1725,NA,NA,p.Leu111Arg,0.3391046509702192,113,0.0814527366434008
urn:mavedb:00000085-b-1#1726,NA,NA,p.Leu111Pro,0.3271893870575,113,0.0895205397180053
urn:mavedb:00000085-b-1#1727,NA,NA,p.Leu111Asn,NA,113,NA
urn:mavedb:00000085-b-1#1728,NA,NA,p.Leu111Ile,NA,113,NA
urn:mavedb:00000085-b-1#1729,NA,NA,p.Leu111His,0.473247040937601,113,0.141161272905892
urn:mavedb:00000085-b-1#1730,NA,NA,p.Leu111Gly,NA,113,NA
urn:mavedb:00000085-b-1#1731,NA,NA,p.Leu111Asp,NA,113,NA
urn:mavedb:00000085-b-1#1732,NA,NA,p.His110Tyr,0.3707628123097521,112,0.11059202911891801
urn:mavedb:00000085-b-1#1733,NA,NA,p.His110Trp,NA,112,NA
urn:mavedb:00000085-b-1#1734,NA,NA,p.His110Val,NA,112,NA
urn:mavedb:00000085-b-1#1735,NA,NA,p.His110Arg,0.4716113634032278,112,0.14813401807448498
urn:mavedb:00000085-b-1#1736,NA,NA,p.His110Gln,0.48357613860857,112,0.119534224809794
urn:mavedb:00000085-b-1#1737,NA,NA,p.His110Asn,NA,112,NA
urn:mavedb:00000085-b-1#1738,NA,NA,p.His110Leu,0.2358056817016141,112,0.0786200317696559
urn:mavedb:00000085-b-1#1739,NA,NA,p.His110Lys,NA,112,NA
urn:mavedb:00000085-b-1#1740,NA,NA,p.His110Asp,NA,112,NA
urn:mavedb:00000085-b-1#1741,NA,NA,p.His110Ala,NA,112,NA
urn:mavedb:00000085-b-1#1742,NA,NA,p.Lys109Trp,NA,111,NA
urn:mavedb:00000085-b-1#1743,NA,NA,p.Lys109Val,NA,111,NA
urn:mavedb:00000085-b-1#1744,NA,NA,p.Lys109Ser,0.8230151809658882,111,0.23455218264518696
urn:mavedb:00000085-b-1#1745,NA,NA,p.Lys109Arg,0.5329754454266129,111,0.15897720597459603
urn:mavedb:00000085-b-1#1746,NA,NA,p.Lys109Gln,NA,111,NA
urn:mavedb:00000085-b-1#1747,NA,NA,p.Lys109Asn,0.4716113634032278,111,0.168735457308109
urn:mavedb:00000085-b-1#1748,NA,NA,p.Lys109Met,0.7410559459534689,111,0.14067337905164098
urn:mavedb:00000085-b-1#1749,NA,NA,p.Lys109Ile,NA,111,NA
urn:mavedb:00000085-b-1#1750,NA,NA,p.Lys109Gly,NA,111,NA
urn:mavedb:00000085-b-1#1751,NA,NA,p.Lys109Phe,3.7728909072258223,111,0.932613406411712
urn:mavedb:00000085-b-1#1752,NA,NA,p.Lys109Glu,NA,111,NA
urn:mavedb:00000085-b-1#1753,NA,NA,p.Lys109Cys,NA,111,NA
urn:mavedb:00000085-b-1#1754,NA,NA,p.Lys109Ala,NA,111,NA
urn:mavedb:00000085-b-1#1755,NA,NA,p.Glu108Val,NA,110,NA
urn:mavedb:00000085-b-1#1756,NA,NA,p.Glu108Arg,NA,110,0.13413196965878998
urn:mavedb:00000085-b-1#1757,NA,NA,p.Glu108Leu,NA,110,NA
urn:mavedb:00000085-b-1#1758,NA,NA,p.Glu108Lys,NA,110,NA
urn:mavedb:00000085-b-1#1759,NA,NA,p.Glu108Gly,NA,110,NA
urn:mavedb:00000085-b-1#1760,NA,NA,p.Glu108Asp,NA,110,NA
urn:mavedb:00000085-b-1#1761,NA,NA,p.Glu108Ala,NA,110,NA
urn:mavedb:00000085-b-1#1762,NA,NA,p.Thr107Val,NA,109,NA
urn:mavedb:00000085-b-1#1763,NA,NA,p.Thr107Ser,0.6373202474499571,109,0.14905065283663096
urn:mavedb:00000085-b-1#1764,NA,NA,p.Thr107Arg,0.002399020467365099,109,0.0007155856320403191
urn:mavedb:00000085-b-1#1765,NA,NA,p.Thr107Leu,NA,109,NA
urn:mavedb:00000085-b-1#1766,NA,NA,p.Thr107Lys,NA,109,NA
urn:mavedb:00000085-b-1#1767,NA,NA,p.Thr107Ile,0.051528730966289286,109,0.0140985007141306
urn:mavedb:00000085-b-1#1768,NA,NA,p.Thr107His,NA,109,NA
urn:mavedb:00000085-b-1#1769,NA,NA,p.Thr107Gly,0.12149572629857044,109,0.0284143135168234
urn:mavedb:00000085-b-1#1770,NA,NA,p.Thr107Glu,0.0033348624192145442,109,0.00111187731972399
urn:mavedb:00000085-b-1#1771,NA,NA,p.Thr107Asp,NA,109,0.18395454728768199
urn:mavedb:00000085-b-1#1772,NA,NA,p.Thr107Ala,0.3279398953141261,109,0.0586505125582422
urn:mavedb:00000085-b-1#1773,NA,NA,p.Val106Arg,0.2921989508764606,108,0.0832741646566884
urn:mavedb:00000085-b-1#1774,NA,NA,p.Val106Asn,0.2358056817016141,108,0.0843677286540543
urn:mavedb:00000085-b-1#1775,NA,NA,p.Val106Ile,NA,108,NA
urn:mavedb:00000085-b-1#1776,NA,NA,p.Val106His,NA,108,NA
urn:mavedb:00000085-b-1#1777,NA,NA,p.Val106Gly,0.14956075371042668,108,0.0234824633647285
urn:mavedb:00000085-b-1#1778,NA,NA,p.Val106Phe,NA,108,NA
urn:mavedb:00000085-b-1#1779,NA,NA,p.Val106Glu,NA,108,NA
urn:mavedb:00000085-b-1#1780,NA,NA,p.Val106Asp,0.41968879619727395,108,0.107005898291611
urn:mavedb:00000085-b-1#1781,NA,NA,p.Val106Ala,0.5140046770092052,108,0.16144983777532598
urn:mavedb:00000085-b-1#1782,NA,NA,p.Pro105Trp,NA,107,NA
urn:mavedb:00000085-b-1#1783,NA,NA,p.Pro105Val,NA,107,NA
urn:mavedb:00000085-b-1#1784,NA,NA,p.Pro105Ser,0.22456562337222652,107,0.0489413899447195
urn:mavedb:00000085-b-1#1785,NA,NA,p.Pro105Arg,0.15609529274987485,107,0.0411617964926945
urn:mavedb:00000085-b-1#1786,NA,NA,p.Pro105Gln,NA,107,0.13413196965878998
urn:mavedb:00000085-b-1#1787,NA,NA,p.Pro105Leu,0.2015398760032961,107,0.04981824147823901
urn:mavedb:00000085-b-1#1788,NA,NA,p.Pro105His,0.12799530468141562,107,0.0364775508103369
urn:mavedb:00000085-b-1#1789,NA,NA,p.Pro105Gly,NA,107,NA
urn:mavedb:00000085-b-1#1790,NA,NA,p.Pro105Ala,0.1658449862653724,107,0.0328728348505788
urn:mavedb:00000085-b-1#1791,NA,NA,p.Ser104Thr,NA,106,NA
urn:mavedb:00000085-b-1#1792,NA,NA,p.Ser104Ala,NA,106,NA
urn:mavedb:00000085-b-1#1793,NA,NA,p.Tyr103Val,NA,105,NA
urn:mavedb:00000085-b-1#1794,NA,NA,p.Tyr103Thr,0.0933690142017379,105,0.0334060299057453
urn:mavedb:00000085-b-1#1795,NA,NA,p.Tyr103Ser,0.1844706177417556,105,0.066000814356865
urn:mavedb:00000085-b-1#1796,NA,NA,p.Tyr103Arg,NA,105,NA
urn:mavedb:00000085-b-1#1797,NA,NA,p.Tyr103Gln,NA,105,NA
urn:mavedb:00000085-b-1#1798,NA,NA,p.Tyr103Asn,0.08594929080767781,105,0.056074220088042005
urn:mavedb:00000085-b-1#1799,NA,NA,p.Tyr103Leu,0.11188298724659501,105,0.0373029349773768
urn:mavedb:00000085-b-1#1800,NA,NA,p.Tyr103Lys,NA,105,NA
urn:mavedb:00000085-b-1#1801,NA,NA,p.Tyr103Ile,NA,105,NA
urn:mavedb:00000085-b-1#1802,NA,NA,p.Tyr103Gly,0.2358056817016141,105,0.0740670090372425
urn:mavedb:00000085-b-1#1803,NA,NA,p.Asp174Asn,0.13255854038648351,176,0.0157013591019365
urn:mavedb:00000085-b-1#1804,NA,NA,p.Asp174Met,NA,176,NA
urn:mavedb:00000085-b-1#1805,NA,NA,p.Asp174Leu,0.033544525457310084,176,0.00829180459294258
urn:mavedb:00000085-b-1#1806,NA,NA,p.Asp174Lys,0.016979446761709416,176,0.0046456556916201
urn:mavedb:00000085-b-1#1807,NA,NA,p.Asp174Ile,0.034132245981797836,176,0.0101810489514775
urn:mavedb:00000085-b-1#1808,NA,NA,p.Asp174His,0.05802273906015073,176,0.01238351876868
urn:mavedb:00000085-b-1#1809,NA,NA,p.Asp174Gly,0.13833653117722722,176,0.0143306895232606
urn:mavedb:00000085-b-1#1810,NA,NA,p.Asp174Phe,0.01786985820394731,176,0.0056129561405599895
urn:mavedb:00000085-b-1#1811,NA,NA,p.Asp174Glu,0.4497534151349328,176,0.0681727279336857
urn:mavedb:00000085-b-1#1812,NA,NA,p.Asp174Cys,0.2459023493910947,176,0.0504878985791127
urn:mavedb:00000085-b-1#1813,NA,NA,p.Asp174Ala,0.09570692395122007,176,0.0171167345764227
urn:mavedb:00000085-b-1#1814,NA,NA,p.Asn173Tyr,0.6522258377248782,175,0.12328970042691902
urn:mavedb:00000085-b-1#1815,NA,NA,p.Asn173Trp,NA,175,NA
urn:mavedb:00000085-b-1#1816,NA,NA,p.Asn173Val,0.5748559038672221,175,0.138080048184633
urn:mavedb:00000085-b-1#1817,NA,NA,p.Asn173Thr,1.0059073214434169,175,0.214686041996977
urn:mavedb:00000085-b-1#1818,NA,NA,p.Asn173Ser,0.7218142893921308,175,0.115491957510404
urn:mavedb:00000085-b-1#1819,NA,NA,p.Asn173Arg,0.5417391973391965,175,0.170161302881262
urn:mavedb:00000085-b-1#1820,NA,NA,p.Asn173Pro,0.40541983170423707,175,0.135171128272341
urn:mavedb:00000085-b-1#1821,NA,NA,p.Asn173Met,NA,175,NA
urn:mavedb:00000085-b-1#1822,NA,NA,p.Asn173Leu,NA,175,NA
urn:mavedb:00000085-b-1#1823,NA,NA,p.Asn173Lys,0.902077624563274,175,0.229998101974071
urn:mavedb:00000085-b-1#1824,NA,NA,p.Asn173Ile,0.6091908751853549,175,0.111899131349784
urn:mavedb:00000085-b-1#1825,NA,NA,p.Asn173His,0.7931526097573809,175,0.226041609063625
urn:mavedb:00000085-b-1#1826,NA,NA,p.Asn173Gly,0.5261569516871277,175,0.149950164087276
urn:mavedb:00000085-b-1#1827,NA,NA,p.Asn173Phe,NA,175,NA
urn:mavedb:00000085-b-1#1828,NA,NA,p.Asn173Asp,0.6737007035118536,175,0.12550259561005697
urn:mavedb:00000085-b-1#1829,NA,NA,p.Asn173Cys,NA,175,NA
urn:mavedb:00000085-b-1#1830,NA,NA,p.Asn173Ala,0.5806216953238639,175,0.165472143259293
urn:mavedb:00000085-b-1#1831,NA,NA,p.Pro172Tyr,0.5806216953238639,174,0.165472143259293
urn:mavedb:00000085-b-1#1832,NA,NA,p.Pro172Val,0.6564557276462033,174,0.14973884964962
urn:mavedb:00000085-b-1#1833,NA,NA,p.Pro172Thr,0.5962019459863552,174,0.0768181654886134
urn:mavedb:00000085-b-1#1834,NA,NA,p.Pro172Ser,0.6886476002919224,174,0.0960720268163709
urn:mavedb:00000085-b-1#1835,NA,NA,p.Pro172Arg,0.605484119734037,174,0.0817656054876327
urn:mavedb:00000085-b-1#1836,NA,NA,p.Pro172Gln,0.5946381071943361,174,0.0841115934014301
urn:mavedb:00000085-b-1#1837,NA,NA,p.Pro172Asn,NA,174,NA
urn:mavedb:00000085-b-1#1838,NA,NA,p.Pro172Leu,0.6805268303178548,174,0.0976503882808517
urn:mavedb:00000085-b-1#1839,NA,NA,p.Pro172Lys,0.5252734735217351,174,0.16498938799782
urn:mavedb:00000085-b-1#1840,NA,NA,p.Pro172Ile,0.982433026091438,174,0.327553242845969
urn:mavedb:00000085-b-1#1841,NA,NA,p.Tyr103Cys,0.2419032371416787,105,0.231721239226023
urn:mavedb:00000085-b-1#1842,NA,NA,p.Tyr103Ala,0.2358056817016141,105,0.0703366895258205
urn:mavedb:00000085-b-1#1843,NA,NA,p.Lys102Thr,NA,104,NA
urn:mavedb:00000085-b-1#1844,NA,NA,p.Lys102Arg,NA,104,NA
urn:mavedb:00000085-b-1#1845,NA,NA,p.Lys102Met,NA,104,NA
urn:mavedb:00000085-b-1#1846,NA,NA,p.Val101Ser,NA,103,NA
urn:mavedb:00000085-b-1#1847,NA,NA,p.Val101Leu,NA,103,NA
urn:mavedb:00000085-b-1#1848,NA,NA,p.Val101Ile,0.5173145048070039,103,0.15430582269793
urn:mavedb:00000085-b-1#1849,NA,NA,p.Val101His,0.3064068696992841,103,0.102159191654599
urn:mavedb:00000085-b-1#1850,NA,NA,p.Val101Gly,0.4269810923026152,103,0.127360953756354
urn:mavedb:00000085-b-1#1851,NA,NA,p.Val101Phe,0.541216098139647,103,0.19363898520829897
urn:mavedb:00000085-b-1#1852,NA,NA,p.Val101Ala,NA,103,0.296543337053638
urn:mavedb:00000085-b-1#1853,NA,NA,p.Leu100Tyr,NA,102,NA
urn:mavedb:00000085-b-1#1854,NA,NA,p.Leu100Thr,0.2358056817016141,102,0.0672025724462817
urn:mavedb:00000085-b-1#1855,NA,NA,p.Leu100Ser,0.0723272800417152,102,0.0258776136894222
urn:mavedb:00000085-b-1#1856,NA,NA,p.Leu100Arg,NA,102,NA
urn:mavedb:00000085-b-1#1857,NA,NA,p.Leu100Met,NA,102,NA
urn:mavedb:00000085-b-1#1858,NA,NA,p.Leu100Phe,0.6224577742854207,102,0.18566821162624803
urn:mavedb:00000085-b-1#1859,NA,NA,p.Leu100Cys,NA,102,NA
urn:mavedb:00000085-b-1#1860,NA,NA,p.Asp99Tyr,0.3707628123097521,101,0.11059202911891801
urn:mavedb:00000085-b-1#1861,NA,NA,p.Asp99Val,0.5915962282559465,101,0.11929748902415101
urn:mavedb:00000085-b-1#1862,NA,NA,p.Asp99Ser,NA,101,NA
urn:mavedb:00000085-b-1#1863,NA,NA,p.Asp99Arg,0.4399013626575222,101,0.0903191670907671
urn:mavedb:00000085-b-1#1864,NA,NA,p.Asp99Pro,NA,101,NA
urn:mavedb:00000085-b-1#1865,NA,NA,p.Asp99Asn,0.4112260327561034,101,0.137106975228465
urn:mavedb:00000085-b-1#1866,NA,NA,p.Asp99Leu,NA,101,NA
urn:mavedb:00000085-b-1#1867,NA,NA,p.Asn98Ile,NA,100,NA
urn:mavedb:00000085-b-1#1868,NA,NA,p.Asn98His,NA,100,NA
urn:mavedb:00000085-b-1#1869,NA,NA,p.Asn98Gly,NA,100,NA
urn:mavedb:00000085-b-1#1870,NA,NA,p.Asn98Glu,NA,100,NA
urn:mavedb:00000085-b-1#1871,NA,NA,p.Asn98Asp,0.5417391973391965,100,0.170161302881262
urn:mavedb:00000085-b-1#1872,NA,NA,p.Gln97Trp,0.6494133046968587,99,0.171248074279945
urn:mavedb:00000085-b-1#1873,NA,NA,p.Gln97Val,NA,99,NA
urn:mavedb:00000085-b-1#1874,NA,NA,p.Gln97Thr,0.4716113634032278,99,0.15724006353931197
urn:mavedb:00000085-b-1#1875,NA,NA,p.Gln97Ser,0.8598177048191917,99,0.24504058249039198
urn:mavedb:00000085-b-1#1876,NA,NA,p.Gln97Arg,0.7910354637646138,99,0.137983258406775
urn:mavedb:00000085-b-1#1877,NA,NA,p.Gln97Pro,0.8693586163975077,99,0.289853075410135
urn:mavedb:00000085-b-1#1878,NA,NA,p.Gln97Leu,0.6508780277029383,99,0.116406483270688
urn:mavedb:00000085-b-1#1879,NA,NA,p.Gln97Lys,0.8092609545660469,99,0.18926257886186998
urn:mavedb:00000085-b-1#1880,NA,NA,p.Gln97Ile,NA,99,NA
urn:mavedb:00000085-b-1#1881,NA,NA,p.Gln97His,0.9532954931416008,99,0.260826085541034
urn:mavedb:00000085-b-1#1882,NA,NA,p.Gln97Gly,0.9052410981122148,99,0.284337934993455
urn:mavedb:00000085-b-1#1883,NA,NA,p.Gln97Phe,NA,99,NA
urn:mavedb:00000085-b-1#1884,NA,NA,p.Gln97Glu,0.7387313922170891,99,0.19480094942984302
urn:mavedb:00000085-b-1#1885,NA,NA,p.Gln97Asp,NA,99,NA
urn:mavedb:00000085-b-1#1886,NA,NA,p.Gln97Ala,NA,99,NA
urn:mavedb:00000085-b-1#1887,NA,NA,p.Ser96Tyr,0.6110965758382778,98,0.191946586183262
urn:mavedb:00000085-b-1#1888,NA,NA,p.Ser96Trp,0.4379522418926421,98,0.119825772521313
urn:mavedb:00000085-b-1#1889,NA,NA,p.Ser96Val,0.6811432097094896,98,0.22710012922762804
urn:mavedb:00000085-b-1#1890,NA,NA,p.Ser96Thr,NA,98,NA
urn:mavedb:00000085-b-1#1891,NA,NA,p.Ser96Arg,NA,98,NA
urn:mavedb:00000085-b-1#1892,NA,NA,p.Ser96Pro,0.40541983170423707,98,0.110924753620349
urn:mavedb:00000085-b-1#1893,NA,NA,p.Ser96Leu,0.5459868051103516,98,0.118991289638689
urn:mavedb:00000085-b-1#1894,NA,NA,p.Ser96Gly,0.6052782373766552,98,0.159609807505708
urn:mavedb:00000085-b-1#1895,NA,NA,p.Ser96Phe,0.2704375003090075,98,0.0901666351403057
urn:mavedb:00000085-b-1#1896,NA,NA,p.Ser96Glu,NA,98,NA
urn:mavedb:00000085-b-1#1897,NA,NA,p.Ser96Asp,0.7403822279203781,98,0.24685102522018898
urn:mavedb:00000085-b-1#1898,NA,NA,p.Ser96Cys,0.6549036586599497,98,0.195346248555526
urn:mavedb:00000085-b-1#1899,NA,NA,p.Ser96Ala,0.6803617649881267,98,0.13968974217970903
urn:mavedb:00000085-b-1#1900,NA,NA,p.Tyr95Trp,NA,97,0.007517252841286009
urn:mavedb:00000085-b-1#1901,NA,NA,p.Tyr95Val,NA,97,NA
urn:mavedb:00000085-b-1#1902,NA,NA,p.Tyr95Thr,NA,97,NA
urn:mavedb:00000085-b-1#1903,NA,NA,p.Tyr95Ser,0.036411763717604066,97,0.009601657946762779
urn:mavedb:00000085-b-1#1904,NA,NA,p.Tyr95Arg,NA,97,NA
urn:mavedb:00000085-b-1#1905,NA,NA,p.Tyr95Leu,NA,97,NA
urn:mavedb:00000085-b-1#1906,NA,NA,p.Tyr95His,NA,97,NA
urn:mavedb:00000085-b-1#1907,NA,NA,p.Tyr95Gly,0.021368983605573544,97,0.00416644448054778
urn:mavedb:00000085-b-1#1908,NA,NA,p.Tyr95Phe,0.8315369074660726,97,0.24803284156533398
urn:mavedb:00000085-b-1#1909,NA,NA,p.Tyr95Glu,NA,97,NA
urn:mavedb:00000085-b-1#1910,NA,NA,p.Tyr95Asp,0.025550649855863198,97,0.00762130968654475
urn:mavedb:00000085-b-1#1911,NA,NA,p.Tyr95Cys,0.040512943838131234,97,0.0110845300655103
urn:mavedb:00000085-b-1#1912,NA,NA,p.Tyr95Ala,0.049369618502715325,97,0.0115461165678765
urn:mavedb:00000085-b-1#1913,NA,NA,p.His94Tyr,0.7868044618742169,96,0.234689939415477
urn:mavedb:00000085-b-1#1914,NA,NA,p.His94Val,0.5922680105236998,96,0.17666313581449103
urn:mavedb:00000085-b-1#1915,NA,NA,p.His94Thr,NA,96,NA
urn:mavedb:00000085-b-1#1916,NA,NA,p.His94Ser,0.3383822907656093,96,0.112820124851551
urn:mavedb:00000085-b-1#1917,NA,NA,p.His94Arg,0.564721625209212,96,0.106748852881255
urn:mavedb:00000085-b-1#1918,NA,NA,p.His94Gln,0.6585638424947766,96,0.124487768127074
urn:mavedb:00000085-b-1#1919,NA,NA,p.His94Pro,0.6087206459359671,96,0.19120030212311398
urn:mavedb:00000085-b-1#1920,NA,NA,p.His94Asn,0.4546432848345772,96,0.15158273218702698
urn:mavedb:00000085-b-1#1921,NA,NA,p.His94Leu,0.6052782373766552,96,0.159609807505708
urn:mavedb:00000085-b-1#1922,NA,NA,p.His94Lys,NA,96,NA
urn:mavedb:00000085-b-1#1923,NA,NA,p.His94Ile,NA,96,NA
urn:mavedb:00000085-b-1#1924,NA,NA,p.His94Gly,0.33791637815960857,96,0.0924554944292419
urn:mavedb:00000085-b-1#1925,NA,NA,p.His94Glu,0.5534172874425624,96,0.18451499729199697
urn:mavedb:00000085-b-1#1926,NA,NA,p.His94Asp,0.4750812514201337,96,0.117434390525501
urn:mavedb:00000085-b-1#1927,NA,NA,p.His94Cys,NA,96,NA
urn:mavedb:00000085-b-1#1928,NA,NA,p.His94Ala,0.4716113634032278,96,0.134405144892563
urn:mavedb:00000085-b-1#1929,NA,NA,p.Ile93Tyr,0.20357496814266568,95,0.045359068439044005
urn:mavedb:00000085-b-1#1930,NA,NA,p.Ile93Val,0.5442355256275054,95,0.14351305254201502
urn:mavedb:00000085-b-1#1931,NA,NA,p.Ile93Thr,0.07877887409465678,95,0.0184240853174295
urn:mavedb:00000085-b-1#1932,NA,NA,p.Ile93Ser,NA,95,NA
urn:mavedb:00000085-b-1#1933,NA,NA,p.Ile93Arg,0.022658353320069744,95,0.00428308943224823
urn:mavedb:00000085-b-1#1934,NA,NA,p.Ile93Met,0.039410867671277015,95,0.0131399873235722
urn:mavedb:00000085-b-1#1935,NA,NA,p.Ile93Leu,0.5103017546919227,95,0.11934472501829901
urn:mavedb:00000085-b-1#1936,NA,NA,p.Ile93Lys,0.05895142042540327,95,0.0175841723814551
urn:mavedb:00000085-b-1#1937,NA,NA,p.Ile93Gly,0.003684463776587721,95,0.000971580535741237
urn:mavedb:00000085-b-1#1938,NA,NA,p.Ile93Phe,0.16802075904942332,95,0.0443065012961191
urn:mavedb:00000085-b-1#1939,NA,NA,p.Ile93Glu,0.05785416563050438,95,0.0164879350194069
urn:mavedb:00000085-b-1#1940,NA,NA,p.Ile93Ala,NA,95,NA
urn:mavedb:00000085-b-1#1941,NA,NA,p.Arg92Trp,0.4716113634032278,94,0.14067337905164098
urn:mavedb:00000085-b-1#1942,NA,NA,p.Arg92Val,0.920278807498746,94,0.242674383855393
urn:mavedb:00000085-b-1#1943,NA,NA,p.Arg92Thr,0.9223453343375192,94,0.30751939039352505
urn:mavedb:00000085-b-1#1944,NA,NA,p.Arg92Ser,0.5533874975689166,94,0.0953867237013184
urn:mavedb:00000085-b-1#1945,NA,NA,p.Arg92Leu,0.5656534114712571,94,0.168724468786211
urn:mavedb:00000085-b-1#1946,NA,NA,p.Arg92His,0.6411009294885857,94,0.16345821350748302
urn:mavedb:00000085-b-1#1947,NA,NA,p.Arg92Gly,0.15741934742096456,94,0.0138382924275094
urn:mavedb:00000085-b-1#1948,NA,NA,p.Arg92Glu,0.3064068696992841,94,0.102159191654599
urn:mavedb:00000085-b-1#1949,NA,NA,p.Arg92Asp,0.16510576544261862,94,0.0307572813939764
urn:mavedb:00000085-b-1#1950,NA,NA,p.Arg92Cys,0.3160719464310792,94,0.0606605929667427
urn:mavedb:00000085-b-1#1951,NA,NA,p.Arg92Ala,0.36699578297879176,94,0.0526610841905757
urn:mavedb:00000085-b-1#1952,NA,NA,p.Arg91Tyr,NA,93,NA
urn:mavedb:00000085-b-1#1953,NA,NA,p.Arg91Trp,0.0723272800417152,93,0.0258776136894222
urn:mavedb:00000085-b-1#1954,NA,NA,p.Arg91Val,0.13890048937328853,93,0.0436289054930704
urn:mavedb:00000085-b-1#1955,NA,NA,p.Arg91Thr,0.4687936237143317,93,0.10963718152663499
urn:mavedb:00000085-b-1#1956,NA,NA,p.Arg91Ser,0.16278620099615068,93,0.0283954025654064
urn:mavedb:00000085-b-1#1957,NA,NA,p.Arg91Gln,0.17889845111130753,93,0.0418391397987025
urn:mavedb:00000085-b-1#1958,NA,NA,p.Arg91Pro,NA,93,NA
urn:mavedb:00000085-b-1#1959,NA,NA,p.Arg91Met,0.17651719448774691,93,0.0554443834644175
urn:mavedb:00000085-b-1#1960,NA,NA,p.Arg91Leu,0.09962360839570372,93,0.0227243420856505
urn:mavedb:00000085-b-1#1961,NA,NA,p.Arg91His,0.5076055365488199,93,0.16924088987991598
urn:mavedb:00000085-b-1#1962,NA,NA,p.Arg91Gly,0.07448983341061624,93,0.00902764610551147
urn:mavedb:00000085-b-1#1963,NA,NA,p.Arg91Phe,NA,93,NA
urn:mavedb:00000085-b-1#1964,NA,NA,p.Arg91Glu,0.1520921211676376,93,0.047772421901485
urn:mavedb:00000085-b-1#1965,NA,NA,p.Arg91Asp,NA,93,NA
urn:mavedb:00000085-b-1#1966,NA,NA,p.Arg91Cys,0.07116474508486981,93,0.0223529805528772
urn:mavedb:00000085-b-1#1967,NA,NA,p.Arg91Ala,0.12880653389507074,93,0.0169784435278438
urn:mavedb:00000085-b-1#1968,NA,NA,p.Gly90Tyr,1.2133787399973543,92,0.12903506488608002
urn:mavedb:00000085-b-1#1969,NA,NA,p.Gly90Trp,NA,92,NA
urn:mavedb:00000085-b-1#1970,NA,NA,p.Gly90Val,0.5762318714426989,92,0.0768650845586403
urn:mavedb:00000085-b-1#1971,NA,NA,p.Gly90Thr,0.56974870998863,92,0.20384752487068303
urn:mavedb:00000085-b-1#1972,NA,NA,p.Gly90Ser,0.7121032276167445,92,0.12133444195526599
urn:mavedb:00000085-b-1#1973,NA,NA,p.Gly90Arg,0.42596294241814303,92,0.0830526609554355
urn:mavedb:00000085-b-1#1974,NA,NA,p.Gly90Gln,NA,92,NA
urn:mavedb:00000085-b-1#1975,NA,NA,p.Gly90Pro,NA,92,NA
urn:mavedb:00000085-b-1#1976,NA,NA,p.Gly90Asn,NA,92,NA
urn:mavedb:00000085-b-1#1977,NA,NA,p.Gly90Leu,NA,92,0.31456307712820003
urn:mavedb:00000085-b-1#1978,NA,NA,p.Gly90Ile,NA,92,NA
urn:mavedb:00000085-b-1#1979,NA,NA,p.Gly90Phe,NA,92,NA
urn:mavedb:00000085-b-1#1980,NA,NA,p.Gly90Glu,0.736254137371096,92,0.18771893854244698
urn:mavedb:00000085-b-1#1981,NA,NA,p.Gly90Asp,0.7040930884321274,92,0.124335913479221
urn:mavedb:00000085-b-1#1982,NA,NA,p.Gly90Cys,0.5379227196400159,92,0.12270123611855001
urn:mavedb:00000085-b-1#1983,NA,NA,p.Gly90Ala,0.6658269303721782,92,0.12982044397870499
urn:mavedb:00000085-b-1#1984,NA,NA,p.Leu89Tyr,0.2358056817016141,91,0.0601221643784037
urn:mavedb:00000085-b-1#1985,NA,NA,p.Leu89Trp,0.16462732681347506,91,0.0450428031337238
urn:mavedb:00000085-b-1#1986,NA,NA,p.Leu89Val,0.20319322831508416,91,0.0168674740670088
urn:mavedb:00000085-b-1#1987,NA,NA,p.Leu89Thr,0.11168269065964996,91,0.0268261162561458
urn:mavedb:00000085-b-1#1988,NA,NA,p.Leu89Ser,0.1737197783961146,91,0.0267890038479388
urn:mavedb:00000085-b-1#1989,NA,NA,p.Leu89Arg,0.05235201525554622,91,0.00678300738382154
urn:mavedb:00000085-b-1#1990,NA,NA,p.Leu89Gln,0.15954772907702236,91,0.0297218839441278
urn:mavedb:00000085-b-1#1991,NA,NA,p.Leu89Pro,0.21471499920870185,91,0.0394398913015777
urn:mavedb:00000085-b-1#1992,NA,NA,p.Leu89Asn,NA,91,NA
urn:mavedb:00000085-b-1#1993,NA,NA,p.Leu89Met,NA,91,NA
urn:mavedb:00000085-b-1#1994,NA,NA,p.Leu89Lys,0.10949517273026077,91,0.0365068131376502
urn:mavedb:00000085-b-1#1995,NA,NA,p.Leu89Ile,0.3728432152554944,91,0.0726955752778887
urn:mavedb:00000085-b-1#1996,NA,NA,p.Leu89His,0.16812384568654248,91,0.0351766267792967
urn:mavedb:00000085-b-1#1997,NA,NA,p.Leu89Gly,0.15229498867263408,91,0.0133603667042125
urn:mavedb:00000085-b-1#1998,NA,NA,p.Leu89Phe,0.38805507779908,91,0.0744756103439272
urn:mavedb:00000085-b-1#1999,NA,NA,p.Leu89Glu,0.15119802473885968,91,0.0227283406676922
urn:mavedb:00000085-b-1#2000,NA,NA,p.Leu89Asp,0.08367708675041258,91,0.012095859716858
urn:mavedb:00000085-b-1#2001,NA,NA,p.Leu89Cys,0.16088134597469275,91,0.035062163878608
urn:mavedb:00000085-b-1#2002,NA,NA,p.Leu89Ala,0.23400071423085825,91,0.0274743062013267
urn:mavedb:00000085-b-1#2003,NA,NA,p.Gln88Tyr,0.8193838965791251,90,0.19163004030957
urn:mavedb:00000085-b-1#2004,NA,NA,p.Gln88Trp,0.8551858281549112,90,0.182518266548686
urn:mavedb:00000085-b-1#2005,NA,NA,p.Gln88Val,0.6167540372749101,90,0.114894094851752
urn:mavedb:00000085-b-1#2006,NA,NA,p.Gln88Thr,0.6763717634287162,90,0.12980940794913
urn:mavedb:00000085-b-1#2007,NA,NA,p.Gln88Ser,0.8485999266574495,90,0.10874004106504301
urn:mavedb:00000085-b-1#2008,NA,NA,p.Gln88Arg,0.6644441176142222,90,0.0637433123578188
urn:mavedb:00000085-b-1#2009,NA,NA,p.Gln88Pro,0.05049824416434808,90,0.007142979451280991
urn:mavedb:00000085-b-1#2010,NA,NA,p.Gln88Asn,1.0119578274138241,90,0.276876373334278
urn:mavedb:00000085-b-1#2011,NA,NA,p.Gln88Met,NA,90,NA
urn:mavedb:00000085-b-1#2012,NA,NA,p.Gln88Leu,0.6106533458718432,90,0.0662878861490108
urn:mavedb:00000085-b-1#2013,NA,NA,p.Gln88Lys,0.6632185331524207,90,0.144540541700702
urn:mavedb:00000085-b-1#2014,NA,NA,p.Gln88Ile,0.4592436655640552,90,0.1369843122031
urn:mavedb:00000085-b-1#2015,NA,NA,p.Gln88His,0.6933058735726677,90,0.0874290355643405
urn:mavedb:00000085-b-1#2016,NA,NA,p.Gln88Gly,0.5781704490035939,90,0.0757684539636513
urn:mavedb:00000085-b-1#2017,NA,NA,p.Gln88Phe,0.6246308764220442,90,0.14247953815017902
urn:mavedb:00000085-b-1#2018,NA,NA,p.Gln88Glu,0.6506303658774497,90,0.0970102119518688
urn:mavedb:00000085-b-1#2019,NA,NA,p.Gln88Asp,0.7148291564648258,90,0.21322097109556898
urn:mavedb:00000085-b-1#2020,NA,NA,p.Gln88Cys,0.5614500711599401,90,0.12806787152674
urn:mavedb:00000085-b-1#2021,NA,NA,p.Gln88Ala,0.6051666238265846,90,0.0895143306505242
urn:mavedb:00000085-b-1#2022,NA,NA,p.Glu87Tyr,0.1939607342070999,89,0.039112873705099
urn:mavedb:00000085-b-1#2023,NA,NA,p.Glu87Trp,0.1068567501824606,89,0.0178088705808546
urn:mavedb:00000085-b-1#2024,NA,NA,p.Glu87Val,0.4764575697777593,89,0.0655885434512851
urn:mavedb:00000085-b-1#2025,NA,NA,p.Glu87Thr,0.33791637815960857,89,0.0924554944292419
urn:mavedb:00000085-b-1#2026,NA,NA,p.Glu87Ser,0.13401578086577398,89,0.0233768711629981
urn:mavedb:00000085-b-1#2027,NA,NA,p.Glu87Arg,0.01309188659874426,89,0.00237234416142285
urn:mavedb:00000085-b-1#2028,NA,NA,p.Glu87Gln,0.2272387574592363,89,0.0338817263701953
urn:mavedb:00000085-b-1#2029,NA,NA,p.Glu87Pro,0.00683774546356172,89,0.0022797744384221302
urn:mavedb:00000085-b-1#2030,NA,NA,p.Glu87Asn,0.1137386336658762,89,0.032414523321555
urn:mavedb:00000085-b-1#2031,NA,NA,p.Glu87Met,NA,89,NA
urn:mavedb:00000085-b-1#2032,NA,NA,p.Glu87Leu,0.6494964318857965,89,0.117693432220612
urn:mavedb:00000085-b-1#2033,NA,NA,p.Glu87Lys,0.014737855106350872,89,0.00388632214296495
urn:mavedb:00000085-b-1#2034,NA,NA,p.Glu87Ile,0.4546432848345772,89,0.15158273218702698
urn:mavedb:00000085-b-1#2035,NA,NA,p.Glu87His,0.07784268665345004,89,0.0186977673041562
urn:mavedb:00000085-b-1#2036,NA,NA,p.Glu87Gly,0.08727473010574098,89,0.00605884089308091
urn:mavedb:00000085-b-1#2037,NA,NA,p.Glu87Phe,NA,89,NA
urn:mavedb:00000085-b-1#2038,NA,NA,p.Glu87Asp,0.4171846952670252,89,0.0909204113409179
urn:mavedb:00000085-b-1#2039,NA,NA,p.Glu87Cys,0.21955655613640285,89,0.0578963152771353
urn:mavedb:00000085-b-1#2040,NA,NA,p.Glu87Ala,0.2693665218661745,89,0.0319060580897261
urn:mavedb:00000085-b-1#2041,NA,NA,p.Gln86Tyr,0.9625505917870464,88,0.34438613420031705
urn:mavedb:00000085-b-1#2042,NA,NA,p.Gln86Val,0.5806216953238639,88,0.165472143259293
urn:mavedb:00000085-b-1#2043,NA,NA,p.Gln86Thr,1.3527848310358197,88,0.277749535609651
urn:mavedb:00000085-b-1#2044,NA,NA,p.Gln86Ser,0.6447894511432609,88,0.125718634981336
urn:mavedb:00000085-b-1#2045,NA,NA,p.Gln86Arg,0.6410655312308441,88,0.10358190815727901
urn:mavedb:00000085-b-1#2046,NA,NA,p.Gln86Pro,0.0821498200110736,88,0.0138412644656607
urn:mavedb:00000085-b-1#2047,NA,NA,p.Gln86Asn,0.6669591862941102,88,0.23862797217835396
urn:mavedb:00000085-b-1#2048,NA,NA,p.Gln86Leu,0.4764058025491276,88,0.0802686932870818
urn:mavedb:00000085-b-1#2049,NA,NA,p.Gln86Lys,0.5534172874425624,88,0.18451499729199697
urn:mavedb:00000085-b-1#2050,NA,NA,p.Gln86Ile,0.611604270484195,88,0.19210605402838
urn:mavedb:00000085-b-1#2051,NA,NA,p.Gln86His,0.6126514360286136,88,0.103224456854511
urn:mavedb:00000085-b-1#2052,NA,NA,p.Gln86Gly,0.604940765016114,88,0.121988462447649
urn:mavedb:00000085-b-1#2053,NA,NA,p.Gln86Glu,0.8691871212746447,88,0.259263238475725
urn:mavedb:00000085-b-1#2054,NA,NA,p.Gln86Ala,0.6494964318857965,88,0.117693432220612
urn:mavedb:00000085-b-1#2055,NA,NA,p.Gly85Tyr,NA,87,NA
urn:mavedb:00000085-b-1#2056,NA,NA,p.Gly85Trp,0.1876322704326843,87,0.0261762511173842
urn:mavedb:00000085-b-1#2057,NA,NA,p.His156Gly,NA,158,NA
urn:mavedb:00000085-b-1#2058,NA,NA,p.His156Asp,NA,158,NA
urn:mavedb:00000085-b-1#2059,NA,NA,p.Asp155Tyr,NA,157,NA
urn:mavedb:00000085-b-1#2060,NA,NA,p.Asp155Val,NA,157,NA
urn:mavedb:00000085-b-1#2061,NA,NA,p.Asp155Asn,0.0539704321723062,157,0.0193098094329082
urn:mavedb:00000085-b-1#2062,NA,NA,p.Asp155Ile,NA,157,NA
urn:mavedb:00000085-b-1#2063,NA,NA,p.Asp155Gly,NA,157,NA
urn:mavedb:00000085-b-1#2064,NA,NA,p.Asp155Glu,NA,157,NA
urn:mavedb:00000085-b-1#2065,NA,NA,p.Asp155Ala,NA,157,NA
urn:mavedb:00000085-b-1#2066,NA,NA,p.Gly154Trp,0.6394932025615445,156,0.21321358984677802
urn:mavedb:00000085-b-1#2067,NA,NA,p.Gly154Val,0.02193695076194721,156,0.0062518405502024
urn:mavedb:00000085-b-1#2068,NA,NA,p.Gly154Thr,0.05895142042540327,156,0.0185167522593106
urn:mavedb:00000085-b-1#2069,NA,NA,p.Gly154Ser,0.4507667460387183,156,0.161277566518472
urn:mavedb:00000085-b-1#2070,NA,NA,p.Gly154Arg,0.18044253995046636,156,0.0336143438832798
urn:mavedb:00000085-b-1#2071,NA,NA,p.Gly154Gln,NA,156,NA
urn:mavedb:00000085-b-1#2072,NA,NA,p.Gly154Glu,0.5382036690522457,156,0.12927620305530602
urn:mavedb:00000085-b-1#2073,NA,NA,p.Gly154Asp,NA,156,NA
urn:mavedb:00000085-b-1#2074,NA,NA,p.Gly154Cys,NA,156,0.13413196965878998
urn:mavedb:00000085-b-1#2075,NA,NA,p.Gly154Ala,0.10939072134380044,156,0.0105459660817568
urn:mavedb:00000085-b-1#2076,NA,NA,p.Met153Tyr,0.5545067558558989,155,0.15802961219362197
urn:mavedb:00000085-b-1#2077,NA,NA,p.Met153Val,NA,155,NA
urn:mavedb:00000085-b-1#2078,NA,NA,p.Met153Thr,NA,155,NA
urn:mavedb:00000085-b-1#2079,NA,NA,p.Met153Ser,0.8690747333870018,155,0.237782893533809
urn:mavedb:00000085-b-1#2080,NA,NA,p.Met153Arg,0.3679193426023062,155,0.0860456237276593
urn:mavedb:00000085-b-1#2081,NA,NA,p.Met153Pro,NA,155,NA
urn:mavedb:00000085-b-1#2082,NA,NA,p.Met153Asn,0.6394932025615445,155,0.21321358984677802
urn:mavedb:00000085-b-1#2083,NA,NA,p.Met153Leu,0.7994314240059247,155,0.26653863257009397
urn:mavedb:00000085-b-1#2084,NA,NA,p.Met153Lys,0.4269810923026152,155,0.127360953756354
urn:mavedb:00000085-b-1#2085,NA,NA,p.Met153Ile,0.8525507961321617,155,0.15882028510027302
urn:mavedb:00000085-b-1#2086,NA,NA,p.Met153His,NA,155,0.0232664409219197
urn:mavedb:00000085-b-1#2087,NA,NA,p.Met153Gly,NA,155,NA
urn:mavedb:00000085-b-1#2088,NA,NA,p.Met153Glu,NA,155,NA
urn:mavedb:00000085-b-1#2089,NA,NA,p.Met153Asp,0.5545067558558989,155,0.15802961219362197
urn:mavedb:00000085-b-1#2090,NA,NA,p.Met153Ala,NA,155,NA
urn:mavedb:00000085-b-1#2091,NA,NA,p.Asn152Tyr,0.5593366788838411,154,0.142611202190107
urn:mavedb:00000085-b-1#2092,NA,NA,p.Asn152Val,NA,154,NA
urn:mavedb:00000085-b-1#2093,NA,NA,p.Asn152Thr,0.5806216953238639,154,0.165472143259293
urn:mavedb:00000085-b-1#2094,NA,NA,p.Asn152Ser,0.6706419448732773,154,0.17684599431561604
urn:mavedb:00000085-b-1#2095,NA,NA,p.Asn152Arg,NA,154,NA
urn:mavedb:00000085-b-1#2096,NA,NA,p.Asn152Ile,0.5417391973391965,154,0.170161302881262
urn:mavedb:00000085-b-1#2097,NA,NA,p.Asn152His,0.9146156153401808,154,0.260657511332469
urn:mavedb:00000085-b-1#2098,NA,NA,p.Asn152Gly,NA,154,NA
urn:mavedb:00000085-b-1#2099,NA,NA,p.Asn152Asp,0.6931933508950181,154,0.18279272319474
urn:mavedb:00000085-b-1#2100,NA,NA,p.Asn152Cys,0.6549036586599497,154,0.195346248555526
urn:mavedb:00000085-b-1#2101,NA,NA,p.Asn152Ala,NA,154,NA
urn:mavedb:00000085-b-1#2102,NA,NA,p.His151Tyr,NA,153,NA
urn:mavedb:00000085-b-1#2103,NA,NA,p.His151Val,NA,153,NA
urn:mavedb:00000085-b-1#2104,NA,NA,p.His151Ser,NA,153,NA
urn:mavedb:00000085-b-1#2105,NA,NA,p.His151Arg,0.9631125245562302,153,0.20989884790522798
urn:mavedb:00000085-b-1#2106,NA,NA,p.His151Gln,NA,153,NA
urn:mavedb:00000085-b-1#2107,NA,NA,p.His151Asn,NA,153,NA
urn:mavedb:00000085-b-1#2108,NA,NA,p.His151Leu,0.4716113634032278,153,0.168735457308109
urn:mavedb:00000085-b-1#2109,NA,NA,p.His151Asp,NA,153,NA
urn:mavedb:00000085-b-1#2110,NA,NA,p.His151Cys,NA,153,NA
urn:mavedb:00000085-b-1#2111,NA,NA,p.Leu150Tyr,NA,152,NA
urn:mavedb:00000085-b-1#2112,NA,NA,p.Leu150Trp,0.5665896950186888,152,0.126243324450377
urn:mavedb:00000085-b-1#2113,NA,NA,p.Leu150Val,0.3436979000221524,152,0.168735457308109
urn:mavedb:00000085-b-1#2114,NA,NA,p.Leu150Ser,0.17651719448774691,152,0.0423993257376618
urn:mavedb:00000085-b-1#2115,NA,NA,p.Leu150Gln,NA,152,NA
urn:mavedb:00000085-b-1#2116,NA,NA,p.Leu150Gly,NA,152,NA
urn:mavedb:00000085-b-1#2117,NA,NA,p.Leu150Glu,NA,152,NA
urn:mavedb:00000085-b-1#2118,NA,NA,p.Leu150Cys,0.4754729231983766,152,0.12122889083811801
urn:mavedb:00000085-b-1#2119,NA,NA,p.Leu150Ala,0.5459868051103516,152,0.18203759830480395
urn:mavedb:00000085-b-1#2120,NA,NA,p.Phe149Tyr,0.8194000298169759,151,0.216072994125963
urn:mavedb:00000085-b-1#2121,NA,NA,p.Phe149Trp,NA,151,NA
urn:mavedb:00000085-b-1#2122,NA,NA,p.Phe149Val,0.4470218223249812,151,0.110498436003127
urn:mavedb:00000085-b-1#2123,NA,NA,p.Phe149Thr,NA,151,NA
urn:mavedb:00000085-b-1#2124,NA,NA,p.Phe149Ser,0.35144581100960115,151,0.0636845126572602
urn:mavedb:00000085-b-1#2125,NA,NA,p.Phe149Arg,0.2358056817016141,151,0.0740670090372425
urn:mavedb:00000085-b-1#2126,NA,NA,p.Phe149Gln,NA,151,NA
urn:mavedb:00000085-b-1#2127,NA,NA,p.Ile140Met,NA,142,NA
urn:mavedb:00000085-b-1#2128,NA,NA,p.Ile140Leu,0.982433026091438,142,0.327553242845969
urn:mavedb:00000085-b-1#2129,NA,NA,p.Ile140Lys,0.003684463776587715,142,0.0013182457602196
urn:mavedb:00000085-b-1#2130,NA,NA,p.Ile140His,0.045001134026459375,142,0.0161007293686557
urn:mavedb:00000085-b-1#2131,NA,NA,p.Ile140Gly,NA,142,NA
urn:mavedb:00000085-b-1#2132,NA,NA,p.Ile140Phe,0.5534172874425624,142,0.18451499729199697
urn:mavedb:00000085-b-1#2133,NA,NA,p.Ile140Glu,NA,142,NA
urn:mavedb:00000085-b-1#2134,NA,NA,p.Thr139Tyr,NA,141,NA
urn:mavedb:00000085-b-1#2135,NA,NA,p.Thr139Ser,NA,141,NA
urn:mavedb:00000085-b-1#2136,NA,NA,p.Thr139Arg,1.1361635518338606,141,0.37880857618068203
urn:mavedb:00000085-b-1#2137,NA,NA,p.Thr139Met,0.541216098139647,141,0.19363898520829897
urn:mavedb:00000085-b-1#2138,NA,NA,p.Thr139Leu,NA,141,NA
urn:mavedb:00000085-b-1#2139,NA,NA,p.Thr139Gly,NA,141,NA
urn:mavedb:00000085-b-1#2140,NA,NA,p.Thr139Asp,NA,141,NA
urn:mavedb:00000085-b-1#2141,NA,NA,p.Thr139Ala,0.7620608352627033,141,0.272653912761448
urn:mavedb:00000085-b-1#2142,NA,NA,p.Thr138Ser,NA,140,0.31456307712820003
urn:mavedb:00000085-b-1#2143,NA,NA,p.Thr138Arg,0.7148291564648258,140,0.23833136922568202
urn:mavedb:00000085-b-1#2144,NA,NA,p.Thr138Gln,NA,140,NA
urn:mavedb:00000085-b-1#2145,NA,NA,p.Thr138Pro,0.2358056817016141,140,0.0566403853079147
urn:mavedb:00000085-b-1#2146,NA,NA,p.Thr138Asn,NA,140,NA
urn:mavedb:00000085-b-1#2147,NA,NA,p.Thr138Met,NA,140,NA
urn:mavedb:00000085-b-1#2148,NA,NA,p.Thr138Lys,NA,140,NA
urn:mavedb:00000085-b-1#2149,NA,NA,p.Thr138Ile,0.3970129531659927,140,0.0953622765884399
urn:mavedb:00000085-b-1#2150,NA,NA,p.Thr138His,NA,140,NA
urn:mavedb:00000085-b-1#2151,NA,NA,p.Thr138Ala,0.8598177048191917,140,0.24504058249039198
urn:mavedb:00000085-b-1#2152,NA,NA,p.Leu137Tyr,NA,139,NA
urn:mavedb:00000085-b-1#2153,NA,NA,p.Leu137Trp,0.02656582319319854,139,0.0070053170001196
urn:mavedb:00000085-b-1#2154,NA,NA,p.Leu137Val,0.3814035539894479,139,0.0499824189766623
urn:mavedb:00000085-b-1#2155,NA,NA,p.Leu137Thr,0.3706383778528738,139,0.0646518309348002
urn:mavedb:00000085-b-1#2156,NA,NA,p.Leu137Ser,0.1264294275821817,139,0.016380873527718
urn:mavedb:00000085-b-1#2157,NA,NA,p.Leu137Arg,0.0016469453972283387,139,0.00028728281188064304
urn:mavedb:00000085-b-1#2158,NA,NA,p.Leu137Gln,0.06132979492792896,139,0.006705381227972589
urn:mavedb:00000085-b-1#2159,NA,NA,p.Leu137Pro,0.0010930774481052565,139,0.000228705079138827
urn:mavedb:00000085-b-1#2160,NA,NA,p.Leu137Asn,0.04758712682309888,139,0.0158660359481621
urn:mavedb:00000085-b-1#2161,NA,NA,p.Leu137Met,0.6004676656455553,139,0.110296809959484
urn:mavedb:00000085-b-1#2162,NA,NA,p.Leu137Lys,0.0045608092338558425,139,0.00106664050999403
urn:mavedb:00000085-b-1#2163,NA,NA,p.Leu137Ile,0.5911768064992563,139,0.13484859864372098
urn:mavedb:00000085-b-1#2164,NA,NA,p.Leu137His,0.01229912362644432,139,0.00304019593017362
urn:mavedb:00000085-b-1#2165,NA,NA,p.Leu137Gly,0.04495694717032901,139,0.008498173835113679
urn:mavedb:00000085-b-1#2166,NA,NA,p.Leu137Phe,0.3438793007264701,139,0.102573150210012
urn:mavedb:00000085-b-1#2167,NA,NA,p.Leu137Glu,0.03946260209470444,139,0.006376277348702121
urn:mavedb:00000085-b-1#2168,NA,NA,p.Leu137Cys,0.13745432499892615,139,0.0268003300620167
urn:mavedb:00000085-b-1#2169,NA,NA,p.Leu137Ala,0.14095209988333218,139,0.0213652388923945
urn:mavedb:00000085-b-1#2170,NA,NA,p.Leu136Tyr,NA,138,NA
urn:mavedb:00000085-b-1#2171,NA,NA,p.Leu136Val,0.3530331131912459,138,0.0518128563183012
urn:mavedb:00000085-b-1#2172,NA,NA,p.Leu136Thr,0.05086746284995558,138,0.0139175746785862
urn:mavedb:00000085-b-1#2173,NA,NA,p.Leu136Ser,0.014737855106350872,138,0.0037576352736502297
urn:mavedb:00000085-b-1#2174,NA,NA,p.Leu136Arg,0.0012548156493732009,138,0.00025303805029275496
urn:mavedb:00000085-b-1#2175,NA,NA,p.Leu136Gln,0.0025693603508019965,138,0.000635115079651896
urn:mavedb:00000085-b-1#2176,NA,NA,p.Leu136Pro,0.0009676319951591149,138,0.000255161257991179
urn:mavedb:00000085-b-1#2177,NA,NA,p.Leu136Asn,NA,138,NA
urn:mavedb:00000085-b-1#2178,NA,NA,p.Leu136Met,NA,138,NA
urn:mavedb:00000085-b-1#2179,NA,NA,p.Leu136Ile,0.5747460186460778,138,0.163797626408128
urn:mavedb:00000085-b-1#2180,NA,NA,p.Leu136His,0.00211973253985848,138,0.00048351518421718096
urn:mavedb:00000085-b-1#2181,NA,NA,p.Leu136Gly,0.008281576187889696,138,0.0021838234047896104
urn:mavedb:00000085-b-1#2182,NA,NA,p.Leu136Phe,0.0015957457845379185,138,0.15724006353931197
urn:mavedb:00000085-b-1#2183,NA,NA,p.Leu136Asp,NA,138,NA
urn:mavedb:00000085-b-1#2184,NA,NA,p.Leu136Cys,0.04583536774444337,138,0.016399205654066003
urn:mavedb:00000085-b-1#2185,NA,NA,p.Leu136Ala,0.10786052188562464,138,0.0217504588623282
urn:mavedb:00000085-b-1#2186,NA,NA,p.Leu135Tyr,0.025651598033054262,137,0.00634076754662942
urn:mavedb:00000085-b-1#2187,NA,NA,p.Leu135Trp,0.013515898054044805,137,0.00424536905171836
urn:mavedb:00000085-b-1#2188,NA,NA,p.Leu135Val,0.5627944010450605,137,0.077473561904582
urn:mavedb:00000085-b-1#2189,NA,NA,p.Leu135Thr,0.2950392208424921,137,0.0657384566113167
urn:mavedb:00000085-b-1#2190,NA,NA,p.Leu135Ser,0.0684909141979623,137,0.0087764617795862
urn:mavedb:00000085-b-1#2191,NA,NA,p.Leu135Arg,0.057130999447522826,137,0.0117299574931769
urn:mavedb:00000085-b-1#2192,NA,NA,p.Leu135Gln,0.25659480666344897,137,0.0600100555422558
urn:mavedb:00000085-b-1#2193,NA,NA,p.Leu135Asn,0.04187352773334496,137,0.0119335919337275
urn:mavedb:00000085-b-1#2194,NA,NA,p.Leu135Met,NA,137,NA
urn:mavedb:00000085-b-1#2195,NA,NA,p.Leu135Lys,NA,137,NA
urn:mavedb:00000085-b-1#2196,NA,NA,p.Leu135Ile,0.36977889750686016,137,0.0789201611594184
urn:mavedb:00000085-b-1#2197,NA,NA,p.Leu135Gly,0.011720291610690013,137,0.00289711559437093
urn:mavedb:00000085-b-1#2198,NA,NA,p.Leu135Phe,0.16462076341242146,137,0.0274358883788562
urn:mavedb:00000085-b-1#2199,NA,NA,p.Leu135Glu,0.13998030331106093,137,0.0185606398986754
urn:mavedb:00000085-b-1#2200,NA,NA,p.Leu135Cys,0.121495726298571,137,0.0332417964087806
urn:mavedb:00000085-b-1#2201,NA,NA,p.Leu135Ala,0.18473541541848906,137,0.0273254776578216
urn:mavedb:00000085-b-1#2202,NA,NA,p.Asn134Tyr,0.022959871287559,136,0.0056754049610221605
urn:mavedb:00000085-b-1#2203,NA,NA,p.Asn134Val,0.03345713208072151,136,0.0111549508397189
urn:mavedb:00000085-b-1#2204,NA,NA,p.Asn134Thr,0.06331310083948204,136,0.0104405409397864
urn:mavedb:00000085-b-1#2205,NA,NA,p.Asn134Ser,0.05505696768280968,136,0.00768090163010617
urn:mavedb:00000085-b-1#2206,NA,NA,p.Asn134Arg,0.04399014041914416,136,0.0102880132462186
urn:mavedb:00000085-b-1#2207,NA,NA,p.Asn134Leu,0.014737855106350872,136,0.0049137519856034895
urn:mavedb:00000085-b-1#2208,NA,NA,p.Asn134Lys,0.0659814598024849,136,0.0147015007699352
urn:mavedb:00000085-b-1#2209,NA,NA,p.Asn134Ile,0.04238729087271954,136,0.0115973601412783
urn:mavedb:00000085-b-1#2210,NA,NA,p.Asn134His,0.06646322364281462,136,0.0189414418246356
urn:mavedb:00000085-b-1#2211,NA,NA,p.Asn134Gly,NA,136,NA
urn:mavedb:00000085-b-1#2212,NA,NA,p.Asn134Glu,0.014737855106350872,136,0.0049137519856034895
urn:mavedb:00000085-b-1#2213,NA,NA,p.Asn134Asp,0.054222629276935434,136,0.0118171730980917
urn:mavedb:00000085-b-1#2214,NA,NA,p.Asn134Ala,0.04499514889757495,136,0.0128232268692609
urn:mavedb:00000085-b-1#2215,NA,NA,p.Ala133Tyr,NA,135,NA
urn:mavedb:00000085-b-1#2216,NA,NA,p.Ala133Val,0.01436128000657826,135,0.00289600332478168
urn:mavedb:00000085-b-1#2217,NA,NA,p.Ala133Thr,0.4653395284144192,135,0.101415180893794
urn:mavedb:00000085-b-1#2218,NA,NA,p.Ala133Ser,0.6156096032065301,135,0.137165577764005
urn:mavedb:00000085-b-1#2219,NA,NA,p.Ala133Arg,NA,135,0.278813302561299
urn:mavedb:00000085-b-1#2220,NA,NA,p.Ala133Pro,NA,135,0.0083521241241758
urn:mavedb:00000085-b-1#2221,NA,NA,p.Ala133Leu,NA,135,0.000614381010016016
urn:mavedb:00000085-b-1#2222,NA,NA,p.Ala133Gly,0.4716113634032278,135,0.15724006353931197
urn:mavedb:00000085-b-1#2223,NA,NA,p.Ala133Glu,NA,135,NA
urn:mavedb:00000085-b-1#2224,NA,NA,p.Ala133Asp,0.001292637964899633,135,0.0003683905996502
urn:mavedb:00000085-b-1#2225,NA,NA,p.Ala133Cys,0.15042693505891164,135,0.0411575098315538
urn:mavedb:00000085-b-1#2226,NA,NA,p.Ala132Val,0.0013071737264007282,134,0.00041058573104732
urn:mavedb:00000085-b-1#2227,NA,NA,p.Ala132Thr,NA,134,0.00324165168851076
urn:mavedb:00000085-b-1#2228,NA,NA,p.Ala132Ser,NA,134,NA
urn:mavedb:00000085-b-1#2229,NA,NA,p.Ala132Arg,NA,134,NA
urn:mavedb:00000085-b-1#2230,NA,NA,p.Ala132Gly,NA,134,NA
urn:mavedb:00000085-b-1#2231,NA,NA,p.Ala132Glu,NA,134,NA
urn:mavedb:00000085-b-1#2232,NA,NA,p.Thr131Val,NA,133,NA
urn:mavedb:00000085-b-1#2233,NA,NA,p.Thr131Ser,0.7674596321746519,133,0.195675243388667
urn:mavedb:00000085-b-1#2234,NA,NA,p.Thr131Arg,0.010541172699070895,133,0.00448018087962857
urn:mavedb:00000085-b-1#2235,NA,NA,p.Thr131Pro,0.02055949741068815,133,0.00645777688446674
urn:mavedb:00000085-b-1#2236,NA,NA,p.Thr131Asn,0.02243659059409051,133,0.008027474883152391
urn:mavedb:00000085-b-1#2237,NA,NA,p.Thr131Leu,0.13067200821275776,133,0.0410443240526156
urn:mavedb:00000085-b-1#2238,NA,NA,p.Thr131His,NA,133,NA
urn:mavedb:00000085-b-1#2239,NA,NA,p.Thr131Gly,0.4774500998940074,133,0.13606913411108001
urn:mavedb:00000085-b-1#2240,NA,NA,p.Thr131Cys,NA,133,NA
urn:mavedb:00000085-b-1#2241,NA,NA,p.Thr131Ala,0.6268985376387918,133,0.133795989859425
urn:mavedb:00000085-b-1#2242,NA,NA,p.Asn130Tyr,NA,132,NA
urn:mavedb:00000085-b-1#2243,NA,NA,p.Asn130Thr,0.012175069116594436,132,0.00382421215545155
urn:mavedb:00000085-b-1#2244,NA,NA,p.Asn130Ser,0.12737641741493946,132,0.0297896359760305
urn:mavedb:00000085-b-1#2245,NA,NA,p.Asn130Gln,NA,132,NA
urn:mavedb:00000085-b-1#2246,NA,NA,p.Asn130Pro,NA,132,NA
urn:mavedb:00000085-b-1#2247,NA,NA,p.Asn130Leu,NA,132,NA
urn:mavedb:00000085-b-1#2248,NA,NA,p.Asn130Lys,NA,132,NA
urn:mavedb:00000085-b-1#2249,NA,NA,p.Asn130His,NA,132,NA
urn:mavedb:00000085-b-1#2250,NA,NA,p.Asn130Gly,NA,132,NA
urn:mavedb:00000085-b-1#2251,NA,NA,p.Asn130Phe,NA,132,NA
urn:mavedb:00000085-b-1#2252,NA,NA,p.Asn130Asp,0.03763314074456792,132,0.0134645721164394
urn:mavedb:00000085-b-1#2253,NA,NA,p.Asn130Cys,NA,132,0.0485020970513801
urn:mavedb:00000085-b-1#2254,NA,NA,p.Asn130Ala,NA,132,NA
urn:mavedb:00000085-b-1#2255,NA,NA,p.Asp129Tyr,0.0010295579024596985,131,0.00036836034281086897
urn:mavedb:00000085-b-1#2256,NA,NA,p.Asp129Val,0.0011158661419137551,131,0.000372041211623369
urn:mavedb:00000085-b-1#2257,NA,NA,p.Asp129Thr,NA,131,NA
urn:mavedb:00000085-b-1#2258,NA,NA,p.Asp129Ser,NA,131,NA
urn:mavedb:00000085-b-1#2259,NA,NA,p.Asp129Arg,NA,131,NA
urn:mavedb:00000085-b-1#2260,NA,NA,p.Asp129Gln,NA,131,NA
urn:mavedb:00000085-b-1#2261,NA,NA,p.Asp129Pro,NA,131,NA
urn:mavedb:00000085-b-1#2262,NA,NA,p.Asp129Asn,NA,131,0.0004852089987141
urn:mavedb:00000085-b-1#2263,NA,NA,p.Asp129Leu,NA,131,NA
urn:mavedb:00000085-b-1#2264,NA,NA,p.Asp129Lys,NA,131,NA
urn:mavedb:00000085-b-1#2265,NA,NA,p.Asp129His,0.0012439490123677664,131,0.15724006353931197
urn:mavedb:00000085-b-1#2266,NA,NA,p.Asp129Gly,0.0012693116491689785,131,0.000282818631830919
urn:mavedb:00000085-b-1#2267,NA,NA,p.Asp129Glu,0.002649671322782489,131,0.000577464152733168
urn:mavedb:00000085-b-1#2268,NA,NA,p.Asp129Cys,NA,131,NA
urn:mavedb:00000085-b-1#2269,NA,NA,p.Asp129Ala,0.0014927816934550073,131,0.00044527053692979197
urn:mavedb:00000085-b-1#2270,NA,NA,p.Ser128Val,NA,130,NA
urn:mavedb:00000085-b-1#2271,NA,NA,p.Ser128Thr,NA,130,NA
urn:mavedb:00000085-b-1#2272,NA,NA,p.Ser128Arg,0.002467653334955466,130,0.216274395144834
urn:mavedb:00000085-b-1#2273,NA,NA,p.Ser128Gly,NA,130,NA
urn:mavedb:00000085-b-1#2274,NA,NA,p.Ser128Cys,NA,130,NA
urn:mavedb:00000085-b-1#2275,NA,NA,p.Met127Val,0.3870615099675356,129,0.0862421823317361
urn:mavedb:00000085-b-1#2276,NA,NA,p.Met127Thr,NA,129,NA
urn:mavedb:00000085-b-1#2277,NA,NA,p.Met127Ser,NA,129,NA
urn:mavedb:00000085-b-1#2278,NA,NA,p.Met127Arg,0.4944831846346267,129,0.147495641251746
urn:mavedb:00000085-b-1#2279,NA,NA,p.Met127Gln,NA,129,NA
urn:mavedb:00000085-b-1#2280,NA,NA,p.Met127Asn,NA,129,NA
urn:mavedb:00000085-b-1#2281,NA,NA,p.Met127Lys,0.4546432848345772,129,0.15158273218702698
urn:mavedb:00000085-b-1#2282,NA,NA,p.Met127Ile,0.4422070466565355,129,0.11660849050251999
urn:mavedb:00000085-b-1#2283,NA,NA,p.Met127Gly,0.2358056817016141,129,0.0843677286540543
urn:mavedb:00000085-b-1#2284,NA,NA,p.Thr126Tyr,NA,128,NA
urn:mavedb:00000085-b-1#2285,NA,NA,p.Thr126Val,0.5329754454266129,128,0.15897720597459603
urn:mavedb:00000085-b-1#2286,NA,NA,p.Thr126Ser,0.7076687776724444,128,0.12057886117918801
urn:mavedb:00000085-b-1#2287,NA,NA,p.Thr126Arg,0.2297952849827707,128,0.0428081855547344
urn:mavedb:00000085-b-1#2288,NA,NA,p.Thr126Gln,NA,128,NA
urn:mavedb:00000085-b-1#2289,NA,NA,p.Thr126Pro,0.009813925248384406,128,0.00308257241648106
urn:mavedb:00000085-b-1#2290,NA,NA,p.Thr126Asn,0.3343693054423449,128,0.0576348267580056
urn:mavedb:00000085-b-1#2291,NA,NA,p.Thr126Leu,0.4182952331224864,128,0.131387321070248
urn:mavedb:00000085-b-1#2292,NA,NA,p.Thr126Lys,NA,128,NA
urn:mavedb:00000085-b-1#2293,NA,NA,p.Thr126Ile,0.044041517899919884,128,0.00491524449967448
urn:mavedb:00000085-b-1#2294,NA,NA,p.Thr126His,NA,128,NA
urn:mavedb:00000085-b-1#2295,NA,NA,p.Thr126Gly,NA,128,NA
urn:mavedb:00000085-b-1#2296,NA,NA,p.Thr126Asp,0.41649664378717344,128,0.0907704587556922
urn:mavedb:00000085-b-1#2297,NA,NA,p.Thr126Ala,0.6023239630568944,128,0.140866040694597
urn:mavedb:00000085-b-1#2298,NA,NA,p.Ile125Tyr,NA,127,0.17675941159112699
urn:mavedb:00000085-b-1#2299,NA,NA,p.Ile125Val,0.6536402460043685,127,0.12956079253557598
urn:mavedb:00000085-b-1#2300,NA,NA,p.Ile125Thr,0.1940316183212654,127,0.0378315590543826
urn:mavedb:00000085-b-1#2301,NA,NA,p.Ile125Ser,0.014737855106350872,127,0.0052729830408784
urn:mavedb:00000085-b-1#2302,NA,NA,p.Ile125Arg,0.0011526559315763474,127,0.000284922729334496
urn:mavedb:00000085-b-1#2303,NA,NA,p.Ile125Gln,NA,127,NA
urn:mavedb:00000085-b-1#2304,NA,NA,p.Ile125Pro,NA,127,NA
urn:mavedb:00000085-b-1#2305,NA,NA,p.Ile125Asn,0.014737855106350872,127,0.0052729830408784
urn:mavedb:00000085-b-1#2306,NA,NA,p.Ile125Met,0.4269810923026152,127,0.127360953756354
urn:mavedb:00000085-b-1#2307,NA,NA,p.Ile125Leu,0.5125165101737338,127,0.130673704081067
urn:mavedb:00000085-b-1#2308,NA,NA,p.Ile125Lys,NA,127,NA
urn:mavedb:00000085-b-1#2309,NA,NA,p.Ile125His,NA,127,NA
urn:mavedb:00000085-b-1#2310,NA,NA,p.Ile125Gly,0.0018002224863239273,127,0.000600212632901403
urn:mavedb:00000085-b-1#2311,NA,NA,p.Ile125Phe,NA,127,NA
urn:mavedb:00000085-b-1#2312,NA,NA,p.Ile125Glu,NA,127,0.00104731853257769
urn:mavedb:00000085-b-1#2313,NA,NA,p.Ile125Asp,0.001185973773533223,127,0.00037251659743030096
urn:mavedb:00000085-b-1#2314,NA,NA,p.Ile125Cys,0.2358056817016141,127,0.0645175324430401
urn:mavedb:00000085-b-1#2315,NA,NA,p.Ile125Ala,NA,127,NA
urn:mavedb:00000085-b-1#2316,NA,NA,p.Ala124Val,0.4750812514201337,126,0.0898042085703769
urn:mavedb:00000085-b-1#2317,NA,NA,p.Gly85Val,0.1490608852243842,87,0.0140499252701409
urn:mavedb:00000085-b-1#2318,NA,NA,p.Gly85Thr,0.2268225377022625,87,0.0712453865768272
urn:mavedb:00000085-b-1#2319,NA,NA,p.Gly85Ser,0.3907950082922734,87,0.122749448622361
urn:mavedb:00000085-b-1#2320,NA,NA,p.Gly85Arg,0.5438733099297072,87,0.0704671378763369
urn:mavedb:00000085-b-1#2321,NA,NA,p.Gly85Gln,NA,87,NA
urn:mavedb:00000085-b-1#2322,NA,NA,p.Gly85Pro,NA,87,NA
urn:mavedb:00000085-b-1#2323,NA,NA,p.Gly85Asn,NA,87,NA
urn:mavedb:00000085-b-1#2324,NA,NA,p.Gly85Met,0.4716113634032278,87,0.14813401807448498
urn:mavedb:00000085-b-1#2325,NA,NA,p.Gly85Leu,NA,87,NA
urn:mavedb:00000085-b-1#2326,NA,NA,p.Gly85Lys,NA,87,NA
urn:mavedb:00000085-b-1#2327,NA,NA,p.Gly85Ile,0.07556193579038466,87,0.0192656389428669
urn:mavedb:00000085-b-1#2328,NA,NA,p.Gly85Phe,0.2358056817016141,87,0.0740670090372425
urn:mavedb:00000085-b-1#2329,NA,NA,p.Gly85Glu,0.6134452329100863,87,0.10832839386791099
urn:mavedb:00000085-b-1#2330,NA,NA,p.Gly85Asp,0.6741253989152148,87,0.24119193534298897
urn:mavedb:00000085-b-1#2331,NA,NA,p.Gly85Cys,0.3271893870575,87,0.117063444894782
urn:mavedb:00000085-b-1#2332,NA,NA,p.Gly85Ala,0.5870689982854169,87,0.0861611008160966
urn:mavedb:00000085-b-1#2333,NA,NA,p.Ala84Val,0.7068972344361152,86,0.14254834807679098
urn:mavedb:00000085-b-1#2334,NA,NA,p.Ala84Thr,NA,86,0.0064255726853893
urn:mavedb:00000085-b-1#2335,NA,NA,p.Ala84Ser,0.5534172874425624,86,0.18451499729199697
urn:mavedb:00000085-b-1#2336,NA,NA,p.Ala84Pro,NA,86,NA
urn:mavedb:00000085-b-1#2337,NA,NA,p.Ala84Gly,0.6476550412360697,86,0.124298088719642
urn:mavedb:00000085-b-1#2338,NA,NA,p.Ala84Asp,0.7422041146856322,86,0.16175450387255202
urn:mavedb:00000085-b-1#2339,NA,NA,p.Ala84Cys,0.3907950082922734,86,0.122749448622361
urn:mavedb:00000085-b-1#2340,NA,NA,p.Asp83Tyr,0.015407378468869647,85,0.00406287317092747
urn:mavedb:00000085-b-1#2341,NA,NA,p.Asp83Trp,NA,85,NA
urn:mavedb:00000085-b-1#2342,NA,NA,p.Asp83Val,0.03867998740028122,85,0.00674709408251257
urn:mavedb:00000085-b-1#2343,NA,NA,p.Val82Trp,0.20033210222699066,84,0.0468518468392332
urn:mavedb:00000085-b-1#2344,NA,NA,p.Val82Thr,NA,84,NA
urn:mavedb:00000085-b-1#2345,NA,NA,p.Val82Ser,0.3927305425955488,84,0.0685054494084224
urn:mavedb:00000085-b-1#2346,NA,NA,p.Val82Arg,0.2563732605653008,84,0.0328518044912619
urn:mavedb:00000085-b-1#2347,NA,NA,p.Val82Gln,0.1829672462180765,84,0.0452273100264856
urn:mavedb:00000085-b-1#2348,NA,NA,p.Val82Asn,0.14142878622321328,84,0.0349595006396007
urn:mavedb:00000085-b-1#2349,NA,NA,p.Val82Met,0.2358056817016141,84,0.0537877423134834
urn:mavedb:00000085-b-1#2350,NA,NA,p.Val82Leu,0.13268704791763675,84,0.0194737963442306
urn:mavedb:00000085-b-1#2351,NA,NA,p.Val82Lys,0.14689436939000802,84,0.0320138697323394
urn:mavedb:00000085-b-1#2352,NA,NA,p.Val82Ile,0.4688364497516591,84,0.0980948582641463
urn:mavedb:00000085-b-1#2353,NA,NA,p.Val82His,0.3679193426023062,84,0.12266808074907501
urn:mavedb:00000085-b-1#2354,NA,NA,p.Val82Gly,0.128408021442508,84,0.007911458365630829
urn:mavedb:00000085-b-1#2355,NA,NA,p.Val82Phe,0.2665943217702884,84,0.0414784086973401
urn:mavedb:00000085-b-1#2356,NA,NA,p.Val82Glu,0.13366698426437285,84,0.0185225595633561
urn:mavedb:00000085-b-1#2357,NA,NA,p.Val82Asp,0.09205493038671718,84,0.0101384200074897
urn:mavedb:00000085-b-1#2358,NA,NA,p.Val82Cys,0.642311458620234,84,0.123272547244976
urn:mavedb:00000085-b-1#2359,NA,NA,p.Val82Ala,0.4694769434071619,84,0.081892609580207
urn:mavedb:00000085-b-1#2360,NA,NA,p.Arg81Tyr,NA,83,NA
urn:mavedb:00000085-b-1#2361,NA,NA,p.Arg81Trp,0.16462732681347558,83,0.038501539272412004
urn:mavedb:00000085-b-1#2362,NA,NA,p.Arg81Val,0.18141940000943044,83,0.0199805275727827
urn:mavedb:00000085-b-1#2363,NA,NA,p.Arg81Thr,NA,83,NA
urn:mavedb:00000085-b-1#2364,NA,NA,p.Arg81Ser,0.6695706758212974,83,0.126568380554526
urn:mavedb:00000085-b-1#2365,NA,NA,p.Arg81Gln,NA,83,NA
urn:mavedb:00000085-b-1#2366,NA,NA,p.Arg81Met,NA,83,NA
urn:mavedb:00000085-b-1#2367,NA,NA,p.Arg81Leu,NA,83,NA
urn:mavedb:00000085-b-1#2368,NA,NA,p.Arg81Lys,NA,83,NA
urn:mavedb:00000085-b-1#2369,NA,NA,p.Arg81Ile,0.3271893870575,83,0.117063444894782
urn:mavedb:00000085-b-1#2370,NA,NA,p.Arg81His,0.5076055365488199,83,0.129421578341753
urn:mavedb:00000085-b-1#2371,NA,NA,p.Arg81Gly,0.2050455350234254,83,0.0202032971114166
urn:mavedb:00000085-b-1#2372,NA,NA,p.Arg81Glu,0.27390562278597097,83,0.0657919686270882
urn:mavedb:00000085-b-1#2373,NA,NA,p.Arg81Asp,0.1752719026466449,83,0.0433251133401418
urn:mavedb:00000085-b-1#2374,NA,NA,p.Arg81Cys,0.13890381736590707,83,0.0251703723250217
urn:mavedb:00000085-b-1#2375,NA,NA,p.Arg81Ala,0.5590869901996534,83,0.12752884808659
urn:mavedb:00000085-b-1#2376,NA,NA,p.Ser80Tyr,0.6505486340369817,82,0.13118545187060698
urn:mavedb:00000085-b-1#2377,NA,NA,p.Ser80Trp,0.8632797997513593,82,0.21339241831525002
urn:mavedb:00000085-b-1#2378,NA,NA,p.Ser80Val,0.5889317733316942,82,0.0617947806746036
urn:mavedb:00000085-b-1#2379,NA,NA,p.Ser80Thr,0.4933008929913133,82,0.14714298443854099
urn:mavedb:00000085-b-1#2380,NA,NA,p.Ser80Arg,0.5864503453163755,82,0.0999245932665986
urn:mavedb:00000085-b-1#2381,NA,NA,p.Ser80Pro,0.00200707013860033,82,0.000598673739227
urn:mavedb:00000085-b-1#2382,NA,NA,p.Ser80Asn,0.7165010623934983,82,0.225054334062426
urn:mavedb:00000085-b-1#2383,NA,NA,p.Ser80Met,0.7148291564648258,82,0.21322097109556898
urn:mavedb:00000085-b-1#2384,NA,NA,p.Ser80Leu,0.5941119530665274,82,0.0908235621215606
urn:mavedb:00000085-b-1#2385,NA,NA,p.Ser80Lys,NA,82,NA
urn:mavedb:00000085-b-1#2386,NA,NA,p.Ser80Ile,0.4182134344231325,82,0.0828958503459775
urn:mavedb:00000085-b-1#2387,NA,NA,p.Ser80His,NA,82,NA
urn:mavedb:00000085-b-1#2388,NA,NA,p.Ser80Gly,0.6358001322405794,82,0.0705466006414605
urn:mavedb:00000085-b-1#2389,NA,NA,p.Ser80Phe,0.631307463855883,82,0.132088740585003
urn:mavedb:00000085-b-1#2390,NA,NA,p.Ser80Glu,0.6462730962448119,82,0.15523441556325598
urn:mavedb:00000085-b-1#2391,NA,NA,p.Ser80Asp,0.5559705836813673,82,0.12387725261794198
urn:mavedb:00000085-b-1#2392,NA,NA,p.Ser80Cys,0.6079751759494618,82,0.0637929457275872
urn:mavedb:00000085-b-1#2393,NA,NA,p.Ser80Ala,0.789224221767608,82,0.0918702441314317
urn:mavedb:00000085-b-1#2394,NA,NA,p.Leu79Tyr,0.015817279021046404,81,0.0039098417713935895
urn:mavedb:00000085-b-1#2395,NA,NA,p.Leu79Trp,0.0057426446126662796,81,0.00171292993562958
urn:mavedb:00000085-b-1#2396,NA,NA,p.Leu79Val,0.14803780746100062,81,0.0169479468271091
urn:mavedb:00000085-b-1#2397,NA,NA,p.Leu79Thr,0.014737855106350872,81,0.0049137519856034895
urn:mavedb:00000085-b-1#2398,NA,NA,p.Leu79Ser,0.018162690996146837,81,0.0038001878904813297
urn:mavedb:00000085-b-1#2399,NA,NA,p.Leu79Arg,NA,81,NA
urn:mavedb:00000085-b-1#2400,NA,NA,p.Leu79Gln,NA,81,NA
urn:mavedb:00000085-b-1#2401,NA,NA,p.Leu79Pro,0.0010295579024596985,81,0.00036836034281086897
urn:mavedb:00000085-b-1#2402,NA,NA,p.Leu79Ile,0.08361107377541747,81,0.0160466544755779
urn:mavedb:00000085-b-1#2403,NA,NA,p.Leu79His,NA,81,NA
urn:mavedb:00000085-b-1#2404,NA,NA,p.Leu79Gly,0.005244063585539757,81,0.000864763529660012
urn:mavedb:00000085-b-1#2405,NA,NA,p.Leu79Phe,0.05032583858930539,81,0.00867460302526514
urn:mavedb:00000085-b-1#2406,NA,NA,p.Leu79Glu,0.009575065834098777,81,0.00223932915867105
urn:mavedb:00000085-b-1#2407,NA,NA,p.Leu79Asp,NA,81,NA
urn:mavedb:00000085-b-1#2408,NA,NA,p.Leu79Cys,0.09514339731981686,81,0.0298847204116058
urn:mavedb:00000085-b-1#2409,NA,NA,p.Leu79Ala,0.04384907402447002,81,0.0111799733463417
urn:mavedb:00000085-b-1#2410,NA,NA,p.Val78Tyr,0.033878041349619685,80,0.00823519682029827
urn:mavedb:00000085-b-1#2411,NA,NA,p.Val78Trp,0.014737855106350872,80,0.0052729830408784
urn:mavedb:00000085-b-1#2412,NA,NA,p.Val78Thr,0.2358056817016141,80,0.0703366895258205
urn:mavedb:00000085-b-1#2413,NA,NA,p.Val78Ser,0.025943724449043668,80,0.00928227466275462
urn:mavedb:00000085-b-1#2414,NA,NA,p.Val78Met,NA,80,NA
urn:mavedb:00000085-b-1#2415,NA,NA,p.Val78Leu,0.3943000976561997,80,0.10788234261046499
urn:mavedb:00000085-b-1#2416,NA,NA,p.Val78Ile,0.5753993839414641,80,0.18073403093121695
urn:mavedb:00000085-b-1#2417,NA,NA,p.Val78Gly,0.0032297013960818728,80,0.0005503050700770651
urn:mavedb:00000085-b-1#2418,NA,NA,p.Val78Glu,0.02658856625607537,80,0.00757751058911163
urn:mavedb:00000085-b-1#2419,NA,NA,p.Val78Asp,NA,80,NA
urn:mavedb:00000085-b-1#2420,NA,NA,p.Val78Cys,0.14689436939000802,80,0.0489760887222377
urn:mavedb:00000085-b-1#2421,NA,NA,p.Val78Ala,0.1705509277806986,80,0.0281244153295762
urn:mavedb:00000085-b-1#2422,NA,NA,p.Ala77Trp,0.09823417900506484,79,0.035146712746898
urn:mavedb:00000085-b-1#2423,NA,NA,p.Ala77Val,0.508239406078127,79,0.122078804807415
urn:mavedb:00000085-b-1#2424,NA,NA,p.Ala77Thr,0.4930436804516195,79,0.12570881663214198
urn:mavedb:00000085-b-1#2425,NA,NA,p.Ala77Ser,0.4546432848345772,79,0.15158273218702698
urn:mavedb:00000085-b-1#2426,NA,NA,p.Ala77Arg,0.8503948078800856,79,0.304258480467108
urn:mavedb:00000085-b-1#2427,NA,NA,p.Ala77Pro,0.003684463776587715,79,0.00122843799640087
urn:mavedb:00000085-b-1#2428,NA,NA,p.Ala77Lys,NA,79,NA
urn:mavedb:00000085-b-1#2429,NA,NA,p.Ala77Gly,0.3130326020467821,79,0.0466737500507672
urn:mavedb:00000085-b-1#2430,NA,NA,p.Ala77Glu,0.22737672419008675,79,0.043638187671976
urn:mavedb:00000085-b-1#2431,NA,NA,p.Ala77Cys,0.5574473663822491,79,0.146996969903393
urn:mavedb:00000085-b-1#2432,NA,NA,p.Gly76Tyr,NA,78,NA
urn:mavedb:00000085-b-1#2433,NA,NA,p.Gly76Trp,NA,78,NA
urn:mavedb:00000085-b-1#2434,NA,NA,p.Gly76Val,0.06665402187180568,78,0.023847807187689998
urn:mavedb:00000085-b-1#2435,NA,NA,p.Gly76Thr,NA,78,NA
urn:mavedb:00000085-b-1#2436,NA,NA,p.Gly76Ser,0.5779046838990505,78,0.164697818587403
urn:mavedb:00000085-b-1#2437,NA,NA,p.Gly76Gln,0.003684463776587715,78,0.0013182457602196
urn:mavedb:00000085-b-1#2438,NA,NA,p.Gly76Asp,0.0018422318882938575,78,0.0006142189982004371
urn:mavedb:00000085-b-1#2439,NA,NA,p.Gly76Cys,NA,78,NA
urn:mavedb:00000085-b-1#2440,NA,NA,p.Gly76Ala,0.6636898317856877,78,0.18914584110350896
urn:mavedb:00000085-b-1#2441,NA,NA,p.Cys75Trp,0.3064068696992841,77,0.0781229869178611
urn:mavedb:00000085-b-1#2442,NA,NA,p.Cys75Val,NA,77,NA
urn:mavedb:00000085-b-1#2443,NA,NA,p.Cys75Thr,NA,77,NA
urn:mavedb:00000085-b-1#2444,NA,NA,p.Cys75Ser,0.3016698219101412,77,0.07055178942882599
urn:mavedb:00000085-b-1#2445,NA,NA,p.Cys75Leu,0.07802156041775532,77,0.0260131881237875
urn:mavedb:00000085-b-1#2446,NA,NA,p.Cys75Ile,NA,77,NA
urn:mavedb:00000085-b-1#2447,NA,NA,p.Cys75Gly,0.5509027896871473,77,0.122748084249571
urn:mavedb:00000085-b-1#2448,NA,NA,p.Cys75Asp,NA,77,NA
urn:mavedb:00000085-b-1#2449,NA,NA,p.Cys75Ala,NA,77,NA
urn:mavedb:00000085-b-1#2450,NA,NA,p.Leu74Val,NA,76,NA
urn:mavedb:00000085-b-1#2451,NA,NA,p.Leu74Ser,NA,76,NA
urn:mavedb:00000085-b-1#2452,NA,NA,p.Leu74Arg,NA,76,NA
urn:mavedb:00000085-b-1#2453,NA,NA,p.Leu74Pro,NA,76,NA
urn:mavedb:00000085-b-1#2454,NA,NA,p.Leu74Ile,NA,76,NA
urn:mavedb:00000085-b-1#2455,NA,NA,p.Leu74Ala,NA,76,NA
urn:mavedb:00000085-b-1#2456,NA,NA,p.Leu73Tyr,NA,75,NA
urn:mavedb:00000085-b-1#2457,NA,NA,p.Leu73Trp,0.02647438182304405,75,0.0052729830408784
urn:mavedb:00000085-b-1#2458,NA,NA,p.Leu73Val,0.5066992579442846,75,0.0853727790616648
urn:mavedb:00000085-b-1#2459,NA,NA,p.Leu73Ser,0.3271893870575,75,0.117063444894782
urn:mavedb:00000085-b-1#2460,NA,NA,p.Leu73Arg,0.0010511862983221113,75,0.000234217554755372
urn:mavedb:00000085-b-1#2461,NA,NA,p.Leu73Gln,0.08147835240697146,75,0.013579277216267002
urn:mavedb:00000085-b-1#2462,NA,NA,p.Leu73Pro,NA,75,NA
urn:mavedb:00000085-b-1#2463,NA,NA,p.Leu73Asn,NA,75,NA
urn:mavedb:00000085-b-1#2464,NA,NA,p.Leu73Met,0.515528261481575,75,0.112353214591853
urn:mavedb:00000085-b-1#2465,NA,NA,p.Leu73Lys,NA,75,NA
urn:mavedb:00000085-b-1#2466,NA,NA,p.Leu73His,0.2358056817016141,75,0.0843677286540543
urn:mavedb:00000085-b-1#2467,NA,NA,p.Leu73Gly,0.2119133902983616,75,0.0299751608674972
urn:mavedb:00000085-b-1#2468,NA,NA,p.Leu73Glu,NA,75,NA
urn:mavedb:00000085-b-1#2469,NA,NA,p.Leu73Cys,NA,75,NA
urn:mavedb:00000085-b-1#2470,NA,NA,p.Leu73Ala,NA,75,NA
urn:mavedb:00000085-b-1#2471,NA,NA,p.Val72Trp,0.0032668732705161433,74,0.000893831737627649
urn:mavedb:00000085-b-1#2472,NA,NA,p.Val72Ser,0.1520921211676376,74,0.047772421901485
urn:mavedb:00000085-b-1#2473,NA,NA,p.Val72Leu,NA,74,NA
urn:mavedb:00000085-b-1#2474,NA,NA,p.Val72Ile,NA,74,NA
urn:mavedb:00000085-b-1#2475,NA,NA,p.Val72Gly,0.017603127592372838,74,0.00293375776986988
urn:mavedb:00000085-b-1#2476,NA,NA,p.Val72Glu,0.0018422318882938575,74,0.000549505386920473
urn:mavedb:00000085-b-1#2477,NA,NA,p.Val72Asp,0.004273693506654715,74,0.00439604309536378
urn:mavedb:00000085-b-1#2478,NA,NA,p.Val72Cys,0.18127146500408808,74,0.054070091364537005
urn:mavedb:00000085-b-1#2479,NA,NA,p.Val72Ala,NA,74,0.20679015771291398
urn:mavedb:00000085-b-1#2480,NA,NA,p.Lys71Thr,NA,73,NA
urn:mavedb:00000085-b-1#2481,NA,NA,p.Lys71Arg,NA,73,NA
urn:mavedb:00000085-b-1#2482,NA,NA,p.Lys71Pro,NA,73,NA
urn:mavedb:00000085-b-1#2483,NA,NA,p.Lys71Asn,NA,73,NA
urn:mavedb:00000085-b-1#2484,NA,NA,p.Phe70Tyr,0.2358056817016141,72,0.0843677286540543
urn:mavedb:00000085-b-1#2485,NA,NA,p.Phe70Trp,NA,72,NA
urn:mavedb:00000085-b-1#2486,NA,NA,p.Phe70Val,0.570280836728479,72,0.121712341737685
urn:mavedb:00000085-b-1#2487,NA,NA,p.Phe70Ser,0.4944831846346267,72,0.147495641251746
urn:mavedb:00000085-b-1#2488,NA,NA,p.Phe70Arg,NA,72,NA
urn:mavedb:00000085-b-1#2489,NA,NA,p.Phe70Leu,0.1695909318962696,72,0.0299480903612757
urn:mavedb:00000085-b-1#2490,NA,NA,p.Phe70Ile,0.17651719448774691,72,0.0554443834644175
urn:mavedb:00000085-b-1#2491,NA,NA,p.Phe70Gly,0.2810012905601305,72,0.0531174371343284
urn:mavedb:00000085-b-1#2492,NA,NA,p.Phe70Glu,NA,72,NA
urn:mavedb:00000085-b-1#2493,NA,NA,p.Phe70Cys,0.400684819450784,72,0.0660742596075483
urn:mavedb:00000085-b-1#2494,NA,NA,p.Phe70Ala,NA,72,NA
urn:mavedb:00000085-b-1#2495,NA,NA,p.Thr69Tyr,NA,71,NA
urn:mavedb:00000085-b-1#2496,NA,NA,p.Thr69Val,NA,71,NA
urn:mavedb:00000085-b-1#2497,NA,NA,p.Thr69Ser,0.15555975445227474,71,0.00660340783664874
urn:mavedb:00000085-b-1#2498,NA,NA,p.Thr69Pro,0.05895142042540327,71,0.0175841723814551
urn:mavedb:00000085-b-1#2499,NA,NA,p.Thr69Asn,NA,71,NA
urn:mavedb:00000085-b-1#2500,NA,NA,p.Thr69Ile,NA,71,NA
urn:mavedb:00000085-b-1#2501,NA,NA,p.Thr69His,0.3756719710448389,71,0.0990634179144362
urn:mavedb:00000085-b-1#2502,NA,NA,p.Thr69Gly,0.012211406808165471,71,0.0027854460416007303
urn:mavedb:00000085-b-1#2503,NA,NA,p.Thr69Glu,0.006281957228266101,71,0.00224758987580876
urn:mavedb:00000085-b-1#2504,NA,NA,p.Thr69Asp,0.012230705350479052,71,0.00348564486001131
urn:mavedb:00000085-b-1#2505,NA,NA,p.Thr69Ala,0.01550243550330755,71,0.00324358145415429
urn:mavedb:00000085-b-1#2506,NA,NA,p.Ser68Tyr,NA,70,NA
urn:mavedb:00000085-b-1#2507,NA,NA,p.Ser68Val,NA,70,NA
urn:mavedb:00000085-b-1#2508,NA,NA,p.Ser68Thr,NA,70,NA
urn:mavedb:00000085-b-1#2509,NA,NA,p.Ser68Arg,0.0010750547305204991,70,0.00028348826704916
urn:mavedb:00000085-b-1#2510,NA,NA,p.Ser68Gln,0.001164123347729783,70,0.000416505836553146
urn:mavedb:00000085-b-1#2511,NA,NA,p.Ser68Pro,NA,70,NA
urn:mavedb:00000085-b-1#2512,NA,NA,p.Ser68Asn,0.0014007907635314278,70,0.6289602541572471
urn:mavedb:00000085-b-1#2513,NA,NA,p.Ser68Lys,NA,70,NA
urn:mavedb:00000085-b-1#2514,NA,NA,p.Ser68Gly,0.0010098724132882708,70,0.000257481985992863
urn:mavedb:00000085-b-1#2515,NA,NA,p.Ser68Glu,NA,70,NA
urn:mavedb:00000085-b-1#2516,NA,NA,p.Ser68Asp,NA,70,NA
urn:mavedb:00000085-b-1#2517,NA,NA,p.Ser68Cys,0.002341593233373888,70,0.000578813778480854
urn:mavedb:00000085-b-1#2518,NA,NA,p.Ser68Ala,0.0010295579024596985,70,0.00036836034281086897
urn:mavedb:00000085-b-1#2519,NA,NA,p.Met67Trp,NA,69,NA
urn:mavedb:00000085-b-1#2520,NA,NA,p.Met67Val,0.6649524084627757,69,0.159721175312544
urn:mavedb:00000085-b-1#2521,NA,NA,p.Met67Thr,0.7710831078875019,69,0.21975199259823103
urn:mavedb:00000085-b-1#2522,NA,NA,p.Met67Ser,0.634741824852014,69,0.211629431807083
urn:mavedb:00000085-b-1#2523,NA,NA,p.Met67Arg,0.004471949270911684,69,0.000935667928820165
urn:mavedb:00000085-b-1#2524,NA,NA,p.Met67Leu,0.5261569516871277,69,0.149950164087276
urn:mavedb:00000085-b-1#2525,NA,NA,p.Met67Ile,0.28392243718319776,69,0.07018222307753799
urn:mavedb:00000085-b-1#2526,NA,NA,p.Met67His,NA,69,NA
urn:mavedb:00000085-b-1#2527,NA,NA,p.Met67Gly,0.823277686070603,69,0.20350437532094395
urn:mavedb:00000085-b-1#2528,NA,NA,p.Met67Glu,0.056520312716502326,69,0.0113975226072965
urn:mavedb:00000085-b-1#2529,NA,NA,p.Met67Asp,0.12938556693847644,69,0.0462922111309825
urn:mavedb:00000085-b-1#2530,NA,NA,p.Met67Cys,NA,69,NA
urn:mavedb:00000085-b-1#2531,NA,NA,p.Met67Ala,NA,69,NA
urn:mavedb:00000085-b-1#2532,NA,NA,p.Met66Trp,0.15672603618340564,68,0.0467486214415896
urn:mavedb:00000085-b-1#2533,NA,NA,p.Phe149Asn,0.2358056817016141,151,0.0672025724462817
urn:mavedb:00000085-b-1#2534,NA,NA,p.Phe149Leu,0.4988271012260328,151,0.0859822151537706
urn:mavedb:00000085-b-1#2535,NA,NA,p.Phe149Lys,NA,151,NA
urn:mavedb:00000085-b-1#2536,NA,NA,p.Phe149Ile,0.18983317884164175,151,0.0405151975101801
urn:mavedb:00000085-b-1#2537,NA,NA,p.Phe149Gly,NA,151,NA
urn:mavedb:00000085-b-1#2538,NA,NA,p.Phe149Glu,NA,151,NA
urn:mavedb:00000085-b-1#2539,NA,NA,p.Phe149Asp,NA,151,NA
urn:mavedb:00000085-b-1#2540,NA,NA,p.Phe149Cys,0.409885688196834,151,0.0874799638041355
urn:mavedb:00000085-b-1#2541,NA,NA,p.Phe149Ala,0.3438793007264701,151,0.102573150210012
urn:mavedb:00000085-b-1#2542,NA,NA,p.Ala148Val,0.3890786602560993,150,0.244331253518364
urn:mavedb:00000085-b-1#2543,NA,NA,p.Ala148Thr,NA,150,NA
urn:mavedb:00000085-b-1#2544,NA,NA,p.Ala148Ser,0.611604270484195,150,0.19210605402838
urn:mavedb:00000085-b-1#2545,NA,NA,p.Ala148Arg,NA,150,NA
urn:mavedb:00000085-b-1#2546,NA,NA,p.Ala148Pro,NA,150,NA
urn:mavedb:00000085-b-1#2547,NA,NA,p.Ala148Leu,NA,150,NA
urn:mavedb:00000085-b-1#2548,NA,NA,p.Ala148Lys,NA,150,NA
urn:mavedb:00000085-b-1#2549,NA,NA,p.Ala148Gly,0.4225736563382136,150,0.15119050277765197
urn:mavedb:00000085-b-1#2550,NA,NA,p.Ala148Glu,NA,150,NA
urn:mavedb:00000085-b-1#2551,NA,NA,p.Ala148Asp,0.5941930841213476,150,0.17723735142700303
urn:mavedb:00000085-b-1#2552,NA,NA,p.Thr147Tyr,NA,149,NA
urn:mavedb:00000085-b-1#2553,NA,NA,p.Thr147Val,NA,149,NA
urn:mavedb:00000085-b-1#2554,NA,NA,p.Thr147Ser,0.6665929628832152,149,0.198832962514206
urn:mavedb:00000085-b-1#2555,NA,NA,p.Thr147Arg,NA,149,NA
urn:mavedb:00000085-b-1#2556,NA,NA,p.Thr147Pro,NA,149,NA
urn:mavedb:00000085-b-1#2557,NA,NA,p.Thr147Asn,0.4592436655640552,149,0.1369843122031
urn:mavedb:00000085-b-1#2558,NA,NA,p.Thr147Leu,NA,149,NA
urn:mavedb:00000085-b-1#2559,NA,NA,p.Thr147Ile,0.5315943433049279,149,0.14017961586354502
urn:mavedb:00000085-b-1#2560,NA,NA,p.Thr147Phe,NA,149,NA
urn:mavedb:00000085-b-1#2561,NA,NA,p.Thr147Asp,0.4332349102681311,149,0.144444960626966
urn:mavedb:00000085-b-1#2562,NA,NA,p.Thr147Cys,NA,149,NA
urn:mavedb:00000085-b-1#2563,NA,NA,p.Thr147Ala,0.3701546060534607,149,0.0806707662671444
urn:mavedb:00000085-b-1#2564,NA,NA,p.Leu146Tyr,0.2358056817016141,148,0.0786200317696559
urn:mavedb:00000085-b-1#2565,NA,NA,p.Leu146Trp,NA,148,NA
urn:mavedb:00000085-b-1#2566,NA,NA,p.Leu146Val,0.9998067367302732,148,0.33334581608901004
urn:mavedb:00000085-b-1#2567,NA,NA,p.Leu146Thr,0.0726270262708535,148,0.0242145951342064
urn:mavedb:00000085-b-1#2568,NA,NA,p.Leu146Ser,0.0028728757835950877,148,0.33747091461621703
urn:mavedb:00000085-b-1#2569,NA,NA,p.Leu146Arg,0.2358056817016141,148,0.0703366895258205
urn:mavedb:00000085-b-1#2570,NA,NA,p.Leu146Gln,0.049256358885145436,148,0.0134767691323896
urn:mavedb:00000085-b-1#2571,NA,NA,p.Leu146Pro,0.0010295579024596985,148,0.33747091461621703
urn:mavedb:00000085-b-1#2572,NA,NA,p.Leu146Lys,NA,148,NA
urn:mavedb:00000085-b-1#2573,NA,NA,p.Leu146Ile,NA,148,NA
urn:mavedb:00000085-b-1#2574,NA,NA,p.Leu146His,NA,148,NA
urn:mavedb:00000085-b-1#2575,NA,NA,p.Leu146Gly,NA,148,NA
urn:mavedb:00000085-b-1#2576,NA,NA,p.Leu146Phe,NA,148,NA
urn:mavedb:00000085-b-1#2577,NA,NA,p.Leu146Ala,0.17651719448774691,148,0.0554443834644175
urn:mavedb:00000085-b-1#2578,NA,NA,p.Glu145Tyr,NA,147,NA
urn:mavedb:00000085-b-1#2579,NA,NA,p.Glu145Trp,NA,147,NA
urn:mavedb:00000085-b-1#2580,NA,NA,p.Glu145Val,0.6387003351186072,147,0.1287962001434
urn:mavedb:00000085-b-1#2581,NA,NA,p.Glu145Thr,0.5793712945958973,147,0.143213639067965
urn:mavedb:00000085-b-1#2582,NA,NA,p.Glu145Ser,0.7155836675089521,147,0.167354188460512
urn:mavedb:00000085-b-1#2583,NA,NA,p.Glu145Arg,0.6729469171063768,147,0.133387649318784
urn:mavedb:00000085-b-1#2584,NA,NA,p.Glu145Gln,0.821123076135068,147,0.216527355565333
urn:mavedb:00000085-b-1#2585,NA,NA,p.Glu145Pro,0.5629758096220426,147,0.20142428291906503
urn:mavedb:00000085-b-1#2586,NA,NA,p.Glu145Met,1.1106870494725058,147,0.34886889551256
urn:mavedb:00000085-b-1#2587,NA,NA,p.Glu145Leu,0.5665896950186888,147,0.155021578642523
urn:mavedb:00000085-b-1#2588,NA,NA,p.Glu145Lys,0.9467989611806554,147,0.234037353871709
urn:mavedb:00000085-b-1#2589,NA,NA,p.Glu145Ile,NA,147,NA
urn:mavedb:00000085-b-1#2590,NA,NA,p.Glu145Gly,0.7591448366889296,147,0.16544653148149
urn:mavedb:00000085-b-1#2591,NA,NA,p.Glu145Asp,0.6197332712612016,147,0.13506344931626899
urn:mavedb:00000085-b-1#2592,NA,NA,p.Glu145Cys,NA,147,NA
urn:mavedb:00000085-b-1#2593,NA,NA,p.Glu145Ala,0.8271201190725669,147,0.20445417869956894
urn:mavedb:00000085-b-1#2594,NA,NA,p.Lys144Tyr,NA,146,NA
urn:mavedb:00000085-b-1#2595,NA,NA,p.Lys144Trp,NA,146,NA
urn:mavedb:00000085-b-1#2596,NA,NA,p.Lys144Val,0.5922680105236998,146,0.17666313581449103
urn:mavedb:00000085-b-1#2597,NA,NA,p.Lys144Thr,0.6360100647185933,146,0.130583590284193
urn:mavedb:00000085-b-1#2598,NA,NA,p.Lys144Ser,0.6918730717418652,146,0.128887896188429
urn:mavedb:00000085-b-1#2599,NA,NA,p.Lys144Arg,0.6407859329726673,146,0.175322014810149
urn:mavedb:00000085-b-1#2600,NA,NA,p.Lys144Gln,0.6262285961613214,146,0.133653007418496
urn:mavedb:00000085-b-1#2601,NA,NA,p.Lys144Pro,0.8693586163975077,146,0.289853075410135
urn:mavedb:00000085-b-1#2602,NA,NA,p.Lys144Asn,0.7373298730293785,146,0.157364827467074
urn:mavedb:00000085-b-1#2603,NA,NA,p.Lys144Met,0.7330506985528867,146,0.159759626377271
urn:mavedb:00000085-b-1#2604,NA,NA,p.Lys144Leu,0.5261569516871277,146,0.149950164087276
urn:mavedb:00000085-b-1#2605,NA,NA,p.Lys144Ile,0.5534172874425624,146,0.18451499729199697
urn:mavedb:00000085-b-1#2606,NA,NA,p.Lys144His,NA,146,NA
urn:mavedb:00000085-b-1#2607,NA,NA,p.Lys144Gly,0.736254137371096,146,0.18771893854244698
urn:mavedb:00000085-b-1#2608,NA,NA,p.Lys144Phe,NA,146,NA
urn:mavedb:00000085-b-1#2609,NA,NA,p.Lys144Glu,0.6409278789674712,146,0.121154056804619
urn:mavedb:00000085-b-1#2610,NA,NA,p.Pro143Val,NA,145,NA
urn:mavedb:00000085-b-1#2611,NA,NA,p.Pro143Thr,0.218107186350096,145,0.0363499979910559
urn:mavedb:00000085-b-1#2612,NA,NA,p.Pro143Ser,0.15318516696809334,145,0.0215174811688047
urn:mavedb:00000085-b-1#2613,NA,NA,p.Pro143Arg,0.032495140054217365,145,0.006236473962601421
urn:mavedb:00000085-b-1#2614,NA,NA,p.Pro143Gln,0.1500649306886966,145,0.0240107363536624
urn:mavedb:00000085-b-1#2615,NA,NA,p.Pro143Met,NA,145,NA
urn:mavedb:00000085-b-1#2616,NA,NA,p.Pro143Leu,0.03554667179354333,145,0.00596970091948517
urn:mavedb:00000085-b-1#2617,NA,NA,p.Pro143Lys,NA,145,NA
urn:mavedb:00000085-b-1#2618,NA,NA,p.Pro143His,NA,145,NA
urn:mavedb:00000085-b-1#2619,NA,NA,p.Pro143Gly,0.09361246197125384,145,0.0266787390876296
urn:mavedb:00000085-b-1#2620,NA,NA,p.Pro143Glu,0.1092724575622963,145,0.0311417018993024
urn:mavedb:00000085-b-1#2621,NA,NA,p.Pro143Cys,0.2358056817016141,145,0.0786200317696559
urn:mavedb:00000085-b-1#2622,NA,NA,p.Pro143Ala,0.2882112893357976,145,0.0496786261783061
urn:mavedb:00000085-b-1#2623,NA,NA,p.Gly142Val,0.003684463776587715,144,0.0013182457602196
urn:mavedb:00000085-b-1#2624,NA,NA,p.Gly142Thr,NA,144,NA
urn:mavedb:00000085-b-1#2625,NA,NA,p.Gly142Arg,0.029013594614759518,144,0.6749418292324351
urn:mavedb:00000085-b-1#2626,NA,NA,p.Gly142Asn,NA,144,NA
urn:mavedb:00000085-b-1#2627,NA,NA,p.Gly142Glu,0.11370134279372585,144,0.0221690624532197
urn:mavedb:00000085-b-1#2628,NA,NA,p.Gly142Asp,0.06665402187180568,144,0.023847807187689998
urn:mavedb:00000085-b-1#2629,NA,NA,p.Gly142Ala,0.06646322364281462,144,0.0189414418246356
urn:mavedb:00000085-b-1#2630,NA,NA,p.Gly141Tyr,NA,143,NA
urn:mavedb:00000085-b-1#2631,NA,NA,p.Gly141Val,0.05895142042540327,143,0.0185167522593106
urn:mavedb:00000085-b-1#2632,NA,NA,p.Gly141Arg,0.1520921211676376,143,0.047772421901485
urn:mavedb:00000085-b-1#2633,NA,NA,p.Gly141Glu,0.06507360852664075,143,0.0165914839723211
urn:mavedb:00000085-b-1#2634,NA,NA,p.Gly141Ala,NA,143,NA
urn:mavedb:00000085-b-1#2635,NA,NA,p.Ile140Val,NA,142,NA
urn:mavedb:00000085-b-1#2636,NA,NA,p.Ile140Thr,NA,142,NA
urn:mavedb:00000085-b-1#2637,NA,NA,p.Ile140Ser,0.06939446965499846,142,0.0133182008888053
urn:mavedb:00000085-b-1#2638,NA,NA,p.Ile140Arg,NA,142,NA
urn:mavedb:00000085-b-1#2639,NA,NA,p.Ile140Gln,NA,142,NA
urn:mavedb:00000085-b-1#2640,NA,NA,p.Ile140Asn,0.049538754018971766,142,0.0147765394615789
urn:mavedb:00000085-b-1#2641,NA,NA,p.Asp99Lys,0.6368403791838563,101,0.212329111335792
urn:mavedb:00000085-b-1#2642,NA,NA,p.Asp99Ile,NA,101,NA
urn:mavedb:00000085-b-1#2643,NA,NA,p.Asp99His,0.4369283703127816,101,0.104949936184281
urn:mavedb:00000085-b-1#2644,NA,NA,p.Asp99Gly,0.26183783868046034,101,0.0351407558474198
urn:mavedb:00000085-b-1#2645,NA,NA,p.Asp99Phe,NA,101,NA
urn:mavedb:00000085-b-1#2646,NA,NA,p.Asp99Glu,0.6471970621771035,101,0.110275155804531
urn:mavedb:00000085-b-1#2647,NA,NA,p.Asp99Ala,0.7363826436357443,101,0.194181592436978
urn:mavedb:00000085-b-1#2648,NA,NA,p.Asn98Tyr,NA,100,NA
urn:mavedb:00000085-b-1#2649,NA,NA,p.Asn98Val,NA,100,NA
urn:mavedb:00000085-b-1#2650,NA,NA,p.Asn98Thr,0.56974870998863,100,0.20384752487068303
urn:mavedb:00000085-b-1#2651,NA,NA,p.Asn98Ser,0.6549036586599497,100,0.195346248555526
urn:mavedb:00000085-b-1#2652,NA,NA,p.Asn98Met,NA,100,NA
urn:mavedb:00000085-b-1#2653,NA,NA,p.Asn98Lys,NA,100,NA
urn:mavedb:00000085-b-1#2654,NA,NA,p.Met66Val,0.5914499052722114,68,0.100776462481254
urn:mavedb:00000085-b-1#2655,NA,NA,p.Met66Thr,0.23742505872647715,68,0.0379885591035272
urn:mavedb:00000085-b-1#2656,NA,NA,p.Met66Ser,0.033009049967578946,68,0.00940729271585645
urn:mavedb:00000085-b-1#2657,NA,NA,p.Met66Arg,0.0010098724132882708,68,0.00033670181584721
urn:mavedb:00000085-b-1#2658,NA,NA,p.Met66Gln,0.17110855740898134,68,0.0436266706589025
urn:mavedb:00000085-b-1#2659,NA,NA,p.Met66Leu,0.9522629141869728,68,0.251108483739564
urn:mavedb:00000085-b-1#2660,NA,NA,p.Met66Lys,NA,68,NA
urn:mavedb:00000085-b-1#2661,NA,NA,p.Met66Ile,0.8131609709686475,68,0.271116204283391
urn:mavedb:00000085-b-1#2662,NA,NA,p.Met66Gly,0.2322965720248931,68,0.0328583630586564
urn:mavedb:00000085-b-1#2663,NA,NA,p.Met66Glu,NA,68,NA
urn:mavedb:00000085-b-1#2664,NA,NA,p.Met66Cys,0.22621438072780395,68,0.0373035038853166
urn:mavedb:00000085-b-1#2665,NA,NA,p.Met66Ala,0.2622303991106162,68,0.0463073090066018
urn:mavedb:00000085-b-1#2666,NA,NA,p.Pro65Tyr,NA,67,NA
urn:mavedb:00000085-b-1#2667,NA,NA,p.Pro65Trp,0.00660095773085581,67,0.0022008269807796
urn:mavedb:00000085-b-1#2668,NA,NA,p.Pro65Val,0.06662553140806342,67,0.0109867717593627
urn:mavedb:00000085-b-1#2669,NA,NA,p.Pro65Thr,0.043596831485647095,67,0.0069092524006190295
urn:mavedb:00000085-b-1#2670,NA,NA,p.Pro65Ser,0.1331035557890886,67,0.0165287964211282
urn:mavedb:00000085-b-1#2671,NA,NA,p.Pro65Arg,0.015560373306835225,67,0.0019622341063220802
urn:mavedb:00000085-b-1#2672,NA,NA,p.Pro65Gln,0.03611880518609403,67,0.00500507080412227
urn:mavedb:00000085-b-1#2673,NA,NA,p.Pro65Asn,0.09387069957260973,67,0.0267523345624639
urn:mavedb:00000085-b-1#2674,NA,NA,p.Pro65Met,NA,67,NA
urn:mavedb:00000085-b-1#2675,NA,NA,p.Pro65Leu,0.03883363611867971,67,0.005532165392501539
urn:mavedb:00000085-b-1#2676,NA,NA,p.Pro65Lys,0.0723272800417152,67,0.0258776136894222
urn:mavedb:00000085-b-1#2677,NA,NA,p.Pro65Ile,NA,67,NA
urn:mavedb:00000085-b-1#2678,NA,NA,p.Pro65His,0.07546814867720472,67,0.0114393118413264
urn:mavedb:00000085-b-1#2679,NA,NA,p.Pro65Gly,0.037981143910538015,67,0.00679274949382915
urn:mavedb:00000085-b-1#2680,NA,NA,p.Leu49His,NA,51,NA
urn:mavedb:00000085-b-1#2681,NA,NA,p.Leu49Gly,0.08847405169435177,51,0.0263902542984163
urn:mavedb:00000085-b-1#2682,NA,NA,p.Leu49Phe,NA,51,NA
urn:mavedb:00000085-b-1#2683,NA,NA,p.Leu49Cys,NA,51,NA
urn:mavedb:00000085-b-1#2684,NA,NA,p.Leu49Ala,NA,51,NA
urn:mavedb:00000085-b-1#2685,NA,NA,p.Asp48Tyr,NA,50,NA
urn:mavedb:00000085-b-1#2686,NA,NA,p.Asp48Val,0.07085207553432596,50,0.0154413618836508
urn:mavedb:00000085-b-1#2687,NA,NA,p.Asp48Ser,NA,50,NA
urn:mavedb:00000085-b-1#2688,NA,NA,p.Asp48Asn,0.16462732681347506,50,0.0589011831157524
urn:mavedb:00000085-b-1#2689,NA,NA,p.Asp48Met,NA,50,NA
urn:mavedb:00000085-b-1#2690,NA,NA,p.Asp48His,NA,50,NA
urn:mavedb:00000085-b-1#2691,NA,NA,p.Asp48Gly,0.17550073933631646,50,0.034786742429016
urn:mavedb:00000085-b-1#2692,NA,NA,p.Asp48Glu,0.4660487477300341,50,0.108995234940045
urn:mavedb:00000085-b-1#2693,NA,NA,p.Asp48Ala,0.3679193426023056,50,0.104853819030988
urn:mavedb:00000085-b-1#2694,NA,NA,p.Leu47Val,0.7240078938480159,49,0.17896607263607603
urn:mavedb:00000085-b-1#2695,NA,NA,p.Leu47Ser,NA,49,NA
urn:mavedb:00000085-b-1#2696,NA,NA,p.Leu47Arg,0.0273205905393735,49,0.00532686653512098
urn:mavedb:00000085-b-1#2697,NA,NA,p.Leu47Gln,0.40541983170423707,49,0.103367813651032
urn:mavedb:00000085-b-1#2698,NA,NA,p.Leu47Gly,0.02659923317019524,49,0.0079340836557295
urn:mavedb:00000085-b-1#2699,NA,NA,p.Leu47Glu,0.18109705676259227,49,0.0540180684520934
urn:mavedb:00000085-b-1#2700,NA,NA,p.Leu47Cys,0.4716113634032278,49,0.15724006353931197
urn:mavedb:00000085-b-1#2701,NA,NA,p.Leu47Ala,NA,49,NA
urn:mavedb:00000085-b-1#2702,NA,NA,p.Glu46Val,NA,48,NA
urn:mavedb:00000085-b-1#2703,NA,NA,p.Glu46Lys,NA,48,NA
urn:mavedb:00000085-b-1#2704,NA,NA,p.Glu46Gly,0.16536519706153127,48,0.0281763838810771
urn:mavedb:00000085-b-1#2705,NA,NA,p.Glu46Asp,0.2872619066778617,48,0.0785961951807018
urn:mavedb:00000085-b-1#2706,NA,NA,p.Glu46Ala,NA,48,NA
urn:mavedb:00000085-b-1#2707,NA,NA,p.Ile45Val,0.6549036586599497,47,0.14938481964456302
urn:mavedb:00000085-b-1#2708,NA,NA,p.Ile45Thr,NA,47,NA
urn:mavedb:00000085-b-1#2709,NA,NA,p.Ile45Ser,0.3626720364541613,47,0.0696040918283861
urn:mavedb:00000085-b-1#2710,NA,NA,p.Ile45Arg,0.03542823584216186,47,0.0105676199440814
urn:mavedb:00000085-b-1#2711,NA,NA,p.Ile45Leu,NA,47,0.276741744481237
urn:mavedb:00000085-b-1#2712,NA,NA,p.Ile45Gly,0.03953869355640746,47,0.008272698384308129
urn:mavedb:00000085-b-1#2713,NA,NA,p.Ile45Ala,NA,47,NA
urn:mavedb:00000085-b-1#2714,NA,NA,p.Tyr44Trp,NA,46,NA
urn:mavedb:00000085-b-1#2715,NA,NA,p.Tyr44Val,0.3055718243093351,46,0.0733981715081156
urn:mavedb:00000085-b-1#2716,NA,NA,p.Tyr44Thr,0.006553750776880589,46,0.00234483352233142
urn:mavedb:00000085-b-1#2717,NA,NA,p.Tyr44Ser,0.0015957457845379185,46,0.000532038004221706
urn:mavedb:00000085-b-1#2718,NA,NA,p.Tyr44Arg,0.0013340774671103564,46,0.000477312865985469
urn:mavedb:00000085-b-1#2719,NA,NA,p.Tyr44Asn,NA,46,NA
urn:mavedb:00000085-b-1#2720,NA,NA,p.Tyr44Leu,NA,46,NA
urn:mavedb:00000085-b-1#2721,NA,NA,p.Tyr44Ile,NA,46,NA
urn:mavedb:00000085-b-1#2722,NA,NA,p.Tyr44His,0.04869651999399188,46,0.0152956687067501
urn:mavedb:00000085-b-1#2723,NA,NA,p.Tyr44Gly,0.008467820124416428,46,0.00252580188379531
urn:mavedb:00000085-b-1#2724,NA,NA,p.Tyr44Glu,0.003001521236240885,46,0.00100073795189194
urn:mavedb:00000085-b-1#2725,NA,NA,p.Tyr44Asp,0.005981736923983268,46,0.00143680967201511
urn:mavedb:00000085-b-1#2726,NA,NA,p.Tyr44Cys,0.012267666209191352,46,0.00335649059403675
urn:mavedb:00000085-b-1#2727,NA,NA,p.Tyr44Ala,NA,46,NA
urn:mavedb:00000085-b-1#2728,NA,NA,p.Gly43Trp,NA,45,NA
urn:mavedb:00000085-b-1#2729,NA,NA,p.Gly43Val,0.6716863936184507,45,0.16133867456499099
urn:mavedb:00000085-b-1#2730,NA,NA,p.Gly43Thr,NA,45,NA
urn:mavedb:00000085-b-1#2731,NA,NA,p.Gly43Ser,0.19842999428244704,45,0.0342031345518731
urn:mavedb:00000085-b-1#2732,NA,NA,p.Gly43Arg,0.0014324935847105813,45,0.000354095242759665
urn:mavedb:00000085-b-1#2733,NA,NA,p.Gly43Glu,0.000986225808779461,45,0.00029417382148683597
urn:mavedb:00000085-b-1#2734,NA,NA,p.Gly43Asp,0.0012439490123677664,45,0.00041474535374402
urn:mavedb:00000085-b-1#2735,NA,NA,p.Gly43Cys,NA,45,NA
urn:mavedb:00000085-b-1#2736,NA,NA,p.Gly43Ala,0.3986173222304585,45,0.0742577651088544
urn:mavedb:00000085-b-1#2737,NA,NA,p.Val42Tyr,NA,44,NA
urn:mavedb:00000085-b-1#2738,NA,NA,p.Val42Trp,NA,44,NA
urn:mavedb:00000085-b-1#2739,NA,NA,p.Val42Thr,NA,44,NA
urn:mavedb:00000085-b-1#2740,NA,NA,p.Val42Ser,0.018347164416637002,44,0.00611713271245249
urn:mavedb:00000085-b-1#2741,NA,NA,p.Val42Arg,0.0014927816934550073,44,0.00044527053692979197
urn:mavedb:00000085-b-1#2742,NA,NA,p.Val42Met,0.6368403791838563,44,0.212329111335792
urn:mavedb:00000085-b-1#2743,NA,NA,p.Val42Leu,0.5534172874425624,44,0.18451499729199697
urn:mavedb:00000085-b-1#2744,NA,NA,p.Val42Gly,0.003455874931299262,44,0.0005698852721569929
urn:mavedb:00000085-b-1#2745,NA,NA,p.Val42Glu,NA,44,NA
urn:mavedb:00000085-b-1#2746,NA,NA,p.Val42Asp,NA,44,NA
urn:mavedb:00000085-b-1#2747,NA,NA,p.Val42Cys,0.3508688359097456,44,0.0925229157453704
urn:mavedb:00000085-b-1#2748,NA,NA,p.Val42Ala,0.188685866538086,44,0.0265041626445366
urn:mavedb:00000085-b-1#2749,NA,NA,p.Arg41Trp,0.19140487915923368,43,0.0504728140411364
urn:mavedb:00000085-b-1#2750,NA,NA,p.Arg41Val,NA,43,NA
urn:mavedb:00000085-b-1#2751,NA,NA,p.Arg41Thr,NA,43,NA
urn:mavedb:00000085-b-1#2752,NA,NA,p.Arg41Ser,0.4255911998847772,43,0.126946373281607
urn:mavedb:00000085-b-1#2753,NA,NA,p.Arg41Gln,0.3566509102804047,43,0.0975813496469211
urn:mavedb:00000085-b-1#2754,NA,NA,p.Arg41Leu,NA,43,NA
urn:mavedb:00000085-b-1#2755,NA,NA,p.Arg41Lys,NA,43,NA
urn:mavedb:00000085-b-1#2756,NA,NA,p.Arg41Gly,0.14451338583992654,43,0.0246234679831988
urn:mavedb:00000085-b-1#2757,NA,NA,p.Arg41Ala,0.3566509102804047,43,0.0975813496469211
urn:mavedb:00000085-b-1#2758,NA,NA,p.Ala40Val,0.2306324249724251,42,0.0384374688643372
urn:mavedb:00000085-b-1#2759,NA,NA,p.Ala40Thr,NA,42,NA
urn:mavedb:00000085-b-1#2760,NA,NA,p.Ala40Ser,NA,42,NA
urn:mavedb:00000085-b-1#2761,NA,NA,p.Ala40Pro,NA,42,NA
urn:mavedb:00000085-b-1#2762,NA,NA,p.Ala40His,NA,42,NA
urn:mavedb:00000085-b-1#2763,NA,NA,p.Ala40Gly,NA,42,NA
urn:mavedb:00000085-b-1#2764,NA,NA,p.Ala40Glu,NA,42,NA
urn:mavedb:00000085-b-1#2765,NA,NA,p.Ala40Asp,NA,42,NA
urn:mavedb:00000085-b-1#2766,NA,NA,p.Gly39Tyr,NA,41,NA
urn:mavedb:00000085-b-1#2767,NA,NA,p.Gly39Trp,NA,41,NA
urn:mavedb:00000085-b-1#2768,NA,NA,p.Gly39Val,0.7848808987620285,41,0.18852792776621
urn:mavedb:00000085-b-1#2769,NA,NA,p.Gly39Ser,0.5459868051103516,41,0.18203759830480395
urn:mavedb:00000085-b-1#2770,NA,NA,p.Gly39Arg,0.7586492241232323,41,0.226291726946947
urn:mavedb:00000085-b-1#2771,NA,NA,p.Gly39Glu,NA,41,NA
urn:mavedb:00000085-b-1#2772,NA,NA,p.Gly39Asp,0.4944831846346267,41,0.147495641251746
urn:mavedb:00000085-b-1#2773,NA,NA,p.Gly39Ala,0.8250579690940858,41,0.23513435952992898
urn:mavedb:00000085-b-1#2774,NA,NA,p.Leu38Tyr,0.5076055365488199,40,0.16924088987991598
urn:mavedb:00000085-b-1#2775,NA,NA,p.Leu38Trp,0.3807040476738045,40,0.0472758196683401
urn:mavedb:00000085-b-1#2776,NA,NA,p.Leu38Val,0.2919725155161718,40,0.0307359837909355
urn:mavedb:00000085-b-1#2777,NA,NA,p.Leu38Thr,NA,40,NA
urn:mavedb:00000085-b-1#2778,NA,NA,p.Leu38Ser,0.37091636483789103,40,0.0672127172705391
urn:mavedb:00000085-b-1#2779,NA,NA,p.Leu38Arg,0.13709136304622316,40,0.0217263226925812
urn:mavedb:00000085-b-1#2780,NA,NA,p.Leu38Gln,0.2358056817016141,40,0.0786200317696559
urn:mavedb:00000085-b-1#2781,NA,NA,p.Leu38Pro,NA,40,NA
urn:mavedb:00000085-b-1#2782,NA,NA,p.Leu38Met,0.5492475907251417,40,0.11075773525338599
urn:mavedb:00000085-b-1#2783,NA,NA,p.Leu38Ile,NA,40,0.15728153856410002
urn:mavedb:00000085-b-1#2784,NA,NA,p.Leu38Gly,0.3571060566180414,40,0.0465307176237247
urn:mavedb:00000085-b-1#2785,NA,NA,p.Leu38Phe,0.5795817924431754,40,0.172879059977354
urn:mavedb:00000085-b-1#2786,NA,NA,p.Leu38Glu,0.1994170560225441,40,0.0361358070874669
urn:mavedb:00000085-b-1#2787,NA,NA,p.Leu38Asp,0.2358056817016141,40,0.0843677286540543
urn:mavedb:00000085-b-1#2788,NA,NA,p.Leu38Cys,0.3609713145715559,40,0.0892277819787336
urn:mavedb:00000085-b-1#2789,NA,NA,p.Leu38Ala,0.3438793007264706,40,0.067048299579056
urn:mavedb:00000085-b-1#2790,NA,NA,p.Gln37Arg,0.736254137371096,39,0.18771893854244698
urn:mavedb:00000085-b-1#2791,NA,NA,p.Gln37Leu,0.7148291564648258,39,0.23833136922568202
urn:mavedb:00000085-b-1#2792,NA,NA,p.Gln37Lys,NA,39,NA
urn:mavedb:00000085-b-1#2793,NA,NA,p.Asp36Val,NA,38,NA
urn:mavedb:00000085-b-1#2794,NA,NA,p.Asp36Ser,0.56974870998863,38,0.20384752487068303
urn:mavedb:00000085-b-1#2795,NA,NA,p.Asp36Arg,NA,38,NA
urn:mavedb:00000085-b-1#2796,NA,NA,p.Asp36Gln,NA,38,NA
urn:mavedb:00000085-b-1#2797,NA,NA,p.Asp36Asn,0.31493938985803616,38,0.10500402135130302
urn:mavedb:00000085-b-1#2798,NA,NA,p.Asp36Ile,NA,38,NA
urn:mavedb:00000085-b-1#2799,NA,NA,p.Asp36Gly,1.1695424874909726,38,0.217872145733596
urn:mavedb:00000085-b-1#2800,NA,NA,p.Asp36Glu,0.9697109798215542,38,0.21606382700742102
urn:mavedb:00000085-b-1#2801,NA,NA,p.Asp36Ala,0.7710831078875019,38,0.21975199259823103
urn:mavedb:00000085-b-1#2802,NA,NA,p.Glu35Val,0.07378973221371593,37,0.0188137892928517
urn:mavedb:00000085-b-1#2803,NA,NA,p.Glu35Ser,NA,37,NA
urn:mavedb:00000085-b-1#2804,NA,NA,p.Glu35Arg,NA,37,NA
urn:mavedb:00000085-b-1#2805,NA,NA,p.Glu35Lys,NA,37,NA
urn:mavedb:00000085-b-1#2806,NA,NA,p.Glu35Gly,0.11052656217293608,37,0.0192795593721433
urn:mavedb:00000085-b-1#2807,NA,NA,p.Glu35Asp,0.10201161159246287,37,0.0187379870411142
urn:mavedb:00000085-b-1#2808,NA,NA,p.Glu35Ala,0.3907950082922734,37,0.122749448622361
urn:mavedb:00000085-b-1#2809,NA,NA,p.Ala34Val,0.7613763282811089,36,0.23914973965257605
urn:mavedb:00000085-b-1#2810,NA,NA,p.Ala34Thr,0.611604270484195,36,0.19210605402838
urn:mavedb:00000085-b-1#2811,NA,NA,p.Ala34Ser,NA,36,NA
urn:mavedb:00000085-b-1#2812,NA,NA,p.Ala34Arg,NA,36,NA
urn:mavedb:00000085-b-1#2813,NA,NA,p.Ala34Leu,NA,36,NA
urn:mavedb:00000085-b-1#2814,NA,NA,p.Ala34Gly,0.3206273398887925,36,0.0845483363527442
urn:mavedb:00000085-b-1#2815,NA,NA,p.Ala34Glu,NA,36,NA
urn:mavedb:00000085-b-1#2816,NA,NA,p.Ala34Asp,NA,36,0.00506033411081166
urn:mavedb:00000085-b-1#2817,NA,NA,p.Asp33Tyr,NA,35,NA
urn:mavedb:00000085-b-1#2818,NA,NA,p.Asp33Arg,NA,35,NA
urn:mavedb:00000085-b-1#2819,NA,NA,p.Asp33Asn,NA,35,NA
urn:mavedb:00000085-b-1#2820,NA,NA,p.Asp33Gly,0.6857667039466718,35,0.16038086868548998
urn:mavedb:00000085-b-1#2821,NA,NA,p.Asp33Glu,0.8349322884649923,35,0.228441361633285
urn:mavedb:00000085-b-1#2822,NA,NA,p.Asp33Ala,1.4820624932928064,35,0.530259684076234
urn:mavedb:00000085-b-1#2823,NA,NA,p.Lys32Val,NA,34,NA
urn:mavedb:00000085-b-1#2824,NA,NA,p.Lys32Ser,NA,34,NA
urn:mavedb:00000085-b-1#2825,NA,NA,p.Lys32Arg,0.6535133798047275,34,0.205269784250599
urn:mavedb:00000085-b-1#2826,NA,NA,p.Lys32Gln,NA,34,NA
urn:mavedb:00000085-b-1#2827,NA,NA,p.Lys32Pro,NA,34,NA
urn:mavedb:00000085-b-1#2828,NA,NA,p.Lys32Asn,NA,34,NA
urn:mavedb:00000085-b-1#2829,NA,NA,p.Lys32Ile,NA,34,NA
urn:mavedb:00000085-b-1#2830,NA,NA,p.Lys32Gly,NA,34,NA
urn:mavedb:00000085-b-1#2831,NA,NA,p.Lys32Glu,0.6836759927119744,34,0.244608994254019
urn:mavedb:00000085-b-1#2832,NA,NA,p.Val31Ser,NA,33,NA
urn:mavedb:00000085-b-1#2833,NA,NA,p.Val31Arg,NA,33,NA
urn:mavedb:00000085-b-1#2834,NA,NA,p.Val31Leu,NA,33,NA
urn:mavedb:00000085-b-1#2835,NA,NA,p.Val31Ile,NA,33,NA
urn:mavedb:00000085-b-1#2836,NA,NA,p.Val31Gly,0.012856642015985714,33,0.0031780077930641
urn:mavedb:00000085-b-1#2837,NA,NA,p.Val31Glu,NA,33,NA
urn:mavedb:00000085-b-1#2838,NA,NA,p.Val31Cys,NA,33,NA
urn:mavedb:00000085-b-1#2839,NA,NA,p.Val31Ala,NA,33,0.270413564400575
urn:mavedb:00000085-b-1#2840,NA,NA,p.Lys30Tyr,0.3679193426023062,32,0.12266808074907501
urn:mavedb:00000085-b-1#2841,NA,NA,p.Lys30Trp,NA,32,NA
urn:mavedb:00000085-b-1#2842,NA,NA,p.Lys30Val,NA,32,NA
urn:mavedb:00000085-b-1#2843,NA,NA,p.Lys30Thr,0.14759264473464925,32,0.14505312215282998
urn:mavedb:00000085-b-1#2844,NA,NA,p.Lys30Ser,NA,32,NA
urn:mavedb:00000085-b-1#2845,NA,NA,p.Lys30Arg,0.4729113889579332,32,0.129390757930867
urn:mavedb:00000085-b-1#2846,NA,NA,p.Lys30Gln,NA,32,NA
urn:mavedb:00000085-b-1#2847,NA,NA,p.Lys30Pro,NA,32,NA
urn:mavedb:00000085-b-1#2848,NA,NA,p.Lys30Asn,0.22052901658447366,32,0.0562271514817732
urn:mavedb:00000085-b-1#2849,NA,NA,p.Lys30Ile,NA,32,NA
urn:mavedb:00000085-b-1#2850,NA,NA,p.Lys30His,NA,32,NA
urn:mavedb:00000085-b-1#2851,NA,NA,p.Lys30Gly,0.08887886311625459,32,0.0296331241530174
urn:mavedb:00000085-b-1#2852,NA,NA,p.Lys30Glu,0.30057894820787606,32,0.0702966658263114
urn:mavedb:00000085-b-1#2853,NA,NA,p.Lys30Ala,NA,32,NA
urn:mavedb:00000085-b-1#2854,NA,NA,p.Val29Arg,NA,31,NA
urn:mavedb:00000085-b-1#2855,NA,NA,p.Val29Pro,NA,31,NA
urn:mavedb:00000085-b-1#2856,NA,NA,p.Val29Met,0.44459511514446415,31,0.132614907125873
urn:mavedb:00000085-b-1#2857,NA,NA,p.Val29Leu,NA,31,NA
urn:mavedb:00000085-b-1#2858,NA,NA,p.Val29Lys,NA,31,NA
urn:mavedb:00000085-b-1#2859,NA,NA,p.Val29Gly,0.8270982845140176,31,0.259793129969218
urn:mavedb:00000085-b-1#2860,NA,NA,p.Val29Cys,NA,31,NA
urn:mavedb:00000085-b-1#2861,NA,NA,p.Val29Ala,1.0743501027462667,31,0.358199338540647
urn:mavedb:00000085-b-1#2862,NA,NA,p.Leu28Trp,0.6669591862941102,30,0.23862797217835396
urn:mavedb:00000085-b-1#2863,NA,NA,p.Leu28Arg,0.3438793007264706,30,0.0876771403276408
urn:mavedb:00000085-b-1#2864,NA,NA,p.Leu28Gln,0.4953960244325784,30,0.13063424259473802
urn:mavedb:00000085-b-1#2865,NA,NA,p.Leu28Met,NA,30,NA
urn:mavedb:00000085-b-1#2866,NA,NA,p.Leu28Gly,0.16462732681347506,30,0.0589011831157524
urn:mavedb:00000085-b-1#2867,NA,NA,p.Leu28Ala,NA,30,NA
urn:mavedb:00000085-b-1#2868,NA,NA,p.Thr27Ser,0.14689436939000802,29,0.0418636202047684
urn:mavedb:00000085-b-1#2869,NA,NA,p.Thr27Arg,0.016295564016065387,29,0.0051184673691287794
urn:mavedb:00000085-b-1#2870,NA,NA,p.Asp83Thr,0.08143383074666549,85,0.0291358006563581
urn:mavedb:00000085-b-1#2871,NA,NA,p.Asp83Ser,0.1704596196156663,85,0.0301014920675186
urn:mavedb:00000085-b-1#2872,NA,NA,p.Asp83Arg,0.02552140876025386,85,0.00556208559136324
urn:mavedb:00000085-b-1#2873,NA,NA,p.Asp83Gln,NA,85,NA
urn:mavedb:00000085-b-1#2874,NA,NA,p.Asp83Asn,0.11781456604979405,85,0.024189316924352996
urn:mavedb:00000085-b-1#2875,NA,NA,p.Asp83Met,NA,85,NA
urn:mavedb:00000085-b-1#2876,NA,NA,p.Asp83Leu,0.011010233185411042,85,0.00393929594529471
urn:mavedb:00000085-b-1#2877,NA,NA,p.Asp83Lys,NA,85,NA
urn:mavedb:00000085-b-1#2878,NA,NA,p.Asp83Ile,NA,85,NA
urn:mavedb:00000085-b-1#2879,NA,NA,p.Asp83His,0.06665402187180568,85,0.023847807187689998
urn:mavedb:00000085-b-1#2880,NA,NA,p.Asp83Gly,0.11552453856014312,85,0.007517281368945459
urn:mavedb:00000085-b-1#2881,NA,NA,p.Asp83Glu,0.14340396175829356,85,0.0164848178958665
urn:mavedb:00000085-b-1#2882,NA,NA,p.Asp83Cys,0.03456342648152158,85,0.00945671441532927
urn:mavedb:00000085-b-1#2883,NA,NA,p.Asp83Ala,0.11254622197003668,85,0.0134514555348136
urn:mavedb:00000085-b-1#2884,NA,NA,p.Val82Tyr,0.2937406985200013,84,0.064017269664969
urn:mavedb:00000085-b-1#2885,NA,NA,p.Thr27Gln,0.2358056817016141,29,0.0786200317696559
urn:mavedb:00000085-b-1#2886,NA,NA,p.Thr27Pro,0.13314714135019,29,0.0319818646196367
urn:mavedb:00000085-b-1#2887,NA,NA,p.Thr27Met,0.20952011715742916,29,0.12303484514910301
urn:mavedb:00000085-b-1#2888,NA,NA,p.Thr27Gly,NA,29,NA
urn:mavedb:00000085-b-1#2889,NA,NA,p.Thr27Cys,NA,29,NA
urn:mavedb:00000085-b-1#2890,NA,NA,p.Thr27Ala,0.24874510567380306,29,0.0401916675211142
urn:mavedb:00000085-b-1#2891,NA,NA,p.Glu26Val,0.4716113634032278,28,0.168735457308109
urn:mavedb:00000085-b-1#2892,NA,NA,p.Glu26Lys,NA,28,NA
urn:mavedb:00000085-b-1#2893,NA,NA,p.Glu26Gly,NA,28,NA
urn:mavedb:00000085-b-1#2894,NA,NA,p.Pro25Tyr,NA,27,NA
urn:mavedb:00000085-b-1#2895,NA,NA,p.Pro25Thr,0.52878765695109,27,0.139439502241409
urn:mavedb:00000085-b-1#2896,NA,NA,p.Pro25Ser,0.6368403791838563,27,0.212329111335792
urn:mavedb:00000085-b-1#2897,NA,NA,p.Pro25Arg,NA,27,NA
urn:mavedb:00000085-b-1#2898,NA,NA,p.Pro25Gln,0.3055718243093351,27,0.0959806859161498
urn:mavedb:00000085-b-1#2899,NA,NA,p.Pro25Leu,0.12198574452585767,27,0.034764878330141
urn:mavedb:00000085-b-1#2900,NA,NA,p.Pro25His,NA,27,NA
urn:mavedb:00000085-b-1#2901,NA,NA,p.Pro25Ala,0.1930012536534738,27,0.0354514053196742
urn:mavedb:00000085-b-1#2902,NA,NA,p.His24Tyr,NA,26,NA
urn:mavedb:00000085-b-1#2903,NA,NA,p.His24Val,0.6368403791838563,26,0.212329111335792
urn:mavedb:00000085-b-1#2904,NA,NA,p.His24Thr,NA,26,NA
urn:mavedb:00000085-b-1#2905,NA,NA,p.His24Ser,1.0415143448468167,26,0.29682254773647804
urn:mavedb:00000085-b-1#2906,NA,NA,p.His24Arg,0.6002489033628735,26,0.14038074463926903
urn:mavedb:00000085-b-1#2907,NA,NA,p.His24Gln,0.6921782347700937,26,0.14211586266775
urn:mavedb:00000085-b-1#2908,NA,NA,p.His24Pro,0.618814067824566,26,0.169310410202927
urn:mavedb:00000085-b-1#2909,NA,NA,p.His24Asn,NA,26,0.27882295480886
urn:mavedb:00000085-b-1#2910,NA,NA,p.His24Met,NA,26,NA
urn:mavedb:00000085-b-1#2911,NA,NA,p.His24Leu,0.5067418558707779,26,0.129201370112159
urn:mavedb:00000085-b-1#2912,NA,NA,p.His24Glu,NA,26,NA
urn:mavedb:00000085-b-1#2913,NA,NA,p.His24Asp,0.49832825902954603,26,0.136344931925372
urn:mavedb:00000085-b-1#2914,NA,NA,p.His24Cys,NA,26,NA
urn:mavedb:00000085-b-1#2915,NA,NA,p.His24Ala,0.8479221350030384,26,0.252920266896908
urn:mavedb:00000085-b-1#2916,NA,NA,p.Ala23Val,0.7308550276287247,25,0.199965338476712
urn:mavedb:00000085-b-1#2917,NA,NA,p.Ala23Thr,NA,25,NA
urn:mavedb:00000085-b-1#2918,NA,NA,p.Ala23Gly,1.080924514164301,25,0.322420780555359
urn:mavedb:00000085-b-1#2919,NA,NA,p.Phe22Tyr,NA,24,NA
urn:mavedb:00000085-b-1#2920,NA,NA,p.Phe22Trp,NA,24,NA
urn:mavedb:00000085-b-1#2921,NA,NA,p.Phe22Val,0.3438793007264701,24,0.0784395485339557
urn:mavedb:00000085-b-1#2922,NA,NA,p.Phe22Thr,0.2358056817016141,24,0.0740670090372425
urn:mavedb:00000085-b-1#2923,NA,NA,p.Phe22Ser,NA,24,NA
urn:mavedb:00000085-b-1#2924,NA,NA,p.Phe22Arg,NA,24,NA
urn:mavedb:00000085-b-1#2925,NA,NA,p.Phe22Leu,0.6299848458202584,24,0.14036856298116102
urn:mavedb:00000085-b-1#2926,NA,NA,p.Phe22Ile,NA,24,NA
urn:mavedb:00000085-b-1#2927,NA,NA,p.Phe22Gly,0.5459868051103516,24,0.18203759830480395
urn:mavedb:00000085-b-1#2928,NA,NA,p.Phe22Cys,0.7168007086523522,24,0.18275899766777298
urn:mavedb:00000085-b-1#2929,NA,NA,p.Val21Thr,NA,23,NA
urn:mavedb:00000085-b-1#2930,NA,NA,p.Val21Ser,0.22187707972537551,23,0.0696920089057544
urn:mavedb:00000085-b-1#2931,NA,NA,p.Val21Arg,0.07157662972145555,23,0.0139557434898957
urn:mavedb:00000085-b-1#2932,NA,NA,p.Val21Gln,NA,23,NA
urn:mavedb:00000085-b-1#2933,NA,NA,p.Val21Leu,NA,23,NA
urn:mavedb:00000085-b-1#2934,NA,NA,p.Val21Ile,NA,23,0.15728153856410002
urn:mavedb:00000085-b-1#2935,NA,NA,p.Val21Gly,0.4320860388706912,23,0.053126601304776
urn:mavedb:00000085-b-1#2936,NA,NA,p.Val21Phe,NA,23,NA
urn:mavedb:00000085-b-1#2937,NA,NA,p.Val21Glu,NA,23,NA
urn:mavedb:00000085-b-1#2938,NA,NA,p.Val21Asp,0.16802075904942332,23,0.0443065012961191
urn:mavedb:00000085-b-1#2939,NA,NA,p.Val21Cys,NA,23,NA
urn:mavedb:00000085-b-1#2940,NA,NA,p.Val21Ala,1.0996291657640536,23,0.23007589792961602
urn:mavedb:00000085-b-1#2941,NA,NA,p.Pro20Thr,NA,22,NA
urn:mavedb:00000085-b-1#2942,NA,NA,p.Pro20Ser,0.4716113634032278,22,0.14067337905164098
urn:mavedb:00000085-b-1#2943,NA,NA,p.Pro20Leu,NA,22,NA
urn:mavedb:00000085-b-1#2944,NA,NA,p.Pro20His,NA,22,NA
urn:mavedb:00000085-b-1#2945,NA,NA,p.Pro20Gly,NA,22,NA
urn:mavedb:00000085-b-1#2946,NA,NA,p.Pro20Ala,0.21718627563612533,22,0.0618962033376438
urn:mavedb:00000085-b-1#2947,NA,NA,p.Leu19Trp,NA,21,NA
urn:mavedb:00000085-b-1#2948,NA,NA,p.Leu19Val,0.9664399428916955,21,0.15773283271176097
urn:mavedb:00000085-b-1#2949,NA,NA,p.Leu19Thr,NA,21,NA
urn:mavedb:00000085-b-1#2950,NA,NA,p.Leu19Ser,0.7620608352627033,21,0.272653912761448
urn:mavedb:00000085-b-1#2951,NA,NA,p.Leu19Arg,0.14739727230575475,21,0.0208493523820021
urn:mavedb:00000085-b-1#2952,NA,NA,p.Leu19Gln,NA,21,NA
urn:mavedb:00000085-b-1#2953,NA,NA,p.Leu19Pro,0.3679193426023062,21,0.12266808074907501
urn:mavedb:00000085-b-1#2954,NA,NA,p.Leu19Ile,0.39302840343773693,21,0.293966066865169
urn:mavedb:00000085-b-1#2955,NA,NA,p.Leu19His,0.7533009793751655,21,0.186206972240531
urn:mavedb:00000085-b-1#2956,NA,NA,p.Leu19Gly,0.8938550779001114,21,0.214703461156475
urn:mavedb:00000085-b-1#2957,NA,NA,p.Leu19Phe,NA,21,0.38691934730172406
urn:mavedb:00000085-b-1#2958,NA,NA,p.Leu19Glu,0.2358056817016141,21,0.0621811542874391
urn:mavedb:00000085-b-1#2959,NA,NA,p.Leu19Asp,NA,21,NA
urn:mavedb:00000085-b-1#2960,NA,NA,p.Leu19Cys,NA,21,NA
urn:mavedb:00000085-b-1#2961,NA,NA,p.Leu19Ala,1.1917116724050607,21,0.271831789144099
urn:mavedb:00000085-b-1#2962,NA,NA,p.Cys18Tyr,NA,20,NA
urn:mavedb:00000085-b-1#2963,NA,NA,p.Cys18Trp,NA,20,NA
urn:mavedb:00000085-b-1#2964,NA,NA,p.Cys18Ser,NA,20,0.231768206351633
urn:mavedb:00000085-b-1#2965,NA,NA,p.Cys18Arg,NA,20,NA
urn:mavedb:00000085-b-1#2966,NA,NA,p.Cys18Gln,NA,20,NA
urn:mavedb:00000085-b-1#2967,NA,NA,p.Cys18Leu,NA,20,NA
urn:mavedb:00000085-b-1#2968,NA,NA,p.Cys18Gly,0.0784183008948769,20,0.0280568894000728
urn:mavedb:00000085-b-1#2969,NA,NA,p.Cys18Phe,NA,20,NA
urn:mavedb:00000085-b-1#2970,NA,NA,p.Cys18Glu,NA,20,NA
urn:mavedb:00000085-b-1#2971,NA,NA,p.Cys18Ala,NA,20,0.16040953457555898
urn:mavedb:00000085-b-1#2972,NA,NA,p.Phe17Trp,NA,19,NA
urn:mavedb:00000085-b-1#2973,NA,NA,p.Phe17Val,0.5519934737918435,19,0.140738942877186
urn:mavedb:00000085-b-1#2974,NA,NA,p.Phe17Leu,0.4716113634032278,19,0.15724006353931197
urn:mavedb:00000085-b-1#2975,NA,NA,p.Phe17Ile,NA,19,NA
urn:mavedb:00000085-b-1#2976,NA,NA,p.Phe17Gly,0.4137958668166144,19,0.10911655924638601
urn:mavedb:00000085-b-1#2977,NA,NA,p.Phe17Cys,0.3793140318945686,19,0.119143252298045
urn:mavedb:00000085-b-1#2978,NA,NA,p.Ala16Val,0.9586604129484014,18,0.319627209906194
urn:mavedb:00000085-b-1#2979,NA,NA,p.Ala16Thr,0.44689777099118,18,0.0995744553693816
urn:mavedb:00000085-b-1#2980,NA,NA,p.Ala16Ser,2.1830220483756273,18,0.7278419313675791
urn:mavedb:00000085-b-1#2981,NA,NA,p.Ala16Gln,NA,18,NA
urn:mavedb:00000085-b-1#2982,NA,NA,p.Ala16Pro,NA,18,NA
urn:mavedb:00000085-b-1#2983,NA,NA,p.Ala16Leu,NA,18,NA
urn:mavedb:00000085-b-1#2984,NA,NA,p.Ala16His,0.7073170097792818,18,0.235826742505859
urn:mavedb:00000085-b-1#2985,NA,NA,p.Ala16Gly,1.0915455647138443,18,0.3905385966647121
urn:mavedb:00000085-b-1#2986,NA,NA,p.Ala15Val,0.9611767176013396,17,0.15530474442190198
urn:mavedb:00000085-b-1#2987,NA,NA,p.Ala15Thr,1.0366160596052578,17,0.256239063959684
urn:mavedb:00000085-b-1#2988,NA,NA,p.Ala15Ser,1.0119578274138241,17,0.362063300496002
urn:mavedb:00000085-b-1#2989,NA,NA,p.Ala15Arg,0.003001521236240885,17,0.00085540749854693
urn:mavedb:00000085-b-1#2990,NA,NA,p.Ala15Gln,0.2358056817016141,17,0.0786200317696559
urn:mavedb:00000085-b-1#2991,NA,NA,p.Ala15Pro,NA,17,NA
urn:mavedb:00000085-b-1#2992,NA,NA,p.Ala15Leu,NA,17,NA
urn:mavedb:00000085-b-1#2993,NA,NA,p.Ala15Lys,0.05895142042540327,17,0.0210919321635136
urn:mavedb:00000085-b-1#2994,NA,NA,p.Ala15Ile,NA,17,NA
urn:mavedb:00000085-b-1#2995,NA,NA,p.Ala15Gly,0.7543010260867969,17,0.168067774629024
urn:mavedb:00000085-b-1#2996,NA,NA,p.Ala15Glu,0.038493807685361314,17,0.00981456857404515
urn:mavedb:00000085-b-1#2997,NA,NA,p.Ala15Asp,0.003684463776587715,17,0.00109901077384095
urn:mavedb:00000085-b-1#2998,NA,NA,p.Ala15Cys,0.662788432654942,17,0.16383335567025598
urn:mavedb:00000085-b-1#2999,NA,NA,p.Phe14Tyr,NA,16,0.227731542701977
urn:mavedb:00000085-b-1#3000,NA,NA,p.Phe14Trp,0.20746309718534967,16,0.0434075958134603
urn:mavedb:00000085-b-1#3001,NA,NA,p.Phe14Val,0.5128871089950602,16,0.10166151905253999
urn:mavedb:00000085-b-1#3002,NA,NA,p.Phe14Thr,NA,16,NA
urn:mavedb:00000085-b-1#3003,NA,NA,p.Phe14Ser,0.008424318465175369,16,0.00301409452578254
urn:mavedb:00000085-b-1#3004,NA,NA,p.Phe14Arg,NA,16,NA
urn:mavedb:00000085-b-1#3005,NA,NA,p.Phe14Leu,0.33940152055310263,16,0.0506054054228461
urn:mavedb:00000085-b-1#3006,NA,NA,p.Phe14Ile,NA,16,NA
urn:mavedb:00000085-b-1#3007,NA,NA,p.Phe14Gly,0.2113915795766846,16,0.0412163393551312
urn:mavedb:00000085-b-1#3008,NA,NA,p.Phe14Cys,0.2727075378097232,16,0.0494165703483065
urn:mavedb:00000085-b-1#3009,NA,NA,p.Phe14Ala,NA,16,NA
urn:mavedb:00000085-b-1#3010,NA,NA,p.Phe13Tyr,NA,15,0.231768206351633
urn:mavedb:00000085-b-1#3011,NA,NA,p.Phe13Trp,NA,15,0.227731542701977
urn:mavedb:00000085-b-1#3012,NA,NA,p.Phe13Val,0.514479015195937,15,0.131174073913918
urn:mavedb:00000085-b-1#3013,NA,NA,p.Phe13Ser,0.3867205489997749,15,0.0842811152660812
urn:mavedb:00000085-b-1#3014,NA,NA,p.Phe13Arg,NA,15,NA
urn:mavedb:00000085-b-1#3015,NA,NA,p.Phe13Leu,0.9150586140107464,15,0.23330779822788197
urn:mavedb:00000085-b-1#3016,NA,NA,p.Phe13Ile,NA,15,NA
urn:mavedb:00000085-b-1#3017,NA,NA,p.Phe13Gly,0.2358056817016141,15,0.0786200317696559
urn:mavedb:00000085-b-1#3018,NA,NA,p.Phe13Cys,0.5665896950186888,15,0.161473144972781
urn:mavedb:00000085-b-1#3019,NA,NA,p.Pro12Tyr,NA,14,NA
urn:mavedb:00000085-b-1#3020,NA,NA,p.Pro12Trp,NA,14,NA
urn:mavedb:00000085-b-1#3021,NA,NA,p.Pro12Val,0.4716113634032278,14,0.134405144892563
urn:mavedb:00000085-b-1#3022,NA,NA,p.Pro12Thr,0.6505038901333572,14,0.11633957052070901
urn:mavedb:00000085-b-1#3023,NA,NA,p.Pro12Ser,0.7129101526336349,14,0.17124059710397102
urn:mavedb:00000085-b-1#3024,NA,NA,p.Pro12Arg,0.07213946435980635,14,0.0118960376452315
urn:mavedb:00000085-b-1#3025,NA,NA,p.Pro12Gln,NA,14,NA
urn:mavedb:00000085-b-1#3026,NA,NA,p.Pro12Asn,0.6669591862941102,14,0.23862797217835396
urn:mavedb:00000085-b-1#3027,NA,NA,p.Pro12Leu,0.6010038634173209,14,0.140557307818347
urn:mavedb:00000085-b-1#3028,NA,NA,p.Pro12His,0.5175767430093834,14,0.108292811433961
urn:mavedb:00000085-b-1#3029,NA,NA,p.Pro12Gly,0.4628193421998519,14,0.12204388255986201
urn:mavedb:00000085-b-1#3030,NA,NA,p.Pro12Phe,NA,14,NA
urn:mavedb:00000085-b-1#3031,NA,NA,p.Pro12Glu,NA,14,NA
urn:mavedb:00000085-b-1#3032,NA,NA,p.Pro12Asp,NA,14,NA
urn:mavedb:00000085-b-1#3033,NA,NA,p.Pro12Cys,NA,14,NA
urn:mavedb:00000085-b-1#3034,NA,NA,p.Pro12Ala,0.6144411850297145,14,0.100283053657241
urn:mavedb:00000085-b-1#3035,NA,NA,p.Ile11Tyr,NA,13,NA
urn:mavedb:00000085-b-1#3036,NA,NA,p.Ile11Trp,NA,13,NA
urn:mavedb:00000085-b-1#3037,NA,NA,p.Ile11Val,0.7407106605476095,13,0.20266188553190898
urn:mavedb:00000085-b-1#3038,NA,NA,p.Ile11Thr,0.4230228913717126,13,0.15135123232044598
urn:mavedb:00000085-b-1#3039,NA,NA,p.Ile11Ser,0.1016752172882465,13,0.0303279299263161
urn:mavedb:00000085-b-1#3040,NA,NA,p.Ile11Arg,0.06643377605098608,13,0.0169382789048721
urn:mavedb:00000085-b-1#3041,NA,NA,p.Ile11Pro,NA,13,NA
urn:mavedb:00000085-b-1#3042,NA,NA,p.Ile11Asn,NA,13,0.030069011365143998
urn:mavedb:00000085-b-1#3043,NA,NA,p.Ile11Met,0.6795226995747746,13,0.15500047156260097
urn:mavedb:00000085-b-1#3044,NA,NA,p.Ile11Leu,0.4774500998940074,13,0.13606913411108001
urn:mavedb:00000085-b-1#3045,NA,NA,p.Ile11Lys,NA,13,NA
urn:mavedb:00000085-b-1#3046,NA,NA,p.Ile11His,NA,13,NA
urn:mavedb:00000085-b-1#3047,NA,NA,p.Ile11Gly,0.2872619066778617,13,0.0785961951807018
urn:mavedb:00000085-b-1#3048,NA,NA,p.Ile11Phe,NA,13,NA
urn:mavedb:00000085-b-1#3049,NA,NA,p.Ile11Asp,0.003420763051162597,13,0.0010203534831509302
urn:mavedb:00000085-b-1#3050,NA,NA,p.Ile11Ala,0.4112260327561034,13,0.137106975228465
urn:mavedb:00000085-b-1#3051,NA,NA,p.Leu10Tyr,NA,12,NA
urn:mavedb:00000085-b-1#3052,NA,NA,p.Leu10Trp,NA,12,NA
urn:mavedb:00000085-b-1#3053,NA,NA,p.Leu10Val,0.3996287639204367,12,0.0734057474703291
urn:mavedb:00000085-b-1#3054,NA,NA,p.Leu10Thr,0.4716113634032278,12,0.168735457308109
urn:mavedb:00000085-b-1#3055,NA,NA,p.Leu10Ser,0.4347952790699608,12,0.13657001659941198
urn:mavedb:00000085-b-1#3056,NA,NA,p.Leu10Arg,0.0662689648984816,12,0.0144425277726219
urn:mavedb:00000085-b-1#3057,NA,NA,p.Leu10Pro,NA,12,NA
urn:mavedb:00000085-b-1#3058,NA,NA,p.Leu10Met,NA,12,NA
urn:mavedb:00000085-b-1#3059,NA,NA,p.Leu10Ile,0.7589631978093065,12,0.187606604764121
urn:mavedb:00000085-b-1#3060,NA,NA,p.Leu10His,NA,12,NA
urn:mavedb:00000085-b-1#3061,NA,NA,p.Leu10Gly,0.25802446182573463,12,0.0495201077824435
urn:mavedb:00000085-b-1#3062,NA,NA,p.Leu10Phe,1.1860514093520391,12,0.42435136741358104
urn:mavedb:00000085-b-1#3063,NA,NA,p.Leu10Glu,NA,12,NA
urn:mavedb:00000085-b-1#3064,NA,NA,p.Leu10Cys,NA,12,0.16040953457555898
urn:mavedb:00000085-b-1#3065,NA,NA,p.Leu10Ala,0.8193838965791251,12,0.29316324251069203
urn:mavedb:00000085-b-1#3066,NA,NA,p.Ala9Val,0.4635921740347234,11,0.118199717202431
urn:mavedb:00000085-b-1#3067,NA,NA,p.Ala9Thr,NA,11,NA
urn:mavedb:00000085-b-1#3068,NA,NA,p.Ala9Arg,NA,11,0.13413196965878998
urn:mavedb:00000085-b-1#3069,NA,NA,p.Ala9Leu,NA,11,NA
urn:mavedb:00000085-b-1#3070,NA,NA,p.Ala9Gly,0.6441715357900305,11,0.10022422854045199
urn:mavedb:00000085-b-1#3071,NA,NA,p.Ala9Glu,0.16462732681347506,11,0.0589011831157524
urn:mavedb:00000085-b-1#3072,NA,NA,p.Ala9Asp,NA,11,NA
urn:mavedb:00000085-b-1#3073,NA,NA,p.Ala9Cys,NA,11,0.355179810439294
urn:mavedb:00000085-b-1#3074,NA,NA,p.Val8Ser,0.9177582596636616,10,0.328360111014199
urn:mavedb:00000085-b-1#3075,NA,NA,p.Val8Arg,0.5629758096220426,10,0.20142428291906503
urn:mavedb:00000085-b-1#3076,NA,NA,p.Val8Ile,0.8994828831507646,10,0.222341386563196
urn:mavedb:00000085-b-1#3077,NA,NA,p.Val8Gly,0.31974570392547746,10,0.0484664177038804
urn:mavedb:00000085-b-1#3078,NA,NA,p.Val8Asp,0.3206273398887925,10,0.0845483363527442
urn:mavedb:00000085-b-1#3079,NA,NA,p.Arg7Trp,NA,9,NA
urn:mavedb:00000085-b-1#3080,NA,NA,p.Arg7Val,0.31601921318563564,9,0.0720846074711966
urn:mavedb:00000085-b-1#3081,NA,NA,p.Arg7Thr,NA,9,NA
urn:mavedb:00000085-b-1#3082,NA,NA,p.Arg7Ser,NA,9,NA
urn:mavedb:00000085-b-1#3083,NA,NA,p.Arg7Met,NA,9,NA
urn:mavedb:00000085-b-1#3084,NA,NA,p.Arg7Leu,0.3271893870575,9,0.117063444894782
urn:mavedb:00000085-b-1#3085,NA,NA,p.Arg7His,0.22745773248400225,9,0.0678466430262647
urn:mavedb:00000085-b-1#3086,NA,NA,p.Arg7Gly,0.5665896950186888,9,0.155021578642523
urn:mavedb:00000085-b-1#3087,NA,NA,p.Arg7Asp,0.2981795170391462,9,0.0889417081115141
urn:mavedb:00000085-b-1#3088,NA,NA,p.Arg7Cys,0.30766395993686985,9,0.0581574590560402
urn:mavedb:00000085-b-1#3089,NA,NA,p.Arg7Ala,NA,9,NA
urn:mavedb:00000085-b-1#3090,NA,NA,p.Phe6Tyr,0.2481729237463535,8,0.113509059453301
urn:mavedb:00000085-b-1#3091,NA,NA,p.Phe6Val,0.5168047928113768,8,0.12774794981499002
urn:mavedb:00000085-b-1#3092,NA,NA,p.Phe6Ser,NA,8,NA
urn:mavedb:00000085-b-1#3093,NA,NA,p.Phe6Leu,0.5258127601300067,8,0.156840702866431
urn:mavedb:00000085-b-1#3094,NA,NA,p.Phe6Ile,NA,8,NA
urn:mavedb:00000085-b-1#3095,NA,NA,p.Phe6Gly,0.2358056817016141,8,0.0786200317696559
urn:mavedb:00000085-b-1#3096,NA,NA,p.Phe6Glu,NA,8,NA
urn:mavedb:00000085-b-1#3097,NA,NA,p.Phe6Cys,NA,8,NA
urn:mavedb:00000085-b-1#3098,NA,NA,p.His5Tyr,NA,7,NA
urn:mavedb:00000085-b-1#3099,NA,NA,p.His5Trp,NA,7,NA
urn:mavedb:00000085-b-1#3100,NA,NA,p.His5Val,NA,7,NA
urn:mavedb:00000085-b-1#3101,NA,NA,p.Pro65Phe,NA,67,NA
urn:mavedb:00000085-b-1#3102,NA,NA,p.Pro65Glu,0.017214222842706888,67,0.00375163384354585
urn:mavedb:00000085-b-1#3103,NA,NA,p.Pro65Asp,NA,67,NA
urn:mavedb:00000085-b-1#3104,NA,NA,p.Pro65Cys,0.05708856978995387,67,0.0204254322055799
urn:mavedb:00000085-b-1#3105,NA,NA,p.Pro65Ala,0.16223985316662431,67,0.0145353972459554
urn:mavedb:00000085-b-1#3106,NA,NA,p.Phe64Tyr,0.2358056817016141,66,0.0740670090372425
urn:mavedb:00000085-b-1#3107,NA,NA,p.Phe64Trp,0.003807578483750996,66,0.0005340948527801719
urn:mavedb:00000085-b-1#3108,NA,NA,p.Phe64Val,0.07685545747248862,66,0.0154981770612364
urn:mavedb:00000085-b-1#3109,NA,NA,p.Phe64Ser,NA,66,NA
urn:mavedb:00000085-b-1#3110,NA,NA,p.Phe64Met,0.16462732681347506,66,0.0589011831157524
urn:mavedb:00000085-b-1#3111,NA,NA,p.Phe64Leu,0.017531375316059243,66,0.0042110259842499205
urn:mavedb:00000085-b-1#3112,NA,NA,p.Phe64Ile,0.03876824460106886,66,0.00462918806482766
urn:mavedb:00000085-b-1#3113,NA,NA,p.Phe64Gly,NA,66,NA
urn:mavedb:00000085-b-1#3114,NA,NA,p.Phe64Cys,0.011508334761308772,66,0.00327977551241345
urn:mavedb:00000085-b-1#3115,NA,NA,p.Phe64Ala,NA,66,NA
urn:mavedb:00000085-b-1#3116,NA,NA,p.Arg63Trp,0.0513571319615835,65,0.0140515504274648
urn:mavedb:00000085-b-1#3117,NA,NA,p.Arg63Val,0.3547098949593413,65,0.111415046516129
urn:mavedb:00000085-b-1#3118,NA,NA,p.Arg63Thr,0.5747460186460778,65,0.163797626408128
urn:mavedb:00000085-b-1#3119,NA,NA,p.Arg63Ser,0.3061061998618597,65,0.0494599424486096
urn:mavedb:00000085-b-1#3120,NA,NA,p.Arg63Gln,0.5173145048070039,65,0.15430582269793
urn:mavedb:00000085-b-1#3121,NA,NA,p.Arg63Pro,0.4635921740347234,65,0.118199717202431
urn:mavedb:00000085-b-1#3122,NA,NA,p.Arg63Leu,0.3913990357056196,65,0.0789270112553072
urn:mavedb:00000085-b-1#3123,NA,NA,p.Arg63Ile,NA,65,NA
urn:mavedb:00000085-b-1#3124,NA,NA,p.Arg63His,0.4988707482826659,65,0.11379340422474198
urn:mavedb:00000085-b-1#3125,NA,NA,p.Arg63Gly,0.04509203686612493,65,0.00806449935577405
urn:mavedb:00000085-b-1#3126,NA,NA,p.Arg63Glu,0.18109705676259227,65,0.0540180684520934
urn:mavedb:00000085-b-1#3127,NA,NA,p.Arg63Asp,0.03763314074456792,65,0.0134645721164394
urn:mavedb:00000085-b-1#3128,NA,NA,p.Arg63Cys,0.1906450688115254,65,0.0321214193304224
urn:mavedb:00000085-b-1#3129,NA,NA,p.Arg63Ala,0.15309068646363413,65,0.0308712828375128
urn:mavedb:00000085-b-1#3130,NA,NA,p.Glu62Val,0.4507667460387183,64,0.161277566518472
urn:mavedb:00000085-b-1#3131,NA,NA,p.Glu62Arg,0.17349057289156125,64,0.0405743945119501
urn:mavedb:00000085-b-1#3132,NA,NA,p.Glu62Lys,NA,64,NA
urn:mavedb:00000085-b-1#3133,NA,NA,p.Glu62Gly,0.35621646191727274,64,0.0694537531138529
urn:mavedb:00000085-b-1#3134,NA,NA,p.Glu62Asp,0.6665929628832152,64,0.198832962514206
urn:mavedb:00000085-b-1#3135,NA,NA,p.Glu62Ala,0.5838441339296615,64,0.17415044151330603
urn:mavedb:00000085-b-1#3136,NA,NA,p.Glu61Val,0.6201056512683473,63,0.13514460508207002
urn:mavedb:00000085-b-1#3137,NA,NA,p.Glu61Arg,0.8479221350030384,63,0.252920266896908
urn:mavedb:00000085-b-1#3138,NA,NA,p.Glu61Gln,NA,63,NA
urn:mavedb:00000085-b-1#3139,NA,NA,p.Glu61Pro,NA,63,NA
urn:mavedb:00000085-b-1#3140,NA,NA,p.Glu61Lys,NA,63,0.326182613361922
urn:mavedb:00000085-b-1#3141,NA,NA,p.Glu61Gly,0.7600475804362541,63,0.129503624552191
urn:mavedb:00000085-b-1#3142,NA,NA,p.Glu61Asp,0.8785283647606233,63,0.191464742606566
urn:mavedb:00000085-b-1#3143,NA,NA,p.Glu61Cys,NA,63,NA
urn:mavedb:00000085-b-1#3144,NA,NA,p.Glu61Ala,0.7601851747493602,63,0.177785182608712
urn:mavedb:00000085-b-1#3145,NA,NA,p.Pro60Val,0.5365844984690079,62,0.178902772877714
urn:mavedb:00000085-b-1#3146,NA,NA,p.Pro60Thr,0.7019885692107949,62,0.168617239223965
urn:mavedb:00000085-b-1#3147,NA,NA,p.Pro60Ser,0.555483852186862,62,0.0935924010969957
urn:mavedb:00000085-b-1#3148,NA,NA,p.Pro60Arg,0.6985033322209221,62,0.11286257719510302
urn:mavedb:00000085-b-1#3149,NA,NA,p.Pro60Gln,0.5629758096220426,62,0.20142428291906503
urn:mavedb:00000085-b-1#3150,NA,NA,p.Pro60Leu,0.4570869436837111,62,0.0851499746886706
urn:mavedb:00000085-b-1#3151,NA,NA,p.Pro60His,0.5524956652423729,62,0.10292350845081599
urn:mavedb:00000085-b-1#3152,NA,NA,p.Pro60Phe,NA,62,NA
urn:mavedb:00000085-b-1#3153,NA,NA,p.Pro60Asp,0.8693586163975077,62,0.289853075410135
urn:mavedb:00000085-b-1#3154,NA,NA,p.Pro60Cys,0.4581486443489618,62,0.136657686624469
urn:mavedb:00000085-b-1#3155,NA,NA,p.Pro60Ala,0.879195953831354,62,0.19161023565462398
urn:mavedb:00000085-b-1#3156,NA,NA,p.Arg59Val,NA,61,NA
urn:mavedb:00000085-b-1#3157,NA,NA,p.Arg59Thr,0.009293003730407541,61,0.00448018087962857
urn:mavedb:00000085-b-1#3158,NA,NA,p.Arg59Ser,0.4228065117859304,61,0.0500807933825512
urn:mavedb:00000085-b-1#3159,NA,NA,p.Arg59Gln,0.1752719026466449,61,0.0433251133401418
urn:mavedb:00000085-b-1#3160,NA,NA,p.Arg59Pro,0.3423807193571422,61,0.12249867525946699
urn:mavedb:00000085-b-1#3161,NA,NA,p.Arg59Leu,NA,61,NA
urn:mavedb:00000085-b-1#3162,NA,NA,p.Arg59Lys,NA,61,NA
urn:mavedb:00000085-b-1#3163,NA,NA,p.Arg59His,0.6167418227233825,61,0.220660954280888
urn:mavedb:00000085-b-1#3164,NA,NA,p.Arg59Gly,0.04758712682309888,61,0.0158660359481621
urn:mavedb:00000085-b-1#3165,NA,NA,p.Arg59Glu,NA,61,NA
urn:mavedb:00000085-b-1#3166,NA,NA,p.Arg59Cys,0.06220088353169815,61,0.0195374147451479
urn:mavedb:00000085-b-1#3167,NA,NA,p.Arg59Ala,0.11608324829681299,61,0.027883127598450998
urn:mavedb:00000085-b-1#3168,NA,NA,p.Phe58Trp,NA,60,NA
urn:mavedb:00000085-b-1#3169,NA,NA,p.Phe58Val,NA,60,NA
urn:mavedb:00000085-b-1#3170,NA,NA,p.Phe58Ser,0.4054492175312881,60,0.10691557628766801
urn:mavedb:00000085-b-1#3171,NA,NA,p.Phe58Leu,NA,60,NA
urn:mavedb:00000085-b-1#3172,NA,NA,p.Phe58Ile,NA,60,NA
urn:mavedb:00000085-b-1#3173,NA,NA,p.Phe58Gly,NA,60,NA
urn:mavedb:00000085-b-1#3174,NA,NA,p.Ser57Tyr,NA,59,NA
urn:mavedb:00000085-b-1#3175,NA,NA,p.Ser57Trp,0.5562217956308195,59,0.0958752681792935
urn:mavedb:00000085-b-1#3176,NA,NA,p.Ser57Val,0.6897316044284197,59,0.14720615412410198
urn:mavedb:00000085-b-1#3177,NA,NA,p.Ser57Thr,0.6831079555827506,59,0.13110221933279
urn:mavedb:00000085-b-1#3178,NA,NA,p.Ser57Arg,0.5604369571862811,59,0.0639015338812444
urn:mavedb:00000085-b-1#3179,NA,NA,p.Ser57Gln,0.855923113439218,59,0.161794424784671
urn:mavedb:00000085-b-1#3180,NA,NA,p.Ser57Asn,0.12584381726275307,59,0.0395277801756956
urn:mavedb:00000085-b-1#3181,NA,NA,p.Ser57Met,0.4967770343224964,59,0.0968597276744601
urn:mavedb:00000085-b-1#3182,NA,NA,p.Ser57Leu,0.4855221015880824,59,0.0879801023524537
urn:mavedb:00000085-b-1#3183,NA,NA,p.Ser57Lys,NA,59,NA
urn:mavedb:00000085-b-1#3184,NA,NA,p.Ser57Ile,0.4607201238862117,59,0.131301236168268
urn:mavedb:00000085-b-1#3185,NA,NA,p.Ser57Gly,0.6248453429771111,59,0.0890142702970058
urn:mavedb:00000085-b-1#3186,NA,NA,p.Ser57Glu,0.6180989433057473,59,0.122516000888292
urn:mavedb:00000085-b-1#3187,NA,NA,p.Ser57Asp,0.541216098139647,59,0.12657469000267801
urn:mavedb:00000085-b-1#3188,NA,NA,p.Ser57Cys,0.4449113067080598,59,0.0776075341925025
urn:mavedb:00000085-b-1#3189,NA,NA,p.Ser57Ala,0.5806216953238639,59,0.165472143259293
urn:mavedb:00000085-b-1#3190,NA,NA,p.Glu56Trp,0.11440844181288327,58,0.0409336208735484
urn:mavedb:00000085-b-1#3191,NA,NA,p.Glu56Val,0.3750610582543735,58,0.0485949187458227
urn:mavedb:00000085-b-1#3192,NA,NA,p.Glu56Ser,NA,58,NA
urn:mavedb:00000085-b-1#3193,NA,NA,p.Glu56Arg,0.5315089681267218,58,0.10912775312281199
urn:mavedb:00000085-b-1#3194,NA,NA,p.Glu56Gln,NA,58,NA
urn:mavedb:00000085-b-1#3195,NA,NA,p.Glu56Pro,NA,58,NA
urn:mavedb:00000085-b-1#3196,NA,NA,p.Glu56Met,NA,58,NA
urn:mavedb:00000085-b-1#3197,NA,NA,p.Glu56Leu,0.3055718243093351,58,0.0959806859161498
urn:mavedb:00000085-b-1#3198,NA,NA,p.Glu56Lys,NA,58,NA
urn:mavedb:00000085-b-1#3199,NA,NA,p.Glu56Gly,0.7214886483259649,58,0.0934799320532363
urn:mavedb:00000085-b-1#3200,NA,NA,p.Glu56Asp,0.5043891548309543,58,0.11238426021933802
urn:mavedb:00000085-b-1#3201,NA,NA,p.Glu56Cys,NA,58,NA
urn:mavedb:00000085-b-1#3202,NA,NA,p.Glu56Ala,0.7258751406634003,58,0.11847020911543402
urn:mavedb:00000085-b-1#3203,NA,NA,p.Leu55Tyr,NA,57,NA
urn:mavedb:00000085-b-1#3204,NA,NA,p.Leu55Trp,0.378459300923121,57,0.112887756372524
urn:mavedb:00000085-b-1#3205,NA,NA,p.Leu55Val,0.6416885716855667,57,0.182875672950145
urn:mavedb:00000085-b-1#3206,NA,NA,p.Leu55Thr,NA,57,NA
urn:mavedb:00000085-b-1#3207,NA,NA,p.Leu55Ser,0.25645847375557584,57,0.047775227121983004
urn:mavedb:00000085-b-1#3208,NA,NA,p.Leu55Arg,0.5251267306270248,57,0.0894757337776248
urn:mavedb:00000085-b-1#3209,NA,NA,p.Leu55Gln,NA,57,NA
urn:mavedb:00000085-b-1#3210,NA,NA,p.Leu55Pro,0.005894745320742138,57,0.00167995124888817
urn:mavedb:00000085-b-1#3211,NA,NA,p.Leu55Asn,NA,57,NA
urn:mavedb:00000085-b-1#3212,NA,NA,p.Leu55Met,NA,57,NA
urn:mavedb:00000085-b-1#3213,NA,NA,p.Leu55Lys,NA,57,NA
urn:mavedb:00000085-b-1#3214,NA,NA,p.Leu55Ile,0.5252734735217351,57,0.16498938799782
urn:mavedb:00000085-b-1#3215,NA,NA,p.Leu55His,0.4560869028381581,57,0.112739215242357
urn:mavedb:00000085-b-1#3216,NA,NA,p.Leu55Gly,0.27655089370972324,57,0.0683600658939993
urn:mavedb:00000085-b-1#3217,NA,NA,p.Leu55Phe,NA,57,0.22391193501840598
urn:mavedb:00000085-b-1#3218,NA,NA,p.Leu55Glu,0.3843755349085313,57,0.13752378906397597
urn:mavedb:00000085-b-1#3219,NA,NA,p.Leu55Asp,NA,57,NA
urn:mavedb:00000085-b-1#3220,NA,NA,p.Leu55Cys,NA,57,NA
urn:mavedb:00000085-b-1#3221,NA,NA,p.Leu55Ala,0.3090409713575316,57,0.0532690129010312
urn:mavedb:00000085-b-1#3222,NA,NA,p.Ile54Tyr,0.4230228913717126,56,0.15135123232044598
urn:mavedb:00000085-b-1#3223,NA,NA,p.Ile54Val,NA,56,NA
urn:mavedb:00000085-b-1#3224,NA,NA,p.Ile54Ser,0.4621153806721798,56,0.0966886060005174
urn:mavedb:00000085-b-1#3225,NA,NA,p.Ile54Arg,NA,56,NA
urn:mavedb:00000085-b-1#3226,NA,NA,p.Ile54Asp,NA,56,NA
urn:mavedb:00000085-b-1#3227,NA,NA,p.Ile54Ala,NA,56,NA
urn:mavedb:00000085-b-1#3228,NA,NA,p.Lys53Tyr,NA,55,NA
urn:mavedb:00000085-b-1#3229,NA,NA,p.Lys53Trp,NA,55,NA
urn:mavedb:00000085-b-1#3230,NA,NA,p.Lys53Val,NA,55,NA
urn:mavedb:00000085-b-1#3231,NA,NA,p.Lys53Thr,0.7496503800105683,55,0.185304587837542
urn:mavedb:00000085-b-1#3232,NA,NA,p.Lys53Ser,0.5258127601300067,55,0.11993893040627601
urn:mavedb:00000085-b-1#3233,NA,NA,p.Lys53Arg,0.8092549734692585,55,0.163189151154325
urn:mavedb:00000085-b-1#3234,NA,NA,p.Lys53Gln,0.6847737309759167,55,0.20425596602900303
urn:mavedb:00000085-b-1#3235,NA,NA,p.Lys53Pro,NA,55,NA
urn:mavedb:00000085-b-1#3236,NA,NA,p.Lys53Asn,0.4716113634032278,55,0.168735457308109
urn:mavedb:00000085-b-1#3237,NA,NA,p.Lys53Met,0.6104778309587553,55,0.191752237250476
urn:mavedb:00000085-b-1#3238,NA,NA,p.Lys53Leu,NA,55,NA
urn:mavedb:00000085-b-1#3239,NA,NA,p.Lys53Ile,NA,55,NA
urn:mavedb:00000085-b-1#3240,NA,NA,p.Lys53Gly,0.6669591862941102,55,0.23862797217835396
urn:mavedb:00000085-b-1#3241,NA,NA,p.Lys53Glu,0.7620608352627033,55,0.17822384500039398
urn:mavedb:00000085-b-1#3242,NA,NA,p.Lys53Cys,NA,55,NA
urn:mavedb:00000085-b-1#3243,NA,NA,p.Lys53Ala,0.8250579690940858,55,0.23513435952992898
urn:mavedb:00000085-b-1#3244,NA,NA,p.Gly52Trp,0.09853147249370488,54,0.0293902061192965
urn:mavedb:00000085-b-1#3245,NA,NA,p.Gly52Val,0.045399743229825255,54,0.009894330679091009
urn:mavedb:00000085-b-1#3246,NA,NA,p.Gly52Thr,NA,54,NA
urn:mavedb:00000085-b-1#3247,NA,NA,p.Gly52Ser,0.3726119861783599,54,0.0751385357246538
urn:mavedb:00000085-b-1#3248,NA,NA,p.Gly52Arg,0.0909034267888775,54,0.0202544290915507
urn:mavedb:00000085-b-1#3249,NA,NA,p.Gly52Pro,NA,54,NA
urn:mavedb:00000085-b-1#3250,NA,NA,p.Gly52Lys,NA,54,NA
urn:mavedb:00000085-b-1#3251,NA,NA,p.Gly52His,NA,54,NA
urn:mavedb:00000085-b-1#3252,NA,NA,p.Gly52Asp,0.28453698276524403,54,0.0484819260474366
urn:mavedb:00000085-b-1#3253,NA,NA,p.Gly52Cys,NA,54,0.0269581770214371
urn:mavedb:00000085-b-1#3254,NA,NA,p.Gly52Ala,0.2905086822584962,54,0.0526422659561299
urn:mavedb:00000085-b-1#3255,NA,NA,p.Ser51Val,NA,53,NA
urn:mavedb:00000085-b-1#3256,NA,NA,p.Ser51Arg,0.519337113211064,53,0.148006569319107
urn:mavedb:00000085-b-1#3257,NA,NA,p.Ser51Ile,NA,53,NA
urn:mavedb:00000085-b-1#3258,NA,NA,p.Ser51Gly,0.5922680105236998,53,0.17666313581449103
urn:mavedb:00000085-b-1#3259,NA,NA,p.Ser51Cys,NA,53,NA
urn:mavedb:00000085-b-1#3260,NA,NA,p.Ser51Ala,0.4332349102681311,53,0.144444960626966
urn:mavedb:00000085-b-1#3261,NA,NA,p.Asn50Thr,NA,52,NA
urn:mavedb:00000085-b-1#3262,NA,NA,p.Asn50Ser,0.7591448366889351,52,0.253106671338724
urn:mavedb:00000085-b-1#3263,NA,NA,p.Asn50Arg,0.8193838965791251,52,0.29316324251069203
urn:mavedb:00000085-b-1#3264,NA,NA,p.Asn50Lys,NA,52,NA
urn:mavedb:00000085-b-1#3265,NA,NA,p.Asn50His,NA,52,NA
urn:mavedb:00000085-b-1#3266,NA,NA,p.Asn50Gly,0.903046933643828,52,0.247077845701267
urn:mavedb:00000085-b-1#3267,NA,NA,p.Asn50Glu,NA,52,NA
urn:mavedb:00000085-b-1#3268,NA,NA,p.Asn50Asp,0.8621452337478681,52,0.213111967199293
urn:mavedb:00000085-b-1#3269,NA,NA,p.Asn50Ala,NA,52,NA
urn:mavedb:00000085-b-1#3270,NA,NA,p.Leu49Val,NA,51,NA
urn:mavedb:00000085-b-1#3271,NA,NA,p.Leu49Ser,NA,51,NA
urn:mavedb:00000085-b-1#3272,NA,NA,p.Leu49Arg,0.028394573130514036,51,0.007239618574447979
urn:mavedb:00000085-b-1#3273,NA,NA,p.Leu49Pro,NA,51,NA
urn:mavedb:00000085-b-1#3274,NA,NA,p.Leu49Asn,NA,51,NA
urn:mavedb:00000085-b-1#3275,NA,NA,p.Leu49Ile,NA,51,NA
urn:mavedb:00000085-b-1#3276,NA,NA,p.His5Ser,0.5032377324867047,7,0.13270207427238
urn:mavedb:00000085-b-1#3277,NA,NA,p.His5Arg,0.3201595676218098,7,0.066987128292622
urn:mavedb:00000085-b-1#3278,NA,NA,p.His5Gln,0.2981795170391462,7,0.0680153375013048
urn:mavedb:00000085-b-1#3279,NA,NA,p.His5Pro,0.2358056817016141,7,0.0786200317696559
urn:mavedb:00000085-b-1#3280,NA,NA,p.His5Gly,NA,7,NA
urn:mavedb:00000085-b-1#3281,NA,NA,p.His5Asp,0.6549036586599497,7,0.195346248555526
urn:mavedb:00000085-b-1#3282,NA,NA,p.His5Ala,0.2358056817016141,7,0.0786200317696559
urn:mavedb:00000085-b-1#3283,NA,NA,p.Gln4Ser,NA,6,NA
urn:mavedb:00000085-b-1#3284,NA,NA,p.Gln4Arg,0.552191167398507,6,0.0963207593481038
urn:mavedb:00000085-b-1#3285,NA,NA,p.Gln4Leu,0.47865167318425,6,0.142773379694798
urn:mavedb:00000085-b-1#3286,NA,NA,p.Gln4Lys,0.5941930841213476,6,0.17723735142700303
urn:mavedb:00000085-b-1#3287,NA,NA,p.Gln4His,0.40541983170423707,6,0.135171128272341
urn:mavedb:00000085-b-1#3288,NA,NA,p.Gln4Gly,NA,6,NA
urn:mavedb:00000085-b-1#3289,NA,NA,p.Gln4Glu,NA,6,NA
urn:mavedb:00000085-b-1#3290,NA,NA,p.Gln4Asp,NA,6,NA
urn:mavedb:00000085-b-1#3291,NA,NA,p.Gln4Ala,0.6476550412360697,6,0.21593483053639698
urn:mavedb:00000085-b-1#3292,NA,NA,p.Ile3Tyr,NA,5,NA
urn:mavedb:00000085-b-1#3293,NA,NA,p.Ile3Val,0.3093646436196136,5,0.0764712315314672
urn:mavedb:00000085-b-1#3294,NA,NA,p.Ile3Thr,NA,5,NA
urn:mavedb:00000085-b-1#3295,NA,NA,p.Ile3Ser,0.4399013626575228,5,0.138173847077524
urn:mavedb:00000085-b-1#3296,NA,NA,p.Ile3Arg,0.3679193426023062,5,0.12266808074907501
urn:mavedb:00000085-b-1#3297,NA,NA,p.Ile3Asn,0.6669591862941102,5,0.23862797217835396
urn:mavedb:00000085-b-1#3298,NA,NA,p.Ile3Met,0.4747617159528647,5,0.11403748343538302
urn:mavedb:00000085-b-1#3299,NA,NA,p.Ile3Leu,0.7230722619930604,5,0.215679744565674
urn:mavedb:00000085-b-1#3300,NA,NA,p.Ile3Gly,0.09478378789567564,5,0.0194607098389695
urn:mavedb:00000085-b-1#3301,NA,NA,p.Ile3Phe,NA,5,NA
urn:mavedb:00000085-b-1#3302,NA,NA,p.Ile3Glu,NA,5,NA
urn:mavedb:00000085-b-1#3303,NA,NA,p.Ile3Asp,0.281574519157892,5,0.0549003463553738
urn:mavedb:00000085-b-1#3304,NA,NA,p.Ile3Cys,NA,5,NA
urn:mavedb:00000085-b-1#3305,NA,NA,p.Ile3Ala,NA,5,NA
urn:mavedb:00000085-b-1#3306,NA,NA,p.Ser2Val,NA,4,NA
urn:mavedb:00000085-b-1#3307,NA,NA,p.Ser2Arg,0.5243076128440376,4,0.114266569147371
urn:mavedb:00000085-b-1#3308,NA,NA,p.Ser2Asn,NA,4,0.00287428980137003
urn:mavedb:00000085-b-1#3309,NA,NA,p.Ser2Ile,NA,4,NA
urn:mavedb:00000085-b-1#3310,NA,NA,p.Ser2Gly,0.3155391228800766,4,0.0537643446973864
urn:mavedb:00000085-b-1#3311,NA,NA,p.Ser2Phe,NA,4,NA
urn:mavedb:00000085-b-1#3312,NA,NA,p.Ser2Glu,NA,4,NA
urn:mavedb:00000085-b-1#3313,NA,NA,p.Ser2Cys,0.3907950082922734,4,0.122749448622361
urn:mavedb:00000085-b-1#3314,NA,NA,p.Ser2Ala,0.2358056817016141,4,0.0740670090372425
urn:mavedb:00000085-b-1#3315,NA,NA,p.Met1Arg,0.0020998690819736586,3,0.0007513015956128231
urn:mavedb:00000085-b-1#3316,NA,NA,p.Met1Lys,NA,3,NA
urn:mavedb:00000085-b-1#3317,NA,NA,p.Met1Ile,0.3679193426023062,3,0.12266808074907501
