accession,hgvs_nt,hgvs_splice,hgvs_pro,score,ambler,err
urn:mavedb:00000085-d-1#1,NA,NA,p.Ile278Ser,NA,282,NA
urn:mavedb:00000085-d-1#2,NA,NA,p.Ile278Arg,0.0331099411463184,282,0.00818442485052254
urn:mavedb:00000085-d-1#3,NA,NA,p.Ile278Gln,NA,282,NA
urn:mavedb:00000085-d-1#4,NA,NA,p.Ile278Met,0.10629723630687,282,0.0242467410204264
urn:mavedb:00000085-d-1#5,NA,NA,p.Ile278Leu,0.0974880085636211,282,0.0170052879895923
urn:mavedb:00000085-d-1#6,NA,NA,p.Ile278Lys,0.0373382209180414,282,0.0111373951856148
urn:mavedb:00000085-d-1#7,NA,NA,p.Ile278His,NA,282,NA
urn:mavedb:00000085-d-1#8,NA,NA,p.Ile278Gly,NA,282,NA
urn:mavedb:00000085-d-1#9,NA,NA,p.Ile278Phe,0.0598674829615832,282,0.0214198014830304
urn:mavedb:00000085-d-1#10,NA,NA,p.Ile278Asp,0.0331099411463184,282,0.0110392535614978
urn:mavedb:00000085-d-1#11,NA,NA,p.Ile278Cys,NA,282,NA
urn:mavedb:00000085-d-1#12,NA,NA,p.Ile278Ala,0.0331099411463184,282,0.0110392535614978
urn:mavedb:00000085-d-1#13,NA,NA,p.Glu277Tyr,NA,281,NA
urn:mavedb:00000085-d-1#14,NA,NA,p.Glu277Trp,0.0444016917624735,281,0.0148040593536336
urn:mavedb:00000085-d-1#15,NA,NA,p.Glu277Val,0.27589328364568294,281,0.0513959840085654
urn:mavedb:00000085-d-1#16,NA,NA,p.Glu277Thr,NA,281,NA
urn:mavedb:00000085-d-1#17,NA,NA,p.Glu277Ser,0.26487952917054697,281,0.0883140284919824
urn:mavedb:00000085-d-1#18,NA,NA,p.Glu277Arg,0.361031121644171,281,0.0728036070701077
urn:mavedb:00000085-d-1#19,NA,NA,p.Glu277Gln,0.40771570798721096,281,0.0979336019336933
urn:mavedb:00000085-d-1#20,NA,NA,p.Glu277Pro,NA,281,NA
urn:mavedb:00000085-d-1#21,NA,NA,p.Glu277Asn,NA,281,NA
urn:mavedb:00000085-d-1#22,NA,NA,p.Glu277Met,NA,281,NA
urn:mavedb:00000085-d-1#23,NA,NA,p.Glu277Leu,0.5297590583410939,281,0.108769055739782
urn:mavedb:00000085-d-1#24,NA,NA,p.Glu277Lys,0.219844702048805,281,0.0501472826621898
urn:mavedb:00000085-d-1#25,NA,NA,p.Glu277Ile,0.5297590583410939,281,0.18954085426950198
urn:mavedb:00000085-d-1#26,NA,NA,p.Glu277His,NA,281,NA
urn:mavedb:00000085-d-1#27,NA,NA,p.Glu277Gly,0.262792189452267,281,0.0442775879111136
urn:mavedb:00000085-d-1#28,NA,NA,p.Glu277Asp,0.344460080201537,281,0.0908334402592678
urn:mavedb:00000085-d-1#29,NA,NA,p.Glu277Cys,0.12529520735322802,281,0.0357082397436767
urn:mavedb:00000085-d-1#30,NA,NA,p.Glu277Ala,0.639352452953756,281,0.0797978718959266
urn:mavedb:00000085-d-1#31,NA,NA,p.Ala276Tyr,NA,280,NA
urn:mavedb:00000085-d-1#32,NA,NA,p.Ala276Trp,NA,280,NA
urn:mavedb:00000085-d-1#33,NA,NA,p.Ala276Val,0.274029966159321,280,0.0573357215959542
urn:mavedb:00000085-d-1#34,NA,NA,p.Ala276Thr,0.21589196739893105,280,0.0643971271046811
urn:mavedb:00000085-d-1#35,NA,NA,p.Ala276Ser,0.388067103698598,280,0.11575422144283
urn:mavedb:00000085-d-1#36,NA,NA,p.Ala276Arg,0.6498569521277621,280,0.232510308072851
urn:mavedb:00000085-d-1#37,NA,NA,p.Ala276Gln,NA,280,NA
urn:mavedb:00000085-d-1#38,NA,NA,p.Ala276Pro,NA,280,NA
urn:mavedb:00000085-d-1#39,NA,NA,p.Ala276Leu,NA,280,NA
urn:mavedb:00000085-d-1#40,NA,NA,p.Ala276Lys,NA,280,NA
urn:mavedb:00000085-d-1#41,NA,NA,p.Ala276His,0.5297590583410939,280,0.18954085426950198
urn:mavedb:00000085-d-1#42,NA,NA,p.Ala276Gly,0.20547135194661104,280,0.0447802643411286
urn:mavedb:00000085-d-1#43,NA,NA,p.Ala276Phe,NA,280,NA
urn:mavedb:00000085-d-1#44,NA,NA,p.Ala276Glu,0.256830617599162,280,0.0654831387334625
urn:mavedb:00000085-d-1#45,NA,NA,p.Ala276Asp,0.0720144406942354,280,0.0156947703906885
urn:mavedb:00000085-d-1#46,NA,NA,p.Ala276Cys,0.5297590583410939,280,0.18954085426950198
urn:mavedb:00000085-d-1#47,NA,NA,p.Ile275Tyr,0.0541579252080756,279,0.0161544444444556
urn:mavedb:00000085-d-1#48,NA,NA,p.Ile275Val,0.241229066992802,279,0.0443103635117354
urn:mavedb:00000085-d-1#49,NA,NA,p.Ile275Thr,0.036182606831269996,279,0.009541281689622259
urn:mavedb:00000085-d-1#50,NA,NA,p.Ile275Ser,0.0389153236699192,279,0.00867087146310431
urn:mavedb:00000085-d-1#51,NA,NA,p.Ile275Arg,0.0373382209180414,279,0.0085169681189981
urn:mavedb:00000085-d-1#52,NA,NA,p.Ile275Gln,NA,279,NA
urn:mavedb:00000085-d-1#53,NA,NA,p.Ile275Pro,0.0379439477328205,279,0.0119183299903497
urn:mavedb:00000085-d-1#54,NA,NA,p.Ile275Asn,0.0331099411463184,279,0.008731025840040329
urn:mavedb:00000085-d-1#55,NA,NA,p.Ile275Met,0.0894422390390017,279,0.025490399691123
urn:mavedb:00000085-d-1#56,NA,NA,p.Ile275Leu,0.26245444572364396,279,0.0463471242412329
urn:mavedb:00000085-d-1#57,NA,NA,p.Ile275Lys,NA,279,NA
urn:mavedb:00000085-d-1#58,NA,NA,p.Ile275His,NA,279,NA
urn:mavedb:00000085-d-1#59,NA,NA,p.Ile275Gly,NA,279,NA
urn:mavedb:00000085-d-1#60,NA,NA,p.Ile275Phe,0.451051697411587,279,0.0612956294594771
urn:mavedb:00000085-d-1#61,NA,NA,p.Ile275Glu,NA,279,NA
urn:mavedb:00000085-d-1#62,NA,NA,p.Ile275Asp,0.0331099411463184,279,0.0118463033918439
urn:mavedb:00000085-d-1#63,NA,NA,p.Ile275Cys,0.0476129231870989,279,0.014955389838316003
urn:mavedb:00000085-d-1#64,NA,NA,p.Ile275Ala,NA,279,NA
urn:mavedb:00000085-d-1#65,NA,NA,p.Gln274Tyr,NA,278,NA
urn:mavedb:00000085-d-1#66,NA,NA,p.Gln274Trp,NA,278,NA
urn:mavedb:00000085-d-1#67,NA,NA,p.Gln274Val,NA,278,NA
urn:mavedb:00000085-d-1#68,NA,NA,p.Gln274Ser,0.658932446018485,278,0.219696021788455
urn:mavedb:00000085-d-1#69,NA,NA,p.Gln274Arg,0.40212744682009705,278,0.0940464124019255
urn:mavedb:00000085-d-1#70,NA,NA,p.Gln274Leu,1.12562104533376,278,0.270374972615385
urn:mavedb:00000085-d-1#71,NA,NA,p.Gln274Lys,NA,278,NA
urn:mavedb:00000085-d-1#72,NA,NA,p.Gln274His,0.738289048973504,278,0.246154469960507
urn:mavedb:00000085-d-1#73,NA,NA,p.Gln274Glu,NA,278,NA
urn:mavedb:00000085-d-1#74,NA,NA,p.Gln274Ala,NA,278,NA
urn:mavedb:00000085-d-1#75,NA,NA,p.Arg273Thr,0.5297590583410939,277,0.13969641344064498
urn:mavedb:00000085-d-1#76,NA,NA,p.Arg273Ser,0.349458589897841,277,0.10976619569719098
urn:mavedb:00000085-d-1#77,NA,NA,p.Arg273Asn,NA,277,NA
urn:mavedb:00000085-d-1#78,NA,NA,p.Arg273Leu,NA,277,NA
urn:mavedb:00000085-d-1#79,NA,NA,p.Arg273Lys,0.979832431276143,277,0.258379869616071
urn:mavedb:00000085-d-1#80,NA,NA,p.Arg273Ile,0.282093120212914,277,0.0719242242195888
urn:mavedb:00000085-d-1#81,NA,NA,p.Arg273Gly,NA,277,NA
urn:mavedb:00000085-d-1#82,NA,NA,p.Arg273Asp,NA,277,NA
urn:mavedb:00000085-d-1#83,NA,NA,p.Asn272Thr,NA,276,NA
urn:mavedb:00000085-d-1#84,NA,NA,p.Asn272Ser,0.12439557365756801,276,0.037105213614936
urn:mavedb:00000085-d-1#85,NA,NA,p.Asn272Arg,NA,276,NA
urn:mavedb:00000085-d-1#86,NA,NA,p.Asn272Gln,NA,276,NA
urn:mavedb:00000085-d-1#87,NA,NA,p.Asn272Met,NA,276,NA
urn:mavedb:00000085-d-1#88,NA,NA,p.Asn272Lys,0.0331099411463184,276,0.0118463033918439
urn:mavedb:00000085-d-1#89,NA,NA,p.Asn272Ile,0.0515330351367434,276,0.0135891592016509
urn:mavedb:00000085-d-1#90,NA,NA,p.Asn272His,0.0567539718224147,276,0.0155282349722613
urn:mavedb:00000085-d-1#91,NA,NA,p.Asn272Gly,0.132439764585273,276,0.0362363323325835
urn:mavedb:00000085-d-1#92,NA,NA,p.Asn272Glu,0.132439764585273,276,0.0473852135673756
urn:mavedb:00000085-d-1#93,NA,NA,p.Asn272Asp,0.39046193505383403,276,0.0801688528198574
urn:mavedb:00000085-d-1#94,NA,NA,p.Asn272Cys,NA,276,NA
urn:mavedb:00000085-d-1#95,NA,NA,p.Arg271Trp,0.0523855588711945,275,0.0164544918138748
urn:mavedb:00000085-d-1#96,NA,NA,p.Arg271Val,0.5899427547970739,275,0.196694026974964
urn:mavedb:00000085-d-1#97,NA,NA,p.Arg271Thr,0.613875318545743,275,0.140026931882221
urn:mavedb:00000085-d-1#98,NA,NA,p.Arg271Ser,0.469083837307156,275,0.0790354572079954
urn:mavedb:00000085-d-1#99,NA,NA,p.Arg271Gln,0.7123225974499929,275,0.11746500152407302
urn:mavedb:00000085-d-1#100,NA,NA,p.Arg271Pro,0.24310524454012497,275,0.0692832594187834
urn:mavedb:00000085-d-1#101,NA,NA,p.Arg271Asn,NA,275,NA
urn:mavedb:00000085-d-1#102,NA,NA,p.Arg271Met,NA,275,NA
urn:mavedb:00000085-d-1#103,NA,NA,p.Arg271Leu,1.76832159056115,275,0.29794270082525803
urn:mavedb:00000085-d-1#104,NA,NA,p.Arg271Lys,0.26487952917054697,275,0.0883140284919824
urn:mavedb:00000085-d-1#105,NA,NA,p.Arg271His,NA,275,NA
urn:mavedb:00000085-d-1#106,NA,NA,p.Arg271Gly,0.21046236049955103,275,0.0536607982319046
urn:mavedb:00000085-d-1#107,NA,NA,p.Arg271Phe,NA,275,NA
urn:mavedb:00000085-d-1#108,NA,NA,p.Arg271Asp,NA,275,NA
urn:mavedb:00000085-d-1#109,NA,NA,p.Arg271Cys,NA,275,NA
urn:mavedb:00000085-d-1#110,NA,NA,p.Arg271Ala,0.45859690921631,275,0.120931095794939
urn:mavedb:00000085-d-1#111,NA,NA,p.Glu270Tyr,NA,274,NA
urn:mavedb:00000085-d-1#112,NA,NA,p.Glu270Trp,NA,274,NA
urn:mavedb:00000085-d-1#113,NA,NA,p.Glu270Val,0.4964024589847039,274,0.0674585670851264
urn:mavedb:00000085-d-1#114,NA,NA,p.Glu270Ser,NA,274,NA
urn:mavedb:00000085-d-1#115,NA,NA,p.Glu270Arg,0.21147903471978896,274,0.0705096598298286
urn:mavedb:00000085-d-1#116,NA,NA,p.Glu270Asn,NA,274,NA
urn:mavedb:00000085-d-1#117,NA,NA,p.Glu270Leu,NA,274,NA
urn:mavedb:00000085-d-1#118,NA,NA,p.Glu270Lys,0.49221616718951794,274,0.1346733639221
urn:mavedb:00000085-d-1#119,NA,NA,p.Glu270Gly,0.128973035106928,274,0.0260080131812526
urn:mavedb:00000085-d-1#120,NA,NA,p.Glu270Asp,0.40440763996598794,274,0.0788503154203038
urn:mavedb:00000085-d-1#121,NA,NA,p.Glu270Ala,0.49160054737072995,274,0.10492054748826099
urn:mavedb:00000085-d-1#122,NA,NA,p.Asp269Tyr,0.585782364767806,273,0.0734874906435405
urn:mavedb:00000085-d-1#123,NA,NA,p.Asp269Trp,0.28691724034817,273,0.102655231626498
urn:mavedb:00000085-d-1#124,NA,NA,p.Asp269Val,0.642095316228459,273,0.0663087962177854
urn:mavedb:00000085-d-1#125,NA,NA,p.Asp269Thr,0.541237292629347,273,0.107281509184407
urn:mavedb:00000085-d-1#126,NA,NA,p.Asp269Ser,0.46667641933425896,273,0.07862983380969
urn:mavedb:00000085-d-1#127,NA,NA,p.Asp269Arg,0.49265922771293297,273,0.0571066345097787
urn:mavedb:00000085-d-1#128,NA,NA,p.Asp269Gln,0.667697204441377,273,0.14877215682675798
urn:mavedb:00000085-d-1#129,NA,NA,p.Asp269Pro,0.26487952917054697,273,0.0883140284919824
urn:mavedb:00000085-d-1#130,NA,NA,p.Asp269Asn,0.47329405050732204,273,0.0669478321076391
urn:mavedb:00000085-d-1#131,NA,NA,p.Asp269Met,0.495437673193341,273,0.0886071842267214
urn:mavedb:00000085-d-1#132,NA,NA,p.Asp269Leu,0.462968862964986,273,0.0645883289133784
urn:mavedb:00000085-d-1#133,NA,NA,p.Asp269Lys,0.5297590583410939,273,0.100140450239955
urn:mavedb:00000085-d-1#134,NA,NA,p.Asp269Ile,0.523522408044716,273,0.0640568066127569
urn:mavedb:00000085-d-1#135,NA,NA,p.Asp269His,1.3879131948486798,273,0.17784888941926896
urn:mavedb:00000085-d-1#136,NA,NA,p.Asp269Gly,0.529173339557239,273,0.0589380174738126
urn:mavedb:00000085-d-1#137,NA,NA,p.Asp269Phe,0.45893596146936605,273,0.0867527474787573
urn:mavedb:00000085-d-1#138,NA,NA,p.Asp269Glu,0.9900856416242859,273,0.155453720620797
urn:mavedb:00000085-d-1#139,NA,NA,p.Asp269Cys,0.495890327727353,273,0.103755914622022
urn:mavedb:00000085-d-1#140,NA,NA,p.Asp269Ala,0.821369495011182,273,0.130171842136375
urn:mavedb:00000085-d-1#141,NA,NA,p.Met268Tyr,0.13485327724659,272,0.0217894032480369
urn:mavedb:00000085-d-1#142,NA,NA,p.Met268Trp,0.26487952917054697,272,0.0947704271347512
urn:mavedb:00000085-d-1#143,NA,NA,p.Met268Val,0.26385591563848804,272,0.0399949712136974
urn:mavedb:00000085-d-1#144,NA,NA,p.Met268Thr,0.13589501414003502,272,0.0211435089919285
urn:mavedb:00000085-d-1#145,NA,NA,p.Met268Ser,0.127953391157265,272,0.0215587363433416
urn:mavedb:00000085-d-1#146,NA,NA,p.Met268Arg,0.0826356886008705,272,0.0137722347440067
urn:mavedb:00000085-d-1#147,NA,NA,p.Met268Gln,0.132439764585273,272,0.0327376994020901
urn:mavedb:00000085-d-1#148,NA,NA,p.Met268Pro,0.132439764585273,272,0.0288638178082676
urn:mavedb:00000085-d-1#149,NA,NA,p.Met268Asn,0.11951398319882499,272,0.0229372723610475
urn:mavedb:00000085-d-1#150,NA,NA,p.Met268Leu,0.519410797577348,272,0.0645007696473314
urn:mavedb:00000085-d-1#151,NA,NA,p.Met268Lys,0.07187491271967401,272,0.0156643617739901
urn:mavedb:00000085-d-1#152,NA,NA,p.Met268Ile,0.575949007856214,272,0.0641477756937957
urn:mavedb:00000085-d-1#153,NA,NA,p.Met268His,0.127503621786444,272,0.0184312615126093
urn:mavedb:00000085-d-1#154,NA,NA,p.Met268Gly,0.0745198610659696,272,0.0169982196614076
urn:mavedb:00000085-d-1#155,NA,NA,p.Met268Glu,0.12013600564278999,272,0.0246660810954966
urn:mavedb:00000085-d-1#156,NA,NA,p.Met268Asp,0.150091400410167,272,0.0395788047329321
urn:mavedb:00000085-d-1#157,NA,NA,p.Met268Cys,0.156995697329074,272,0.049312911271341
urn:mavedb:00000085-d-1#158,NA,NA,p.Met268Ala,0.13736914792310198,272,0.022652752036665003
urn:mavedb:00000085-d-1#159,NA,NA,p.Thr267Tyr,0.0662198822926367,271,0.0220785071229956
urn:mavedb:00000085-d-1#160,NA,NA,p.Thr267Trp,0.0555289208840829,271,0.0158253460888295
urn:mavedb:00000085-d-1#161,NA,NA,p.Thr267Val,0.24254933846460897,271,0.048911203699763
urn:mavedb:00000085-d-1#162,NA,NA,p.Thr267Ser,0.6683355088318579,271,0.10693580748323901
urn:mavedb:00000085-d-1#163,NA,NA,p.Thr267Arg,0.275879218208536,271,0.0372554005181611
urn:mavedb:00000085-d-1#164,NA,NA,p.Thr267Gln,0.259560345318955,271,0.0565683768843726
urn:mavedb:00000085-d-1#165,NA,NA,p.Thr267Pro,0.8083713927952271,271,0.150590991661987
urn:mavedb:00000085-d-1#166,NA,NA,p.Thr267Asn,0.7842964524825129,271,0.158157032260762
urn:mavedb:00000085-d-1#167,NA,NA,p.Thr267Met,0.22860826280455399,271,0.0681901950052732
urn:mavedb:00000085-d-1#168,NA,NA,p.Thr267Leu,0.220464631290763,271,0.035275042335815
urn:mavedb:00000085-d-1#169,NA,NA,p.Thr267Lys,0.27704356076457204,271,0.0789554372924573
urn:mavedb:00000085-d-1#170,NA,NA,p.Thr267Ile,0.14882153145303198,271,0.0294987036385715
urn:mavedb:00000085-d-1#171,NA,NA,p.Thr267His,0.316539884353344,271,0.06898645266877
urn:mavedb:00000085-d-1#172,NA,NA,p.Thr267Gly,0.535089028117926,271,0.0791491029179147
urn:mavedb:00000085-d-1#173,NA,NA,p.Thr267Phe,0.129363129051627,271,0.0462844336597146
urn:mavedb:00000085-d-1#174,NA,NA,p.Thr267Glu,0.47613596901678995,271,0.121398601173709
urn:mavedb:00000085-d-1#175,NA,NA,p.Thr267Asp,0.658932446018485,271,0.18779104368279897
urn:mavedb:00000085-d-1#176,NA,NA,p.Thr267Cys,0.5297590583410939,271,0.176628056983965
urn:mavedb:00000085-d-1#177,NA,NA,p.Thr267Ala,0.500628629448029,271,0.0465077054213546
urn:mavedb:00000085-d-1#178,NA,NA,p.Ala266Tyr,0.132439764585273,270,0.0309739730950841
urn:mavedb:00000085-d-1#179,NA,NA,p.Ala266Trp,NA,270,NA
urn:mavedb:00000085-d-1#180,NA,NA,p.Ala266Val,0.45244183109804703,270,0.0697705906385599
urn:mavedb:00000085-d-1#181,NA,NA,p.Ala266Thr,0.517317810496988,270,0.0819852852721691
urn:mavedb:00000085-d-1#182,NA,NA,p.Ala266Ser,0.7544694744554201,270,0.131605629056397
urn:mavedb:00000085-d-1#183,NA,NA,p.Ala266Arg,0.5207617278567029,270,0.0637190171424194
urn:mavedb:00000085-d-1#184,NA,NA,p.Ala266Gln,0.264496801326564,270,0.0653807925569677
urn:mavedb:00000085-d-1#185,NA,NA,p.Ala266Pro,0.0628105745514941,270,0.0103577287339071
urn:mavedb:00000085-d-1#186,NA,NA,p.Ala266Asn,NA,270,NA
urn:mavedb:00000085-d-1#187,NA,NA,p.Ala266Met,NA,270,NA
urn:mavedb:00000085-d-1#188,NA,NA,p.Ala266Leu,0.23406435653203603,270,0.0533908315222891
urn:mavedb:00000085-d-1#189,NA,NA,p.Ala266Lys,NA,270,NA
urn:mavedb:00000085-d-1#190,NA,NA,p.Ala266Ile,0.132439764585273,270,0.039504667341107004
urn:mavedb:00000085-d-1#191,NA,NA,p.Ala266His,0.213651441964788,270,0.0544739063650884
urn:mavedb:00000085-d-1#192,NA,NA,p.Ala266Gly,0.35220101587251096,270,0.0607087853218682
urn:mavedb:00000085-d-1#193,NA,NA,p.Ala266Glu,0.260983263638929,270,0.0444688758420621
urn:mavedb:00000085-d-1#194,NA,NA,p.Ala266Asp,0.132439764585273,270,0.0223146408254145
urn:mavedb:00000085-d-1#195,NA,NA,p.Ala266Cys,0.5723933938091921,270,0.19084285844128002
urn:mavedb:00000085-d-1#196,NA,NA,p.Gln265Tyr,NA,269,NA
urn:mavedb:00000085-d-1#197,NA,NA,p.Gln265Trp,NA,269,NA
urn:mavedb:00000085-d-1#198,NA,NA,p.Gln265Val,1.3736011311444598,269,0.299361546849143
urn:mavedb:00000085-d-1#199,NA,NA,p.Gln265Thr,0.838469262214726,269,0.182735329515146
urn:mavedb:00000085-d-1#200,NA,NA,p.Gln265Ser,1.2364707186308501,269,0.297001142680674
urn:mavedb:00000085-d-1#201,NA,NA,p.Gln265Arg,0.74501845634122,269,0.10690502121550699
urn:mavedb:00000085-d-1#202,NA,NA,p.Gln265Pro,0.548063149096316,269,0.10518496150330901
urn:mavedb:00000085-d-1#203,NA,NA,p.Gln265Asn,1.05951811668219,269,0.37908170853900497
urn:mavedb:00000085-d-1#204,NA,NA,p.Gln265Met,0.913527058940324,269,0.326848019724411
urn:mavedb:00000085-d-1#205,NA,NA,p.Gln265Leu,0.8834379194947579,269,0.127705198458092
urn:mavedb:00000085-d-1#206,NA,NA,p.Gln265Lys,0.7335710778819251,269,0.209062520996421
urn:mavedb:00000085-d-1#207,NA,NA,p.Gln265Ile,0.5899427547970739,269,0.196694026974964
urn:mavedb:00000085-d-1#208,NA,NA,p.Gln265His,1.06050490593339,269,0.18966735607268104
urn:mavedb:00000085-d-1#209,NA,NA,p.Gln265Gly,1.00427695948285,269,0.24122803721915598
urn:mavedb:00000085-d-1#210,NA,NA,p.Gln265Phe,NA,269,NA
urn:mavedb:00000085-d-1#211,NA,NA,p.Gln265Glu,1.27114067112741,269,0.335197274948153
urn:mavedb:00000085-d-1#212,NA,NA,p.Gln265Asp,0.913527058940324,269,0.326848019724411
urn:mavedb:00000085-d-1#213,NA,NA,p.Gln265Cys,NA,269,NA
urn:mavedb:00000085-d-1#214,NA,NA,p.Gln265Ala,1.0334328255758198,269,0.20839654217047401
urn:mavedb:00000085-d-1#215,NA,NA,p.Ser264Tyr,0.0662198822926367,268,0.0236926067836878
urn:mavedb:00000085-d-1#216,NA,NA,p.Ser264Trp,NA,268,NA
urn:mavedb:00000085-d-1#217,NA,NA,p.Ser240Pro,0.0866707066083994,243,0.0177950537506911
urn:mavedb:00000085-d-1#218,NA,NA,p.Ser240Asn,0.508095017512863,243,0.0846801663049688
urn:mavedb:00000085-d-1#219,NA,NA,p.Ser240Met,NA,243,NA
urn:mavedb:00000085-d-1#220,NA,NA,p.Ser240Leu,0.0720500367402967,243,0.00838708456052855
urn:mavedb:00000085-d-1#221,NA,NA,p.Ser240Lys,NA,243,NA
urn:mavedb:00000085-d-1#222,NA,NA,p.Ser240Ile,0.456283587735942,243,0.0973829750418491
urn:mavedb:00000085-d-1#223,NA,NA,p.Ser240His,0.253312354982046,243,0.0608458071438254
urn:mavedb:00000085-d-1#224,NA,NA,p.Ser240Gly,1.06001908841375,243,0.140553624973596
urn:mavedb:00000085-d-1#225,NA,NA,p.Ser240Phe,0.06363497806351799,243,0.00815426369518025
urn:mavedb:00000085-d-1#226,NA,NA,p.Ser240Glu,0.26061377826152804,243,0.0368640329479915
urn:mavedb:00000085-d-1#227,NA,NA,p.Ser240Asp,0.513342085085044,243,0.0517452623081589
urn:mavedb:00000085-d-1#228,NA,NA,p.Ser240Cys,0.9383328783990259,243,0.0891070875093508
urn:mavedb:00000085-d-1#229,NA,NA,p.Ser240Ala,0.8341969968879149,243,0.0883993790008072
urn:mavedb:00000085-d-1#230,NA,NA,p.Gly239Tyr,NA,242,NA
urn:mavedb:00000085-d-1#231,NA,NA,p.Gly239Trp,0.0641016765900253,242,0.00574303019462636
urn:mavedb:00000085-d-1#232,NA,NA,p.Gly239Val,0.0524543905619576,242,0.00494418273817567
urn:mavedb:00000085-d-1#233,NA,NA,p.Gly239Thr,0.264791350409457,242,0.0486384213049934
urn:mavedb:00000085-d-1#234,NA,NA,p.Gly239Ser,0.24437019838917498,242,0.0468998325329921
urn:mavedb:00000085-d-1#235,NA,NA,p.Gly239Arg,0.0696845627325747,242,0.00506049832959531
urn:mavedb:00000085-d-1#236,NA,NA,p.Gly239Gln,0.0633568901670949,242,0.0167070863324386
urn:mavedb:00000085-d-1#237,NA,NA,p.Gly239Pro,0.0364906482638776,242,0.00998406529686861
urn:mavedb:00000085-d-1#238,NA,NA,p.Gly239Asn,NA,242,NA
urn:mavedb:00000085-d-1#239,NA,NA,p.Gly239Met,0.0620992193616957,242,0.0123090150346654
urn:mavedb:00000085-d-1#240,NA,NA,p.Gly239Leu,0.0582495993355418,242,0.00932012119393222
urn:mavedb:00000085-d-1#241,NA,NA,p.Gly239Lys,0.0578219886615295,242,0.0123407403422857
urn:mavedb:00000085-d-1#242,NA,NA,p.Gly239His,0.132439764585273,242,0.0349241033601613
urn:mavedb:00000085-d-1#243,NA,NA,p.Gly239Phe,0.0662198822926367,242,0.0207999023887306
urn:mavedb:00000085-d-1#244,NA,NA,p.Gly239Glu,0.0659708158262824,242,0.00646460657277089
urn:mavedb:00000085-d-1#245,NA,NA,p.Gly239Asp,0.127028606341007,242,0.0203249811105929
urn:mavedb:00000085-d-1#246,NA,NA,p.Gly239Cys,0.126731670064906,242,0.0193739310195615
urn:mavedb:00000085-d-1#247,NA,NA,p.Gly239Ala,0.0748648021496822,242,0.0065811899742926
urn:mavedb:00000085-d-1#248,NA,NA,p.Arg238Tyr,0.9626527342946608,241,0.143534110999651
urn:mavedb:00000085-d-1#249,NA,NA,p.Arg238Trp,0.517641492364761,241,0.0489120308119013
urn:mavedb:00000085-d-1#250,NA,NA,p.Arg238Val,1.01153053557703,241,0.0864836183358258
urn:mavedb:00000085-d-1#251,NA,NA,p.Arg238Thr,1.26722107189433,241,0.190491827750315
urn:mavedb:00000085-d-1#252,NA,NA,p.Arg238Ser,1.05648108713956,241,0.0747003550488014
urn:mavedb:00000085-d-1#253,NA,NA,p.Arg238Gln,0.984438403449471,241,0.109231117147495
urn:mavedb:00000085-d-1#254,NA,NA,p.Arg238Pro,0.25658695292971107,241,0.0260174258767167
urn:mavedb:00000085-d-1#255,NA,NA,p.Arg238Asn,1.84655952814565,241,0.28730081257614604
urn:mavedb:00000085-d-1#256,NA,NA,p.Arg238Met,0.767360118289561,241,0.167237858788095
urn:mavedb:00000085-d-1#257,NA,NA,p.Arg238Leu,0.524928915595303,241,0.0351439100320193
urn:mavedb:00000085-d-1#258,NA,NA,p.Arg238Lys,0.971404382312115,241,0.151137975312696
urn:mavedb:00000085-d-1#259,NA,NA,p.Arg238Ile,0.562553168853447,241,0.057212535041723
urn:mavedb:00000085-d-1#260,NA,NA,p.Arg238His,1.3244841267141398,241,0.12641514968651
urn:mavedb:00000085-d-1#261,NA,NA,p.Arg238Gly,1.24126416290522,241,0.0858848597019851
urn:mavedb:00000085-d-1#262,NA,NA,p.Arg238Phe,0.6943921011102049,241,0.11831730395056801
urn:mavedb:00000085-d-1#263,NA,NA,p.Arg238Glu,1.08113251858701,241,0.125319563955392
urn:mavedb:00000085-d-1#264,NA,NA,p.Arg238Asp,1.79957626963546,241,0.17682688440736105
urn:mavedb:00000085-d-1#265,NA,NA,p.Arg238Cys,0.9564846423526691,241,0.0819345288899119
urn:mavedb:00000085-d-1#266,NA,NA,p.Arg238Ala,0.958984324729619,241,0.10484936880128401
urn:mavedb:00000085-d-1#267,NA,NA,p.Glu237Tyr,0.132439764585273,240,0.0473852135673756
urn:mavedb:00000085-d-1#268,NA,NA,p.Glu237Trp,0.0773045511558632,240,0.0257742693620657
urn:mavedb:00000085-d-1#269,NA,NA,p.Glu237Val,0.24130485444884803,240,0.038242347215036006
urn:mavedb:00000085-d-1#270,NA,NA,p.Glu237Thr,0.26487952917054697,240,0.0883140284919824
urn:mavedb:00000085-d-1#271,NA,NA,p.Glu237Ser,0.132439764585273,240,0.0377443875572566
urn:mavedb:00000085-d-1#272,NA,NA,p.Glu237Arg,0.127408898657395,240,0.0198231790287641
urn:mavedb:00000085-d-1#273,NA,NA,p.Glu237Gln,0.249931625630982,240,0.0570102065682487
urn:mavedb:00000085-d-1#274,NA,NA,p.Glu237Pro,NA,240,NA
urn:mavedb:00000085-d-1#275,NA,NA,p.Glu237Asn,0.132439764585273,240,0.039504667341107004
urn:mavedb:00000085-d-1#276,NA,NA,p.Glu237Met,0.26487952917054697,240,0.0831996095549223
urn:mavedb:00000085-d-1#277,NA,NA,p.Glu237Leu,0.26988407421533606,240,0.0576003931982636
urn:mavedb:00000085-d-1#278,NA,NA,p.Glu237Lys,0.127853380001889,240,0.0234848553481194
urn:mavedb:00000085-d-1#279,NA,NA,p.Glu237Ile,NA,240,NA
urn:mavedb:00000085-d-1#280,NA,NA,p.Glu237His,0.132439764585273,240,0.039504667341107004
urn:mavedb:00000085-d-1#281,NA,NA,p.Glu237Gly,0.0672023418590134,240,0.00724386334336517
urn:mavedb:00000085-d-1#282,NA,NA,p.Glu237Asp,0.227342576329345,240,0.0396564258490663
urn:mavedb:00000085-d-1#283,NA,NA,p.Glu237Cys,0.132439764585273,240,0.0377443875572566
urn:mavedb:00000085-d-1#284,NA,NA,p.Glu237Ala,0.130436357755572,240,0.0151195410338979
urn:mavedb:00000085-d-1#285,NA,NA,p.Ser236Tyr,NA,238,NA
urn:mavedb:00000085-d-1#286,NA,NA,p.Ser236Val,0.0662198822926367,238,0.0188721937786283
urn:mavedb:00000085-d-1#287,NA,NA,p.Ser236Thr,0.415121539364027,238,0.138406526052927
urn:mavedb:00000085-d-1#288,NA,NA,p.Ser236Arg,0.0464660386861153,238,0.00692821130287827
urn:mavedb:00000085-d-1#289,NA,NA,p.Ser236Asn,0.5500811803504089,238,0.12256568259710901
urn:mavedb:00000085-d-1#290,NA,NA,p.Ser236Met,0.0555289208840829,238,0.0158253460888295
urn:mavedb:00000085-d-1#291,NA,NA,p.Ser236Leu,NA,238,NA
urn:mavedb:00000085-d-1#292,NA,NA,p.Ser236Lys,NA,238,NA
urn:mavedb:00000085-d-1#293,NA,NA,p.Ser236Ile,0.054532505295006,238,0.0143801135359546
urn:mavedb:00000085-d-1#294,NA,NA,p.Ser236Gly,0.0460096706366054,238,0.007223995767945791
urn:mavedb:00000085-d-1#295,NA,NA,p.Ser236Glu,0.132439764585273,238,0.0327376994020901
urn:mavedb:00000085-d-1#296,NA,NA,p.Ser236Asp,0.193742503413617,238,0.0693185308059137
urn:mavedb:00000085-d-1#297,NA,NA,p.Ser236Cys,0.11610505442660199,238,0.0271537392359026
urn:mavedb:00000085-d-1#298,NA,NA,p.Ser236Ala,NA,238,NA
urn:mavedb:00000085-d-1#299,NA,NA,p.Ala235Val,0.0576006288207844,237,0.0125534356024492
urn:mavedb:00000085-d-1#300,NA,NA,p.Ala235Thr,0.28617205479449104,237,0.0853605551352247
urn:mavedb:00000085-d-1#301,NA,NA,p.Ala235Ser,0.580838809890588,237,0.139517893672248
urn:mavedb:00000085-d-1#302,NA,NA,p.Ala235Arg,0.0331099411463184,237,0.0118463033918439
urn:mavedb:00000085-d-1#303,NA,NA,p.Ala235Gln,NA,237,NA
urn:mavedb:00000085-d-1#304,NA,NA,p.Ala235Pro,NA,237,NA
urn:mavedb:00000085-d-1#305,NA,NA,p.Ala235Met,NA,237,NA
urn:mavedb:00000085-d-1#306,NA,NA,p.Ala235Gly,0.355350956643782,237,0.0552880191715199
urn:mavedb:00000085-d-1#307,NA,NA,p.Ala235Glu,NA,237,NA
urn:mavedb:00000085-d-1#308,NA,NA,p.Ala235Asp,0.0364906482638776,237,0.00998406529686861
urn:mavedb:00000085-d-1#309,NA,NA,p.Ala235Cys,0.0613507141477303,237,0.0151652431893199
urn:mavedb:00000085-d-1#310,NA,NA,p.Gly234Trp,NA,236,NA
urn:mavedb:00000085-d-1#311,NA,NA,p.Gly234Val,0.0331099411463184,236,0.0062587781399972104
urn:mavedb:00000085-d-1#312,NA,NA,p.Gly234Thr,NA,236,NA
urn:mavedb:00000085-d-1#313,NA,NA,p.Gly234Ser,0.0331099411463184,236,0.0110392535614978
urn:mavedb:00000085-d-1#314,NA,NA,p.Gly234Arg,0.0381234595691703,236,0.007101994990514609
urn:mavedb:00000085-d-1#315,NA,NA,p.Gly234Asn,NA,236,NA
urn:mavedb:00000085-d-1#316,NA,NA,p.Gly234Leu,0.0331099411463184,236,0.0103999511943653
urn:mavedb:00000085-d-1#317,NA,NA,p.Gly234Lys,NA,236,NA
urn:mavedb:00000085-d-1#318,NA,NA,p.Gly234Phe,NA,236,NA
urn:mavedb:00000085-d-1#319,NA,NA,p.Gly234Glu,0.0410628158949788,236,0.00843093410219255
urn:mavedb:00000085-d-1#320,NA,NA,p.Gly234Asp,0.0379439477328205,236,0.0119183299903497
urn:mavedb:00000085-d-1#321,NA,NA,p.Gly234Cys,0.0331099411463184,236,0.0110392535614978
urn:mavedb:00000085-d-1#322,NA,NA,p.Gly234Ala,0.040927132897694,236,0.00661294868543065
urn:mavedb:00000085-d-1#323,NA,NA,p.Ser233Tyr,0.0387518437177588,235,0.0129203318992744
urn:mavedb:00000085-d-1#324,NA,NA,p.Ser233Trp,NA,235,NA
urn:mavedb:00000085-d-1#325,NA,NA,p.Ser233Val,NA,235,NA
urn:mavedb:00000085-d-1#326,NA,NA,p.Ser233Thr,0.6956493099612979,235,0.23193786689644003
urn:mavedb:00000085-d-1#327,NA,NA,p.Ser233Pro,NA,235,NA
urn:mavedb:00000085-d-1#328,NA,NA,p.Ser233Asn,NA,235,NA
urn:mavedb:00000085-d-1#329,NA,NA,p.Ser233Leu,NA,235,NA
urn:mavedb:00000085-d-1#330,NA,NA,p.Ser233Ile,NA,235,NA
urn:mavedb:00000085-d-1#331,NA,NA,p.Ser233Gly,0.132439764585273,235,0.0441570142459912
urn:mavedb:00000085-d-1#332,NA,NA,p.Ser233Phe,0.0499644892316471,235,0.0166587630965998
urn:mavedb:00000085-d-1#333,NA,NA,p.Ser233Asp,NA,235,NA
urn:mavedb:00000085-d-1#334,NA,NA,p.Ser233Cys,0.066573472470913,235,0.0139292725418539
urn:mavedb:00000085-d-1#335,NA,NA,p.Ser233Ala,0.0550757562923411,235,0.0115235872693877
urn:mavedb:00000085-d-1#336,NA,NA,p.Lys232Tyr,NA,234,NA
urn:mavedb:00000085-d-1#337,NA,NA,p.Lys232Val,NA,234,NA
urn:mavedb:00000085-d-1#338,NA,NA,p.Lys232Thr,0.0387518437177588,234,0.0075557304024241
urn:mavedb:00000085-d-1#339,NA,NA,p.Lys232Ser,NA,234,NA
urn:mavedb:00000085-d-1#340,NA,NA,p.Lys232Arg,0.0654647547524639,234,0.00825544909185194
urn:mavedb:00000085-d-1#341,NA,NA,p.Lys232Gln,0.0538405882639592,234,0.013308820049149999
urn:mavedb:00000085-d-1#342,NA,NA,p.Lys232Asn,0.0359259863636594,234,0.00915991391984126
urn:mavedb:00000085-d-1#343,NA,NA,p.Lys232Met,0.0387518437177588,234,0.0129203318992744
urn:mavedb:00000085-d-1#344,NA,NA,p.Lys232Leu,0.0444016917624735,234,0.0126541652148708
urn:mavedb:00000085-d-1#345,NA,NA,p.Lys232Ile,0.0331099411463184,234,0.00987616683527674
urn:mavedb:00000085-d-1#346,NA,NA,p.Lys232His,0.0444016917624735,234,0.0148040593536336
urn:mavedb:00000085-d-1#347,NA,NA,p.Lys232Gly,0.0331099411463184,234,0.009059083083145871
urn:mavedb:00000085-d-1#348,NA,NA,p.Lys232Phe,0.0331099411463184,234,0.0110392535614978
urn:mavedb:00000085-d-1#349,NA,NA,p.Lys232Glu,0.0368672716414088,234,0.00614437572934065
urn:mavedb:00000085-d-1#350,NA,NA,p.Lys232Asp,NA,234,NA
urn:mavedb:00000085-d-1#351,NA,NA,p.Trp286Tyr,NA,290,NA
urn:mavedb:00000085-d-1#352,NA,NA,p.Trp286Val,0.0331099411463184,290,0.00737735207513106
urn:mavedb:00000085-d-1#353,NA,NA,p.Trp286Thr,NA,290,NA
urn:mavedb:00000085-d-1#354,NA,NA,p.Trp286Ser,0.0331099411463184,290,0.00737735207513106
urn:mavedb:00000085-d-1#355,NA,NA,p.Trp286Arg,0.0391143654172749,290,0.00632004426047144
urn:mavedb:00000085-d-1#356,NA,NA,p.Trp286Gln,NA,290,NA
urn:mavedb:00000085-d-1#357,NA,NA,p.Trp286Pro,NA,290,NA
urn:mavedb:00000085-d-1#358,NA,NA,p.Trp286Met,0.0591498159364847,290,0.0168572753329654
urn:mavedb:00000085-d-1#359,NA,NA,p.Trp286Leu,0.0436420654287072,290,0.007612689006684009
urn:mavedb:00000085-d-1#360,NA,NA,p.Trp286Lys,NA,290,NA
urn:mavedb:00000085-d-1#361,NA,NA,p.Trp286Ile,NA,290,NA
urn:mavedb:00000085-d-1#362,NA,NA,p.Trp286His,NA,290,NA
urn:mavedb:00000085-d-1#363,NA,NA,p.Trp286Gly,0.0354666615890102,290,0.00551815445891333
urn:mavedb:00000085-d-1#364,NA,NA,p.Trp286Phe,NA,290,NA
urn:mavedb:00000085-d-1#365,NA,NA,p.Trp286Glu,0.0331099411463184,290,0.0110392535614978
urn:mavedb:00000085-d-1#366,NA,NA,p.Trp286Cys,1.43081531218341,290,0.44942421821588
urn:mavedb:00000085-d-1#367,NA,NA,p.Trp286Ala,0.0331099411463184,290,0.00774349327377103
urn:mavedb:00000085-d-1#368,NA,NA,p.His285Tyr,0.8704684735750601,289,0.203578337405402
urn:mavedb:00000085-d-1#369,NA,NA,p.His285Trp,0.474960959820585,289,0.117405291220697
urn:mavedb:00000085-d-1#370,NA,NA,p.His285Val,0.0828897018640565,289,0.0247246747107794
urn:mavedb:00000085-d-1#371,NA,NA,p.His285Thr,0.302651986688794,289,0.0633243520497397
urn:mavedb:00000085-d-1#372,NA,NA,p.His285Ser,0.160579870762905,289,0.027679105004874003
urn:mavedb:00000085-d-1#373,NA,NA,p.His285Arg,0.22349378001979298,289,0.0305665723544784
urn:mavedb:00000085-d-1#374,NA,NA,p.His285Gln,0.146276421026969,289,0.0178979930366809
urn:mavedb:00000085-d-1#375,NA,NA,p.His285Pro,0.0530248897941947,289,0.0118146776228956
urn:mavedb:00000085-d-1#376,NA,NA,p.His285Asn,0.788887713876864,289,0.189491387816781
urn:mavedb:00000085-d-1#377,NA,NA,p.His285Met,NA,289,NA
urn:mavedb:00000085-d-1#378,NA,NA,p.His285Leu,0.169578710444086,289,0.0261505589761554
urn:mavedb:00000085-d-1#379,NA,NA,p.His285Lys,0.132439764585273,289,0.031812125289745
urn:mavedb:00000085-d-1#380,NA,NA,p.His285Ile,NA,289,NA
urn:mavedb:00000085-d-1#381,NA,NA,p.His285Gly,0.116238696324063,289,0.034672147332982
urn:mavedb:00000085-d-1#382,NA,NA,p.His285Phe,0.5297590583410939,289,0.11803763320209698
urn:mavedb:00000085-d-1#383,NA,NA,p.His285Glu,0.15281424405254998,289,0.0340491236601313
urn:mavedb:00000085-d-1#384,NA,NA,p.His285Asp,0.0699294027196211,289,0.014924782444021002
urn:mavedb:00000085-d-1#385,NA,NA,p.His285Cys,0.21652670328105397,289,0.0617085648764734
urn:mavedb:00000085-d-1#386,NA,NA,p.His285Ala,0.127408898657395,289,0.0198231790287641
urn:mavedb:00000085-d-1#387,NA,NA,p.Lys284Tyr,NA,288,NA
urn:mavedb:00000085-d-1#388,NA,NA,p.Lys284Trp,0.132439764585273,288,0.0309739730950841
urn:mavedb:00000085-d-1#389,NA,NA,p.Lys284Val,0.251794867533733,288,0.0588878081812698
urn:mavedb:00000085-d-1#390,NA,NA,p.Lys284Thr,0.546206074688404,288,0.0613030891516157
urn:mavedb:00000085-d-1#391,NA,NA,p.Lys284Ser,0.511743804290848,288,0.0862231915251476
urn:mavedb:00000085-d-1#392,NA,NA,p.Lys284Arg,1.46097497195725,288,0.185209245755422
urn:mavedb:00000085-d-1#393,NA,NA,p.Lys284Gln,1.37680702319201,288,0.19339718132816003
urn:mavedb:00000085-d-1#394,NA,NA,p.Lys284Pro,NA,288,NA
urn:mavedb:00000085-d-1#395,NA,NA,p.Lys284Asn,0.6128818276103261,288,0.128234230480673
urn:mavedb:00000085-d-1#396,NA,NA,p.Lys284Met,0.413853063872046,288,0.0581330678073644
urn:mavedb:00000085-d-1#397,NA,NA,p.Lys284Leu,0.5297590583410939,288,0.0847631345733527
urn:mavedb:00000085-d-1#398,NA,NA,p.Lys284Ile,0.30405153640013205,288,0.0955036774351006
urn:mavedb:00000085-d-1#399,NA,NA,p.Lys284His,0.5615783847126441,288,0.148087106723215
urn:mavedb:00000085-d-1#400,NA,NA,p.Lys284Gly,0.26454000637082503,288,0.0603424251360411
urn:mavedb:00000085-d-1#401,NA,NA,p.Lys284Phe,NA,288,NA
urn:mavedb:00000085-d-1#402,NA,NA,p.Lys284Glu,0.778886350074757,288,0.134256410645727
urn:mavedb:00000085-d-1#403,NA,NA,p.Lys284Asp,0.5297590583410939,288,0.15801866936442802
urn:mavedb:00000085-d-1#404,NA,NA,p.Lys284Cys,0.27589328364568294,288,0.0786276165242043
urn:mavedb:00000085-d-1#405,NA,NA,p.Lys284Ala,1.01623936533706,288,0.22147840554180398
urn:mavedb:00000085-d-1#406,NA,NA,p.Ile283Tyr,0.374538113735094,287,0.0875940356300234
urn:mavedb:00000085-d-1#407,NA,NA,p.Ile283Trp,NA,287,NA
urn:mavedb:00000085-d-1#408,NA,NA,p.Ile283Val,1.4213914902703702,287,0.217293283282593
urn:mavedb:00000085-d-1#409,NA,NA,p.Ile283Thr,0.118902039887357,287,0.016158181912928
urn:mavedb:00000085-d-1#410,NA,NA,p.Ile283Ser,0.0597020677594154,287,0.0073769118803234
urn:mavedb:00000085-d-1#411,NA,NA,p.Ile283Arg,0.0582964512702623,287,0.00971580711954205
urn:mavedb:00000085-d-1#412,NA,NA,p.Ile283Gln,0.0662198822926367,287,0.0181181661662917
urn:mavedb:00000085-d-1#413,NA,NA,p.Ile283Pro,NA,287,NA
urn:mavedb:00000085-d-1#414,NA,NA,p.Ile283Asn,0.0379439477328205,287,0.00911416312950953
urn:mavedb:00000085-d-1#415,NA,NA,p.Ile283Met,0.23083969134578303,287,0.0365838128189358
urn:mavedb:00000085-d-1#416,NA,NA,p.Ile283Leu,0.227822630220743,287,0.0451579296720418
urn:mavedb:00000085-d-1#417,NA,NA,p.Ile283Lys,0.0466515919504214,287,0.0127641618440895
urn:mavedb:00000085-d-1#418,NA,NA,p.Ile283His,0.0623813737768834,287,0.0121629527055246
urn:mavedb:00000085-d-1#419,NA,NA,p.Ile283Gly,0.035096327238852004,287,0.00781994632490651
urn:mavedb:00000085-d-1#420,NA,NA,p.Ile283Phe,0.755563781107118,287,0.176705329407042
urn:mavedb:00000085-d-1#421,NA,NA,p.Ile283Glu,0.0331099411463184,287,0.0110392535614978
urn:mavedb:00000085-d-1#422,NA,NA,p.Ile283Asp,0.0366690322883256,287,0.007826140479568
urn:mavedb:00000085-d-1#423,NA,NA,p.Ile283Cys,0.132439764585273,287,0.0377443875572566
urn:mavedb:00000085-d-1#424,NA,NA,p.Ile283Ala,0.0598674829615832,287,0.0214198014830304
urn:mavedb:00000085-d-1#425,NA,NA,p.Leu282Val,0.5297590583410939,286,0.0719915591255306
urn:mavedb:00000085-d-1#426,NA,NA,p.Leu282Thr,0.153958731080888,286,0.0438771394070163
urn:mavedb:00000085-d-1#427,NA,NA,p.Leu282Ser,0.0506746322641629,286,0.00972553847615764
urn:mavedb:00000085-d-1#428,NA,NA,p.Leu282Arg,0.034516186264480005,286,0.00672987328896433
urn:mavedb:00000085-d-1#429,NA,NA,p.Leu282Gln,0.0515225579831112,286,0.00888092813724996
urn:mavedb:00000085-d-1#430,NA,NA,p.Leu282Pro,0.067275574134189,286,0.0211314989802169
urn:mavedb:00000085-d-1#431,NA,NA,p.Leu282Met,1.50596949747076,286,0.397121170908266
urn:mavedb:00000085-d-1#432,NA,NA,p.Leu282Lys,NA,286,NA
urn:mavedb:00000085-d-1#433,NA,NA,p.Leu282Ile,1.05951811668219,286,0.35325611396793
urn:mavedb:00000085-d-1#434,NA,NA,p.Leu282Gly,0.0387518437177588,286,0.0129203318992744
urn:mavedb:00000085-d-1#435,NA,NA,p.Leu282Glu,0.0387518437177588,286,0.0129203318992744
urn:mavedb:00000085-d-1#436,NA,NA,p.Leu282Cys,0.204522800781435,286,0.0559586933872496
urn:mavedb:00000085-d-1#437,NA,NA,p.Leu282Ala,0.163077965920059,286,0.0415793769704696
urn:mavedb:00000085-d-1#438,NA,NA,p.Ser281Tyr,NA,285,NA
urn:mavedb:00000085-d-1#439,NA,NA,p.Ser281Val,1.05951811668219,285,0.33279843821968896
urn:mavedb:00000085-d-1#440,NA,NA,p.Ser281Thr,1.0222865731863,285,0.20989380645821304
urn:mavedb:00000085-d-1#441,NA,NA,p.Ser281Arg,0.294344879511098,285,0.0776181611902597
urn:mavedb:00000085-d-1#442,NA,NA,p.Ser281Gln,1.82631428790105,285,0.4271240574441861
urn:mavedb:00000085-d-1#443,NA,NA,p.Ser281Pro,0.084898763019218,285,0.030375665721464
urn:mavedb:00000085-d-1#444,NA,NA,p.Ser281Asn,0.314959980578271,285,0.112688556881785
urn:mavedb:00000085-d-1#445,NA,NA,p.Ser281Leu,0.477012564125699,285,0.08320752620890401
urn:mavedb:00000085-d-1#446,NA,NA,p.Ser281Lys,0.5297590583410939,285,0.15801866936442802
urn:mavedb:00000085-d-1#447,NA,NA,p.Ser281Ile,0.574126047927581,285,0.17125263402775198
urn:mavedb:00000085-d-1#448,NA,NA,p.Ser281His,NA,285,NA
urn:mavedb:00000085-d-1#449,NA,NA,p.Ser281Gly,0.0728526139120361,285,0.0199329222403909
urn:mavedb:00000085-d-1#450,NA,NA,p.Ser281Phe,0.222470487579308,285,0.0741743427294226
urn:mavedb:00000085-d-1#451,NA,NA,p.Ser281Glu,0.856245684509252,285,0.211654814712029
urn:mavedb:00000085-d-1#452,NA,NA,p.Ser281Asp,0.132439764585273,285,0.0302099356885898
urn:mavedb:00000085-d-1#453,NA,NA,p.Ser281Cys,0.5297590583410939,285,0.14494532933033402
urn:mavedb:00000085-d-1#454,NA,NA,p.Ser281Ala,0.9425502120309499,285,0.1664459966001
urn:mavedb:00000085-d-1#455,NA,NA,p.Ala280Tyr,NA,284,NA
urn:mavedb:00000085-d-1#456,NA,NA,p.Ala280Val,0.539283258146562,284,0.0797695034994134
urn:mavedb:00000085-d-1#457,NA,NA,p.Ala280Thr,1.27854679312871,284,0.202625970808489
urn:mavedb:00000085-d-1#458,NA,NA,p.Ala280Ser,0.7543843134741209,284,0.127105443385647
urn:mavedb:00000085-d-1#459,NA,NA,p.Ala280Arg,1.36593493699609,284,0.24121197892398802
urn:mavedb:00000085-d-1#460,NA,NA,p.Ala280Gln,NA,284,NA
urn:mavedb:00000085-d-1#461,NA,NA,p.Ala280Pro,NA,284,NA
urn:mavedb:00000085-d-1#462,NA,NA,p.Ala280Asn,1.151357002128,284,0.22821656689299
urn:mavedb:00000085-d-1#463,NA,NA,p.Ala280Lys,2.0698381391112197,284,0.472136727697668
urn:mavedb:00000085-d-1#464,NA,NA,p.Ala280Ile,NA,284,NA
urn:mavedb:00000085-d-1#465,NA,NA,p.Ala280His,NA,284,NA
urn:mavedb:00000085-d-1#466,NA,NA,p.Ala280Gly,0.31049942842888595,284,0.0541618633802655
urn:mavedb:00000085-d-1#467,NA,NA,p.Ala280Glu,1.71544218904802,284,0.46935551006401205
urn:mavedb:00000085-d-1#468,NA,NA,p.Ala280Asp,1.0366607618847201,284,0.132121902397619
urn:mavedb:00000085-d-1#469,NA,NA,p.Gly279Val,0.14551699378554,283,0.0253832078751297
urn:mavedb:00000085-d-1#470,NA,NA,p.Gly279Ser,0.25494095039181003,283,0.0514100299549754
urn:mavedb:00000085-d-1#471,NA,NA,p.Gly279Arg,0.0480678919710254,283,0.0136990061051231
urn:mavedb:00000085-d-1#472,NA,NA,p.Gly279Asn,NA,283,NA
urn:mavedb:00000085-d-1#473,NA,NA,p.Gly279Met,NA,283,NA
urn:mavedb:00000085-d-1#474,NA,NA,p.Gly279Leu,NA,283,NA
urn:mavedb:00000085-d-1#475,NA,NA,p.Gly279Asp,0.0376208666302858,283,0.00879847313583788
urn:mavedb:00000085-d-1#476,NA,NA,p.Gly279Cys,0.283311208548847,283,0.0592776505651423
urn:mavedb:00000085-d-1#477,NA,NA,p.Gly279Ala,0.45304331034384104,283,0.0856388585748753
urn:mavedb:00000085-d-1#478,NA,NA,p.Ile278Tyr,NA,282,NA
urn:mavedb:00000085-d-1#479,NA,NA,p.Ile278Val,0.128047141048837,282,0.0204879499039493
urn:mavedb:00000085-d-1#480,NA,NA,p.Ile278Thr,0.0331099411463184,282,0.00774349327377103
urn:mavedb:00000085-d-1#481,NA,NA,p.Lys232Ala,0.0373382209180414,234,0.0111373951856148
urn:mavedb:00000085-d-1#482,NA,NA,p.Asp231Tyr,0.0398830836504292,233,0.0109122564369605
urn:mavedb:00000085-d-1#483,NA,NA,p.Asp231Trp,NA,233,NA
urn:mavedb:00000085-d-1#484,NA,NA,p.Asp231Val,0.0598674829615832,233,0.00818789565178806
urn:mavedb:00000085-d-1#485,NA,NA,p.Asp231Thr,NA,233,NA
urn:mavedb:00000085-d-1#486,NA,NA,p.Asp231Ser,0.12613824410010402,233,0.0302984956044473
urn:mavedb:00000085-d-1#487,NA,NA,p.Asp231Arg,0.0465449944876516,233,0.0127349961241199
urn:mavedb:00000085-d-1#488,NA,NA,p.Asp231Gln,NA,233,NA
urn:mavedb:00000085-d-1#489,NA,NA,p.Asp231Asn,0.0622726016363884,233,0.0108625003248154
urn:mavedb:00000085-d-1#490,NA,NA,p.Asp231Met,NA,233,NA
urn:mavedb:00000085-d-1#491,NA,NA,p.Asp231Leu,0.0613507141477303,233,0.0151652431893199
urn:mavedb:00000085-d-1#492,NA,NA,p.Asp231Lys,NA,233,NA
urn:mavedb:00000085-d-1#493,NA,NA,p.Asp231Ile,0.054532505295006,233,0.0143801135359546
urn:mavedb:00000085-d-1#494,NA,NA,p.Asp231His,0.0776418868566432,233,0.0221273835495753
urn:mavedb:00000085-d-1#495,NA,NA,p.Asp231Gly,0.0610640487001762,233,0.007265416719882709
urn:mavedb:00000085-d-1#496,NA,NA,p.Asp231Phe,NA,233,NA
urn:mavedb:00000085-d-1#497,NA,NA,p.Asp231Glu,0.0603446673511733,233,0.008596632205210291
urn:mavedb:00000085-d-1#498,NA,NA,p.Asp231Cys,NA,233,NA
urn:mavedb:00000085-d-1#499,NA,NA,p.Asp231Ala,0.124079802060419,233,0.0179363319109381
urn:mavedb:00000085-d-1#500,NA,NA,p.Ala230Val,0.0550528269954601,232,0.0109123122988232
urn:mavedb:00000085-d-1#501,NA,NA,p.Ala230Thr,0.0331099411463184,232,0.0103999511943653
urn:mavedb:00000085-d-1#502,NA,NA,p.Ala230Ser,0.063800066590749,232,0.0157706970291121
urn:mavedb:00000085-d-1#503,NA,NA,p.Ala230Arg,NA,232,NA
urn:mavedb:00000085-d-1#504,NA,NA,p.Ala230Pro,NA,232,NA
urn:mavedb:00000085-d-1#505,NA,NA,p.Ala230His,NA,232,NA
urn:mavedb:00000085-d-1#506,NA,NA,p.Ala230Gly,0.26477132487210797,232,0.0524817260522496
urn:mavedb:00000085-d-1#507,NA,NA,p.Ala230Glu,NA,232,NA
urn:mavedb:00000085-d-1#508,NA,NA,p.Ala230Asp,0.0426476100092443,232,0.0102439861409503
urn:mavedb:00000085-d-1#509,NA,NA,p.Ala230Cys,0.284303766001771,232,0.101720164726879
urn:mavedb:00000085-d-1#510,NA,NA,p.Ile229Tyr,0.0368672716414088,231,0.0105069092607457
urn:mavedb:00000085-d-1#511,NA,NA,p.Ile229Val,0.117722294244903,231,0.0241705027652295
urn:mavedb:00000085-d-1#512,NA,NA,p.Ile229Thr,0.0347978988423431,231,0.0072808192042354
urn:mavedb:00000085-d-1#513,NA,NA,p.Ile229Ser,0.0392844947938433,231,0.008960919441355679
urn:mavedb:00000085-d-1#514,NA,NA,p.Ile229Arg,0.0331099411463184,231,0.00844191743885064
urn:mavedb:00000085-d-1#515,NA,NA,p.Ile229Gln,NA,231,NA
urn:mavedb:00000085-d-1#516,NA,NA,p.Ile229Pro,NA,231,NA
urn:mavedb:00000085-d-1#517,NA,NA,p.Ile229Asn,0.0331099411463184,231,0.009059083083145871
urn:mavedb:00000085-d-1#518,NA,NA,p.Ile229Met,0.110471008294289,231,0.0273072568009259
urn:mavedb:00000085-d-1#519,NA,NA,p.Ile229Leu,0.13550244777442402,231,0.0242341085524084
urn:mavedb:00000085-d-1#520,NA,NA,p.Ile229Lys,NA,231,NA
urn:mavedb:00000085-d-1#521,NA,NA,p.Ile229His,0.0331099411463184,231,0.0103999511943653
urn:mavedb:00000085-d-1#522,NA,NA,p.Ile229Gly,NA,231,NA
urn:mavedb:00000085-d-1#523,NA,NA,p.Ile229Phe,0.0500069589021105,231,0.0166729229967593
urn:mavedb:00000085-d-1#524,NA,NA,p.Ile229Asp,0.0331099411463184,231,0.0110392535614978
urn:mavedb:00000085-d-1#525,NA,NA,p.Ile229Cys,0.28606818805884304,231,0.102351451835091
urn:mavedb:00000085-d-1#526,NA,NA,p.Ile229Ala,0.0529427197297651,231,0.0117963689979224
urn:mavedb:00000085-d-1#527,NA,NA,p.Phe228Tyr,0.979353576017758,230,0.20901993280914702
urn:mavedb:00000085-d-1#528,NA,NA,p.Phe228Trp,NA,230,NA
urn:mavedb:00000085-d-1#529,NA,NA,p.Phe228Val,0.0718087754922359,230,0.0110735576040035
urn:mavedb:00000085-d-1#530,NA,NA,p.Phe228Thr,0.0598674829615832,230,0.0214198014830304
urn:mavedb:00000085-d-1#531,NA,NA,p.Phe228Ser,0.0803739654206145,230,0.0119839743483587
urn:mavedb:00000085-d-1#532,NA,NA,p.Phe228Arg,0.0795365913141551,230,0.0217616994751218
urn:mavedb:00000085-d-1#533,NA,NA,p.Phe228Gln,NA,230,NA
urn:mavedb:00000085-d-1#534,NA,NA,p.Phe228Asn,0.0427899878089411,230,0.0134404885485566
urn:mavedb:00000085-d-1#535,NA,NA,p.Phe228Met,NA,230,NA
urn:mavedb:00000085-d-1#536,NA,NA,p.Phe228Leu,0.0750041100175038,230,0.00945841184726749
urn:mavedb:00000085-d-1#537,NA,NA,p.Phe228Lys,NA,230,NA
urn:mavedb:00000085-d-1#538,NA,NA,p.Phe228Ile,0.07214409838329401,230,0.024053712191734997
urn:mavedb:00000085-d-1#539,NA,NA,p.Phe228His,NA,230,NA
urn:mavedb:00000085-d-1#540,NA,NA,p.Phe228Gly,0.0500069589021105,230,0.0149162774666239
urn:mavedb:00000085-d-1#541,NA,NA,p.Phe228Asp,NA,230,NA
urn:mavedb:00000085-d-1#542,NA,NA,p.Phe228Cys,0.0998155819057101,230,0.0168178255675738
urn:mavedb:00000085-d-1#543,NA,NA,p.Phe228Ala,0.12343105920735101,230,0.0275021443485782
urn:mavedb:00000085-d-1#544,NA,NA,p.Trp227Tyr,0.0595278162641047,229,0.0127048090296377
urn:mavedb:00000085-d-1#545,NA,NA,p.Trp227Val,0.0430849007398595,229,0.0117882932411941
urn:mavedb:00000085-d-1#546,NA,NA,p.Trp227Thr,0.0331099411463184,229,0.00844191743885064
urn:mavedb:00000085-d-1#547,NA,NA,p.Trp227Ser,0.0376208666302858,229,0.00879847313583788
urn:mavedb:00000085-d-1#548,NA,NA,p.Trp227Arg,0.0342734441819703,229,0.0062106285893225605
urn:mavedb:00000085-d-1#549,NA,NA,p.Trp227Gln,NA,229,NA
urn:mavedb:00000085-d-1#550,NA,NA,p.Trp227Pro,NA,229,NA
urn:mavedb:00000085-d-1#551,NA,NA,p.Trp227Met,0.0368672716414088,229,0.0105069092607457
urn:mavedb:00000085-d-1#552,NA,NA,p.Trp227Leu,0.0331099411463184,229,0.00737735207513106
urn:mavedb:00000085-d-1#553,NA,NA,p.Trp227Lys,NA,229,NA
urn:mavedb:00000085-d-1#554,NA,NA,p.Trp227His,NA,229,NA
urn:mavedb:00000085-d-1#555,NA,NA,p.Trp227Gly,0.0397940921453964,229,0.007117025298329009
urn:mavedb:00000085-d-1#556,NA,NA,p.Trp227Phe,NA,229,NA
urn:mavedb:00000085-d-1#557,NA,NA,p.Trp227Glu,0.0331099411463184,229,0.0110392535614978
urn:mavedb:00000085-d-1#558,NA,NA,p.Trp227Asp,NA,229,NA
urn:mavedb:00000085-d-1#559,NA,NA,p.Trp227Cys,0.0476936531165563,229,0.00852983238215493
urn:mavedb:00000085-d-1#560,NA,NA,p.Trp227Ala,0.0415794189807984,229,0.0124024768559246
urn:mavedb:00000085-d-1#561,NA,NA,p.Gly226Tyr,0.0645674675166271,228,0.0137804037810931
urn:mavedb:00000085-d-1#562,NA,NA,p.Gly226Trp,0.0518584431140911,228,0.0147792861241
urn:mavedb:00000085-d-1#563,NA,NA,p.Leu223Asp,0.0377236590301266,225,0.00760715152967589
urn:mavedb:00000085-d-1#564,NA,NA,p.Leu223Cys,0.492355929997029,225,0.047986461060918
urn:mavedb:00000085-d-1#565,NA,NA,p.Leu223Ala,0.237679618053173,225,0.0266758197871521
urn:mavedb:00000085-d-1#566,NA,NA,p.Ala222Tyr,0.36501433005538503,224,0.0462732285337578
urn:mavedb:00000085-d-1#567,NA,NA,p.Ala222Trp,0.132439764585273,224,0.0282661455196148
urn:mavedb:00000085-d-1#568,NA,NA,p.Ala222Val,1.9850808320202602,224,0.163346580637479
urn:mavedb:00000085-d-1#569,NA,NA,p.Ala222Thr,0.7770856574020609,224,0.0715160390561038
urn:mavedb:00000085-d-1#570,NA,NA,p.Ala222Ser,1.14953010534171,224,0.0962860292129386
urn:mavedb:00000085-d-1#571,NA,NA,p.Ala222Arg,1.15913736495265,224,0.0983544751575074
urn:mavedb:00000085-d-1#572,NA,NA,p.Ala222Gln,0.948852467616777,224,0.17676112157463503
urn:mavedb:00000085-d-1#573,NA,NA,p.Ala222Pro,0.217781690013761,224,0.0256822106291474
urn:mavedb:00000085-d-1#574,NA,NA,p.Ala222Asn,0.7453754740484771,224,0.10695625079947801
urn:mavedb:00000085-d-1#575,NA,NA,p.Ala222Met,0.450429388922425,224,0.094244050765152
urn:mavedb:00000085-d-1#576,NA,NA,p.Ala222Leu,0.129743612094023,224,0.0113588450435796
urn:mavedb:00000085-d-1#577,NA,NA,p.Ala222Lys,1.6784283229194998,224,0.4148896071792229
urn:mavedb:00000085-d-1#578,NA,NA,p.Ala222Ile,0.9154535326143151,224,0.129491653947719
urn:mavedb:00000085-d-1#579,NA,NA,p.Ala222His,0.9582174811398521,224,0.09895454161297002
urn:mavedb:00000085-d-1#580,NA,NA,p.Ala222Gly,0.274824576416425,224,0.0246222240126326
urn:mavedb:00000085-d-1#581,NA,NA,p.Ala222Phe,0.209431892272943,224,0.0533980636153152
urn:mavedb:00000085-d-1#582,NA,NA,p.Ala222Glu,0.67773213117255,224,0.0951996043428221
urn:mavedb:00000085-d-1#583,NA,NA,p.Ala222Asp,0.14607043875676903,224,0.0108577576180314
urn:mavedb:00000085-d-1#584,NA,NA,p.Ala222Cys,0.7975093878780172,224,0.0936370462147417
urn:mavedb:00000085-d-1#585,NA,NA,p.Ser221Tyr,0.26746593560349496,223,0.0262812801412671
urn:mavedb:00000085-d-1#586,NA,NA,p.Ser221Trp,0.168524625627728,223,0.0222139454935098
urn:mavedb:00000085-d-1#587,NA,NA,p.Ser221Val,0.454092045769224,223,0.0302176329474947
urn:mavedb:00000085-d-1#588,NA,NA,p.Ser221Thr,0.6155741600418909,223,0.0378029583811715
urn:mavedb:00000085-d-1#589,NA,NA,p.Ser221Arg,0.5887986571513489,223,0.0416809714346165
urn:mavedb:00000085-d-1#590,NA,NA,p.Ser221Gln,0.5303706334056421,223,0.0604736714269772
urn:mavedb:00000085-d-1#591,NA,NA,p.Ser221Pro,0.20368312783823103,223,0.0266925423738229
urn:mavedb:00000085-d-1#592,NA,NA,p.Ser221Asn,0.586695673772105,223,0.0743759922743425
urn:mavedb:00000085-d-1#593,NA,NA,p.Ser221Met,0.28983824774967304,223,0.0463750416565638
urn:mavedb:00000085-d-1#594,NA,NA,p.Ser221Leu,0.256271522786848,223,0.01904926214028
urn:mavedb:00000085-d-1#595,NA,NA,p.Ser221Lys,1.43345110796379,223,0.172112587948713
urn:mavedb:00000085-d-1#596,NA,NA,p.Ser221Ile,0.288378654779635,223,0.0222620970075022
urn:mavedb:00000085-d-1#597,NA,NA,p.Ser221His,0.484942512696491,223,0.0484592762882047
urn:mavedb:00000085-d-1#598,NA,NA,p.Ser221Gly,0.266494953037897,223,0.0216320155444032
urn:mavedb:00000085-d-1#599,NA,NA,p.Ser221Phe,0.16257809883872598,223,0.0244391447450163
urn:mavedb:00000085-d-1#600,NA,NA,p.Ser221Glu,0.448753757836608,223,0.0439742400655658
urn:mavedb:00000085-d-1#601,NA,NA,p.Ser221Asp,0.366391043016739,223,0.040204745024644994
urn:mavedb:00000085-d-1#602,NA,NA,p.Ser221Cys,0.450151403255239,223,0.0453755947867965
urn:mavedb:00000085-d-1#603,NA,NA,p.Ser221Ala,1.40827531208973,223,0.10808204210863902
urn:mavedb:00000085-d-1#604,NA,NA,p.Arg220Tyr,0.0331099411463184,222,0.00795303132243624
urn:mavedb:00000085-d-1#605,NA,NA,p.Arg220Trp,0.0331099411463184,222,0.009436096889314141
urn:mavedb:00000085-d-1#606,NA,NA,p.Arg220Val,0.0387518437177588,222,0.0129203318992744
urn:mavedb:00000085-d-1#607,NA,NA,p.Arg220Thr,0.0415794189807984,222,0.00810704343247485
urn:mavedb:00000085-d-1#608,NA,NA,p.Arg220Ser,0.0397270524956747,222,0.0047056348916418
urn:mavedb:00000085-d-1#609,NA,NA,p.Arg220Gln,0.0404732427678364,222,0.00802241572199626
urn:mavedb:00000085-d-1#610,NA,NA,p.Arg220Pro,0.0342346156363206,222,0.00612273361261868
urn:mavedb:00000085-d-1#611,NA,NA,p.Arg220Asn,0.0406371572252306,222,0.011581299742848
urn:mavedb:00000085-d-1#612,NA,NA,p.Arg220Met,NA,222,NA
urn:mavedb:00000085-d-1#613,NA,NA,p.Arg220Leu,0.0359860395170549,222,0.0054095110893724605
urn:mavedb:00000085-d-1#614,NA,NA,p.Arg220Lys,0.0635970649017102,222,0.0162151049704648
urn:mavedb:00000085-d-1#615,NA,NA,p.Arg220Ile,0.0355228903431513,222,0.00853262342914084
urn:mavedb:00000085-d-1#616,NA,NA,p.Arg220His,0.0415794189807984,222,0.00584057336772284
urn:mavedb:00000085-d-1#617,NA,NA,p.Arg220Gly,0.0402402960693783,222,0.00561388396933574
urn:mavedb:00000085-d-1#618,NA,NA,p.Arg220Phe,NA,222,NA
urn:mavedb:00000085-d-1#619,NA,NA,p.Arg220Glu,NA,222,NA
urn:mavedb:00000085-d-1#620,NA,NA,p.Arg220Asp,NA,222,NA
urn:mavedb:00000085-d-1#621,NA,NA,p.Arg220Cys,0.0386429173647284,222,0.00550502575459876
urn:mavedb:00000085-d-1#622,NA,NA,p.Arg220Ala,0.0415794189807984,222,0.00641191954700091
urn:mavedb:00000085-d-1#623,NA,NA,p.Leu219Tyr,0.0331099411463184,221,0.009059083083145871
urn:mavedb:00000085-d-1#624,NA,NA,p.Leu219Trp,0.0359259863636594,221,0.007004752325644279
urn:mavedb:00000085-d-1#625,NA,NA,p.Leu219Val,0.190844027241382,221,0.0271874215696276
urn:mavedb:00000085-d-1#626,NA,NA,p.Leu219Thr,0.0362788588815579,221,0.00632829054880177
urn:mavedb:00000085-d-1#627,NA,NA,p.Leu219Ser,0.0374525485062219,221,0.00567701351611255
urn:mavedb:00000085-d-1#628,NA,NA,p.Leu219Arg,0.0346618825284559,221,0.00410566990474941
urn:mavedb:00000085-d-1#629,NA,NA,p.Leu219Gln,0.0344968959713543,221,0.004373205706048671
urn:mavedb:00000085-d-1#630,NA,NA,p.Leu219Pro,0.0406371572252306,221,0.00475069667243397
urn:mavedb:00000085-d-1#631,NA,NA,p.Leu219Asn,0.0444016917624735,221,0.0113209327176885
urn:mavedb:00000085-d-1#632,NA,NA,p.Leu219Met,0.128197692583625,221,0.0131169844091159
urn:mavedb:00000085-d-1#633,NA,NA,p.Leu219Lys,0.0366075170807921,221,0.00663358170130106
urn:mavedb:00000085-d-1#634,NA,NA,p.Leu219Ile,1.02750530579463,221,0.15198615356231798
urn:mavedb:00000085-d-1#635,NA,NA,p.Leu219His,0.0341642462496957,221,0.0059594288054851
urn:mavedb:00000085-d-1#636,NA,NA,p.Leu219Gly,0.0344078725633327,221,0.0065041263495916
urn:mavedb:00000085-d-1#637,NA,NA,p.Leu219Phe,0.26487952917054697,221,0.0947704271347512
urn:mavedb:00000085-d-1#638,NA,NA,p.Leu219Glu,0.0368672716414088,221,0.00803482409590343
urn:mavedb:00000085-d-1#639,NA,NA,p.Leu219Asp,0.04713547002310299,221,0.0120179539014584
urn:mavedb:00000085-d-1#640,NA,NA,p.Leu219Cys,0.0373382209180414,221,0.0059742341250684896
urn:mavedb:00000085-d-1#641,NA,NA,p.Leu219Ala,0.0344598604860688,221,0.005057524054986571
urn:mavedb:00000085-d-1#642,NA,NA,p.Leu218Tyr,0.0387518437177588,220,0.009880412164518109
urn:mavedb:00000085-d-1#643,NA,NA,p.Leu218Trp,0.0387518437177588,220,0.0129203318992744
urn:mavedb:00000085-d-1#644,NA,NA,p.Leu218Val,0.0552580461422651,220,0.00519566409814831
urn:mavedb:00000085-d-1#645,NA,NA,p.Leu218Thr,0.0459334073143819,220,0.00636513856991785
urn:mavedb:00000085-d-1#646,NA,NA,p.Leu218Ser,0.040519344704274006,220,0.0054050111866141394
urn:mavedb:00000085-d-1#647,NA,NA,p.Leu218Arg,0.0363292806509389,220,0.00372854364817961
urn:mavedb:00000085-d-1#648,NA,NA,p.Leu218Gln,0.0353617131439627,220,0.00540587361338945
urn:mavedb:00000085-d-1#649,NA,NA,p.Leu218Pro,0.0362788588815579,220,0.00483935857116004
urn:mavedb:00000085-d-1#650,NA,NA,p.Leu218Asn,0.0331099411463184,220,0.00818442485052254
urn:mavedb:00000085-d-1#651,NA,NA,p.Leu218Met,0.195978306796141,220,0.0536208673979449
urn:mavedb:00000085-d-1#652,NA,NA,p.Leu218Lys,0.0331099411463184,220,0.0110392535614978
urn:mavedb:00000085-d-1#653,NA,NA,p.Leu218Ile,0.0623653856951775,220,0.00665345569078521
urn:mavedb:00000085-d-1#654,NA,NA,p.Leu218His,0.0390005299784566,220,0.0050817745439051204
urn:mavedb:00000085-d-1#655,NA,NA,p.Leu218Gly,0.0437384399536853,220,0.00637029382776494
urn:mavedb:00000085-d-1#656,NA,NA,p.Leu218Phe,0.0417021559605592,220,0.00607371883865414
urn:mavedb:00000085-d-1#657,NA,NA,p.Leu218Glu,0.0357089084105303,220,0.00882686188080629
urn:mavedb:00000085-d-1#658,NA,NA,p.Leu218Asp,0.0331099411463184,220,0.00774349327377103
urn:mavedb:00000085-d-1#659,NA,NA,p.Leu218Cys,0.0642963452760813,220,0.00951056325599111
urn:mavedb:00000085-d-1#660,NA,NA,p.Leu218Ala,0.0398830836504292,220,0.00609707195600814
urn:mavedb:00000085-d-1#661,NA,NA,p.Pro217Trp,NA,219,NA
urn:mavedb:00000085-d-1#662,NA,NA,p.Pro217Val,0.261525874031134,219,0.0611636196370091
urn:mavedb:00000085-d-1#663,NA,NA,p.Pro217Thr,0.481076637010415,219,0.0419471563463178
urn:mavedb:00000085-d-1#664,NA,NA,p.Pro217Ser,0.538979057174186,219,0.0549803456740485
urn:mavedb:00000085-d-1#665,NA,NA,p.Pro217Arg,0.305235439369727,219,0.0455114247066701
urn:mavedb:00000085-d-1#666,NA,NA,p.Pro217Gln,0.560434909676581,219,0.0924180810140942
urn:mavedb:00000085-d-1#667,NA,NA,p.Pro217Asn,NA,219,NA
urn:mavedb:00000085-d-1#668,NA,NA,p.Pro217Leu,0.25001508096410996,219,0.0294833783748205
urn:mavedb:00000085-d-1#669,NA,NA,p.Pro217Lys,0.5297590583410939,219,0.176628056983965
urn:mavedb:00000085-d-1#670,NA,NA,p.Pro217Ile,0.11074630125900099,219,0.0369241520301547
urn:mavedb:00000085-d-1#671,NA,NA,p.Pro217His,0.554594055345867,219,0.0685267969632835
urn:mavedb:00000085-d-1#672,NA,NA,p.Pro217Gly,0.498747193972147,219,0.100574694424971
urn:mavedb:00000085-d-1#673,NA,NA,p.Pro217Glu,0.623246108063348,219,0.142164439069467
urn:mavedb:00000085-d-1#674,NA,NA,p.Pro217Asp,NA,219,NA
urn:mavedb:00000085-d-1#675,NA,NA,p.Pro217Cys,0.5297590583410939,219,0.15801866936442802
urn:mavedb:00000085-d-1#676,NA,NA,p.Pro217Ala,0.8134838227248951,219,0.10985483367490198
urn:mavedb:00000085-d-1#677,NA,NA,p.Gly216Tyr,NA,218,NA
urn:mavedb:00000085-d-1#678,NA,NA,p.Gly216Trp,0.24834767296120003,218,0.0541246959167153
urn:mavedb:00000085-d-1#679,NA,NA,p.Gly216Val,0.156703809682022,218,0.0267007246348517
urn:mavedb:00000085-d-1#680,NA,NA,p.Gly216Thr,0.32052905822149397,218,0.11468109993955802
urn:mavedb:00000085-d-1#681,NA,NA,p.Gly216Ser,0.374538113735094,218,0.12487552266237
urn:mavedb:00000085-d-1#682,NA,NA,p.Gly216Arg,0.245300253316912,218,0.0494659384912632
urn:mavedb:00000085-d-1#683,NA,NA,p.Gly216Gln,NA,218,NA
urn:mavedb:00000085-d-1#684,NA,NA,p.Gly216Pro,NA,218,NA
urn:mavedb:00000085-d-1#685,NA,NA,p.Gly216Leu,NA,218,NA
urn:mavedb:00000085-d-1#686,NA,NA,p.Gly216Lys,0.26487952917054697,218,0.0947704271347512
urn:mavedb:00000085-d-1#687,NA,NA,p.Gly216Glu,0.486995405015311,218,0.0607821191015708
urn:mavedb:00000085-d-1#688,NA,NA,p.Gly216Asp,0.438507156334378,218,0.10532972964307301
urn:mavedb:00000085-d-1#689,NA,NA,p.Gly216Cys,NA,218,NA
urn:mavedb:00000085-d-1#690,NA,NA,p.Gly216Ala,0.504588843347194,218,0.0914356281121536
urn:mavedb:00000085-d-1#691,NA,NA,p.Ala215Tyr,NA,217,NA
urn:mavedb:00000085-d-1#692,NA,NA,p.Ala215Val,0.0433377108422181,217,0.006218663252681779
urn:mavedb:00000085-d-1#693,NA,NA,p.Ala215Thr,0.227429539549656,217,0.040674926837085
urn:mavedb:00000085-d-1#694,NA,NA,p.Ala215Ser,1.43683086218146,217,0.21779314226418398
urn:mavedb:00000085-d-1#695,NA,NA,p.Ala215Arg,0.0449649612181029,217,0.00940808968488913
urn:mavedb:00000085-d-1#696,NA,NA,p.Ala215Gln,0.0570871943673745,217,0.017931292375914
urn:mavedb:00000085-d-1#697,NA,NA,p.Ser264Val,0.100162011555515,268,0.0264125238766502
urn:mavedb:00000085-d-1#698,NA,NA,p.Ser264Thr,0.79164769586629,268,0.283241179537072
urn:mavedb:00000085-d-1#699,NA,NA,p.Ser264Arg,0.12679879846536302,268,0.0236212673687284
urn:mavedb:00000085-d-1#700,NA,NA,p.Ser264Gln,NA,268,NA
urn:mavedb:00000085-d-1#701,NA,NA,p.Ser264Pro,NA,268,NA
urn:mavedb:00000085-d-1#702,NA,NA,p.Ser264Asn,0.261111569878332,268,0.0493579670961323
urn:mavedb:00000085-d-1#703,NA,NA,p.Ser264Met,0.14984823400083802,268,0.0409993963950981
urn:mavedb:00000085-d-1#704,NA,NA,p.Ser264Lys,0.132439764585273,268,0.0441570142459912
urn:mavedb:00000085-d-1#705,NA,NA,p.Ser264Ile,0.10798593164982302,268,0.0322104793881528
urn:mavedb:00000085-d-1#706,NA,NA,p.Ser264His,NA,268,NA
urn:mavedb:00000085-d-1#707,NA,NA,p.Ser264Gly,1.57076904109205,268,0.42977204896869897
urn:mavedb:00000085-d-1#708,NA,NA,p.Ser264Asp,NA,268,NA
urn:mavedb:00000085-d-1#709,NA,NA,p.Ser264Cys,NA,268,NA
urn:mavedb:00000085-d-1#710,NA,NA,p.Ser264Ala,NA,268,NA
urn:mavedb:00000085-d-1#711,NA,NA,p.Gly263Tyr,NA,267,NA
urn:mavedb:00000085-d-1#712,NA,NA,p.Gly263Trp,0.13369053815794602,267,0.0202646554739242
urn:mavedb:00000085-d-1#713,NA,NA,p.Gly263Val,0.231904909757016,267,0.0516716160765282
urn:mavedb:00000085-d-1#714,NA,NA,p.Gly263Thr,NA,267,NA
urn:mavedb:00000085-d-1#715,NA,NA,p.Gly263Ser,0.43452504275402504,267,0.14487588801757
urn:mavedb:00000085-d-1#716,NA,NA,p.Gly263Arg,0.227574473545089,267,0.0412383571401521
urn:mavedb:00000085-d-1#717,NA,NA,p.Gly263Gln,NA,267,NA
urn:mavedb:00000085-d-1#718,NA,NA,p.Gly263Pro,NA,267,NA
urn:mavedb:00000085-d-1#719,NA,NA,p.Gly263Met,NA,267,NA
urn:mavedb:00000085-d-1#720,NA,NA,p.Gly263Leu,NA,267,NA
urn:mavedb:00000085-d-1#721,NA,NA,p.Gly263Lys,NA,267,NA
urn:mavedb:00000085-d-1#722,NA,NA,p.Gly263Ile,NA,267,NA
urn:mavedb:00000085-d-1#723,NA,NA,p.Gly263Phe,NA,267,NA
urn:mavedb:00000085-d-1#724,NA,NA,p.Gly263Glu,0.399195260030046,267,0.087000300034605
urn:mavedb:00000085-d-1#725,NA,NA,p.Gly263Asp,0.5297590583410939,267,0.15801866936442802
urn:mavedb:00000085-d-1#726,NA,NA,p.Gly263Cys,NA,267,NA
urn:mavedb:00000085-d-1#727,NA,NA,p.Gly263Ala,0.710855709026574,267,0.145951452874016
urn:mavedb:00000085-d-1#728,NA,NA,p.Thr262Tyr,0.26973641457007896,266,0.0768729527851334
urn:mavedb:00000085-d-1#729,NA,NA,p.Thr262Trp,NA,266,NA
urn:mavedb:00000085-d-1#730,NA,NA,p.Thr262Ser,0.67555897343555,266,0.13390612066132498
urn:mavedb:00000085-d-1#731,NA,NA,p.Thr262Arg,0.262565468498635,266,0.0401393374853034
urn:mavedb:00000085-d-1#732,NA,NA,p.Thr262Gln,NA,266,NA
urn:mavedb:00000085-d-1#733,NA,NA,p.Thr262Pro,NA,266,NA
urn:mavedb:00000085-d-1#734,NA,NA,p.Thr262Asn,0.25602888765559806,266,0.0675143100991701
urn:mavedb:00000085-d-1#735,NA,NA,p.Thr262Met,0.475847111315045,266,0.103705744030861
urn:mavedb:00000085-d-1#736,NA,NA,p.Thr262Leu,NA,266,NA
urn:mavedb:00000085-d-1#737,NA,NA,p.Thr262Lys,0.435468074026934,266,0.073371571546319
urn:mavedb:00000085-d-1#738,NA,NA,p.Thr262Ile,0.148307772034461,266,0.0391084654662902
urn:mavedb:00000085-d-1#739,NA,NA,p.Thr262His,0.5453778345994721,266,0.10997798027522801
urn:mavedb:00000085-d-1#740,NA,NA,p.Thr262Gly,0.26487952917054697,266,0.0619479461901682
urn:mavedb:00000085-d-1#741,NA,NA,p.Thr262Glu,0.44542065294001093,266,0.10699035642610301
urn:mavedb:00000085-d-1#742,NA,NA,p.Thr262Asp,0.294797370578406,266,0.058433347535246
urn:mavedb:00000085-d-1#743,NA,NA,p.Thr262Cys,NA,266,NA
urn:mavedb:00000085-d-1#744,NA,NA,p.Thr262Ala,0.611749448845318,266,0.0806372888337017
urn:mavedb:00000085-d-1#745,NA,NA,p.Thr261Tyr,NA,265,NA
urn:mavedb:00000085-d-1#746,NA,NA,p.Thr261Ser,NA,265,NA
urn:mavedb:00000085-d-1#747,NA,NA,p.Thr261Arg,NA,265,NA
urn:mavedb:00000085-d-1#748,NA,NA,p.Thr261Pro,NA,265,NA
urn:mavedb:00000085-d-1#749,NA,NA,p.Thr261Met,1.7269641929733996,265,0.515125847339382
urn:mavedb:00000085-d-1#750,NA,NA,p.Thr261Leu,NA,265,NA
urn:mavedb:00000085-d-1#751,NA,NA,p.Thr261Ile,NA,265,NA
urn:mavedb:00000085-d-1#752,NA,NA,p.Thr261Glu,NA,265,NA
urn:mavedb:00000085-d-1#753,NA,NA,p.Thr261Ala,0.50916923132175,265,0.0867572234883636
urn:mavedb:00000085-d-1#754,NA,NA,p.Tyr260Trp,0.0387518437177588,264,0.0129203318992744
urn:mavedb:00000085-d-1#755,NA,NA,p.Tyr260Val,0.0601743610790823,264,0.0123548778095688
urn:mavedb:00000085-d-1#756,NA,NA,p.Tyr260Thr,0.0331099411463184,264,0.0110392535614978
urn:mavedb:00000085-d-1#757,NA,NA,p.Tyr260Ser,0.0421581492229664,264,0.0111170203718385
urn:mavedb:00000085-d-1#758,NA,NA,p.Tyr260Arg,0.0415794189807984,264,0.0106013484179905
urn:mavedb:00000085-d-1#759,NA,NA,p.Tyr260Gln,NA,264,NA
urn:mavedb:00000085-d-1#760,NA,NA,p.Tyr260Pro,NA,264,NA
urn:mavedb:00000085-d-1#761,NA,NA,p.Tyr260Asn,0.0415794189807984,264,0.0124024768559246
urn:mavedb:00000085-d-1#762,NA,NA,p.Tyr260Met,NA,264,NA
urn:mavedb:00000085-d-1#763,NA,NA,p.Tyr260Leu,0.259560345318955,264,0.0565683768843726
urn:mavedb:00000085-d-1#764,NA,NA,p.Tyr260Lys,NA,264,NA
urn:mavedb:00000085-d-1#765,NA,NA,p.Tyr260Ile,NA,264,NA
urn:mavedb:00000085-d-1#766,NA,NA,p.Tyr260His,0.0466515919504214,264,0.0109105083238412
urn:mavedb:00000085-d-1#767,NA,NA,p.Tyr260Gly,0.0331099411463184,264,0.0118463033918439
urn:mavedb:00000085-d-1#768,NA,NA,p.Tyr260Phe,0.5110878002793829,264,0.10693570575004302
urn:mavedb:00000085-d-1#769,NA,NA,p.Tyr260Glu,NA,264,NA
urn:mavedb:00000085-d-1#770,NA,NA,p.Tyr260Asp,0.036182606831269996,264,0.009541281689622259
urn:mavedb:00000085-d-1#771,NA,NA,p.Tyr260Cys,0.0462136311301389,264,0.010071762309272
urn:mavedb:00000085-d-1#772,NA,NA,p.Tyr260Ala,NA,264,NA
urn:mavedb:00000085-d-1#773,NA,NA,p.Ile259Tyr,NA,263,NA
urn:mavedb:00000085-d-1#774,NA,NA,p.Ile259Val,0.27468713428027997,263,0.0427377702587191
urn:mavedb:00000085-d-1#775,NA,NA,p.Ile259Thr,0.0373382209180414,263,0.0085169681189981
urn:mavedb:00000085-d-1#776,NA,NA,p.Ile259Ser,0.0357089084105303,263,0.00882686188080629
urn:mavedb:00000085-d-1#777,NA,NA,p.Ile259Arg,0.0331099411463184,263,0.0103999511943653
urn:mavedb:00000085-d-1#778,NA,NA,p.Ile259Pro,NA,263,NA
urn:mavedb:00000085-d-1#779,NA,NA,p.Ile259Met,0.19288192287989497,263,0.0420365341024825
urn:mavedb:00000085-d-1#780,NA,NA,p.Ile259Leu,0.260732424589193,263,0.0516811542444729
urn:mavedb:00000085-d-1#781,NA,NA,p.Ile259Lys,NA,263,NA
urn:mavedb:00000085-d-1#782,NA,NA,p.Ile259Gly,0.0331099411463184,263,0.0103999511943653
urn:mavedb:00000085-d-1#783,NA,NA,p.Ile259Phe,0.0949587344815839,263,0.0298268788737179
urn:mavedb:00000085-d-1#784,NA,NA,p.Ile259Asp,0.0331099411463184,263,0.00987616683527674
urn:mavedb:00000085-d-1#785,NA,NA,p.Ile259Cys,NA,263,NA
urn:mavedb:00000085-d-1#786,NA,NA,p.Ile259Ala,NA,263,NA
urn:mavedb:00000085-d-1#787,NA,NA,p.Val258Ser,NA,262,NA
urn:mavedb:00000085-d-1#788,NA,NA,p.Val258Leu,NA,262,NA
urn:mavedb:00000085-d-1#789,NA,NA,p.Val258Ile,0.35517219959959,262,0.118418693408362
urn:mavedb:00000085-d-1#790,NA,NA,p.Val258Gly,0.0462136311301389,262,0.010071762309272
urn:mavedb:00000085-d-1#791,NA,NA,p.Val258Asp,NA,262,NA
urn:mavedb:00000085-d-1#792,NA,NA,p.Val258Cys,NA,262,NA
urn:mavedb:00000085-d-1#793,NA,NA,p.Val258Ala,NA,262,NA
urn:mavedb:00000085-d-1#794,NA,NA,p.Val257Tyr,NA,261,NA
urn:mavedb:00000085-d-1#795,NA,NA,p.Val257Thr,NA,261,NA
urn:mavedb:00000085-d-1#796,NA,NA,p.Val257Ser,0.0331099411463184,261,0.0118463033918439
urn:mavedb:00000085-d-1#797,NA,NA,p.Val257Arg,NA,261,NA
urn:mavedb:00000085-d-1#798,NA,NA,p.Val257Met,0.0795365913141551,261,0.0284571508990841
urn:mavedb:00000085-d-1#799,NA,NA,p.Val257Leu,0.128624973265533,261,0.0254954369158379
urn:mavedb:00000085-d-1#800,NA,NA,p.Val257Lys,NA,261,NA
urn:mavedb:00000085-d-1#801,NA,NA,p.Val257Ile,0.8046986095821992,261,0.188196597607227
urn:mavedb:00000085-d-1#802,NA,NA,p.Val257His,NA,261,NA
urn:mavedb:00000085-d-1#803,NA,NA,p.Val257Gly,0.0331099411463184,261,0.00656289672488713
urn:mavedb:00000085-d-1#804,NA,NA,p.Val257Phe,NA,261,NA
urn:mavedb:00000085-d-1#805,NA,NA,p.Val257Glu,0.0331099411463184,261,0.008731025840040329
urn:mavedb:00000085-d-1#806,NA,NA,p.Val257Asp,0.0456490276020721,261,0.0136163761353091
urn:mavedb:00000085-d-1#807,NA,NA,p.Val257Cys,0.17377178552009,261,0.0621732694454611
urn:mavedb:00000085-d-1#808,NA,NA,p.Val257Ala,0.0584682712547333,261,0.00893825713448
urn:mavedb:00000085-d-1#809,NA,NA,p.Ile256Tyr,NA,260,NA
urn:mavedb:00000085-d-1#810,NA,NA,p.Ile256Val,0.34466149963509,260,0.0651514253704622
urn:mavedb:00000085-d-1#811,NA,NA,p.Ile256Thr,0.0331099411463184,260,0.0110392535614978
urn:mavedb:00000085-d-1#812,NA,NA,p.Ile256Ser,0.0390845555491544,260,0.008708578662580659
urn:mavedb:00000085-d-1#813,NA,NA,p.Ile256Arg,0.0331099411463184,260,0.0118463033918439
urn:mavedb:00000085-d-1#814,NA,NA,p.Ile256Gln,NA,260,NA
urn:mavedb:00000085-d-1#815,NA,NA,p.Ile256Asn,0.0331099411463184,260,0.0110392535614978
urn:mavedb:00000085-d-1#816,NA,NA,p.Ile256Met,0.0570871943673745,260,0.017931292375914
urn:mavedb:00000085-d-1#817,NA,NA,p.Ile256Leu,0.252645283810558,260,0.0753600546141822
urn:mavedb:00000085-d-1#818,NA,NA,p.Ile256His,NA,260,NA
urn:mavedb:00000085-d-1#819,NA,NA,p.Ile256Gly,0.0444016917624735,260,0.0148040593536336
urn:mavedb:00000085-d-1#820,NA,NA,p.Ile256Phe,0.0568128915020312,260,0.0126586967087771
urn:mavedb:00000085-d-1#821,NA,NA,p.Ile256Glu,NA,260,NA
urn:mavedb:00000085-d-1#822,NA,NA,p.Ile256Asp,0.0331099411463184,260,0.0110392535614978
urn:mavedb:00000085-d-1#823,NA,NA,p.Ile256Cys,0.0598674829615832,260,0.0214198014830304
urn:mavedb:00000085-d-1#824,NA,NA,p.Ile256Ala,0.0500069589021105,260,0.0149162774666239
urn:mavedb:00000085-d-1#825,NA,NA,p.Arg255Trp,NA,259,NA
urn:mavedb:00000085-d-1#826,NA,NA,p.Arg255Val,0.0540464683309516,259,0.00891249064341482
urn:mavedb:00000085-d-1#827,NA,NA,p.Arg255Ser,0.0392844947938433,259,0.008960919441355679
urn:mavedb:00000085-d-1#828,NA,NA,p.Arg255Gln,0.0331099411463184,259,0.0110392535614978
urn:mavedb:00000085-d-1#829,NA,NA,p.Arg255Pro,0.0331099411463184,259,0.009436096889314141
urn:mavedb:00000085-d-1#830,NA,NA,p.Arg255Leu,0.0527803182986203,259,0.0134571996822397
urn:mavedb:00000085-d-1#831,NA,NA,p.Arg255His,0.0466515919504214,259,0.0109105083238412
urn:mavedb:00000085-d-1#832,NA,NA,p.Arg255Gly,0.0415794189807984,259,0.0124024768559246
urn:mavedb:00000085-d-1#833,NA,NA,p.Arg255Glu,0.0398830836504292,259,0.014269645090498998
urn:mavedb:00000085-d-1#834,NA,NA,p.Arg255Asp,0.0331099411463184,259,0.0118463033918439
urn:mavedb:00000085-d-1#835,NA,NA,p.Arg255Cys,0.0443353643812563,259,0.00864439026431392
urn:mavedb:00000085-d-1#836,NA,NA,p.Arg255Ala,0.0387518437177588,259,0.009880412164518109
urn:mavedb:00000085-d-1#837,NA,NA,p.Ser254Tyr,0.141543564768216,258,0.0122924002712433
urn:mavedb:00000085-d-1#838,NA,NA,p.Ser254Trp,0.132439764585273,258,0.0362363323325835
urn:mavedb:00000085-d-1#839,NA,NA,p.Ser254Val,0.541137933626084,258,0.0528833265908792
urn:mavedb:00000085-d-1#840,NA,NA,p.Ser254Thr,1.3063710460501599,258,0.142317198733233
urn:mavedb:00000085-d-1#841,NA,NA,p.Ser254Arg,0.345068574847198,258,0.0506442160035782
urn:mavedb:00000085-d-1#842,NA,NA,p.Ser254Gln,0.757902565759805,258,0.207366793006545
urn:mavedb:00000085-d-1#843,NA,NA,p.Ser254Pro,0.0652248846716903,258,0.00875375447047537
urn:mavedb:00000085-d-1#844,NA,NA,p.Ser254Asn,0.28136853183351,258,0.0409799760477115
urn:mavedb:00000085-d-1#845,NA,NA,p.Ser254Met,0.5297590583410939,258,0.110842322493739
urn:mavedb:00000085-d-1#846,NA,NA,p.Ser254Leu,0.286522677505386,258,0.0325389978836726
urn:mavedb:00000085-d-1#847,NA,NA,p.Ser254Lys,0.513314475938234,258,0.0798651025305701
urn:mavedb:00000085-d-1#848,NA,NA,p.Ser254Ile,0.256409655180105,258,0.0357714578023168
urn:mavedb:00000085-d-1#849,NA,NA,p.Ser254His,0.29729160285342304,258,0.0546082574361352
urn:mavedb:00000085-d-1#850,NA,NA,p.Ser254Gly,0.48645708347665295,258,0.0515495791165715
urn:mavedb:00000085-d-1#851,NA,NA,p.Ser254Phe,0.147818567296721,258,0.0212109471092946
urn:mavedb:00000085-d-1#852,NA,NA,p.Ser254Glu,1.73504154087571,258,0.29906859913111306
urn:mavedb:00000085-d-1#853,NA,NA,p.Ser254Asp,1.3675311039909102,258,0.15348397806338399
urn:mavedb:00000085-d-1#854,NA,NA,p.Ser254Cys,0.4209037022020449,258,0.0431981530385783
urn:mavedb:00000085-d-1#855,NA,NA,p.Ser254Ala,0.83309486041263,258,0.07971796624686
urn:mavedb:00000085-d-1#856,NA,NA,p.Pro253Tyr,0.137816435721432,257,0.0300356052738753
urn:mavedb:00000085-d-1#857,NA,NA,p.Pro253Trp,NA,257,NA
urn:mavedb:00000085-d-1#858,NA,NA,p.Pro253Val,0.125167569849745,257,0.0256991516566652
urn:mavedb:00000085-d-1#859,NA,NA,p.Pro253Thr,0.0816589845575014,257,0.00946550784649492
urn:mavedb:00000085-d-1#860,NA,NA,p.Pro253Ser,0.131600632497438,257,0.0107002798942987
urn:mavedb:00000085-d-1#861,NA,NA,p.Pro253Arg,0.11555866173677301,257,0.0155089910372732
urn:mavedb:00000085-d-1#862,NA,NA,p.Pro253Gln,0.11051511732791601,257,0.0235868464300754
urn:mavedb:00000085-d-1#863,NA,NA,p.Pro253Asn,0.126276061333053,257,0.0177377322454495
urn:mavedb:00000085-d-1#864,NA,NA,p.Pro253Met,1.05951811668219,257,0.35325611396793
urn:mavedb:00000085-d-1#865,NA,NA,p.Pro253Leu,0.14371637813052698,257,0.0188339385484506
urn:mavedb:00000085-d-1#866,NA,NA,p.Pro253Lys,0.12323685503904902,257,0.0387091379017957
urn:mavedb:00000085-d-1#867,NA,NA,p.Pro253Ile,0.147582710925614,257,0.0492058551237335
urn:mavedb:00000085-d-1#868,NA,NA,p.Pro253His,0.151597384758876,257,0.0211492014527871
urn:mavedb:00000085-d-1#869,NA,NA,p.Pro253Gly,0.12168838642133,257,0.0265206709332816
urn:mavedb:00000085-d-1#870,NA,NA,p.Pro253Glu,0.0662198822926367,257,0.0181181661662917
urn:mavedb:00000085-d-1#871,NA,NA,p.Pro253Asp,0.0639739046946378,257,0.0153665772345107
urn:mavedb:00000085-d-1#872,NA,NA,p.Pro253Cys,0.174267683233185,257,0.043077115449818994
urn:mavedb:00000085-d-1#873,NA,NA,p.Pro253Ala,0.996167020991088,257,0.129069431072475
urn:mavedb:00000085-d-1#874,NA,NA,p.Lys252Tyr,0.5297590583410939,256,0.103290998286955
urn:mavedb:00000085-d-1#875,NA,NA,p.Lys252Trp,0.26487952917054697,256,0.0947704271347512
urn:mavedb:00000085-d-1#876,NA,NA,p.Lys252Val,0.931092101916018,256,0.18455669489803303
urn:mavedb:00000085-d-1#877,NA,NA,p.Lys252Thr,0.643156268057026,256,0.0772229266388956
urn:mavedb:00000085-d-1#878,NA,NA,p.Lys252Ser,0.5046826321239121,256,0.0445494845936507
urn:mavedb:00000085-d-1#879,NA,NA,p.Lys252Arg,1.41095894395873,256,0.152089845240491
urn:mavedb:00000085-d-1#880,NA,NA,p.Lys252Gln,0.682165167198527,256,0.0904519438644744
urn:mavedb:00000085-d-1#881,NA,NA,p.Lys252Pro,0.0555289208840829,256,0.0141580005684795
urn:mavedb:00000085-d-1#882,NA,NA,p.Lys252Asn,0.450812169645003,256,0.0571499057273098
urn:mavedb:00000085-d-1#883,NA,NA,p.Lys252Met,0.5093108358312449,256,0.0495061704920703
urn:mavedb:00000085-d-1#884,NA,NA,p.Lys252Leu,0.41149263033949396,256,0.0582059704743173
urn:mavedb:00000085-d-1#885,NA,NA,p.Lys252Ile,0.700262973412856,256,0.132370836024067
urn:mavedb:00000085-d-1#886,NA,NA,p.Lys252His,1.05951811668219,256,0.37908170853900497
urn:mavedb:00000085-d-1#887,NA,NA,p.Lys252Gly,0.254002025352441,256,0.038501330044502
urn:mavedb:00000085-d-1#888,NA,NA,p.Lys252Phe,0.5297590583410939,256,0.13507067902161
urn:mavedb:00000085-d-1#889,NA,NA,p.Lys252Glu,0.589003435563577,256,0.0562173271622067
urn:mavedb:00000085-d-1#890,NA,NA,p.Lys252Asp,0.132439764585273,256,0.0309739730950841
urn:mavedb:00000085-d-1#891,NA,NA,p.Gly251Leu,0.167928596277369,255,0.0338635835147253
urn:mavedb:00000085-d-1#892,NA,NA,p.Gly251Lys,NA,255,NA
urn:mavedb:00000085-d-1#893,NA,NA,p.Gly251Ile,0.0662198822926367,255,0.0197523336705535
urn:mavedb:00000085-d-1#894,NA,NA,p.Gly251His,0.46698783010844896,255,0.127770736078184
urn:mavedb:00000085-d-1#895,NA,NA,p.Gly251Phe,0.132439764585273,255,0.0415998047774611
urn:mavedb:00000085-d-1#896,NA,NA,p.Gly251Glu,0.251794867533733,255,0.0588878081812698
urn:mavedb:00000085-d-1#897,NA,NA,p.Gly251Asp,0.263299407283143,255,0.0309144683972758
urn:mavedb:00000085-d-1#898,NA,NA,p.Gly251Cys,0.25334371715178305,255,0.0328247460009613
urn:mavedb:00000085-d-1#899,NA,NA,p.Gly251Ala,0.26354322528117197,255,0.0402888107183878
urn:mavedb:00000085-d-1#900,NA,NA,p.Asp250Tyr,0.742383394244669,254,0.0846476909328792
urn:mavedb:00000085-d-1#901,NA,NA,p.Asp250Trp,0.26487952917054697,254,0.0698482067203226
urn:mavedb:00000085-d-1#902,NA,NA,p.Asp250Val,0.22917212259085998,254,0.0251474672515432
urn:mavedb:00000085-d-1#903,NA,NA,p.Asp250Thr,0.262813827313623,254,0.0391862482887105
urn:mavedb:00000085-d-1#904,NA,NA,p.Asp250Ser,0.967877539285172,254,0.100265833280418
urn:mavedb:00000085-d-1#905,NA,NA,p.Asp250Arg,0.49725975019083,254,0.0488608867826641
urn:mavedb:00000085-d-1#906,NA,NA,p.Asp250Gln,0.9757288351748721,254,0.18726309209945
urn:mavedb:00000085-d-1#907,NA,NA,p.Asp250Pro,0.129419580413413,254,0.023451887177317998
urn:mavedb:00000085-d-1#908,NA,NA,p.Asp250Asn,1.6531545435533601,254,0.264509985887849
urn:mavedb:00000085-d-1#909,NA,NA,p.Asp250Met,0.469555161990927,254,0.0964081138082383
urn:mavedb:00000085-d-1#910,NA,NA,p.Asp250Leu,0.310530541504995,254,0.0452272827740648
urn:mavedb:00000085-d-1#911,NA,NA,p.Asp250Lys,0.52327153251831,254,0.0715662742754776
urn:mavedb:00000085-d-1#912,NA,NA,p.Asp250Ile,0.16536837612602898,254,0.0252804647034298
urn:mavedb:00000085-d-1#913,NA,NA,p.Asp250His,0.8104636922484079,254,0.127251210492651
urn:mavedb:00000085-d-1#914,NA,NA,p.Asp250Gly,1.0414156373964398,254,0.10788390311436599
urn:mavedb:00000085-d-1#915,NA,NA,p.Asp250Phe,0.45059859921702206,254,0.0646577979363656
urn:mavedb:00000085-d-1#916,NA,NA,p.Asp250Glu,0.8119132541779259,254,0.084916546396469
urn:mavedb:00000085-d-1#917,NA,NA,p.Asp250Cys,0.601137804391071,254,0.133941803431968
urn:mavedb:00000085-d-1#918,NA,NA,p.Asp250Ala,0.8147397128248491,254,0.0878222838200723
urn:mavedb:00000085-d-1#919,NA,NA,p.Pro249Tyr,NA,252,NA
urn:mavedb:00000085-d-1#920,NA,NA,p.Pro249Trp,NA,252,NA
urn:mavedb:00000085-d-1#921,NA,NA,p.Pro249Val,0.0625069492511025,252,0.0139274113997937
urn:mavedb:00000085-d-1#922,NA,NA,p.Pro249Thr,0.0836135477883378,252,0.008689228754927641
urn:mavedb:00000085-d-1#923,NA,NA,p.Pro249Ser,0.0637444343968997,252,0.0072391478189283405
urn:mavedb:00000085-d-1#924,NA,NA,p.Pro249Arg,0.132264419222157,252,0.0167672915653009
urn:mavedb:00000085-d-1#925,NA,NA,p.Pro249Gln,0.126909034875368,252,0.012718292778148002
urn:mavedb:00000085-d-1#926,NA,NA,p.Pro249Asn,0.11011222235858999,252,0.0345866437325205
urn:mavedb:00000085-d-1#927,NA,NA,p.Pro249Met,0.0795365913141551,252,0.0284571508990841
urn:mavedb:00000085-d-1#928,NA,NA,p.Pro249Leu,0.0551035698519984,252,0.0067099899065193
urn:mavedb:00000085-d-1#929,NA,NA,p.Pro249Lys,0.219636049902744,252,0.0489379446904806
urn:mavedb:00000085-d-1#930,NA,NA,p.Pro249Ile,0.0615331320503751,252,0.0114629679601753
urn:mavedb:00000085-d-1#931,NA,NA,p.Pro249His,0.0700911604921663,252,0.009239013069753109
urn:mavedb:00000085-d-1#932,NA,NA,p.Pro249Gly,0.0484851016845729,252,0.0127854251928219
urn:mavedb:00000085-d-1#933,NA,NA,p.Pro249Phe,NA,252,NA
urn:mavedb:00000085-d-1#934,NA,NA,p.Pro249Glu,NA,252,NA
urn:mavedb:00000085-d-1#935,NA,NA,p.Pro249Asp,0.0617023810647875,252,0.0193809390603907
urn:mavedb:00000085-d-1#936,NA,NA,p.Pro249Cys,NA,252,NA
urn:mavedb:00000085-d-1#937,NA,NA,p.Pro249Ala,0.10098730372441199,252,0.011334245388849999
urn:mavedb:00000085-d-1#938,NA,NA,p.Gly248Trp,NA,251,NA
urn:mavedb:00000085-d-1#939,NA,NA,p.Gly248Val,0.0442218307098472,251,0.012602906098713002
urn:mavedb:00000085-d-1#940,NA,NA,p.Gly248Ser,NA,251,NA
urn:mavedb:00000085-d-1#941,NA,NA,p.Gly248Arg,0.0411805715715849,251,0.00709828298699776
urn:mavedb:00000085-d-1#942,NA,NA,p.Gly248Pro,NA,251,NA
urn:mavedb:00000085-d-1#943,NA,NA,p.Gly248Leu,NA,251,NA
urn:mavedb:00000085-d-1#944,NA,NA,p.Gly248Lys,NA,251,NA
urn:mavedb:00000085-d-1#945,NA,NA,p.Gly248Glu,0.0347173955888791,251,0.00712810527067097
urn:mavedb:00000085-d-1#946,NA,NA,p.Gly248Cys,NA,251,NA
urn:mavedb:00000085-d-1#947,NA,NA,p.Gly248Ala,0.0398830836504292,251,0.0109122564369605
urn:mavedb:00000085-d-1#948,NA,NA,p.Leu247Trp,0.104512022842591,250,0.0348455684438056
urn:mavedb:00000085-d-1#949,NA,NA,p.Leu247Val,0.504148369702793,250,0.0718203994061295
urn:mavedb:00000085-d-1#950,NA,NA,p.Leu247Thr,0.048719613870914995,250,0.009209477387376559
urn:mavedb:00000085-d-1#951,NA,NA,p.Leu247Ser,0.0376208666302858,250,0.00879847313583788
urn:mavedb:00000085-d-1#952,NA,NA,p.Leu247Arg,0.0331099411463184,250,0.00795303132243624
urn:mavedb:00000085-d-1#953,NA,NA,p.Leu247Gln,0.0347173955888791,250,0.00712810527067097
urn:mavedb:00000085-d-1#954,NA,NA,p.Leu247Pro,0.0363292806509389,250,0.0074590542434177795
urn:mavedb:00000085-d-1#955,NA,NA,p.Leu247Met,0.5297590583410939,250,0.11545527123307
urn:mavedb:00000085-d-1#956,NA,NA,p.Leu247Ile,0.965167794277019,250,0.28789414388239803
urn:mavedb:00000085-d-1#957,NA,NA,p.Leu247His,0.0353617131439627,250,0.0082701200424738
urn:mavedb:00000085-d-1#958,NA,NA,p.Leu247Gly,0.0534449238333316,250,0.0191218939256265
urn:mavedb:00000085-d-1#959,NA,NA,p.Leu247Phe,NA,250,NA
urn:mavedb:00000085-d-1#960,NA,NA,p.Leu247Glu,NA,250,NA
urn:mavedb:00000085-d-1#961,NA,NA,p.Leu247Asp,0.0331099411463184,250,0.0110392535614978
urn:mavedb:00000085-d-1#962,NA,NA,p.Leu247Cys,NA,250,NA
urn:mavedb:00000085-d-1#963,NA,NA,p.Leu247Ala,0.0469969070927323,250,0.00759369427990647
urn:mavedb:00000085-d-1#964,NA,NA,p.Ala246Tyr,0.310791425075074,249,0.0927041202353859
urn:mavedb:00000085-d-1#965,NA,NA,p.Ala246Trp,NA,249,NA
urn:mavedb:00000085-d-1#966,NA,NA,p.Ala246Val,0.9814746531670201,249,0.0944021393336873
urn:mavedb:00000085-d-1#967,NA,NA,p.Ala246Thr,0.264208989905464,249,0.0286806751117135
urn:mavedb:00000085-d-1#968,NA,NA,p.Ala246Ser,0.13537415671133998,249,0.0108448015825604
urn:mavedb:00000085-d-1#969,NA,NA,p.Ala246Arg,0.0341021635831929,249,0.00581065949280471
urn:mavedb:00000085-d-1#970,NA,NA,p.Ala246Gln,0.0533759509824718,249,0.0102439789256971
urn:mavedb:00000085-d-1#971,NA,NA,p.Ala246Pro,0.0349857815369123,249,0.00762477362688981
urn:mavedb:00000085-d-1#972,NA,NA,p.Ala246Asn,0.0594063839500871,249,0.014269455515485
urn:mavedb:00000085-d-1#973,NA,NA,p.Ala246Met,1.5224607148723102,249,0.47821036769710706
urn:mavedb:00000085-d-1#974,NA,NA,p.Ala246Leu,0.993295588422427,249,0.137644133776622
urn:mavedb:00000085-d-1#975,NA,NA,p.Ala246Lys,0.0359259863636594,249,0.00915991391984126
urn:mavedb:00000085-d-1#976,NA,NA,p.Ala246Ile,0.9218919708870409,249,0.160809915919003
urn:mavedb:00000085-d-1#977,NA,NA,p.Ala246His,0.0404732427678364,249,0.00802241572199626
urn:mavedb:00000085-d-1#978,NA,NA,p.Ala246Gly,0.0562118200994208,249,0.00640935776774959
urn:mavedb:00000085-d-1#979,NA,NA,p.Ala246Phe,0.374538113735094,249,0.12487552266237
urn:mavedb:00000085-d-1#980,NA,NA,p.Ala246Glu,0.0600004094612118,249,0.0068139569735842604
urn:mavedb:00000085-d-1#981,NA,NA,p.Ala246Asp,0.035096327238852004,249,0.00781994632490651
urn:mavedb:00000085-d-1#982,NA,NA,p.Ala246Cys,0.571390220241777,249,0.127313630923774
urn:mavedb:00000085-d-1#983,NA,NA,p.Ala245Tyr,NA,248,NA
urn:mavedb:00000085-d-1#984,NA,NA,p.Ala245Val,0.0450967517859023,248,0.0055448450119623205
urn:mavedb:00000085-d-1#985,NA,NA,p.Ala245Thr,0.0581483841231935,248,0.008225136684978979
urn:mavedb:00000085-d-1#986,NA,NA,p.Ala245Ser,0.14421520204605404,248,0.0203993587572027
urn:mavedb:00000085-d-1#987,NA,NA,p.Ala245Arg,0.0385877324709427,248,0.00840977997177223
urn:mavedb:00000085-d-1#988,NA,NA,p.Ala245Gln,0.0474928290942392,248,0.0149176678532798
urn:mavedb:00000085-d-1#989,NA,NA,p.Ala245Pro,0.0352207137589963,248,0.00803395793474417
urn:mavedb:00000085-d-1#990,NA,NA,p.Ala245Asn,NA,248,NA
urn:mavedb:00000085-d-1#991,NA,NA,p.Ala245Met,0.0662198822926367,248,0.0188721937786283
urn:mavedb:00000085-d-1#992,NA,NA,p.Ala245Leu,0.0376208666302858,248,0.00879847313583788
urn:mavedb:00000085-d-1#993,NA,NA,p.Ala245Lys,0.0442218307098472,248,0.012602906098713002
urn:mavedb:00000085-d-1#994,NA,NA,p.Ala245Ile,0.0444016917624735,248,0.0126541652148708
urn:mavedb:00000085-d-1#995,NA,NA,p.Ala245His,NA,248,NA
urn:mavedb:00000085-d-1#996,NA,NA,p.Ala245Gly,0.13190964354525697,248,0.0128563029058718
urn:mavedb:00000085-d-1#997,NA,NA,p.Ala245Phe,NA,248,NA
urn:mavedb:00000085-d-1#998,NA,NA,p.Ala245Glu,0.0499754294962246,248,0.0113995559854572
urn:mavedb:00000085-d-1#999,NA,NA,p.Ala245Asp,0.0357089084105303,248,0.00882686188080629
urn:mavedb:00000085-d-1#1000,NA,NA,p.Ala245Cys,0.26173749720203,248,0.04565609230483901
urn:mavedb:00000085-d-1#1001,NA,NA,p.Ile244Tyr,0.0423044483581235,247,0.00635931004340159
urn:mavedb:00000085-d-1#1002,NA,NA,p.Ile244Trp,0.0331099411463184,247,0.009059083083145871
urn:mavedb:00000085-d-1#1003,NA,NA,p.Ile244Val,0.97343475922097,247,0.0723576841594054
urn:mavedb:00000085-d-1#1004,NA,NA,p.Ile244Thr,0.0624364119358998,247,0.0040212983514102294
urn:mavedb:00000085-d-1#1005,NA,NA,p.Ile244Ser,0.0358222868614689,247,0.0030865243863568603
urn:mavedb:00000085-d-1#1006,NA,NA,p.Ile244Arg,0.0355478178895129,247,0.00403699414352393
urn:mavedb:00000085-d-1#1007,NA,NA,p.Ile244Gln,0.034516186264480005,247,0.00672987328896433
urn:mavedb:00000085-d-1#1008,NA,NA,p.Ile244Pro,0.0341021635831929,247,0.00581065949280471
urn:mavedb:00000085-d-1#1009,NA,NA,p.Ile244Asn,0.0354237418006759,247,0.00421472620040499
urn:mavedb:00000085-d-1#1010,NA,NA,p.Ile244Met,0.0920131410090667,247,0.00725515245504755
urn:mavedb:00000085-d-1#1011,NA,NA,p.Ile244Leu,0.127407611501683,247,0.00787581625272679
urn:mavedb:00000085-d-1#1012,NA,NA,p.Ile244Lys,0.0339976204810204,247,0.00554878763323697
urn:mavedb:00000085-d-1#1013,NA,NA,p.Ile244His,0.0388722346246017,247,0.00450587824283884
urn:mavedb:00000085-d-1#1014,NA,NA,p.Ile244Gly,0.0331099411463184,247,0.004859402256558521
urn:mavedb:00000085-d-1#1015,NA,NA,p.Ile244Phe,0.036083825060769,247,0.00472876197290703
urn:mavedb:00000085-d-1#1016,NA,NA,p.Ile244Glu,0.0331099411463184,247,0.0060818273118359795
urn:mavedb:00000085-d-1#1017,NA,NA,p.Ile244Asp,0.0369280293376123,247,0.0038135353275196705
urn:mavedb:00000085-d-1#1018,NA,NA,p.Ile244Cys,0.129124961007754,247,0.0155758879951499
urn:mavedb:00000085-d-1#1019,NA,NA,p.Ile244Ala,0.0649256957300565,247,0.00569576061007357
urn:mavedb:00000085-d-1#1020,NA,NA,p.Ile243Tyr,0.128335533970701,246,0.0158574059617359
urn:mavedb:00000085-d-1#1021,NA,NA,p.Ile243Trp,0.0541579252080756,246,0.0161544444444556
urn:mavedb:00000085-d-1#1022,NA,NA,p.Ile243Val,0.509638990431008,246,0.032069773328839
urn:mavedb:00000085-d-1#1023,NA,NA,p.Ile243Thr,0.041188195258512,246,0.00527790557154335
urn:mavedb:00000085-d-1#1024,NA,NA,p.Ile243Ser,0.0357457270293983,246,0.0038135354776358795
urn:mavedb:00000085-d-1#1025,NA,NA,p.Ile243Arg,0.0331099411463184,246,0.00506163704385795
urn:mavedb:00000085-d-1#1026,NA,NA,p.Ile243Gln,0.0398830836504292,246,0.0093275427044571
urn:mavedb:00000085-d-1#1027,NA,NA,p.Ile243Pro,0.0364906482638776,246,0.0076349958328906205
urn:mavedb:00000085-d-1#1028,NA,NA,p.Ile243Asn,0.03372306322362299,246,0.00477015498595515
urn:mavedb:00000085-d-1#1029,NA,NA,p.Ile243Met,0.0744457560048015,246,0.0110118400755685
urn:mavedb:00000085-d-1#1030,NA,NA,p.Ile243Leu,0.343990472141255,246,0.0360940464994338
urn:mavedb:00000085-d-1#1031,NA,NA,p.Ile243Lys,0.0368672716414088,246,0.0105069092607457
urn:mavedb:00000085-d-1#1032,NA,NA,p.Ile243His,0.03464422039542,246,0.00698616838745622
urn:mavedb:00000085-d-1#1033,NA,NA,p.Ile243Gly,0.0331099411463184,246,0.00584692155508068
urn:mavedb:00000085-d-1#1034,NA,NA,p.Ile243Phe,0.0739815934908584,246,0.00872438296622698
urn:mavedb:00000085-d-1#1035,NA,NA,p.Ile243Glu,0.0377236590301266,246,0.00760715152967589
urn:mavedb:00000085-d-1#1036,NA,NA,p.Ile243Asp,0.0383167949579229,246,0.007243030654075
urn:mavedb:00000085-d-1#1037,NA,NA,p.Ile243Cys,0.12693657867735,246,0.0213874146459106
urn:mavedb:00000085-d-1#1038,NA,NA,p.Ile243Ala,0.0351566329097538,246,0.0060599384549491
urn:mavedb:00000085-d-1#1039,NA,NA,p.Gly242Tyr,0.0331099411463184,245,0.00667677383144477
urn:mavedb:00000085-d-1#1040,NA,NA,p.Gly242Trp,0.0331099411463184,245,0.008731025840040329
urn:mavedb:00000085-d-1#1041,NA,NA,p.Gly242Val,0.0500510050093835,245,0.00422320364277774
urn:mavedb:00000085-d-1#1042,NA,NA,p.Gly242Thr,0.0406371572252306,245,0.00757027012511035
urn:mavedb:00000085-d-1#1043,NA,NA,p.Gly242Ser,0.1221492362325,245,0.00842373272864585
urn:mavedb:00000085-d-1#1044,NA,NA,p.Gly242Arg,0.0432038566856432,245,0.0045782880011541105
urn:mavedb:00000085-d-1#1045,NA,NA,p.Gly242Gln,0.0370888733055203,245,0.008263913101977171
urn:mavedb:00000085-d-1#1046,NA,NA,p.Gly242Pro,0.0331099411463184,245,0.0103999511943653
urn:mavedb:00000085-d-1#1047,NA,NA,p.Gly242Asn,0.0628412737061054,245,0.011543052071503
urn:mavedb:00000085-d-1#1048,NA,NA,p.Gly242Met,0.0331099411463184,245,0.00737735207513106
urn:mavedb:00000085-d-1#1049,NA,NA,p.Gly242Leu,0.0345774163738395,245,0.00685377275882482
urn:mavedb:00000085-d-1#1050,NA,NA,p.Gly242Lys,0.0331099411463184,245,0.009059083083145871
urn:mavedb:00000085-d-1#1051,NA,NA,p.Gly242Ile,0.0331099411463184,245,0.0057071507987902295
urn:mavedb:00000085-d-1#1052,NA,NA,p.Gly242His,0.0464109640550117,245,0.00852503686161925
urn:mavedb:00000085-d-1#1053,NA,NA,p.Gly242Phe,0.0331099411463184,245,0.00755248392214745
urn:mavedb:00000085-d-1#1054,NA,NA,p.Gly242Glu,0.0331099411463184,245,0.0055786602063536295
urn:mavedb:00000085-d-1#1055,NA,NA,p.Gly242Asp,0.0403406309650416,245,0.00473646778761582
urn:mavedb:00000085-d-1#1056,NA,NA,p.Gly242Cys,0.0751722975131432,245,0.0106331832138202
urn:mavedb:00000085-d-1#1057,NA,NA,p.Gly242Ala,0.48589337709166996,245,0.0352856145854009
urn:mavedb:00000085-d-1#1058,NA,NA,p.Arg241Tyr,0.105192994348615,244,0.028781448790794997
urn:mavedb:00000085-d-1#1059,NA,NA,p.Arg241Val,0.0331099411463184,244,0.0110392535614978
urn:mavedb:00000085-d-1#1060,NA,NA,p.Arg241Thr,0.0373382209180414,244,0.0111373951856148
urn:mavedb:00000085-d-1#1061,NA,NA,p.Arg241Ser,0.0394896089024857,244,0.00511651284063536
urn:mavedb:00000085-d-1#1062,NA,NA,p.Arg241Gln,0.043534246623015006,244,0.0107612021518135
urn:mavedb:00000085-d-1#1063,NA,NA,p.Arg241Pro,0.0348868887200622,244,0.0074457839484678295
urn:mavedb:00000085-d-1#1064,NA,NA,p.Arg241Asn,0.0500069589021105,244,0.0136822108329254
urn:mavedb:00000085-d-1#1065,NA,NA,p.Arg241Leu,0.0368672716414088,244,0.00803482409590343
urn:mavedb:00000085-d-1#1066,NA,NA,p.Arg241Lys,0.0617023810647875,244,0.0193809390603907
urn:mavedb:00000085-d-1#1067,NA,NA,p.Arg241Ile,0.0331099411463184,244,0.0110392535614978
urn:mavedb:00000085-d-1#1068,NA,NA,p.Arg241His,0.0355228903431513,244,0.00853262342914084
urn:mavedb:00000085-d-1#1069,NA,NA,p.Arg241Gly,0.055169976860217004,244,0.0074973189954010795
urn:mavedb:00000085-d-1#1070,NA,NA,p.Arg241Phe,NA,244,NA
urn:mavedb:00000085-d-1#1071,NA,NA,p.Arg241Glu,0.0331099411463184,244,0.0118463033918439
urn:mavedb:00000085-d-1#1072,NA,NA,p.Arg241Asp,NA,244,NA
urn:mavedb:00000085-d-1#1073,NA,NA,p.Arg241Cys,0.0382600537570664,244,0.00579941421796639
urn:mavedb:00000085-d-1#1074,NA,NA,p.Arg241Ala,0.0414368671296812,244,0.00945188248442042
urn:mavedb:00000085-d-1#1075,NA,NA,p.Ser240Tyr,0.176518309335722,243,0.0176899268128558
urn:mavedb:00000085-d-1#1076,NA,NA,p.Ser240Trp,0.0379439477328205,243,0.0119183299903497
urn:mavedb:00000085-d-1#1077,NA,NA,p.Ser240Val,0.0644521948944067,243,0.00800371535505086
urn:mavedb:00000085-d-1#1078,NA,NA,p.Ser240Thr,0.214183903281706,243,0.0207638607462718
urn:mavedb:00000085-d-1#1079,NA,NA,p.Ser240Arg,0.0427899878089411,243,0.0102781853893151
urn:mavedb:00000085-d-1#1080,NA,NA,p.Ser240Gln,0.16802619759144,243,0.0459729987860518
urn:mavedb:00000085-d-1#1081,NA,NA,p.Ala215Pro,0.0681948599317018,217,0.0111301552898563
urn:mavedb:00000085-d-1#1082,NA,NA,p.Ala215Asn,NA,217,NA
urn:mavedb:00000085-d-1#1083,NA,NA,p.Ala215Leu,0.0359259863636594,217,0.00915991391984126
urn:mavedb:00000085-d-1#1084,NA,NA,p.Ala215Lys,0.0662198822926367,217,0.0188721937786283
urn:mavedb:00000085-d-1#1085,NA,NA,p.Ala215Ile,0.0398830836504292,217,0.014269645090498998
urn:mavedb:00000085-d-1#1086,NA,NA,p.Ala215His,0.0662198822926367,217,0.0141330727598074
urn:mavedb:00000085-d-1#1087,NA,NA,p.Ala215Gly,0.455718699714689,217,0.0496463917734866
urn:mavedb:00000085-d-1#1088,NA,NA,p.Ala215Phe,NA,217,NA
urn:mavedb:00000085-d-1#1089,NA,NA,p.Ala215Glu,0.0745198610659696,217,0.0169982196614076
urn:mavedb:00000085-d-1#1090,NA,NA,p.Ala215Asp,0.0598674829615832,217,0.0163801107265969
urn:mavedb:00000085-d-1#1091,NA,NA,p.Ala215Cys,0.0575105252905314,217,0.0151654115048693
urn:mavedb:00000085-d-1#1092,NA,NA,p.Val214Tyr,0.11951398319882499,216,0.0427605382408975
urn:mavedb:00000085-d-1#1093,NA,NA,p.Val214Thr,0.602990399009826,216,0.21574206905027102
urn:mavedb:00000085-d-1#1094,NA,NA,p.Val214Ser,0.22712933773877497,216,0.0450205084987698
urn:mavedb:00000085-d-1#1095,NA,NA,p.Val214Arg,0.160522552001432,216,0.034984158342446
urn:mavedb:00000085-d-1#1096,NA,NA,p.Val214Gln,NA,216,NA
urn:mavedb:00000085-d-1#1097,NA,NA,p.Val214Pro,NA,216,NA
urn:mavedb:00000085-d-1#1098,NA,NA,p.Val214Asn,0.43452504275402504,216,0.14487588801757
urn:mavedb:00000085-d-1#1099,NA,NA,p.Val214Met,1.05951811668219,216,0.37908170853900497
urn:mavedb:00000085-d-1#1100,NA,NA,p.Val214Leu,0.8298977554760408,216,0.17039292448600898
urn:mavedb:00000085-d-1#1101,NA,NA,p.Val214Lys,NA,216,NA
urn:mavedb:00000085-d-1#1102,NA,NA,p.Val214Ile,0.757902565759805,216,0.207366793006545
urn:mavedb:00000085-d-1#1103,NA,NA,p.Val214His,0.132439764585273,216,0.0441570142459912
urn:mavedb:00000085-d-1#1104,NA,NA,p.Val214Gly,0.12691675211950698,216,0.0146501436296826
urn:mavedb:00000085-d-1#1105,NA,NA,p.Val214Phe,NA,216,NA
urn:mavedb:00000085-d-1#1106,NA,NA,p.Val214Glu,0.0647936299803904,216,0.0130659372417969
urn:mavedb:00000085-d-1#1107,NA,NA,p.Val214Asp,0.057514850115556,216,0.0110383215971527
urn:mavedb:00000085-d-1#1108,NA,NA,p.Val214Cys,0.274385164316803,216,0.0781978132803668
urn:mavedb:00000085-d-1#1109,NA,NA,p.Val214Ala,0.262107490986462,216,0.0370753198395523
urn:mavedb:00000085-d-1#1110,NA,NA,p.Lys213Tyr,0.273516098792566,215,0.0697373732559506
urn:mavedb:00000085-d-1#1111,NA,NA,p.Lys213Trp,NA,215,NA
urn:mavedb:00000085-d-1#1112,NA,NA,p.Lys213Val,0.518803297522625,215,0.0874126383379674
urn:mavedb:00000085-d-1#1113,NA,NA,p.Lys213Thr,0.34491657334504305,215,0.0446894797268244
urn:mavedb:00000085-d-1#1114,NA,NA,p.Lys213Ser,0.432865448326096,215,0.0543037781555356
urn:mavedb:00000085-d-1#1115,NA,NA,p.Lys213Arg,0.71836840705304,215,0.0958255693563155
urn:mavedb:00000085-d-1#1116,NA,NA,p.Lys213Gln,1.08769736501153,215,0.212076310725004
urn:mavedb:00000085-d-1#1117,NA,NA,p.Lys213Pro,0.0466515919504214,215,0.0127641618440895
urn:mavedb:00000085-d-1#1118,NA,NA,p.Lys213Asn,0.324991935342664,215,0.040357709267019995
urn:mavedb:00000085-d-1#1119,NA,NA,p.Lys213Met,0.6893334974223189,215,0.246634499062939
urn:mavedb:00000085-d-1#1120,NA,NA,p.Lys213Leu,0.514039764930165,215,0.07664471106684301
urn:mavedb:00000085-d-1#1121,NA,NA,p.Lys213Ile,0.320154914924354,215,0.0469877463435086
urn:mavedb:00000085-d-1#1122,NA,NA,p.Lys213His,0.47613596901678995,215,0.121398601173709
urn:mavedb:00000085-d-1#1123,NA,NA,p.Lys213Gly,0.374538113735094,215,0.0645590242983054
urn:mavedb:00000085-d-1#1124,NA,NA,p.Lys213Phe,0.26487952917054697,215,0.0754887751145131
urn:mavedb:00000085-d-1#1125,NA,NA,p.Lys213Glu,0.62214782150034,215,0.0623490530276194
urn:mavedb:00000085-d-1#1126,NA,NA,p.Lys213Asp,0.42041205637700296,215,0.15041792878525698
urn:mavedb:00000085-d-1#1127,NA,NA,p.Lys213Cys,0.488241973748551,215,0.11136956240900801
urn:mavedb:00000085-d-1#1128,NA,NA,p.Lys213Ala,0.8002769395700421,215,0.19781993699633799
urn:mavedb:00000085-d-1#1129,NA,NA,p.Asp212Tyr,0.0759401159098672,214,0.0226517241725601
urn:mavedb:00000085-d-1#1130,NA,NA,p.Asp212Trp,NA,214,NA
urn:mavedb:00000085-d-1#1131,NA,NA,p.Asp212Val,0.0567088471207995,214,0.0101421662824514
urn:mavedb:00000085-d-1#1132,NA,NA,p.Asp212Thr,0.146401279276491,214,0.0417233195875408
urn:mavedb:00000085-d-1#1133,NA,NA,p.Asp212Ser,0.128694657919343,214,0.0219282519681782
urn:mavedb:00000085-d-1#1134,NA,NA,p.Asp212Arg,0.0767678401791219,214,0.0189761925612124
urn:mavedb:00000085-d-1#1135,NA,NA,p.Asp212Gln,0.49425506472515396,214,0.105487091638045
urn:mavedb:00000085-d-1#1136,NA,NA,p.Asp212Pro,NA,214,NA
urn:mavedb:00000085-d-1#1137,NA,NA,p.Asp212Asn,0.771093369508971,214,0.175888874279638
urn:mavedb:00000085-d-1#1138,NA,NA,p.Asp212Met,NA,214,NA
urn:mavedb:00000085-d-1#1139,NA,NA,p.Asp212Leu,0.0331099411463184,214,0.0118463033918439
urn:mavedb:00000085-d-1#1140,NA,NA,p.Asp212Lys,0.0500069589021105,214,0.0166729229967593
urn:mavedb:00000085-d-1#1141,NA,NA,p.Asp212Ile,0.10646039361665,214,0.0263158755632341
urn:mavedb:00000085-d-1#1142,NA,NA,p.Asp212His,0.0802674845132064,214,0.0204654992979369
urn:mavedb:00000085-d-1#1143,NA,NA,p.Asp212Gly,0.16386916390325001,214,0.0305270821245677
urn:mavedb:00000085-d-1#1144,NA,NA,p.Asp212Phe,NA,214,NA
urn:mavedb:00000085-d-1#1145,NA,NA,p.Asp212Glu,0.0761214017774889,214,0.018284414640569
urn:mavedb:00000085-d-1#1146,NA,NA,p.Asp212Cys,NA,214,NA
urn:mavedb:00000085-d-1#1147,NA,NA,p.Asp212Ala,0.053874655683001996,214,0.008704991243034541
urn:mavedb:00000085-d-1#1148,NA,NA,p.Ala211Val,0.12974476399075302,213,0.0178605959503875
urn:mavedb:00000085-d-1#1149,NA,NA,p.Ala211Thr,0.259724175832983,213,0.0309020513677349
urn:mavedb:00000085-d-1#1150,NA,NA,p.Ala211Ser,0.5315448110936559,213,0.102014741520862
urn:mavedb:00000085-d-1#1151,NA,NA,p.Ala211Arg,0.887151080798703,213,0.131225288705417
urn:mavedb:00000085-d-1#1152,NA,NA,p.Ala211Gln,1.41980233918564,213,0.38846663289094296
urn:mavedb:00000085-d-1#1153,NA,NA,p.Ala211Pro,0.0500069589021105,213,0.0149162774666239
urn:mavedb:00000085-d-1#1154,NA,NA,p.Ala211Met,0.485758216871783,213,0.11360532078275601
urn:mavedb:00000085-d-1#1155,NA,NA,p.Ala211Leu,0.25049722236127603,213,0.0747193221782114
urn:mavedb:00000085-d-1#1156,NA,NA,p.Ala211Lys,1.86313333428994,213,0.666604710649282
urn:mavedb:00000085-d-1#1157,NA,NA,p.Ala211Ile,NA,213,NA
urn:mavedb:00000085-d-1#1158,NA,NA,p.Ala211His,2.0364968730733,213,0.6396709675152911
urn:mavedb:00000085-d-1#1159,NA,NA,p.Ala211Gly,0.647075035941438,213,0.0763072293399001
urn:mavedb:00000085-d-1#1160,NA,NA,p.Ala211Phe,0.132439764585273,213,0.039504667341107004
urn:mavedb:00000085-d-1#1161,NA,NA,p.Ala211Glu,0.8676362949931021,213,0.16651783729339
urn:mavedb:00000085-d-1#1162,NA,NA,p.Ala211Asp,0.762437341536035,213,0.22742288647323802
urn:mavedb:00000085-d-1#1163,NA,NA,p.Trp208Gly,0.040927132897694,210,0.0101167514030985
urn:mavedb:00000085-d-1#1164,NA,NA,p.Trp208Phe,0.0662198822926367,210,0.0188721937786283
urn:mavedb:00000085-d-1#1165,NA,NA,p.Trp208Glu,NA,210,NA
urn:mavedb:00000085-d-1#1166,NA,NA,p.Trp208Asp,0.0570871943673745,210,0.017931292375914
urn:mavedb:00000085-d-1#1167,NA,NA,p.Trp208Cys,0.0536196269837816,210,0.0106282301368772
urn:mavedb:00000085-d-1#1168,NA,NA,p.Trp208Ala,0.0398830836504292,210,0.014269645090498998
urn:mavedb:00000085-d-1#1169,NA,NA,p.Asp207Tyr,0.5528641539752011,209,0.0988776966189933
urn:mavedb:00000085-d-1#1170,NA,NA,p.Asp207Trp,NA,209,NA
urn:mavedb:00000085-d-1#1171,NA,NA,p.Asp207Val,0.4403023596916121,209,0.108838054361943
urn:mavedb:00000085-d-1#1172,NA,NA,p.Asp207Thr,NA,209,NA
urn:mavedb:00000085-d-1#1173,NA,NA,p.Asp207Ser,1.05951811668219,209,0.27939282688128997
urn:mavedb:00000085-d-1#1174,NA,NA,p.Asp207Arg,0.79164769586629,209,0.216599667687152
urn:mavedb:00000085-d-1#1175,NA,NA,p.Asp207Gln,NA,209,NA
urn:mavedb:00000085-d-1#1176,NA,NA,p.Asp207Asn,0.9954191879850942,209,0.253798294744245
urn:mavedb:00000085-d-1#1177,NA,NA,p.Asp207Leu,NA,209,NA
urn:mavedb:00000085-d-1#1178,NA,NA,p.Asp207Lys,NA,209,NA
urn:mavedb:00000085-d-1#1179,NA,NA,p.Asp207Ile,NA,209,NA
urn:mavedb:00000085-d-1#1180,NA,NA,p.Asp207His,1.05951811668219,209,0.35325611396793
urn:mavedb:00000085-d-1#1181,NA,NA,p.Asp207Gly,1.2522623216126498,209,0.240335742893969
urn:mavedb:00000085-d-1#1182,NA,NA,p.Asp207Phe,NA,209,NA
urn:mavedb:00000085-d-1#1183,NA,NA,p.Asp207Glu,0.9496125613680771,209,0.161804257103484
urn:mavedb:00000085-d-1#1184,NA,NA,p.Asp207Cys,NA,209,NA
urn:mavedb:00000085-d-1#1185,NA,NA,p.Asp207Ala,1.05951811668219,209,0.33279843821968896
urn:mavedb:00000085-d-1#1186,NA,NA,p.Ile206Tyr,1.71544218904802,208,0.358924672158035
urn:mavedb:00000085-d-1#1187,NA,NA,p.Ile206Trp,NA,208,NA
urn:mavedb:00000085-d-1#1188,NA,NA,p.Ile206Val,1.2791428943119298,208,0.21795285168212697
urn:mavedb:00000085-d-1#1189,NA,NA,p.Ile206Thr,0.540627818022716,208,0.103757963512238
urn:mavedb:00000085-d-1#1190,NA,NA,p.Ile206Ser,1.27456602315325,208,0.27777791354511605
urn:mavedb:00000085-d-1#1191,NA,NA,p.Ile206Arg,0.49160054737072995,208,0.0613568890239236
urn:mavedb:00000085-d-1#1192,NA,NA,p.Ile206Gln,0.5297590583410939,208,0.176628056983965
urn:mavedb:00000085-d-1#1193,NA,NA,p.Ile206Asn,0.151652346785048,208,0.0414930127241425
urn:mavedb:00000085-d-1#1194,NA,NA,p.Ile206Met,1.38395410914812,208,0.308364085393288
urn:mavedb:00000085-d-1#1195,NA,NA,p.Ile206Leu,1.6819582865901301,208,0.36656466203536103
urn:mavedb:00000085-d-1#1196,NA,NA,p.Ile206Lys,0.282093120212914,208,0.0940532472776899
urn:mavedb:00000085-d-1#1197,NA,NA,p.Ile206His,0.11011222235858999,208,0.0345866437325205
urn:mavedb:00000085-d-1#1198,NA,NA,p.Ile206Gly,0.126579711100007,208,0.0239273855939179
urn:mavedb:00000085-d-1#1199,NA,NA,p.Ile206Phe,1.86313333428994,208,0.666604710649282
urn:mavedb:00000085-d-1#1200,NA,NA,p.Ile206Glu,0.132439764585273,208,0.0473852135673756
urn:mavedb:00000085-d-1#1201,NA,NA,p.Ile206Asp,NA,208,NA
urn:mavedb:00000085-d-1#1202,NA,NA,p.Ile206Cys,0.5297590583410939,208,0.13969641344064498
urn:mavedb:00000085-d-1#1203,NA,NA,p.Ile206Ala,NA,208,NA
urn:mavedb:00000085-d-1#1204,NA,NA,p.Leu205Tyr,NA,207,NA
urn:mavedb:00000085-d-1#1205,NA,NA,p.Leu205Val,0.0582495993355418,207,0.0121876554501954
urn:mavedb:00000085-d-1#1206,NA,NA,p.Leu205Ser,NA,207,NA
urn:mavedb:00000085-d-1#1207,NA,NA,p.Leu205Arg,NA,207,NA
urn:mavedb:00000085-d-1#1208,NA,NA,p.Leu205Gln,NA,207,NA
urn:mavedb:00000085-d-1#1209,NA,NA,p.Leu205Met,0.26487952917054697,207,0.0754887751145131
urn:mavedb:00000085-d-1#1210,NA,NA,p.Leu205Ile,0.26487952917054697,207,0.0883140284919824
urn:mavedb:00000085-d-1#1211,NA,NA,p.Leu205Gly,NA,207,NA
urn:mavedb:00000085-d-1#1212,NA,NA,p.Leu205Phe,0.913527058940324,207,0.326848019724411
urn:mavedb:00000085-d-1#1213,NA,NA,p.Leu205Asp,NA,207,NA
urn:mavedb:00000085-d-1#1214,NA,NA,p.Leu205Cys,NA,207,NA
urn:mavedb:00000085-d-1#1215,NA,NA,p.Gln204Val,0.5297590583410939,206,0.11803763320209698
urn:mavedb:00000085-d-1#1216,NA,NA,p.Gln204Thr,0.829897755476042,206,0.236514936534915
urn:mavedb:00000085-d-1#1217,NA,NA,p.Gln204Ser,0.357129515065229,206,0.112175660788171
urn:mavedb:00000085-d-1#1218,NA,NA,p.Gln204Arg,0.438699945044277,206,0.0634161861395693
urn:mavedb:00000085-d-1#1219,NA,NA,p.Gln204Pro,0.829897755476042,206,0.236514936534915
urn:mavedb:00000085-d-1#1220,NA,NA,p.Gln204Asn,NA,206,NA
urn:mavedb:00000085-d-1#1221,NA,NA,p.Gln204Leu,0.9647125060256151,206,0.155876892585849
urn:mavedb:00000085-d-1#1222,NA,NA,p.Gln204Lys,NA,206,NA
urn:mavedb:00000085-d-1#1223,NA,NA,p.Gln204Ile,NA,206,NA
urn:mavedb:00000085-d-1#1224,NA,NA,p.Gln204His,0.52588138061793,206,0.0886052173379283
urn:mavedb:00000085-d-1#1225,NA,NA,p.Gln204Gly,NA,206,NA
urn:mavedb:00000085-d-1#1226,NA,NA,p.Gln204Glu,0.5297590583410939,206,0.11803763320209698
urn:mavedb:00000085-d-1#1227,NA,NA,p.Gln204Asp,NA,206,NA
urn:mavedb:00000085-d-1#1228,NA,NA,p.Gln204Cys,NA,206,NA
urn:mavedb:00000085-d-1#1229,NA,NA,p.Gln204Ala,0.508575949280852,206,0.0876630865140169
urn:mavedb:00000085-d-1#1230,NA,NA,p.Gln203Trp,NA,205,NA
urn:mavedb:00000085-d-1#1231,NA,NA,p.Gln203Val,NA,205,NA
urn:mavedb:00000085-d-1#1232,NA,NA,p.Gln203Thr,NA,205,NA
urn:mavedb:00000085-d-1#1233,NA,NA,p.Gln203Ser,0.5297590583410939,205,0.18954085426950198
urn:mavedb:00000085-d-1#1234,NA,NA,p.Gln203Arg,0.862160843215753,205,0.126535602359562
urn:mavedb:00000085-d-1#1235,NA,NA,p.Gln203Pro,0.574126047927581,205,0.17125263402775198
urn:mavedb:00000085-d-1#1236,NA,NA,p.Gln203Asn,NA,205,NA
urn:mavedb:00000085-d-1#1237,NA,NA,p.Gln203Leu,0.28606818805884304,205,0.0782700117652796
urn:mavedb:00000085-d-1#1238,NA,NA,p.Gln203Lys,1.3997057793083,205,0.41750988730727295
urn:mavedb:00000085-d-1#1239,NA,NA,p.Gln203Ile,NA,205,NA
urn:mavedb:00000085-d-1#1240,NA,NA,p.Gln203His,0.481776166466406,205,0.0939354229090623
urn:mavedb:00000085-d-1#1241,NA,NA,p.Gln203Gly,0.43452504275402504,205,0.11078921946227699
urn:mavedb:00000085-d-1#1242,NA,NA,p.Gln203Glu,0.5297590583410939,205,0.18954085426950198
urn:mavedb:00000085-d-1#1243,NA,NA,p.Gln203Ala,0.5297590583410939,205,0.100140450239955
urn:mavedb:00000085-d-1#1244,NA,NA,p.Arg202Tyr,0.0500069589021105,204,0.0166729229967593
urn:mavedb:00000085-d-1#1245,NA,NA,p.Arg202Trp,0.0387518437177588,204,0.00693062304546347
urn:mavedb:00000085-d-1#1246,NA,NA,p.Arg202Val,0.10734770561448101,204,0.0265352096397618
urn:mavedb:00000085-d-1#1247,NA,NA,p.Arg202Thr,0.536839465314814,204,0.088527092692457
urn:mavedb:00000085-d-1#1248,NA,NA,p.Arg202Ser,0.621515340252484,204,0.0984986625971304
urn:mavedb:00000085-d-1#1249,NA,NA,p.Arg202Gln,0.07713704165002601,204,0.0136217164967339
urn:mavedb:00000085-d-1#1250,NA,NA,p.Arg202Pro,1.4591992168503503,204,0.39924586038651294
urn:mavedb:00000085-d-1#1251,NA,NA,p.Arg202Met,NA,204,NA
urn:mavedb:00000085-d-1#1252,NA,NA,p.Arg202Leu,0.0519670378349042,204,0.00885465114175771
urn:mavedb:00000085-d-1#1253,NA,NA,p.Arg202Lys,1.05951811668219,204,0.30195510045805296
urn:mavedb:00000085-d-1#1254,NA,NA,p.Arg202Ile,0.0662198822926367,204,0.0207999023887306
urn:mavedb:00000085-d-1#1255,NA,NA,p.Arg202Gly,0.143826020456604,204,0.0171124580833204
urn:mavedb:00000085-d-1#1256,NA,NA,p.Arg202Glu,0.169955131503465,204,0.0336877063898339
urn:mavedb:00000085-d-1#1257,NA,NA,p.Arg202Asp,NA,204,NA
urn:mavedb:00000085-d-1#1258,NA,NA,p.Arg202Cys,0.21864371433910001,204,0.0557467673173308
urn:mavedb:00000085-d-1#1259,NA,NA,p.Arg202Ala,0.43165584920807204,204,0.0610580743410705
urn:mavedb:00000085-d-1#1260,NA,NA,p.Ser201Tyr,0.0656958454093658,203,0.00987556310827805
urn:mavedb:00000085-d-1#1261,NA,NA,p.Ser201Val,0.0702524376476381,203,0.0179120003831631
urn:mavedb:00000085-d-1#1262,NA,NA,p.Ser201Thr,0.120649667103283,203,0.0235239480323582
urn:mavedb:00000085-d-1#1263,NA,NA,p.Ser201Arg,0.12830288644489599,203,0.0226571502805932
urn:mavedb:00000085-d-1#1264,NA,NA,p.Ser201Gln,NA,203,NA
urn:mavedb:00000085-d-1#1265,NA,NA,p.Ser201Pro,1.05951811668219,203,0.37908170853900497
urn:mavedb:00000085-d-1#1266,NA,NA,p.Ser201Asn,0.21850602156241197,203,0.0686335245925587
urn:mavedb:00000085-d-1#1267,NA,NA,p.Ser201Met,0.26487952917054697,203,0.0883140284919824
urn:mavedb:00000085-d-1#1268,NA,NA,p.Ser201Leu,0.0909107693845964,203,0.0231791776993989
urn:mavedb:00000085-d-1#1269,NA,NA,p.Ser201Lys,NA,203,NA
urn:mavedb:00000085-d-1#1270,NA,NA,p.Ser201Ile,0.274923708520211,203,0.0752208137732708
urn:mavedb:00000085-d-1#1271,NA,NA,p.Ser201His,NA,203,NA
urn:mavedb:00000085-d-1#1272,NA,NA,p.Ser201Gly,0.34345630035255204,203,0.0905687455030774
urn:mavedb:00000085-d-1#1273,NA,NA,p.Ser201Phe,0.79716239167602,203,0.20324950340885697
urn:mavedb:00000085-d-1#1274,NA,NA,p.Ser201Glu,0.0331099411463184,203,0.0118463033918439
urn:mavedb:00000085-d-1#1275,NA,NA,p.Ser201Asp,0.0331099411463184,203,0.0110392535614978
urn:mavedb:00000085-d-1#1276,NA,NA,p.Ser201Cys,0.12741103890656,203,0.0266584124261452
urn:mavedb:00000085-d-1#1277,NA,NA,p.Ser201Ala,0.48052921101655394,203,0.100541883968815
urn:mavedb:00000085-d-1#1278,NA,NA,p.Ala200Tyr,0.49663157001319497,202,0.100148069000785
urn:mavedb:00000085-d-1#1279,NA,NA,p.Ala200Trp,0.12529520735322802,202,0.0357082397436767
urn:mavedb:00000085-d-1#1280,NA,NA,p.Ala200Val,0.545288517835036,202,0.0587776466806768
urn:mavedb:00000085-d-1#1281,NA,NA,p.Ala200Thr,0.7592420781923092,202,0.104516865035816
urn:mavedb:00000085-d-1#1282,NA,NA,p.Ala200Ser,1.84758074330105,202,0.20736204203881498
urn:mavedb:00000085-d-1#1283,NA,NA,p.Ala200Arg,0.9895713973896809,202,0.140973208032601
urn:mavedb:00000085-d-1#1284,NA,NA,p.Ala200Gln,1.7274137781849501,202,0.40399398214822596
urn:mavedb:00000085-d-1#1285,NA,NA,p.Ala200Pro,1.1231045481652702,202,0.26266288049341396
urn:mavedb:00000085-d-1#1286,NA,NA,p.Ala200Asn,1.05951811668219,202,0.31603733872885603
urn:mavedb:00000085-d-1#1287,NA,NA,p.Ala200Met,0.452525227416815,202,0.12896645970748802
urn:mavedb:00000085-d-1#1288,NA,NA,p.Ala200Leu,0.286933953089224,202,0.0654505563102018
urn:mavedb:00000085-d-1#1289,NA,NA,p.Ala200Lys,1.05951811668219,202,0.35325611396793
urn:mavedb:00000085-d-1#1290,NA,NA,p.Ala200Ile,NA,202,NA
urn:mavedb:00000085-d-1#1291,NA,NA,p.Ala200His,1.37338327382617,202,0.29931406719707
urn:mavedb:00000085-d-1#1292,NA,NA,p.Ala200Gly,1.17727154455658,202,0.13533246787489
urn:mavedb:00000085-d-1#1293,NA,NA,p.Ala200Glu,1.28571211481647,202,0.308828960933026
urn:mavedb:00000085-d-1#1294,NA,NA,p.Ala200Asp,1.62637877390972,202,0.180459406862474
urn:mavedb:00000085-d-1#1295,NA,NA,p.Ala200Cys,0.6295829957382161,202,0.10172713672477002
urn:mavedb:00000085-d-1#1296,NA,NA,p.Leu199Tyr,NA,201,NA
urn:mavedb:00000085-d-1#1297,NA,NA,p.Lys252Cys,0.515260485750172,256,0.0762161118489374
urn:mavedb:00000085-d-1#1298,NA,NA,p.Lys252Ala,0.738741003262301,256,0.11820091056198301
urn:mavedb:00000085-d-1#1299,NA,NA,p.Gly251Tyr,0.229621968038487,255,0.0721250832250393
urn:mavedb:00000085-d-1#1300,NA,NA,p.Gly251Trp,NA,255,NA
urn:mavedb:00000085-d-1#1301,NA,NA,p.Gly251Val,0.11973297584374601,255,0.012817350272693998
urn:mavedb:00000085-d-1#1302,NA,NA,p.Gly251Thr,0.12285919091356698,255,0.0280245760619823
urn:mavedb:00000085-d-1#1303,NA,NA,p.Gly251Ser,0.270274378942727,255,0.037964872485585
urn:mavedb:00000085-d-1#1304,NA,NA,p.Gly251Arg,0.32159526374674896,255,0.0431609192086266
urn:mavedb:00000085-d-1#1305,NA,NA,p.Gly251Gln,0.22918354172132102,255,0.0719873719473087
urn:mavedb:00000085-d-1#1306,NA,NA,p.Gly251Asn,0.571390220241777,255,0.127313630923774
urn:mavedb:00000085-d-1#1307,NA,NA,p.Gly251Met,0.5545624297798779,255,0.13320628855228697
urn:mavedb:00000085-d-1#1308,NA,NA,p.Gly226Val,0.0469264543111446,228,0.0069412500848869
urn:mavedb:00000085-d-1#1309,NA,NA,p.Gly226Thr,0.265903230616612,228,0.0433983477904549
urn:mavedb:00000085-d-1#1310,NA,NA,p.Gly226Ser,0.264888039677104,228,0.0327301180710183
urn:mavedb:00000085-d-1#1311,NA,NA,p.Gly226Arg,0.19221563497237998,228,0.0273828192362448
urn:mavedb:00000085-d-1#1312,NA,NA,p.Gly226Gln,0.132439764585273,228,0.0349241033601613
urn:mavedb:00000085-d-1#1313,NA,NA,p.Gly226Pro,0.0632195196626464,228,0.0129801035957014
urn:mavedb:00000085-d-1#1314,NA,NA,p.Gly226Asn,0.5297590583410939,228,0.103290998286955
urn:mavedb:00000085-d-1#1315,NA,NA,p.Gly226Met,0.0662198822926367,228,0.0236926067836878
urn:mavedb:00000085-d-1#1316,NA,NA,p.Gly226Leu,0.0536994378410332,228,0.0117032131180813
urn:mavedb:00000085-d-1#1317,NA,NA,p.Gly226Lys,0.25784203385639703,228,0.0550303035714455
urn:mavedb:00000085-d-1#1318,NA,NA,p.Gly226Ile,0.0331099411463184,228,0.0118463033918439
urn:mavedb:00000085-d-1#1319,NA,NA,p.Gly226His,0.27289515396853703,228,0.0464985399849876
urn:mavedb:00000085-d-1#1320,NA,NA,p.Gly226Phe,0.0632195196626464,228,0.0129801035957014
urn:mavedb:00000085-d-1#1321,NA,NA,p.Gly226Glu,0.16103980590791597,228,0.0324744268543188
urn:mavedb:00000085-d-1#1322,NA,NA,p.Gly226Asp,0.295174227621899,228,0.035119907937522996
urn:mavedb:00000085-d-1#1323,NA,NA,p.Gly226Cys,0.0664538016964924,228,0.0118850151453647
urn:mavedb:00000085-d-1#1324,NA,NA,p.Gly226Ala,0.140602858107154,228,0.0114130612136919
urn:mavedb:00000085-d-1#1325,NA,NA,p.Ala225Tyr,0.509153026960808,227,0.110964409010727
urn:mavedb:00000085-d-1#1326,NA,NA,p.Ala225Val,0.7034093660258549,227,0.117231659517374
urn:mavedb:00000085-d-1#1327,NA,NA,p.Ala225Thr,0.8789681969788091,227,0.110268200335894
urn:mavedb:00000085-d-1#1328,NA,NA,p.Ala225Ser,1.02171962148479,227,0.14452307948288098
urn:mavedb:00000085-d-1#1329,NA,NA,p.Ala225Arg,0.9733040897367721,227,0.150092225219432
urn:mavedb:00000085-d-1#1330,NA,NA,p.Ala225Gln,0.8809930554937241,227,0.262786163174552
urn:mavedb:00000085-d-1#1331,NA,NA,p.Ala225Pro,1.31856468114179,227,0.24563457424811802
urn:mavedb:00000085-d-1#1332,NA,NA,p.Ala225Asn,NA,227,NA
urn:mavedb:00000085-d-1#1333,NA,NA,p.Ala225Met,NA,227,NA
urn:mavedb:00000085-d-1#1334,NA,NA,p.Ala225Leu,0.5673950195281229,227,0.0771060946532982
urn:mavedb:00000085-d-1#1335,NA,NA,p.Ala225Lys,NA,227,NA
urn:mavedb:00000085-d-1#1336,NA,NA,p.Ala225Ile,0.500002256247641,227,0.0991080943171263
urn:mavedb:00000085-d-1#1337,NA,NA,p.Ala225His,1.13626240295055,227,0.211673599008594
urn:mavedb:00000085-d-1#1338,NA,NA,p.Ala225Gly,0.5133928757652481,227,0.0778194918914803
urn:mavedb:00000085-d-1#1339,NA,NA,p.Ala225Phe,0.461136247253665,227,0.131420538895888
urn:mavedb:00000085-d-1#1340,NA,NA,p.Ala225Glu,1.05951811668219,227,0.37908170853900497
urn:mavedb:00000085-d-1#1341,NA,NA,p.Ala225Asp,1.1428279064120601,227,0.169044399770683
urn:mavedb:00000085-d-1#1342,NA,NA,p.Ala225Cys,0.5297590583410939,227,0.176628056983965
urn:mavedb:00000085-d-1#1343,NA,NA,p.Pro224Tyr,0.038237701485951,226,0.00659102133752095
urn:mavedb:00000085-d-1#1344,NA,NA,p.Pro224Trp,0.0331099411463184,226,0.009436096889314141
urn:mavedb:00000085-d-1#1345,NA,NA,p.Pro224Val,0.0374952400023386,226,0.00534152895185238
urn:mavedb:00000085-d-1#1346,NA,NA,p.Pro224Thr,0.0610928728765105,226,0.00347271984303428
urn:mavedb:00000085-d-1#1347,NA,NA,p.Pro224Ser,0.0609103126231585,226,0.0037777813557120796
urn:mavedb:00000085-d-1#1348,NA,NA,p.Pro224Arg,0.0582663535599008,226,0.00345501852053264
urn:mavedb:00000085-d-1#1349,NA,NA,p.Pro224Gln,0.0605218171485136,226,0.00508792244571633
urn:mavedb:00000085-d-1#1350,NA,NA,p.Pro224Asn,0.0633568901670949,226,0.00977020103833555
urn:mavedb:00000085-d-1#1351,NA,NA,p.Pro224Met,0.0372097633900927,226,0.00641383595084331
urn:mavedb:00000085-d-1#1352,NA,NA,p.Pro224Leu,0.039218329892687004,226,0.00340592954402422
urn:mavedb:00000085-d-1#1353,NA,NA,p.Pro224Lys,0.0644354190105751,226,0.007598636978629321
urn:mavedb:00000085-d-1#1354,NA,NA,p.Pro224Ile,0.0389134445467914,226,0.00655648657380572
urn:mavedb:00000085-d-1#1355,NA,NA,p.Pro224His,0.0624779956872175,226,0.00573664837301701
urn:mavedb:00000085-d-1#1356,NA,NA,p.Pro224Gly,0.0637523199273179,226,0.00710057568095968
urn:mavedb:00000085-d-1#1357,NA,NA,p.Pro224Phe,0.0357089084105303,226,0.00882686188080629
urn:mavedb:00000085-d-1#1358,NA,NA,p.Pro224Glu,0.0591916022703492,226,0.00704263254674107
urn:mavedb:00000085-d-1#1359,NA,NA,p.Pro224Asp,0.063938842182191,226,0.006940752319982329
urn:mavedb:00000085-d-1#1360,NA,NA,p.Pro224Cys,0.0398830836504292,226,0.00834480043412354
urn:mavedb:00000085-d-1#1361,NA,NA,p.Pro224Ala,0.0570101876672169,226,0.00453783475115302
urn:mavedb:00000085-d-1#1362,NA,NA,p.Leu223Tyr,0.0407587643941785,225,0.00550416266216424
urn:mavedb:00000085-d-1#1363,NA,NA,p.Leu223Trp,0.0373382209180414,225,0.0111373951856148
urn:mavedb:00000085-d-1#1364,NA,NA,p.Leu223Val,1.02788358145646,225,0.0926950110456141
urn:mavedb:00000085-d-1#1365,NA,NA,p.Leu223Thr,0.51029753250194,225,0.0367821853442769
urn:mavedb:00000085-d-1#1366,NA,NA,p.Leu223Ser,0.0661824911929981,225,0.00513951260749939
urn:mavedb:00000085-d-1#1367,NA,NA,p.Leu223Arg,0.060656770103529996,225,0.00390667820357156
urn:mavedb:00000085-d-1#1368,NA,NA,p.Leu223Gln,0.0535586363636591,225,0.007278346024948121
urn:mavedb:00000085-d-1#1369,NA,NA,p.Leu223Pro,0.0381915350170096,225,0.00503418817292262
urn:mavedb:00000085-d-1#1370,NA,NA,p.Leu223Asn,0.0395598732353144,225,0.00621131064139842
urn:mavedb:00000085-d-1#1371,NA,NA,p.Leu223Met,0.5297590583410939,225,0.0789884999793978
urn:mavedb:00000085-d-1#1372,NA,NA,p.Leu223Lys,0.0649653385972431,225,0.00953468058376887
urn:mavedb:00000085-d-1#1373,NA,NA,p.Leu223Ile,0.990352646515152,225,0.0903121550577351
urn:mavedb:00000085-d-1#1374,NA,NA,p.Leu223His,0.0386543284592003,225,0.0040961770951396205
urn:mavedb:00000085-d-1#1375,NA,NA,p.Leu223Gly,0.03464422039542,225,0.00534244968758665
urn:mavedb:00000085-d-1#1376,NA,NA,p.Leu223Phe,0.0607748400171436,225,0.00614420456683253
urn:mavedb:00000085-d-1#1377,NA,NA,p.Leu223Glu,0.0354395182529498,225,0.0064219307544636705
urn:mavedb:00000085-d-1#1378,NA,NA,p.Leu199Val,0.913527058940324,201,0.326848019724411
urn:mavedb:00000085-d-1#1379,NA,NA,p.Leu199Ser,NA,201,NA
urn:mavedb:00000085-d-1#1380,NA,NA,p.Leu199Arg,0.975123659754888,201,0.27790328263790504
urn:mavedb:00000085-d-1#1381,NA,NA,p.Leu199Gln,NA,201,NA
urn:mavedb:00000085-d-1#1382,NA,NA,p.Leu199Pro,NA,201,NA
urn:mavedb:00000085-d-1#1383,NA,NA,p.Leu199Ile,1.05951811668219,201,0.37908170853900497
urn:mavedb:00000085-d-1#1384,NA,NA,p.Leu199Ala,1.57088168950933,201,0.52375089430009
urn:mavedb:00000085-d-1#1385,NA,NA,p.Thr198Tyr,0.12439557365756801,200,0.037105213614936
urn:mavedb:00000085-d-1#1386,NA,NA,p.Thr198Val,0.17605189596604198,200,0.0375741268188088
urn:mavedb:00000085-d-1#1387,NA,NA,p.Thr198Ser,0.901648482681234,200,0.117484924163112
urn:mavedb:00000085-d-1#1388,NA,NA,p.Thr198Arg,0.347359001367231,200,0.079233703903183
urn:mavedb:00000085-d-1#1389,NA,NA,p.Thr198Gln,0.5297590583410939,200,0.15801866936442802
urn:mavedb:00000085-d-1#1390,NA,NA,p.Thr198Pro,0.0644752524907762,200,0.0107455789080544
urn:mavedb:00000085-d-1#1391,NA,NA,p.Thr198Asn,0.49838641437761405,200,0.0761901425925602
urn:mavedb:00000085-d-1#1392,NA,NA,p.Thr198Met,NA,200,NA
urn:mavedb:00000085-d-1#1393,NA,NA,p.Thr198Leu,0.255169711426382,200,0.069815998944202
urn:mavedb:00000085-d-1#1394,NA,NA,p.Thr198Lys,0.454084047864106,200,0.13544602191002
urn:mavedb:00000085-d-1#1395,NA,NA,p.Thr198Ile,0.0674229242014514,200,0.0122175856735619
urn:mavedb:00000085-d-1#1396,NA,NA,p.Thr198His,0.44542065294001093,200,0.10699035642610301
urn:mavedb:00000085-d-1#1397,NA,NA,p.Thr198Gly,0.47977884649050706,200,0.0906926817893713
urn:mavedb:00000085-d-1#1398,NA,NA,p.Thr198Glu,0.5297590583410939,200,0.13507067902161
urn:mavedb:00000085-d-1#1399,NA,NA,p.Thr198Asp,0.27589328364568294,200,0.0786276165242043
urn:mavedb:00000085-d-1#1400,NA,NA,p.Thr198Cys,0.5297590583410939,200,0.13507067902161
urn:mavedb:00000085-d-1#1401,NA,NA,p.Thr198Ala,0.481925413969414,200,0.0510693606888245
urn:mavedb:00000085-d-1#1402,NA,NA,p.Leu197Tyr,0.0541579252080756,199,0.0161544444444556
urn:mavedb:00000085-d-1#1403,NA,NA,p.Leu197Val,0.0492467707155326,199,0.00759429399250187
urn:mavedb:00000085-d-1#1404,NA,NA,p.Leu197Thr,0.0415794189807984,199,0.0124024768559246
urn:mavedb:00000085-d-1#1405,NA,NA,p.Leu197Ser,0.0379439477328205,199,0.00911416312950953
urn:mavedb:00000085-d-1#1406,NA,NA,p.Leu197Arg,0.0522646059942654,199,0.00666109823571408
urn:mavedb:00000085-d-1#1407,NA,NA,p.Leu197Gln,0.0444016917624735,199,0.0113209327176885
urn:mavedb:00000085-d-1#1408,NA,NA,p.Leu197Pro,0.0357089084105303,199,0.00882686188080629
urn:mavedb:00000085-d-1#1409,NA,NA,p.Leu197Asn,NA,199,NA
urn:mavedb:00000085-d-1#1410,NA,NA,p.Leu197Met,0.209431892272943,199,0.0698271178570909
urn:mavedb:00000085-d-1#1411,NA,NA,p.Leu197Ile,0.130557902395542,199,0.0222457297486314
urn:mavedb:00000085-d-1#1412,NA,NA,p.Leu197His,0.0633531647789819,199,0.0111876062567389
urn:mavedb:00000085-d-1#1413,NA,NA,p.Leu197Gly,0.0331099411463184,199,0.009436096889314141
urn:mavedb:00000085-d-1#1414,NA,NA,p.Leu197Phe,0.0634822342927869,199,0.012583149746098999
urn:mavedb:00000085-d-1#1415,NA,NA,p.Leu197Glu,NA,199,NA
urn:mavedb:00000085-d-1#1416,NA,NA,p.Leu197Asp,NA,199,NA
urn:mavedb:00000085-d-1#1417,NA,NA,p.Leu197Cys,NA,199,NA
urn:mavedb:00000085-d-1#1418,NA,NA,p.Leu197Ala,0.0364906482638776,199,0.00998406529686861
urn:mavedb:00000085-d-1#1419,NA,NA,p.Leu196Trp,NA,198,NA
urn:mavedb:00000085-d-1#1420,NA,NA,p.Leu196Val,1.61710767943813,198,0.44245058478614097
urn:mavedb:00000085-d-1#1421,NA,NA,p.Leu196Ser,NA,198,NA
urn:mavedb:00000085-d-1#1422,NA,NA,p.Leu196Arg,0.939140778255277,198,0.15486827645787302
urn:mavedb:00000085-d-1#1423,NA,NA,p.Leu196Gln,0.936045313170582,198,0.204000977079981
urn:mavedb:00000085-d-1#1424,NA,NA,p.Leu196Pro,0.79164769586629,198,0.185144352297303
urn:mavedb:00000085-d-1#1425,NA,NA,p.Leu196Asn,NA,198,NA
urn:mavedb:00000085-d-1#1426,NA,NA,p.Leu196Met,NA,198,NA
urn:mavedb:00000085-d-1#1427,NA,NA,p.Leu196Lys,NA,198,NA
urn:mavedb:00000085-d-1#1428,NA,NA,p.Leu196Ile,0.936045313170582,198,0.312088792652254
urn:mavedb:00000085-d-1#1429,NA,NA,p.Leu196His,1.96035919177153,198,0.36009022247538897
urn:mavedb:00000085-d-1#1430,NA,NA,p.Leu196Gly,0.5297590583410939,198,0.15801866936442802
urn:mavedb:00000085-d-1#1431,NA,NA,p.Leu196Glu,0.40836254272357597,198,0.128268138416922
urn:mavedb:00000085-d-1#1432,NA,NA,p.Leu196Ala,NA,198,NA
urn:mavedb:00000085-d-1#1433,NA,NA,p.Glu195Tyr,NA,197,NA
urn:mavedb:00000085-d-1#1434,NA,NA,p.Glu195Val,0.0662198822926367,197,0.0197523336705535
urn:mavedb:00000085-d-1#1435,NA,NA,p.Glu195Thr,NA,197,NA
urn:mavedb:00000085-d-1#1436,NA,NA,p.Glu195Ser,NA,197,NA
urn:mavedb:00000085-d-1#1437,NA,NA,p.Glu195Arg,0.8002769395700421,197,0.19781993699633799
urn:mavedb:00000085-d-1#1438,NA,NA,p.Glu195Gln,NA,197,NA
urn:mavedb:00000085-d-1#1439,NA,NA,p.Glu195Pro,NA,197,NA
urn:mavedb:00000085-d-1#1440,NA,NA,p.Glu195Asn,NA,197,NA
urn:mavedb:00000085-d-1#1441,NA,NA,p.Glu195Lys,0.767360118289561,197,0.167237858788095
urn:mavedb:00000085-d-1#1442,NA,NA,p.Glu195Gly,0.540301819550531,197,0.10369539747983199
urn:mavedb:00000085-d-1#1443,NA,NA,p.Glu195Asp,1.01098427094046,197,0.230608759407923
urn:mavedb:00000085-d-1#1444,NA,NA,p.Glu195Cys,NA,197,NA
urn:mavedb:00000085-d-1#1445,NA,NA,p.Glu195Ala,0.32052905822149397,197,0.11468109993955802
urn:mavedb:00000085-d-1#1446,NA,NA,p.Gly194Val,0.09488538490429099,196,0.0188077344830095
urn:mavedb:00000085-d-1#1447,NA,NA,p.Gly194Thr,NA,196,NA
urn:mavedb:00000085-d-1#1448,NA,NA,p.Gly194Ser,0.8032432722534351,196,0.143657070211655
urn:mavedb:00000085-d-1#1449,NA,NA,p.Gly194Arg,0.160214648066707,196,0.0384836719810752
urn:mavedb:00000085-d-1#1450,NA,NA,p.Gly194Gln,0.5297590583410939,196,0.18954085426950198
urn:mavedb:00000085-d-1#1451,NA,NA,p.Gly194Pro,NA,196,NA
urn:mavedb:00000085-d-1#1452,NA,NA,p.Gly194Asn,NA,196,NA
urn:mavedb:00000085-d-1#1453,NA,NA,p.Gly194Met,NA,196,NA
urn:mavedb:00000085-d-1#1454,NA,NA,p.Gly194Leu,0.24482611432995602,196,0.08759557788949499
urn:mavedb:00000085-d-1#1455,NA,NA,p.Gly194Ile,0.0662198822926367,196,0.0220785071229956
urn:mavedb:00000085-d-1#1456,NA,NA,p.Gly194His,NA,196,NA
urn:mavedb:00000085-d-1#1457,NA,NA,p.Gly194Glu,NA,196,NA
urn:mavedb:00000085-d-1#1458,NA,NA,p.Gly194Asp,0.484190274227238,196,0.092926399884475
urn:mavedb:00000085-d-1#1459,NA,NA,p.Gly194Cys,0.571390220241777,196,0.127313630923774
urn:mavedb:00000085-d-1#1460,NA,NA,p.Thr187Gln,0.0415794189807984,189,0.0106013484179905
urn:mavedb:00000085-d-1#1461,NA,NA,p.Thr187Pro,0.0379439477328205,189,0.0119183299903497
urn:mavedb:00000085-d-1#1462,NA,NA,p.Thr187Asn,0.43024198431439603,189,0.0958638549601665
urn:mavedb:00000085-d-1#1463,NA,NA,p.Thr187Met,0.0743994572971895,189,0.0142788364161604
urn:mavedb:00000085-d-1#1464,NA,NA,p.Thr187Leu,0.111428997906275,189,0.0210634435493443
urn:mavedb:00000085-d-1#1465,NA,NA,p.Thr187Lys,0.0331099411463184,189,0.00987616683527674
urn:mavedb:00000085-d-1#1466,NA,NA,p.Thr187Ile,0.0662198822926367,189,0.0174620516800807
urn:mavedb:00000085-d-1#1467,NA,NA,p.Thr187His,0.110361939803828,189,0.0394860569534395
urn:mavedb:00000085-d-1#1468,NA,NA,p.Thr187Gly,0.0612210073903791,189,0.0130661807590248
urn:mavedb:00000085-d-1#1469,NA,NA,p.Thr187Phe,NA,189,NA
urn:mavedb:00000085-d-1#1470,NA,NA,p.Thr187Glu,0.0331099411463184,189,0.0110392535614978
urn:mavedb:00000085-d-1#1471,NA,NA,p.Thr187Asp,0.738289048973504,189,0.246154469960507
urn:mavedb:00000085-d-1#1472,NA,NA,p.Thr187Cys,NA,189,NA
urn:mavedb:00000085-d-1#1473,NA,NA,p.Thr187Ala,0.0737607654940635,189,0.0115812056551785
urn:mavedb:00000085-d-1#1474,NA,NA,p.Thr186Tyr,0.9930122620584351,188,0.162070582629116
urn:mavedb:00000085-d-1#1475,NA,NA,p.Thr186Trp,NA,188,NA
urn:mavedb:00000085-d-1#1476,NA,NA,p.Thr186Val,1.32589434490819,188,0.24700001264063
urn:mavedb:00000085-d-1#1477,NA,NA,p.Thr186Ser,1.71953023666448,188,0.16128536588725598
urn:mavedb:00000085-d-1#1478,NA,NA,p.Thr186Arg,1.11571398818356,188,0.12333513390228301
urn:mavedb:00000085-d-1#1479,NA,NA,p.Thr186Gln,0.8973340865923299,188,0.19993842503534198
urn:mavedb:00000085-d-1#1480,NA,NA,p.Thr186Pro,0.131091737227274,188,0.0164457030329913
urn:mavedb:00000085-d-1#1481,NA,NA,p.Thr186Asn,0.9407635158728531,188,0.14637065224953
urn:mavedb:00000085-d-1#1482,NA,NA,p.Thr186Met,1.70551543781362,188,0.43484887070869105
urn:mavedb:00000085-d-1#1483,NA,NA,p.Thr186Leu,1.19022225912775,188,0.16955770001401502
urn:mavedb:00000085-d-1#1484,NA,NA,p.Thr186Lys,1.17194021512615,188,0.173350623590473
urn:mavedb:00000085-d-1#1485,NA,NA,p.Thr186Ile,1.1607373950158302,188,0.127837877477456
urn:mavedb:00000085-d-1#1486,NA,NA,p.Thr186His,1.14216165905342,188,0.174606404100537
urn:mavedb:00000085-d-1#1487,NA,NA,p.Thr186Gly,0.6992956460381771,188,0.114132782759879
urn:mavedb:00000085-d-1#1488,NA,NA,p.Thr186Phe,NA,188,NA
urn:mavedb:00000085-d-1#1489,NA,NA,p.Thr186Glu,1.0001767049311299,188,0.24723303018200302
urn:mavedb:00000085-d-1#1490,NA,NA,p.Thr186Asp,0.8682134170960009,188,0.143172055368582
urn:mavedb:00000085-d-1#1491,NA,NA,p.Thr186Cys,1.05951811668219,188,0.35325611396793
urn:mavedb:00000085-d-1#1492,NA,NA,p.Thr186Ala,1.44609088621457,188,0.12316705241002
urn:mavedb:00000085-d-1#1493,NA,NA,p.Ala185Val,0.0582495993355418,187,0.0113573504227073
urn:mavedb:00000085-d-1#1494,NA,NA,p.Ala185Thr,0.0420013823835313,187,0.00982295379320309
urn:mavedb:00000085-d-1#1495,NA,NA,p.Ala185Ser,0.11074630125900099,187,0.0369241520301547
urn:mavedb:00000085-d-1#1496,NA,NA,p.Ala185Arg,NA,187,NA
urn:mavedb:00000085-d-1#1497,NA,NA,p.Ala185Gln,NA,187,NA
urn:mavedb:00000085-d-1#1498,NA,NA,p.Ala185Pro,NA,187,NA
urn:mavedb:00000085-d-1#1499,NA,NA,p.Ala185Gly,0.540784528420984,187,0.0954977449795429
urn:mavedb:00000085-d-1#1500,NA,NA,p.Ala185Glu,NA,187,NA
urn:mavedb:00000085-d-1#1501,NA,NA,p.Ala185Asp,NA,187,NA
urn:mavedb:00000085-d-1#1502,NA,NA,p.Ala185Cys,0.060939709230967996,187,0.0155375689676392
urn:mavedb:00000085-d-1#1503,NA,NA,p.Met184Tyr,NA,186,NA
urn:mavedb:00000085-d-1#1504,NA,NA,p.Met184Trp,0.0466515919504214,186,0.016691328731602
urn:mavedb:00000085-d-1#1505,NA,NA,p.Met184Val,0.10825089760605801,186,0.0184448445402824
urn:mavedb:00000085-d-1#1506,NA,NA,p.Met184Thr,0.0331099411463184,186,0.009059083083145871
urn:mavedb:00000085-d-1#1507,NA,NA,p.Met184Ser,NA,186,NA
urn:mavedb:00000085-d-1#1508,NA,NA,p.Met184Arg,0.0331099411463184,186,0.0070665363799037
urn:mavedb:00000085-d-1#1509,NA,NA,p.Met184Gln,NA,186,NA
urn:mavedb:00000085-d-1#1510,NA,NA,p.Met184Pro,NA,186,NA
urn:mavedb:00000085-d-1#1511,NA,NA,p.Met184Asn,NA,186,NA
urn:mavedb:00000085-d-1#1512,NA,NA,p.Met184Leu,0.0663785983478702,186,0.0133855534945982
urn:mavedb:00000085-d-1#1513,NA,NA,p.Met184Lys,NA,186,NA
urn:mavedb:00000085-d-1#1514,NA,NA,p.Met184Ile,0.48183431562714296,186,0.0885061404250427
urn:mavedb:00000085-d-1#1515,NA,NA,p.Met184His,NA,186,NA
urn:mavedb:00000085-d-1#1516,NA,NA,p.Met184Phe,0.132439764585273,186,0.0377443875572566
urn:mavedb:00000085-d-1#1517,NA,NA,p.Met184Ala,0.0662198822926367,186,0.0236926067836878
urn:mavedb:00000085-d-1#1518,NA,NA,p.Ala183Tyr,0.264483575171503,185,0.0635291421483779
urn:mavedb:00000085-d-1#1519,NA,NA,p.Ala183Trp,0.13874960704643302,185,0.0296128326401445
urn:mavedb:00000085-d-1#1520,NA,NA,p.Ala183Val,0.42039271649992493,185,0.042252307512729
urn:mavedb:00000085-d-1#1521,NA,NA,p.Ala183Thr,0.23964886843698896,185,0.0366359935416008
urn:mavedb:00000085-d-1#1522,NA,NA,p.Ala183Ser,0.495021903370212,185,0.0414636321636658
urn:mavedb:00000085-d-1#1523,NA,NA,p.Ala183Arg,0.131092745496253,185,0.0136667910522084
urn:mavedb:00000085-d-1#1524,NA,NA,p.Ala183Gln,0.45619843443187197,185,0.0608538380720663
urn:mavedb:00000085-d-1#1525,NA,NA,p.Ala183Pro,0.0682792610846113,185,0.0152135621813687
urn:mavedb:00000085-d-1#1526,NA,NA,p.Ala183Asn,0.258085224351078,185,0.0529895349802249
urn:mavedb:00000085-d-1#1527,NA,NA,p.Ala183Met,0.272976620709937,185,0.0695998245537799
urn:mavedb:00000085-d-1#1528,NA,NA,p.Ala183Leu,0.0614042659008797,185,0.0093075868364032
urn:mavedb:00000085-d-1#1529,NA,NA,p.Ala183Lys,0.132439764585273,185,0.0349241033601613
urn:mavedb:00000085-d-1#1530,NA,NA,p.Ala183Ile,0.195978306796141,185,0.0458338688605522
urn:mavedb:00000085-d-1#1531,NA,NA,p.Ala183His,0.307924227342911,185,0.07396361757856701
urn:mavedb:00000085-d-1#1532,NA,NA,p.Ala183Gly,0.0649325025745396,185,0.0074337669212956
urn:mavedb:00000085-d-1#1533,NA,NA,p.Ala183Phe,0.16088469506685402,185,0.0536408970091069
urn:mavedb:00000085-d-1#1534,NA,NA,p.Ala183Glu,0.242047366776344,185,0.0427434153356231
urn:mavedb:00000085-d-1#1535,NA,NA,p.Ala183Asp,0.0819978610778928,185,0.0135217932309969
urn:mavedb:00000085-d-1#1536,NA,NA,p.Ala183Cys,0.169614027236607,185,0.0320621701263099
urn:mavedb:00000085-d-1#1537,NA,NA,p.Ala182Tyr,NA,184,NA
urn:mavedb:00000085-d-1#1538,NA,NA,p.Ala182Val,1.8913005219641799,184,0.352329169082271
urn:mavedb:00000085-d-1#1539,NA,NA,p.Ala182Thr,0.498892880571666,184,0.0726613532898486
urn:mavedb:00000085-d-1#1540,NA,NA,p.Ala182Ser,0.879729963911502,184,0.174375933603309
urn:mavedb:00000085-d-1#1541,NA,NA,p.Ala182Arg,1.17392787117881,184,0.228889303206339
urn:mavedb:00000085-d-1#1542,NA,NA,p.Ala182Gln,0.913527058940324,184,0.326848019724411
urn:mavedb:00000085-d-1#1543,NA,NA,p.Ala182Pro,0.0627150368442444,184,0.0178733378432779
urn:mavedb:00000085-d-1#1544,NA,NA,p.Ala182Asn,0.454084047864106,184,0.13544602191002
urn:mavedb:00000085-d-1#1545,NA,NA,p.Ala182Met,NA,184,NA
urn:mavedb:00000085-d-1#1546,NA,NA,p.Ala182Leu,2.08804693641456,184,0.622831064929625
urn:mavedb:00000085-d-1#1547,NA,NA,p.Ala182Lys,1.05951811668219,184,0.30195510045805296
urn:mavedb:00000085-d-1#1548,NA,NA,p.Ala182Ile,NA,184,NA
urn:mavedb:00000085-d-1#1549,NA,NA,p.Ala182His,0.702896994227843,184,0.220782465372895
urn:mavedb:00000085-d-1#1550,NA,NA,p.Ala182Gly,0.8024610545483969,184,0.13673114706762401
urn:mavedb:00000085-d-1#1551,NA,NA,p.Ala182Phe,NA,184,NA
urn:mavedb:00000085-d-1#1552,NA,NA,p.Ala182Glu,0.50947041288435,184,0.0645860693825592
urn:mavedb:00000085-d-1#1553,NA,NA,p.Ala182Asp,0.139802491953838,184,0.0268310682053299
urn:mavedb:00000085-d-1#1554,NA,NA,p.Ala182Cys,0.58278053208835,184,0.208511243299098
urn:mavedb:00000085-d-1#1555,NA,NA,p.Pro181Tyr,0.0331099411463184,183,0.009436096889314141
urn:mavedb:00000085-d-1#1556,NA,NA,p.Pro181Trp,NA,183,NA
urn:mavedb:00000085-d-1#1557,NA,NA,p.Pro181Val,0.0702425110233601,183,0.0119686046452925
urn:mavedb:00000085-d-1#1558,NA,NA,p.Pro181Thr,0.0398017983765128,183,0.00366300283641075
urn:mavedb:00000085-d-1#1559,NA,NA,p.Pro181Ser,0.038002341554896,183,0.00458408824283746
urn:mavedb:00000085-d-1#1560,NA,NA,p.Pro181Arg,0.0383513391638817,183,0.005115813661728571
urn:mavedb:00000085-d-1#1561,NA,NA,p.Pro181Gln,0.0331099411463184,183,0.007215954452066891
urn:mavedb:00000085-d-1#1562,NA,NA,p.Pro181Asn,0.0331099411463184,183,0.00844191743885064
urn:mavedb:00000085-d-1#1563,NA,NA,p.Pro181Met,NA,183,NA
urn:mavedb:00000085-d-1#1564,NA,NA,p.Pro181Leu,0.0408263104615991,183,0.00393708402771511
urn:mavedb:00000085-d-1#1565,NA,NA,p.Pro181Lys,0.0331099411463184,183,0.009436096889314141
urn:mavedb:00000085-d-1#1566,NA,NA,p.Pro181Ile,0.0460879950177018,183,0.00871202200143949
urn:mavedb:00000085-d-1#1567,NA,NA,p.Pro181His,0.0351566329097538,183,0.004634144857368
urn:mavedb:00000085-d-1#1568,NA,NA,p.Pro181Gly,0.0331099411463184,183,0.00844191743885064
urn:mavedb:00000085-d-1#1569,NA,NA,p.Pro181Phe,0.0331099411463184,183,0.00844191743885064
urn:mavedb:00000085-d-1#1570,NA,NA,p.Pro181Glu,0.0331099411463184,183,0.0103999511943653
urn:mavedb:00000085-d-1#1571,NA,NA,p.Pro181Asp,0.0331099411463184,183,0.00844191743885064
urn:mavedb:00000085-d-1#1572,NA,NA,p.Pro181Cys,0.07214409838329401,183,0.024053712191734997
urn:mavedb:00000085-d-1#1573,NA,NA,p.Pro181Ala,0.0615393388079932,183,0.00513599953465321
urn:mavedb:00000085-d-1#1574,NA,NA,p.Met180Tyr,0.29549056951963104,182,0.0779202773741868
urn:mavedb:00000085-d-1#1575,NA,NA,p.Met180Trp,0.411671277888406,182,0.117323375705689
urn:mavedb:00000085-d-1#1576,NA,NA,p.Met180Val,0.731103010524136,182,0.0947261329027357
urn:mavedb:00000085-d-1#1577,NA,NA,p.Met180Thr,1.94769550314567,182,0.34394572825576797
urn:mavedb:00000085-d-1#1578,NA,NA,p.Met180Ser,2.0732043490584298,182,0.4619385561305229
urn:mavedb:00000085-d-1#1579,NA,NA,p.Met180Arg,0.46179448365405107,182,0.0429000671309365
urn:mavedb:00000085-d-1#1580,NA,NA,p.Met180Gln,1.05951811668219,182,0.33279843821968896
urn:mavedb:00000085-d-1#1581,NA,NA,p.Met180Pro,NA,182,NA
urn:mavedb:00000085-d-1#1582,NA,NA,p.Met180Asn,0.9525514175275791,182,0.299199814600451
urn:mavedb:00000085-d-1#1583,NA,NA,p.Met180Leu,0.13992667146747698,182,0.0177386428795827
urn:mavedb:00000085-d-1#1584,NA,NA,p.Met180Lys,0.9604922633060959,182,0.13136363911184698
urn:mavedb:00000085-d-1#1585,NA,NA,p.Met180Ile,0.601216996755925,182,0.0844516846446693
urn:mavedb:00000085-d-1#1586,NA,NA,p.Met180His,0.8586305376271371,182,0.269698929570788
urn:mavedb:00000085-d-1#1587,NA,NA,p.Met180Gly,0.26864977406332397,182,0.0515595989062887
urn:mavedb:00000085-d-1#1588,NA,NA,p.Met180Phe,NA,182,NA
urn:mavedb:00000085-d-1#1589,NA,NA,p.Met180Glu,0.6610297185,182,0.14406429534499499
urn:mavedb:00000085-d-1#1590,NA,NA,p.Met180Asp,0.16088469506685402,182,0.0536408970091069
urn:mavedb:00000085-d-1#1591,NA,NA,p.Met180Cys,NA,182,NA
urn:mavedb:00000085-d-1#1592,NA,NA,p.Met180Ala,1.05951811668219,182,0.27014135804322104
urn:mavedb:00000085-d-1#1593,NA,NA,p.Thr179Tyr,0.0331099411463184,181,0.00987616683527674
urn:mavedb:00000085-d-1#1594,NA,NA,p.Ala211Cys,0.39234098807033396,213,0.10345954074067999
urn:mavedb:00000085-d-1#1595,NA,NA,p.Glu210Tyr,NA,212,NA
urn:mavedb:00000085-d-1#1596,NA,NA,p.Glu210Trp,NA,212,NA
urn:mavedb:00000085-d-1#1597,NA,NA,p.Glu210Val,0.6498569521277621,212,0.177804850074158
urn:mavedb:00000085-d-1#1598,NA,NA,p.Glu210Thr,0.331090304344981,212,0.0721575597225127
urn:mavedb:00000085-d-1#1599,NA,NA,p.Glu210Ser,0.495108681259219,212,0.101654710573085
urn:mavedb:00000085-d-1#1600,NA,NA,p.Glu210Arg,0.936045313170582,212,0.312088792652254
urn:mavedb:00000085-d-1#1601,NA,NA,p.Glu210Gln,1.63046548857255,212,0.583359202065786
urn:mavedb:00000085-d-1#1602,NA,NA,p.Glu210Asn,NA,212,NA
urn:mavedb:00000085-d-1#1603,NA,NA,p.Glu210Met,NA,212,NA
urn:mavedb:00000085-d-1#1604,NA,NA,p.Glu210Leu,0.26487952917054697,212,0.0831996095549223
urn:mavedb:00000085-d-1#1605,NA,NA,p.Glu210Lys,0.516508288667878,212,0.17221009061968803
urn:mavedb:00000085-d-1#1606,NA,NA,p.Glu210Gly,0.287294410162625,212,0.0543073141121897
urn:mavedb:00000085-d-1#1607,NA,NA,p.Glu210Asp,0.150397888542274,212,0.024801246331478
urn:mavedb:00000085-d-1#1608,NA,NA,p.Glu210Ala,0.936045313170582,212,0.204000977079981
urn:mavedb:00000085-d-1#1609,NA,NA,p.Met209Thr,NA,211,NA
urn:mavedb:00000085-d-1#1610,NA,NA,p.Met209Ser,0.0331099411463184,211,0.0110392535614978
urn:mavedb:00000085-d-1#1611,NA,NA,p.Met209Arg,NA,211,NA
urn:mavedb:00000085-d-1#1612,NA,NA,p.Met209Leu,0.0733619812549812,211,0.0262479562718857
urn:mavedb:00000085-d-1#1613,NA,NA,p.Met209Ile,1.63046548857255,211,0.583359202065786
urn:mavedb:00000085-d-1#1614,NA,NA,p.Met209Asp,NA,211,NA
urn:mavedb:00000085-d-1#1615,NA,NA,p.Trp208Tyr,0.0662198822926367,210,0.0188721937786283
urn:mavedb:00000085-d-1#1616,NA,NA,p.Trp208Val,0.0331099411463184,210,0.00987616683527674
urn:mavedb:00000085-d-1#1617,NA,NA,p.Trp208Ser,0.0379439477328205,210,0.00911416312950953
urn:mavedb:00000085-d-1#1618,NA,NA,p.Trp208Arg,0.0331099411463184,210,0.00844191743885064
urn:mavedb:00000085-d-1#1619,NA,NA,p.Trp208Gln,0.0364906482638776,210,0.00998406529686861
urn:mavedb:00000085-d-1#1620,NA,NA,p.Trp208Pro,NA,210,NA
urn:mavedb:00000085-d-1#1621,NA,NA,p.Trp208Met,0.0500069589021105,210,0.0166729229967593
urn:mavedb:00000085-d-1#1622,NA,NA,p.Trp208Leu,0.0538405882639592,210,0.0101774960994918
urn:mavedb:00000085-d-1#1623,NA,NA,p.Trp208Lys,NA,210,NA
urn:mavedb:00000085-d-1#1624,NA,NA,p.Trp208Ile,0.0444016917624735,210,0.0148040593536336
urn:mavedb:00000085-d-1#1625,NA,NA,p.Thr179Trp,NA,181,NA
urn:mavedb:00000085-d-1#1626,NA,NA,p.Thr179Val,0.0331099411463184,181,0.0070665363799037
urn:mavedb:00000085-d-1#1627,NA,NA,p.Thr179Ser,0.127187836870216,181,0.0130938463404944
urn:mavedb:00000085-d-1#1628,NA,NA,p.Thr179Arg,0.0349651322850372,181,0.004070164768988379
urn:mavedb:00000085-d-1#1629,NA,NA,p.Thr179Gln,0.0331099411463184,181,0.008731025840040329
urn:mavedb:00000085-d-1#1630,NA,NA,p.Thr179Pro,0.0347173955888791,181,0.00712810527067097
urn:mavedb:00000085-d-1#1631,NA,NA,p.Thr179Asn,0.0331099411463184,181,0.0118463033918439
urn:mavedb:00000085-d-1#1632,NA,NA,p.Thr179Met,0.0331099411463184,181,0.00667677383144477
urn:mavedb:00000085-d-1#1633,NA,NA,p.Thr179Leu,0.0347173955888791,181,0.00712810527067097
urn:mavedb:00000085-d-1#1634,NA,NA,p.Thr179Lys,0.0331099411463184,181,0.00755248392214745
urn:mavedb:00000085-d-1#1635,NA,NA,p.Thr179Ile,0.043534246623015006,181,0.0107612021518135
urn:mavedb:00000085-d-1#1636,NA,NA,p.Thr179His,NA,181,NA
urn:mavedb:00000085-d-1#1637,NA,NA,p.Thr179Gly,0.0366690322883256,181,0.007826140479568
urn:mavedb:00000085-d-1#1638,NA,NA,p.Thr179Phe,NA,181,NA
urn:mavedb:00000085-d-1#1639,NA,NA,p.Thr179Glu,0.0331099411463184,181,0.00818442485052254
urn:mavedb:00000085-d-1#1640,NA,NA,p.Thr179Asp,0.0331099411463184,181,0.008731025840040329
urn:mavedb:00000085-d-1#1641,NA,NA,p.Thr179Cys,0.0383167949579229,181,0.009471503662907341
urn:mavedb:00000085-d-1#1642,NA,NA,p.Thr179Ala,0.0363771308664011,181,0.0042345304242611395
urn:mavedb:00000085-d-1#1643,NA,NA,p.Thr178Tyr,0.0380320698050276,180,0.00477119411926866
urn:mavedb:00000085-d-1#1644,NA,NA,p.Thr178Trp,0.0368672716414088,180,0.0105069092607457
urn:mavedb:00000085-d-1#1645,NA,NA,p.Thr178Val,0.0410288034526273,180,0.00509498341726225
urn:mavedb:00000085-d-1#1646,NA,NA,p.Thr178Ser,0.47514395623737,180,0.0251967732856739
urn:mavedb:00000085-d-1#1647,NA,NA,p.Thr178Arg,0.0352207137589963,180,0.00401591969300481
urn:mavedb:00000085-d-1#1648,NA,NA,p.Thr178Gln,0.0346100751421198,180,0.005290967980157229
urn:mavedb:00000085-d-1#1649,NA,NA,p.Thr178Pro,0.0364308645990993,180,0.0050150536539121
urn:mavedb:00000085-d-1#1650,NA,NA,p.Thr178Asn,0.0385456873650195,180,0.00436010689923501
urn:mavedb:00000085-d-1#1651,NA,NA,p.Thr178Met,0.0350394727644066,180,0.00590376502025714
urn:mavedb:00000085-d-1#1652,NA,NA,p.Thr178Leu,0.0399479869083513,180,0.0053287958553677895
urn:mavedb:00000085-d-1#1653,NA,NA,p.Thr178Lys,0.0352889356172013,180,0.00623171262685895
urn:mavedb:00000085-d-1#1654,NA,NA,p.Thr178Ile,0.0352889356172013,180,0.00364426710714549
urn:mavedb:00000085-d-1#1655,NA,NA,p.Thr178His,0.0392737436705327,180,0.00640990928502271
urn:mavedb:00000085-d-1#1656,NA,NA,p.Thr178Gly,0.0377216259870191,180,0.00480760261232945
urn:mavedb:00000085-d-1#1657,NA,NA,p.Thr178Phe,0.0377944176158779,180,0.007759873194404459
urn:mavedb:00000085-d-1#1658,NA,NA,p.Thr178Glu,0.0341021635831929,180,0.00581065949280471
urn:mavedb:00000085-d-1#1659,NA,NA,p.Thr178Asp,0.0365954681328985,180,0.00415597072628224
urn:mavedb:00000085-d-1#1660,NA,NA,p.Thr178Cys,0.0649308522074431,180,0.00823134851344267
urn:mavedb:00000085-d-1#1661,NA,NA,p.Thr178Ala,0.0392660398811664,180,0.00307705525910443
urn:mavedb:00000085-d-1#1662,NA,NA,p.Asp177Tyr,0.0331099411463184,179,0.009436096889314141
urn:mavedb:00000085-d-1#1663,NA,NA,p.Asp177Trp,NA,179,NA
urn:mavedb:00000085-d-1#1664,NA,NA,p.Asp177Val,0.0351775565855016,179,0.0052033809334117295
urn:mavedb:00000085-d-1#1665,NA,NA,p.Asp177Thr,0.0331099411463184,179,0.0118463033918439
urn:mavedb:00000085-d-1#1666,NA,NA,p.Asp177Ser,0.0363292806509389,179,0.0074590542434177795
urn:mavedb:00000085-d-1#1667,NA,NA,p.Asp177Arg,0.0344078725633327,179,0.0065041263495916
urn:mavedb:00000085-d-1#1668,NA,NA,p.Asp177Gln,0.0331099411463184,179,0.0110392535614978
urn:mavedb:00000085-d-1#1669,NA,NA,p.Asp177Pro,0.0331099411463184,179,0.0103999511943653
urn:mavedb:00000085-d-1#1670,NA,NA,p.Asp177Asn,0.0592620995806074,179,0.0103373644111157
urn:mavedb:00000085-d-1#1671,NA,NA,p.Asp177Met,0.0406371572252306,179,0.011581299742848
urn:mavedb:00000085-d-1#1672,NA,NA,p.Asp177Leu,0.0364906482638776,179,0.00998406529686861
urn:mavedb:00000085-d-1#1673,NA,NA,p.Asp177Lys,0.0373382209180414,179,0.0111373951856148
urn:mavedb:00000085-d-1#1674,NA,NA,p.Asp177Ile,0.0331099411463184,179,0.0110392535614978
urn:mavedb:00000085-d-1#1675,NA,NA,p.Asp177His,0.0357089084105303,179,0.00882686188080629
urn:mavedb:00000085-d-1#1676,NA,NA,p.Asp177Gly,0.0421045068573609,179,0.00450726467497239
urn:mavedb:00000085-d-1#1677,NA,NA,p.Asp177Phe,NA,179,NA
urn:mavedb:00000085-d-1#1678,NA,NA,p.Asp177Glu,0.0358761721046448,179,0.00457240042595261
urn:mavedb:00000085-d-1#1679,NA,NA,p.Asp177Cys,0.0381234595691703,179,0.007101994990514609
urn:mavedb:00000085-d-1#1680,NA,NA,p.Asp177Ala,0.0365483659422676,179,0.00506462349144651
urn:mavedb:00000085-d-1#1681,NA,NA,p.Arg176Tyr,0.132439764585273,178,0.0473852135673756
urn:mavedb:00000085-d-1#1682,NA,NA,p.Arg176Trp,0.132439764585273,178,0.0282661455196148
urn:mavedb:00000085-d-1#1683,NA,NA,p.Arg176Val,0.0666137746924947,178,0.0189844503010002
urn:mavedb:00000085-d-1#1684,NA,NA,p.Arg176Thr,0.0617023810647875,178,0.0193809390603907
urn:mavedb:00000085-d-1#1685,NA,NA,p.Arg176Ser,0.267181182991278,178,0.0412017361426753
urn:mavedb:00000085-d-1#1686,NA,NA,p.Arg176Gln,0.3564472394471071,178,0.08336308388213
urn:mavedb:00000085-d-1#1687,NA,NA,p.Arg176Pro,0.0666644460520129,178,0.0198849399424014
urn:mavedb:00000085-d-1#1688,NA,NA,p.Arg176Asn,0.145379724994074,178,0.0433644509412782
urn:mavedb:00000085-d-1#1689,NA,NA,p.Arg176Met,NA,178,NA
urn:mavedb:00000085-d-1#1690,NA,NA,p.Arg176Leu,0.25138213282679,178,0.0498277834120381
urn:mavedb:00000085-d-1#1691,NA,NA,p.Arg176Lys,0.333681284007959,178,0.0995317997126192
urn:mavedb:00000085-d-1#1692,NA,NA,p.Arg176His,0.116542884229312,178,0.0208432611647403
urn:mavedb:00000085-d-1#1693,NA,NA,p.Arg176Gly,0.0648958194121946,178,0.00992085978276664
urn:mavedb:00000085-d-1#1694,NA,NA,p.Arg176Asp,0.0662198822926367,178,0.0188721937786283
urn:mavedb:00000085-d-1#1695,NA,NA,p.Arg176Cys,0.157111586314939,178,0.0296988314664391
urn:mavedb:00000085-d-1#1696,NA,NA,p.Arg176Ala,0.131395626940217,178,0.0324795996956666
urn:mavedb:00000085-d-1#1697,NA,NA,p.Glu175Tyr,0.522435166177035,177,0.0749658509108171
urn:mavedb:00000085-d-1#1698,NA,NA,p.Glu175Trp,0.328408074607346,177,0.0700909613946865
urn:mavedb:00000085-d-1#1699,NA,NA,p.Glu175Val,1.2604454850555902,177,0.096457448224267
urn:mavedb:00000085-d-1#1700,NA,NA,p.Glu175Thr,0.554284337079464,177,0.0585423985389801
urn:mavedb:00000085-d-1#1701,NA,NA,p.Glu175Ser,0.483982851963905,177,0.0438392634836671
urn:mavedb:00000085-d-1#1702,NA,NA,p.Glu175Arg,0.27145240849505103,177,0.0242157500226373
urn:mavedb:00000085-d-1#1703,NA,NA,p.Glu175Gln,0.5727487222609681,177,0.0628487425677636
urn:mavedb:00000085-d-1#1704,NA,NA,p.Glu175Pro,1.10245585068575,177,0.192306515569936
urn:mavedb:00000085-d-1#1705,NA,NA,p.Glu175Asn,0.514637464169615,177,0.0987698624621971
urn:mavedb:00000085-d-1#1706,NA,NA,p.Glu175Met,0.537566043918785,177,0.0905739543372801
urn:mavedb:00000085-d-1#1707,NA,NA,p.Asn173Trp,0.5297590583410939,175,0.176628056983965
urn:mavedb:00000085-d-1#1708,NA,NA,p.Asn173Val,0.127367693466584,175,0.0227792380155193
urn:mavedb:00000085-d-1#1709,NA,NA,p.Asn173Thr,0.52601399533795,175,0.0551933124452487
urn:mavedb:00000085-d-1#1710,NA,NA,p.Asn173Ser,0.519735100883576,175,0.0478317871647277
urn:mavedb:00000085-d-1#1711,NA,NA,p.Asn173Arg,0.284167736069144,175,0.0619312922110076
urn:mavedb:00000085-d-1#1712,NA,NA,p.Asn173Gln,0.498747193972147,175,0.100574694424971
urn:mavedb:00000085-d-1#1713,NA,NA,p.Asn173Pro,0.391858753230614,175,0.0854013875307128
urn:mavedb:00000085-d-1#1714,NA,NA,p.Asn173Met,0.6185516895837819,175,0.163110854268526
urn:mavedb:00000085-d-1#1715,NA,NA,p.Asn173Leu,0.502230512943292,175,0.0963887049454658
urn:mavedb:00000085-d-1#1716,NA,NA,p.Asn173Lys,0.426981873158819,175,0.06366414532829599
urn:mavedb:00000085-d-1#1717,NA,NA,p.Asn173Ile,0.16829828901645097,175,0.0201150173017887
urn:mavedb:00000085-d-1#1718,NA,NA,p.Asn173His,0.579171456995274,175,0.0986848859703942
urn:mavedb:00000085-d-1#1719,NA,NA,p.Asn173Gly,0.444424386712569,175,0.159009226155531
urn:mavedb:00000085-d-1#1720,NA,NA,p.Asn173Phe,0.481643140819989,175,0.13178051902399
urn:mavedb:00000085-d-1#1721,NA,NA,p.Asn173Glu,NA,175,NA
urn:mavedb:00000085-d-1#1722,NA,NA,p.Asn173Asp,0.8626795640019951,175,0.123788580412804
urn:mavedb:00000085-d-1#1723,NA,NA,p.Asn173Cys,0.580838809890588,175,0.139517893672248
urn:mavedb:00000085-d-1#1724,NA,NA,p.Asn173Ala,0.504489095556842,175,0.0771230816451283
urn:mavedb:00000085-d-1#1725,NA,NA,p.Pro172Tyr,0.256830617599162,174,0.0654831387334625
urn:mavedb:00000085-d-1#1726,NA,NA,p.Pro172Trp,0.272319819857804,174,0.0673145594274745
urn:mavedb:00000085-d-1#1727,NA,NA,p.Pro172Val,0.508876802779606,174,0.0666879763945798
urn:mavedb:00000085-d-1#1728,NA,NA,p.Pro172Thr,0.40799137536775104,174,0.0405383396368308
urn:mavedb:00000085-d-1#1729,NA,NA,p.Pro172Ser,0.4300136480495779,174,0.041042575436739996
urn:mavedb:00000085-d-1#1730,NA,NA,p.Pro172Arg,0.276914916576792,174,0.024000969764857005
urn:mavedb:00000085-d-1#1731,NA,NA,p.Pro172Gln,0.5300651983540461,174,0.0468877795423673
urn:mavedb:00000085-d-1#1732,NA,NA,p.Pro172Asn,0.5297590583410939,174,0.12724850115898
urn:mavedb:00000085-d-1#1733,NA,NA,p.Pro172Met,0.5297590583410939,174,0.150977550229026
urn:mavedb:00000085-d-1#1734,NA,NA,p.Pro172Leu,0.43076077951422403,174,0.0322356942040386
urn:mavedb:00000085-d-1#1735,NA,NA,p.Pro172Lys,0.26487952917054697,174,0.0619479461901682
urn:mavedb:00000085-d-1#1736,NA,NA,p.Pro172Ile,0.40572692607669003,174,0.0833030298259697
urn:mavedb:00000085-d-1#1737,NA,NA,p.Pro172His,0.36307433174577103,174,0.0513571623777111
urn:mavedb:00000085-d-1#1738,NA,NA,p.Pro172Gly,0.49425506472515396,174,0.0616882005482874
urn:mavedb:00000085-d-1#1739,NA,NA,p.Pro172Phe,0.25881920163415695,174,0.0521920973797479
urn:mavedb:00000085-d-1#1740,NA,NA,p.Pro172Glu,1.03632838880759,174,0.176579746191107
urn:mavedb:00000085-d-1#1741,NA,NA,p.Pro172Asp,0.975123659754888,174,0.27790328263790504
urn:mavedb:00000085-d-1#1742,NA,NA,p.Pro172Cys,0.28606818805884304,174,0.0782700117652796
urn:mavedb:00000085-d-1#1743,NA,NA,p.Pro172Ala,0.526251592454231,174,0.0407454745826258
urn:mavedb:00000085-d-1#1744,NA,NA,p.Ile171Tyr,NA,173,NA
urn:mavedb:00000085-d-1#1745,NA,NA,p.Ile171Val,0.8933335210745039,173,0.220822532947932
urn:mavedb:00000085-d-1#1746,NA,NA,p.Ile171Thr,1.62085679764292,173,0.37907327152375897
urn:mavedb:00000085-d-1#1747,NA,NA,p.Ile171Ser,1.05951811668219,173,0.31603733872885603
urn:mavedb:00000085-d-1#1748,NA,NA,p.Ile171Arg,0.9855342240117191,173,0.17403659137233402
urn:mavedb:00000085-d-1#1749,NA,NA,p.Ile171Met,1.22203775867748,173,0.250906314855548
urn:mavedb:00000085-d-1#1750,NA,NA,p.Ile171Leu,0.9525514175275791,173,0.299199814600451
urn:mavedb:00000085-d-1#1751,NA,NA,p.Ile171Lys,NA,173,NA
urn:mavedb:00000085-d-1#1752,NA,NA,p.Ile171His,NA,173,NA
urn:mavedb:00000085-d-1#1753,NA,NA,p.Ile171Gly,1.05951811668219,173,0.33279843821968896
urn:mavedb:00000085-d-1#1754,NA,NA,p.Ile171Phe,1.05951811668219,173,0.37908170853900497
urn:mavedb:00000085-d-1#1755,NA,NA,p.Ile171Glu,1.05951811668219,173,0.35325611396793
urn:mavedb:00000085-d-1#1756,NA,NA,p.Ile171Asp,NA,173,NA
urn:mavedb:00000085-d-1#1757,NA,NA,p.Ile171Ala,1.05951811668219,173,0.37908170853900497
urn:mavedb:00000085-d-1#1758,NA,NA,p.Ala170Tyr,NA,172,NA
urn:mavedb:00000085-d-1#1759,NA,NA,p.Ala170Trp,NA,172,NA
urn:mavedb:00000085-d-1#1760,NA,NA,p.Ala170Val,0.945224858315225,172,0.0848688715322937
urn:mavedb:00000085-d-1#1761,NA,NA,p.Ala170Thr,0.9214311184721041,172,0.130337188376025
urn:mavedb:00000085-d-1#1762,NA,NA,p.Ala170Ser,0.8221047740944709,172,0.11171985361974901
urn:mavedb:00000085-d-1#1763,NA,NA,p.Ala170Arg,0.270811760314168,172,0.0388596238594865
urn:mavedb:00000085-d-1#1764,NA,NA,p.Ala170Gln,0.5297590583410939,172,0.16639921910984498
urn:mavedb:00000085-d-1#1765,NA,NA,p.Ala170Pro,0.304710303948521,172,0.0559709677695401
urn:mavedb:00000085-d-1#1766,NA,NA,p.Ala170Asn,NA,172,NA
urn:mavedb:00000085-d-1#1767,NA,NA,p.Ala170Met,NA,172,NA
urn:mavedb:00000085-d-1#1768,NA,NA,p.Ala170Leu,0.374538113735094,172,0.09549457728970001
urn:mavedb:00000085-d-1#1769,NA,NA,p.Ala170Lys,NA,172,NA
urn:mavedb:00000085-d-1#1770,NA,NA,p.Ala170Ile,0.8988868887535121,172,0.256176347077422
urn:mavedb:00000085-d-1#1771,NA,NA,p.Ala170His,0.9831799129469121,172,0.269004057654647
urn:mavedb:00000085-d-1#1772,NA,NA,p.Ala170Gly,0.5074266850780911,172,0.0371786745477863
urn:mavedb:00000085-d-1#1773,NA,NA,p.Ala170Phe,0.79164769586629,172,0.283241179537072
urn:mavedb:00000085-d-1#1774,NA,NA,p.Ala170Glu,0.554304267964401,172,0.111778037135363
urn:mavedb:00000085-d-1#1775,NA,NA,p.Ala170Asp,0.26029486374109,172,0.027675875495698
urn:mavedb:00000085-d-1#1776,NA,NA,p.Ala170Cys,0.7170936472122851,172,0.13762550501828502
urn:mavedb:00000085-d-1#1777,NA,NA,p.Glu169Tyr,0.264483575171503,171,0.0830752389845527
urn:mavedb:00000085-d-1#1778,NA,NA,p.Glu169Trp,NA,171,NA
urn:mavedb:00000085-d-1#1779,NA,NA,p.Glu169Val,0.250586004424672,171,0.0473683175621341
urn:mavedb:00000085-d-1#1780,NA,NA,p.Glu169Thr,0.5297590583410939,171,0.15801866936442802
urn:mavedb:00000085-d-1#1781,NA,NA,p.Glu169Ser,0.5545624297798779,171,0.13320628855228697
urn:mavedb:00000085-d-1#1782,NA,NA,p.Glu169Arg,0.16080806506886902,171,0.0336461248322463
urn:mavedb:00000085-d-1#1783,NA,NA,p.Glu169Gln,0.518803297522625,171,0.0874126383379674
urn:mavedb:00000085-d-1#1784,NA,NA,p.Glu169Pro,NA,171,NA
urn:mavedb:00000085-d-1#1785,NA,NA,p.Glu169Asn,0.5297590583410939,171,0.15801866936442802
urn:mavedb:00000085-d-1#1786,NA,NA,p.Glu169Met,0.42041205637700296,171,0.15041792878525698
urn:mavedb:00000085-d-1#1787,NA,NA,p.Glu169Leu,0.27589328364568294,171,0.0786276165242043
urn:mavedb:00000085-d-1#1788,NA,NA,p.Glu169Lys,0.0924572515953853,171,0.0235734784650342
urn:mavedb:00000085-d-1#1789,NA,NA,p.Glu169Ile,0.26487952917054697,171,0.0831996095549223
urn:mavedb:00000085-d-1#1790,NA,NA,p.Glu169His,0.24153027611231498,171,0.0805291060168162
urn:mavedb:00000085-d-1#1791,NA,NA,p.Glu169Gly,0.144568993478991,171,0.0212177632704225
urn:mavedb:00000085-d-1#1792,NA,NA,p.Glu169Phe,NA,171,NA
urn:mavedb:00000085-d-1#1793,NA,NA,p.Glu169Asp,0.608031245029621,171,0.0811073255301035
urn:mavedb:00000085-d-1#1794,NA,NA,p.Glu169Ala,0.4719209788355301,171,0.0622059052915731
urn:mavedb:00000085-d-1#1795,NA,NA,p.Asn168Tyr,0.038997759666772006,170,0.007729952405048379
urn:mavedb:00000085-d-1#1796,NA,NA,p.Asn168Trp,NA,170,NA
urn:mavedb:00000085-d-1#1797,NA,NA,p.Asn168Val,0.0331099411463184,170,0.008731025840040329
urn:mavedb:00000085-d-1#1798,NA,NA,p.Asn168Thr,0.0497647460911271,170,0.00644782183118008
urn:mavedb:00000085-d-1#1799,NA,NA,p.Asn168Ser,0.0639506155717077,170,0.0072625628200345
urn:mavedb:00000085-d-1#1800,NA,NA,p.Asn168Arg,0.0398830836504292,170,0.00834480043412354
urn:mavedb:00000085-d-1#1801,NA,NA,p.Asn168Gln,0.0594063839500871,170,0.014269455515485
urn:mavedb:00000085-d-1#1802,NA,NA,p.Asn168Met,0.0452062114845099,170,0.0108585640281321
urn:mavedb:00000085-d-1#1803,NA,NA,p.Asn168Leu,0.0331099411463184,170,0.00679806598373635
urn:mavedb:00000085-d-1#1804,NA,NA,p.Asn168Lys,0.0404840687710464,170,0.00641597459013384
urn:mavedb:00000085-d-1#1805,NA,NA,p.Asn168Ile,0.0426201618035743,170,0.00594589668791365
urn:mavedb:00000085-d-1#1806,NA,NA,p.Asn168His,0.0493101774833332,170,0.0073522800446737206
urn:mavedb:00000085-d-1#1807,NA,NA,p.Asn168Gly,0.0641702351807277,170,0.00972684922609721
urn:mavedb:00000085-d-1#1808,NA,NA,p.Asn168Phe,0.0331099411463184,170,0.0118463033918439
urn:mavedb:00000085-d-1#1809,NA,NA,p.Asn168Glu,0.0415794189807984,170,0.00948439901952622
urn:mavedb:00000085-d-1#1810,NA,NA,p.Asn168Asp,0.0531403089584013,170,0.00688518019543811
urn:mavedb:00000085-d-1#1811,NA,NA,p.Asn168Cys,0.0606248873593685,170,0.0135080620224828
urn:mavedb:00000085-d-1#1812,NA,NA,p.Asn168Ala,0.0578129063681465,170,0.0135208289746137
urn:mavedb:00000085-d-1#1813,NA,NA,p.Leu167Tyr,NA,169,NA
urn:mavedb:00000085-d-1#1814,NA,NA,p.Leu167Trp,0.0373382209180414,169,0.0111373951856148
urn:mavedb:00000085-d-1#1815,NA,NA,p.Leu167Val,0.418048867716849,169,0.0712312465374588
urn:mavedb:00000085-d-1#1816,NA,NA,p.Leu167Thr,0.132439764585273,169,0.0473852135673756
urn:mavedb:00000085-d-1#1817,NA,NA,p.Leu167Ser,0.11664223241146301,169,0.0254209161094237
urn:mavedb:00000085-d-1#1818,NA,NA,p.Leu167Arg,0.0379955302652729,169,0.00647404931014014
urn:mavedb:00000085-d-1#1819,NA,NA,p.Leu167Gln,0.0513590308692508,169,0.008469320868000391
urn:mavedb:00000085-d-1#1820,NA,NA,p.Leu167Pro,0.036182606831269996,169,0.009541281689622259
urn:mavedb:00000085-d-1#1821,NA,NA,p.Leu167Met,0.52575424089824,169,0.0594708474474578
urn:mavedb:00000085-d-1#1822,NA,NA,p.Leu167Lys,NA,169,NA
urn:mavedb:00000085-d-1#1823,NA,NA,p.Leu167Ile,0.505816450612719,169,0.0916580805957513
urn:mavedb:00000085-d-1#1824,NA,NA,p.Leu167His,0.0373382209180414,169,0.0111373951856148
urn:mavedb:00000085-d-1#1825,NA,NA,p.Leu167Gly,0.0331099411463184,169,0.00987616683527674
urn:mavedb:00000085-d-1#1826,NA,NA,p.Leu167Phe,0.0331099411463184,169,0.0110392535614978
urn:mavedb:00000085-d-1#1827,NA,NA,p.Leu167Glu,NA,169,NA
urn:mavedb:00000085-d-1#1828,NA,NA,p.Leu167Cys,NA,169,NA
urn:mavedb:00000085-d-1#1829,NA,NA,p.Leu167Ala,0.129236527578286,169,0.0270403622972692
urn:mavedb:00000085-d-1#1830,NA,NA,p.Glu166Tyr,0.738289048973504,168,0.246154469960507
urn:mavedb:00000085-d-1#1831,NA,NA,p.Glu166Trp,0.46273387580511205,168,0.0838511654406498
urn:mavedb:00000085-d-1#1832,NA,NA,p.Glu166Val,0.146045144465412,168,0.0206582056151476
urn:mavedb:00000085-d-1#1833,NA,NA,p.Glu166Thr,0.26667758448175305,168,0.0388403100848191
urn:mavedb:00000085-d-1#1834,NA,NA,p.Glu166Ser,0.326824072191335,168,0.0476003573069835
urn:mavedb:00000085-d-1#1835,NA,NA,p.Glu166Arg,0.134381952409653,168,0.0128919752547464
urn:mavedb:00000085-d-1#1836,NA,NA,p.Glu166Gln,0.472348698796079,168,0.0615471019166805
urn:mavedb:00000085-d-1#1837,NA,NA,p.Glu166Pro,0.0392660398811664,168,0.0103543768719939
urn:mavedb:00000085-d-1#1838,NA,NA,p.Glu166Asn,0.411671277888406,168,0.117323375705689
urn:mavedb:00000085-d-1#1839,NA,NA,p.Glu166Met,0.49073207274143504,168,0.0646854753433834
urn:mavedb:00000085-d-1#1840,NA,NA,p.Glu166Leu,0.275108991218752,168,0.0413550687643358
urn:mavedb:00000085-d-1#1841,NA,NA,p.Gly194Ala,0.5678813321856121,196,0.0827091901118464
urn:mavedb:00000085-d-1#1842,NA,NA,p.Thr193Ser,1.0079550587594799,195,0.173740916461384
urn:mavedb:00000085-d-1#1843,NA,NA,p.Thr193Arg,1.2466949487336298,195,0.308169714779787
urn:mavedb:00000085-d-1#1844,NA,NA,p.Thr193Pro,NA,195,NA
urn:mavedb:00000085-d-1#1845,NA,NA,p.Thr193Asn,0.5899427547970739,195,0.196694026974964
urn:mavedb:00000085-d-1#1846,NA,NA,p.Thr193Met,NA,195,NA
urn:mavedb:00000085-d-1#1847,NA,NA,p.Thr193Leu,0.5297590583410939,195,0.16639921910984498
urn:mavedb:00000085-d-1#1848,NA,NA,p.Thr193Lys,NA,195,NA
urn:mavedb:00000085-d-1#1849,NA,NA,p.Thr193Ile,0.936045313170582,195,0.312088792652254
urn:mavedb:00000085-d-1#1850,NA,NA,p.Thr193His,NA,195,NA
urn:mavedb:00000085-d-1#1851,NA,NA,p.Thr193Gly,0.47977884649050706,195,0.118596221497922
urn:mavedb:00000085-d-1#1852,NA,NA,p.Thr193Asp,NA,195,NA
urn:mavedb:00000085-d-1#1853,NA,NA,p.Thr193Ala,1.09341787952207,195,0.233364269357483
urn:mavedb:00000085-d-1#1854,NA,NA,p.Leu192Tyr,NA,194,NA
urn:mavedb:00000085-d-1#1855,NA,NA,p.Leu192Trp,0.11840609638804801,194,0.0312234528782092
urn:mavedb:00000085-d-1#1856,NA,NA,p.Leu192Val,0.245784414674919,194,0.044538147508180005
urn:mavedb:00000085-d-1#1857,NA,NA,p.Leu192Thr,NA,194,NA
urn:mavedb:00000085-d-1#1858,NA,NA,p.Leu192Ser,0.0484288742386253,194,0.012770598126796002
urn:mavedb:00000085-d-1#1859,NA,NA,p.Leu192Arg,NA,194,NA
urn:mavedb:00000085-d-1#1860,NA,NA,p.Leu192Ile,0.829897755476042,194,0.236514936534915
urn:mavedb:00000085-d-1#1861,NA,NA,p.Leu192Gly,NA,194,NA
urn:mavedb:00000085-d-1#1862,NA,NA,p.Leu192Phe,NA,194,NA
urn:mavedb:00000085-d-1#1863,NA,NA,p.Leu192Glu,NA,194,NA
urn:mavedb:00000085-d-1#1864,NA,NA,p.Leu192Asp,NA,194,NA
urn:mavedb:00000085-d-1#1865,NA,NA,p.Leu192Cys,NA,194,NA
urn:mavedb:00000085-d-1#1866,NA,NA,p.Leu192Ala,0.0662198822926367,194,0.0197523336705535
urn:mavedb:00000085-d-1#1867,NA,NA,p.Leu191Tyr,NA,193,NA
urn:mavedb:00000085-d-1#1868,NA,NA,p.Leu191Val,0.22201660923713104,193,0.0794346356409625
urn:mavedb:00000085-d-1#1869,NA,NA,p.Leu191Thr,NA,193,NA
urn:mavedb:00000085-d-1#1870,NA,NA,p.Leu191Arg,0.0331099411463184,193,0.00844191743885064
urn:mavedb:00000085-d-1#1871,NA,NA,p.Leu191Gln,NA,193,NA
urn:mavedb:00000085-d-1#1872,NA,NA,p.Leu191Pro,NA,193,NA
urn:mavedb:00000085-d-1#1873,NA,NA,p.Leu191Ile,0.306583948848725,193,0.10221878481359599
urn:mavedb:00000085-d-1#1874,NA,NA,p.Leu191His,0.130063166615999,193,0.0465348979337703
urn:mavedb:00000085-d-1#1875,NA,NA,p.Leu191Glu,0.0331099411463184,193,0.0110392535614978
urn:mavedb:00000085-d-1#1876,NA,NA,p.Leu191Ala,NA,193,NA
urn:mavedb:00000085-d-1#1877,NA,NA,p.Lys190Val,0.5297590583410939,192,0.14494532933033402
urn:mavedb:00000085-d-1#1878,NA,NA,p.Lys190Thr,0.8586305376271371,192,0.269698929570788
urn:mavedb:00000085-d-1#1879,NA,NA,p.Lys190Ser,NA,192,NA
urn:mavedb:00000085-d-1#1880,NA,NA,p.Lys190Arg,1.12077258014759,192,0.334308567237425
urn:mavedb:00000085-d-1#1881,NA,NA,p.Lys190Gln,0.0444016917624735,192,0.0148040593536336
urn:mavedb:00000085-d-1#1882,NA,NA,p.Lys190Asn,0.767360118289561,192,0.21869215632782898
urn:mavedb:00000085-d-1#1883,NA,NA,p.Lys190Met,NA,192,NA
urn:mavedb:00000085-d-1#1884,NA,NA,p.Lys190Leu,0.332810747004214,192,0.10453704857125501
urn:mavedb:00000085-d-1#1885,NA,NA,p.Lys190Ile,NA,192,NA
urn:mavedb:00000085-d-1#1886,NA,NA,p.Lys190Glu,0.5297590583410939,192,0.18954085426950198
urn:mavedb:00000085-d-1#1887,NA,NA,p.Lys190Asp,0.5297590583410939,192,0.176628056983965
urn:mavedb:00000085-d-1#1888,NA,NA,p.Lys190Cys,NA,192,NA
urn:mavedb:00000085-d-1#1889,NA,NA,p.Arg189Tyr,NA,191,NA
urn:mavedb:00000085-d-1#1890,NA,NA,p.Arg189Trp,NA,191,NA
urn:mavedb:00000085-d-1#1891,NA,NA,p.Arg189Val,0.13455869676594098,191,0.0258246725082654
urn:mavedb:00000085-d-1#1892,NA,NA,p.Arg189Thr,NA,191,NA
urn:mavedb:00000085-d-1#1893,NA,NA,p.Arg189Ser,0.48229941143370003,191,0.0618024347699948
urn:mavedb:00000085-d-1#1894,NA,NA,p.Arg189Gln,0.5899427547970739,191,0.196694026974964
urn:mavedb:00000085-d-1#1895,NA,NA,p.Arg189Pro,NA,191,NA
urn:mavedb:00000085-d-1#1896,NA,NA,p.Arg189Asn,0.26487952917054697,191,0.07900933468221401
urn:mavedb:00000085-d-1#1897,NA,NA,p.Arg189Met,0.5297590583410939,191,0.150977550229026
urn:mavedb:00000085-d-1#1898,NA,NA,p.Arg189Leu,0.44653024070778297,191,0.0844076918481723
urn:mavedb:00000085-d-1#1899,NA,NA,p.Arg189Lys,NA,191,NA
urn:mavedb:00000085-d-1#1900,NA,NA,p.Arg189Ile,0.0662198822926367,191,0.0207999023887306
urn:mavedb:00000085-d-1#1901,NA,NA,p.Arg189His,1.30755827409436,191,0.22030915968540601
urn:mavedb:00000085-d-1#1902,NA,NA,p.Arg189Gly,0.258679546917112,191,0.0426573486249652
urn:mavedb:00000085-d-1#1903,NA,NA,p.Arg189Phe,NA,191,NA
urn:mavedb:00000085-d-1#1904,NA,NA,p.Arg189Glu,0.17377178552009,191,0.0621732694454611
urn:mavedb:00000085-d-1#1905,NA,NA,p.Arg189Asp,NA,191,NA
urn:mavedb:00000085-d-1#1906,NA,NA,p.Arg189Cys,0.9114882054265792,191,0.18714491024023802
urn:mavedb:00000085-d-1#1907,NA,NA,p.Arg189Ala,0.366171941424706,191,0.0663533526407701
urn:mavedb:00000085-d-1#1908,NA,NA,p.Leu188Tyr,0.0646504240603101,190,0.0135269100928444
urn:mavedb:00000085-d-1#1909,NA,NA,p.Leu188Trp,0.0337584610977856,190,0.0048799478480593605
urn:mavedb:00000085-d-1#1910,NA,NA,p.Leu188Val,0.486043573695668,190,0.0364720092028314
urn:mavedb:00000085-d-1#1911,NA,NA,p.Leu188Thr,0.21411344324728102,190,0.0417472640655238
urn:mavedb:00000085-d-1#1912,NA,NA,p.Leu188Ser,0.0724352526455194,190,0.00797766057379429
urn:mavedb:00000085-d-1#1913,NA,NA,p.Leu188Arg,0.0364906482638776,190,0.00652621665290299
urn:mavedb:00000085-d-1#1914,NA,NA,p.Leu188Gln,0.0348868887200622,190,0.0074457839484678295
urn:mavedb:00000085-d-1#1915,NA,NA,p.Leu188Pro,0.0331099411463184,190,0.0103999511943653
urn:mavedb:00000085-d-1#1916,NA,NA,p.Leu188Asn,NA,190,NA
urn:mavedb:00000085-d-1#1917,NA,NA,p.Leu188Met,0.493940268605372,190,0.0482708805239549
urn:mavedb:00000085-d-1#1918,NA,NA,p.Leu188Lys,0.0331099411463184,190,0.009436096889314141
urn:mavedb:00000085-d-1#1919,NA,NA,p.Leu188Ile,0.41131419100699795,190,0.0755525921824308
urn:mavedb:00000085-d-1#1920,NA,NA,p.Leu188His,NA,190,NA
urn:mavedb:00000085-d-1#1921,NA,NA,p.Leu188Gly,0.0395429332964928,190,0.00659030703375972
urn:mavedb:00000085-d-1#1922,NA,NA,p.Leu188Phe,0.5168928574687109,190,0.0901640317668645
urn:mavedb:00000085-d-1#1923,NA,NA,p.Leu188Glu,0.0331099411463184,190,0.00844191743885064
urn:mavedb:00000085-d-1#1924,NA,NA,p.Leu188Asp,0.0331099411463184,190,0.0118463033918439
urn:mavedb:00000085-d-1#1925,NA,NA,p.Leu188Cys,0.0990959078090365,190,0.0155590859210298
urn:mavedb:00000085-d-1#1926,NA,NA,p.Leu188Ala,0.0880742576599024,190,0.0196241607510425
urn:mavedb:00000085-d-1#1927,NA,NA,p.Thr187Tyr,NA,189,NA
urn:mavedb:00000085-d-1#1928,NA,NA,p.Thr187Val,0.0757124687641316,189,0.0237815578249504
urn:mavedb:00000085-d-1#1929,NA,NA,p.Thr187Ser,0.653675714570594,189,0.0894012621918066
urn:mavedb:00000085-d-1#1930,NA,NA,p.Thr187Arg,0.0694708575434012,189,0.0131320887173443
urn:mavedb:00000085-d-1#1931,NA,NA,p.Glu166Lys,0.19831648633407398,168,0.0350209302260717
urn:mavedb:00000085-d-1#1932,NA,NA,p.Glu166Ile,0.132439764585273,168,0.0250351125599888
urn:mavedb:00000085-d-1#1933,NA,NA,p.Glu166His,0.5668193145956851,168,0.120974220090629
urn:mavedb:00000085-d-1#1934,NA,NA,p.Glu166Gly,0.26112502213188,168,0.0288657217808166
urn:mavedb:00000085-d-1#1935,NA,NA,p.Glu166Phe,0.602990399009826,168,0.21574206905027102
urn:mavedb:00000085-d-1#1936,NA,NA,p.Glu166Asp,0.7671227071042649,168,0.115315795977583
urn:mavedb:00000085-d-1#1937,NA,NA,p.Glu166Cys,0.4774508056673571,168,0.0902526118131498
urn:mavedb:00000085-d-1#1938,NA,NA,p.Glu166Ala,0.497107604768026,168,0.0424204502973661
urn:mavedb:00000085-d-1#1939,NA,NA,p.Pro165Trp,NA,167,NA
urn:mavedb:00000085-d-1#1940,NA,NA,p.Pro165Val,0.0939323896741567,167,0.0257004782489998
urn:mavedb:00000085-d-1#1941,NA,NA,p.Pro165Thr,0.147811700333681,167,0.0257834842401686
urn:mavedb:00000085-d-1#1942,NA,NA,p.Pro165Ser,0.0581808607015111,167,0.0076245642243573
urn:mavedb:00000085-d-1#1943,NA,NA,p.Pro165Arg,0.0544735937053635,167,0.0075995572678542
urn:mavedb:00000085-d-1#1944,NA,NA,p.Pro165Gln,0.0393723285741683,167,0.00686789889433058
urn:mavedb:00000085-d-1#1945,NA,NA,p.Pro165Met,NA,167,NA
urn:mavedb:00000085-d-1#1946,NA,NA,p.Pro165Leu,0.0642467354260065,167,0.008188214717308259
urn:mavedb:00000085-d-1#1947,NA,NA,p.Pro165Lys,NA,167,NA
urn:mavedb:00000085-d-1#1948,NA,NA,p.Pro165Ile,0.117463884826161,167,0.039163875380635
urn:mavedb:00000085-d-1#1949,NA,NA,p.Pro165His,0.0499644892316471,167,0.0166587630965998
urn:mavedb:00000085-d-1#1950,NA,NA,p.Pro165Gly,0.0444016917624735,167,0.0126541652148708
urn:mavedb:00000085-d-1#1951,NA,NA,p.Pro165Phe,NA,167,NA
urn:mavedb:00000085-d-1#1952,NA,NA,p.Pro165Glu,0.0515225579831112,167,0.013586396397009
urn:mavedb:00000085-d-1#1953,NA,NA,p.Pro165Asp,NA,167,NA
urn:mavedb:00000085-d-1#1954,NA,NA,p.Pro165Cys,NA,167,NA
urn:mavedb:00000085-d-1#1955,NA,NA,p.Pro165Ala,0.050537800564309,167,0.008924526750440429
urn:mavedb:00000085-d-1#1956,NA,NA,p.Glu164Tyr,0.0331099411463184,166,0.0118463033918439
urn:mavedb:00000085-d-1#1957,NA,NA,p.Glu164Val,0.0644546824205436,166,0.00945973379463346
urn:mavedb:00000085-d-1#1958,NA,NA,p.Glu164Thr,NA,166,NA
urn:mavedb:00000085-d-1#1959,NA,NA,p.Glu164Ser,0.0512898222459875,166,0.0126782978536227
urn:mavedb:00000085-d-1#1960,NA,NA,p.Glu164Arg,0.0444016917624735,166,0.0103843193193051
urn:mavedb:00000085-d-1#1961,NA,NA,p.Glu164Gln,0.047865924104327,166,0.0109183710299907
urn:mavedb:00000085-d-1#1962,NA,NA,p.Glu164Pro,0.0466515919504214,166,0.016691328731602
urn:mavedb:00000085-d-1#1963,NA,NA,p.Glu164Asn,0.0414368671296812,166,0.00945188248442042
urn:mavedb:00000085-d-1#1964,NA,NA,p.Glu164Met,NA,166,NA
urn:mavedb:00000085-d-1#1965,NA,NA,p.Glu164Leu,0.0555289208840829,166,0.0141580005684795
urn:mavedb:00000085-d-1#1966,NA,NA,p.Glu164Lys,0.0529967209412128,166,0.0118084012134909
urn:mavedb:00000085-d-1#1967,NA,NA,p.Glu164Ile,0.048719613870914995,166,0.0120429697144695
urn:mavedb:00000085-d-1#1968,NA,NA,p.Glu164His,NA,166,NA
urn:mavedb:00000085-d-1#1969,NA,NA,p.Glu164Gly,0.0469331178041069,166,0.0104573467072743
urn:mavedb:00000085-d-1#1970,NA,NA,p.Glu164Asp,0.0560831273193487,166,0.009153386587057909
urn:mavedb:00000085-d-1#1971,NA,NA,p.Glu164Ala,0.0650137418664353,166,0.0122895593379305
urn:mavedb:00000085-d-1#1972,NA,NA,p.Trp163Tyr,0.5297590583410939,165,0.16639921910984498
urn:mavedb:00000085-d-1#1973,NA,NA,p.Trp163Val,0.24094232821021502,165,0.0368337294383204
urn:mavedb:00000085-d-1#1974,NA,NA,p.Trp163Thr,0.21997686325493399,165,0.0560866752933501
urn:mavedb:00000085-d-1#1975,NA,NA,p.Trp163Ser,0.12916344551061001,165,0.0139227640340269
urn:mavedb:00000085-d-1#1976,NA,NA,p.Trp163Arg,0.127752576563245,165,0.0141222403802982
urn:mavedb:00000085-d-1#1977,NA,NA,p.Trp163Gln,0.15689297933534,165,0.0467986708992305
urn:mavedb:00000085-d-1#1978,NA,NA,p.Trp163Pro,NA,165,NA
urn:mavedb:00000085-d-1#1979,NA,NA,p.Trp163Asn,0.132439764585273,165,0.039504667341107004
urn:mavedb:00000085-d-1#1980,NA,NA,p.Trp163Met,0.247019899876928,165,0.04537405750736401
urn:mavedb:00000085-d-1#1981,NA,NA,p.Trp163Leu,0.252038670314094,165,0.0356510768870515
urn:mavedb:00000085-d-1#1982,NA,NA,p.Trp163Lys,0.16623142957153197,165,0.0454819392418662
urn:mavedb:00000085-d-1#1983,NA,NA,p.Trp163Ile,NA,165,NA
urn:mavedb:00000085-d-1#1984,NA,NA,p.Trp163His,0.132439764585273,165,0.0415998047774611
urn:mavedb:00000085-d-1#1985,NA,NA,p.Trp163Gly,0.0702425110233601,165,0.00782343710959283
urn:mavedb:00000085-d-1#1986,NA,NA,p.Trp163Phe,0.43452504275402504,165,0.14487588801757
urn:mavedb:00000085-d-1#1987,NA,NA,p.Trp163Glu,0.124392986536036,165,0.0231730901974201
urn:mavedb:00000085-d-1#1988,NA,NA,p.Trp163Asp,0.0757124687641316,165,0.0237815578249504
urn:mavedb:00000085-d-1#1989,NA,NA,p.Trp163Cys,0.256262106884536,165,0.0302200676505994
urn:mavedb:00000085-d-1#1990,NA,NA,p.Trp163Ala,0.123488098939628,165,0.0197584886635156
urn:mavedb:00000085-d-1#1991,NA,NA,p.Arg162Thr,0.0625069492511025,164,0.0139274113997937
urn:mavedb:00000085-d-1#1992,NA,NA,p.Arg162Ser,0.104680795507554,164,0.032880613090034004
urn:mavedb:00000085-d-1#1993,NA,NA,p.Arg162Gln,NA,164,NA
urn:mavedb:00000085-d-1#1994,NA,NA,p.Arg162Pro,NA,164,NA
urn:mavedb:00000085-d-1#1995,NA,NA,p.Arg162Asn,NA,164,NA
urn:mavedb:00000085-d-1#1996,NA,NA,p.Arg162Leu,0.0373382209180414,164,0.0111373951856148
urn:mavedb:00000085-d-1#1997,NA,NA,p.Arg162Lys,0.0627150368442444,164,0.0178733378432779
urn:mavedb:00000085-d-1#1998,NA,NA,p.Arg162His,0.232854659685583,164,0.0507481608263003
urn:mavedb:00000085-d-1#1999,NA,NA,p.Arg162Gly,0.054532505295006,164,0.0143801135359546
urn:mavedb:00000085-d-1#2000,NA,NA,p.Arg162Glu,NA,164,NA
urn:mavedb:00000085-d-1#2001,NA,NA,p.Arg162Cys,0.0630683050963603,164,0.0172558753051317
urn:mavedb:00000085-d-1#2002,NA,NA,p.Arg162Ala,0.0662198822926367,164,0.0220785071229956
urn:mavedb:00000085-d-1#2003,NA,NA,p.Asp161Tyr,NA,163,NA
urn:mavedb:00000085-d-1#2004,NA,NA,p.Asp161Val,0.0533321287997929,163,0.0145919977224751
urn:mavedb:00000085-d-1#2005,NA,NA,p.Asp161Thr,NA,163,NA
urn:mavedb:00000085-d-1#2006,NA,NA,p.Asp161Ser,0.063800066590749,163,0.0157706970291121
urn:mavedb:00000085-d-1#2007,NA,NA,p.Asp161Arg,0.0331099411463184,163,0.0118463033918439
urn:mavedb:00000085-d-1#2008,NA,NA,p.Asp161Gln,NA,163,NA
urn:mavedb:00000085-d-1#2009,NA,NA,p.Asp161Asn,0.0591498159364847,163,0.0128910642202478
urn:mavedb:00000085-d-1#2010,NA,NA,p.Asp161Met,NA,163,NA
urn:mavedb:00000085-d-1#2011,NA,NA,p.Asp161Leu,NA,163,NA
urn:mavedb:00000085-d-1#2012,NA,NA,p.Asp161Lys,NA,163,NA
urn:mavedb:00000085-d-1#2013,NA,NA,p.Thr158Asn,0.0355228903431513,160,0.00853262342914084
urn:mavedb:00000085-d-1#2014,NA,NA,p.Thr158Met,0.0331099411463184,160,0.0118463033918439
urn:mavedb:00000085-d-1#2015,NA,NA,p.Thr158Leu,0.0384541729383859,160,0.00820713666712236
urn:mavedb:00000085-d-1#2016,NA,NA,p.Thr158Lys,NA,160,NA
urn:mavedb:00000085-d-1#2017,NA,NA,p.Thr158Ile,0.0372097633900927,160,0.00641383595084331
urn:mavedb:00000085-d-1#2018,NA,NA,p.Thr158His,0.0331099411463184,160,0.009059083083145871
urn:mavedb:00000085-d-1#2019,NA,NA,p.Thr158Gly,0.0570871943673745,160,0.017931292375914
urn:mavedb:00000085-d-1#2020,NA,NA,p.Thr158Phe,0.0458089120604918,160,0.0136640671166594
urn:mavedb:00000085-d-1#2021,NA,NA,p.Thr158Glu,NA,160,NA
urn:mavedb:00000085-d-1#2022,NA,NA,p.Thr158Asp,0.0331099411463184,160,0.0118463033918439
urn:mavedb:00000085-d-1#2023,NA,NA,p.Thr158Cys,NA,160,NA
urn:mavedb:00000085-d-1#2024,NA,NA,p.Thr158Ala,0.0384947630228813,160,0.00593623791610859
urn:mavedb:00000085-d-1#2025,NA,NA,p.Val157Pro,NA,159,NA
urn:mavedb:00000085-d-1#2026,NA,NA,p.Val157Leu,0.26487952917054697,159,0.0883140284919824
urn:mavedb:00000085-d-1#2027,NA,NA,p.Val157Ile,0.9525514175275791,159,0.299199814600451
urn:mavedb:00000085-d-1#2028,NA,NA,p.Val157His,NA,159,NA
urn:mavedb:00000085-d-1#2029,NA,NA,p.Val157Gly,0.134797112095995,159,0.0217803281618411
urn:mavedb:00000085-d-1#2030,NA,NA,p.Val157Glu,0.26487952917054697,159,0.0831996095549223
urn:mavedb:00000085-d-1#2031,NA,NA,p.Val157Ala,0.5297590583410939,159,0.12724850115898
urn:mavedb:00000085-d-1#2032,NA,NA,p.His156Tyr,0.493845173523473,158,0.10762822750939001
urn:mavedb:00000085-d-1#2033,NA,NA,p.His156Val,NA,158,NA
urn:mavedb:00000085-d-1#2034,NA,NA,p.His156Ser,NA,158,NA
urn:mavedb:00000085-d-1#2035,NA,NA,p.His156Arg,0.49245395800466096,158,0.107325027096789
urn:mavedb:00000085-d-1#2036,NA,NA,p.His156Gln,0.7210992427128521,158,0.16864503355631102
urn:mavedb:00000085-d-1#2037,NA,NA,p.His156Pro,0.4829586027552821,158,0.11600699856816002
urn:mavedb:00000085-d-1#2038,NA,NA,p.His156Asn,0.28691724034817,158,0.102655231626498
urn:mavedb:00000085-d-1#2039,NA,NA,p.His156Leu,0.7290637720161529,158,0.15254316177126098
urn:mavedb:00000085-d-1#2040,NA,NA,p.His156Gly,NA,158,NA
urn:mavedb:00000085-d-1#2041,NA,NA,p.His156Glu,NA,158,NA
urn:mavedb:00000085-d-1#2042,NA,NA,p.His156Asp,0.767360118289561,158,0.21869215632782898
urn:mavedb:00000085-d-1#2043,NA,NA,p.His156Cys,0.602990399009826,158,0.21574206905027102
urn:mavedb:00000085-d-1#2044,NA,NA,p.His156Ala,0.5297590583410939,158,0.13507067902161
urn:mavedb:00000085-d-1#2045,NA,NA,p.Asp155Tyr,NA,157,NA
urn:mavedb:00000085-d-1#2046,NA,NA,p.Asp155Val,NA,157,NA
urn:mavedb:00000085-d-1#2047,NA,NA,p.Asp155Ser,NA,157,NA
urn:mavedb:00000085-d-1#2048,NA,NA,p.Asp155Asn,0.0449796951306351,157,0.0100220971624303
urn:mavedb:00000085-d-1#2049,NA,NA,p.Asp155Met,NA,157,NA
urn:mavedb:00000085-d-1#2050,NA,NA,p.Asp155Ile,0.566711033010829,157,0.17800596680542
urn:mavedb:00000085-d-1#2051,NA,NA,p.Asp155His,NA,157,NA
urn:mavedb:00000085-d-1#2052,NA,NA,p.Asp155Gly,0.0427899878089411,157,0.0134404885485566
urn:mavedb:00000085-d-1#2053,NA,NA,p.Asp155Phe,NA,157,NA
urn:mavedb:00000085-d-1#2054,NA,NA,p.Asp155Glu,0.0331099411463184,157,0.00818442485052254
urn:mavedb:00000085-d-1#2055,NA,NA,p.Asp155Ala,NA,157,NA
urn:mavedb:00000085-d-1#2056,NA,NA,p.Gly154Trp,1.8028359126297502,156,0.6010872287976589
urn:mavedb:00000085-d-1#2057,NA,NA,p.Gly154Val,0.04327382694503,156,0.0118399846103107
urn:mavedb:00000085-d-1#2058,NA,NA,p.Gly154Thr,0.0331099411463184,156,0.0110392535614978
urn:mavedb:00000085-d-1#2059,NA,NA,p.Gly154Arg,0.0660136166140273,156,0.0085531238837159
urn:mavedb:00000085-d-1#2060,NA,NA,p.Gly154Gln,NA,156,NA
urn:mavedb:00000085-d-1#2061,NA,NA,p.Gly154Pro,NA,156,NA
urn:mavedb:00000085-d-1#2062,NA,NA,p.Gly154Met,NA,156,NA
urn:mavedb:00000085-d-1#2063,NA,NA,p.Gly154Leu,NA,156,NA
urn:mavedb:00000085-d-1#2064,NA,NA,p.Gly154Glu,0.11920419579175999,156,0.0271908599351252
urn:mavedb:00000085-d-1#2065,NA,NA,p.Gly154Asp,0.26487952917054697,156,0.0698482067203226
urn:mavedb:00000085-d-1#2066,NA,NA,p.Gly154Cys,NA,156,NA
urn:mavedb:00000085-d-1#2067,NA,NA,p.Gly154Ala,1.7731432765891901,156,0.6344074463575219
urn:mavedb:00000085-d-1#2068,NA,NA,p.Met153Tyr,0.14052160447687,155,0.0328640904034694
urn:mavedb:00000085-d-1#2069,NA,NA,p.Met153Trp,NA,155,NA
urn:mavedb:00000085-d-1#2070,NA,NA,p.Met153Val,0.483804395716307,155,0.0958974306266808
urn:mavedb:00000085-d-1#2071,NA,NA,p.Met153Thr,0.5060219239682471,155,0.0893589777619501
urn:mavedb:00000085-d-1#2072,NA,NA,p.Met153Ser,0.550214098402214,155,0.098403744041158
urn:mavedb:00000085-d-1#2073,NA,NA,p.Met153Arg,0.10798593164982302,155,0.0322104793881528
urn:mavedb:00000085-d-1#2074,NA,NA,p.Met153Gln,0.24834767296120003,155,0.0828021083188021
urn:mavedb:00000085-d-1#2075,NA,NA,p.Met153Asn,0.26898309969808104,155,0.0613559089948739
urn:mavedb:00000085-d-1#2076,NA,NA,p.Met153Leu,0.9218919708870409,155,0.210286519607885
urn:mavedb:00000085-d-1#2077,NA,NA,p.Met153Lys,0.12323685503904902,155,0.0387091379017957
urn:mavedb:00000085-d-1#2078,NA,NA,p.Met153Ile,1.07223437729488,155,0.16118094217159099
urn:mavedb:00000085-d-1#2079,NA,NA,p.Met153His,0.34142905015789693,155,0.0870528836013549
urn:mavedb:00000085-d-1#2080,NA,NA,p.Met153Gly,0.132439764585273,155,0.039504667341107004
urn:mavedb:00000085-d-1#2081,NA,NA,p.Met153Phe,NA,155,NA
urn:mavedb:00000085-d-1#2082,NA,NA,p.Met153Asp,0.513825185413435,155,0.18383992317832398
urn:mavedb:00000085-d-1#2083,NA,NA,p.Met153Cys,0.580838809890588,155,0.182443552163397
urn:mavedb:00000085-d-1#2084,NA,NA,p.Met153Ala,0.5297590583410939,155,0.18954085426950198
urn:mavedb:00000085-d-1#2085,NA,NA,p.Asn152Tyr,0.450429388922425,154,0.094244050765152
urn:mavedb:00000085-d-1#2086,NA,NA,p.Asn152Val,0.5297590583410939,154,0.150977550229026
urn:mavedb:00000085-d-1#2087,NA,NA,p.Asn152Thr,1.00119004962146,154,0.172574833829727
urn:mavedb:00000085-d-1#2088,NA,NA,p.Asn152Ser,1.50144554666765,154,0.250234019636794
urn:mavedb:00000085-d-1#2089,NA,NA,p.Asn152Arg,NA,154,NA
urn:mavedb:00000085-d-1#2090,NA,NA,p.Asn152Gln,NA,154,NA
urn:mavedb:00000085-d-1#2091,NA,NA,p.Asn152Leu,NA,154,NA
urn:mavedb:00000085-d-1#2092,NA,NA,p.Asn152Lys,1.05951811668219,154,0.247791784760673
urn:mavedb:00000085-d-1#2093,NA,NA,p.Asn152Ile,0.43557235218006396,154,0.12413501127393499
urn:mavedb:00000085-d-1#2094,NA,NA,p.Asn152His,0.585088030840678,154,0.154286553799456
urn:mavedb:00000085-d-1#2095,NA,NA,p.Asn152Gly,1.05951811668219,154,0.37908170853900497
urn:mavedb:00000085-d-1#2096,NA,NA,p.Asn152Phe,0.5297590583410939,154,0.16639921910984498
urn:mavedb:00000085-d-1#2097,NA,NA,p.Asn152Asp,1.14427809186573,154,0.22310826887381402
urn:mavedb:00000085-d-1#2098,NA,NA,p.Asn152Cys,0.5297590583410939,154,0.150977550229026
urn:mavedb:00000085-d-1#2099,NA,NA,p.Asn152Ala,1.05951811668219,154,0.35325611396793
urn:mavedb:00000085-d-1#2100,NA,NA,p.His151Tyr,1.23710145490576,153,0.305798305270444
urn:mavedb:00000085-d-1#2101,NA,NA,p.His151Thr,NA,153,NA
urn:mavedb:00000085-d-1#2102,NA,NA,p.His151Ser,1.82275320964691,153,0.572533316683603
urn:mavedb:00000085-d-1#2103,NA,NA,p.His151Arg,1.8174588010420802,153,0.49726788115012
urn:mavedb:00000085-d-1#2104,NA,NA,p.His151Gln,1.05951811668219,153,0.30195510045805296
urn:mavedb:00000085-d-1#2105,NA,NA,p.His151Pro,NA,153,NA
urn:mavedb:00000085-d-1#2106,NA,NA,p.His151Asn,0.936045313170582,153,0.312088792652254
urn:mavedb:00000085-d-1#2107,NA,NA,p.His151Leu,0.5297590583410939,153,0.123895892380336
urn:mavedb:00000085-d-1#2108,NA,NA,p.His151Gly,NA,153,NA
urn:mavedb:00000085-d-1#2109,NA,NA,p.His151Phe,NA,153,NA
urn:mavedb:00000085-d-1#2110,NA,NA,p.His151Asp,0.580838809890588,153,0.182443552163397
urn:mavedb:00000085-d-1#2111,NA,NA,p.His151Cys,0.5297590583410939,153,0.15801866936442802
urn:mavedb:00000085-d-1#2112,NA,NA,p.His151Ala,NA,153,NA
urn:mavedb:00000085-d-1#2113,NA,NA,p.Leu150Trp,0.0694315267976428,152,0.0133253850133292
urn:mavedb:00000085-d-1#2114,NA,NA,p.Leu150Val,0.304236479323302,152,0.10143611017202803
urn:mavedb:00000085-d-1#2115,NA,NA,p.Leu150Thr,NA,152,NA
urn:mavedb:00000085-d-1#2116,NA,NA,p.Leu150Ser,0.0696514851293882,152,0.0143007017041304
urn:mavedb:00000085-d-1#2117,NA,NA,p.Leu150Met,0.26487952917054697,152,0.0947704271347512
urn:mavedb:00000085-d-1#2118,NA,NA,p.Leu150Phe,NA,152,NA
urn:mavedb:00000085-d-1#2119,NA,NA,p.Leu150Glu,NA,152,NA
urn:mavedb:00000085-d-1#2120,NA,NA,p.Leu150Cys,1.3226411762123502,152,0.30169870051927505
urn:mavedb:00000085-d-1#2121,NA,NA,p.Leu150Ala,0.233014966942879,152,0.0664076023275513
urn:mavedb:00000085-d-1#2122,NA,NA,p.Phe149Tyr,0.6145069607077329,151,0.12616932322215701
urn:mavedb:00000085-d-1#2123,NA,NA,p.Phe149Val,0.146681852084138,151,0.0265799520833615
urn:mavedb:00000085-d-1#2124,NA,NA,p.Phe149Thr,NA,151,NA
urn:mavedb:00000085-d-1#2125,NA,NA,p.Phe149Ser,0.0955310631168631,151,0.0223420555600679
urn:mavedb:00000085-d-1#2126,NA,NA,p.Phe149Arg,NA,151,NA
urn:mavedb:00000085-d-1#2127,NA,NA,p.Phe149Gln,0.11951398319882499,151,0.0427605382408975
urn:mavedb:00000085-d-1#2128,NA,NA,p.Phe149Asn,NA,151,NA
urn:mavedb:00000085-d-1#2129,NA,NA,p.Phe149Met,NA,151,NA
urn:mavedb:00000085-d-1#2130,NA,NA,p.Phe149Leu,0.233392623963071,151,0.0402298178180452
urn:mavedb:00000085-d-1#2131,NA,NA,p.Phe149Ile,0.380286220569496,151,0.0847330210000713
urn:mavedb:00000085-d-1#2132,NA,NA,p.Phe149Gly,0.0383167949579229,151,0.009471503662907341
urn:mavedb:00000085-d-1#2133,NA,NA,p.Phe149Asp,0.0622726016363884,151,0.0142045804482323
urn:mavedb:00000085-d-1#2134,NA,NA,p.Phe149Cys,0.102053505194682,151,0.0202285655551492
urn:mavedb:00000085-d-1#2135,NA,NA,p.Phe149Ala,0.16623142957153197,151,0.0594754288224782
urn:mavedb:00000085-d-1#2136,NA,NA,p.Ala148Val,0.7643896870863391,150,0.159934458642819
urn:mavedb:00000085-d-1#2137,NA,NA,p.Ala148Thr,1.93029724328354,150,0.349785658580932
urn:mavedb:00000085-d-1#2138,NA,NA,p.Ala148Ser,0.975123659754888,150,0.27790328263790504
urn:mavedb:00000085-d-1#2139,NA,NA,p.Ala148Arg,1.43081531218341,150,0.293772098832157
urn:mavedb:00000085-d-1#2140,NA,NA,p.Ala148Pro,NA,150,NA
urn:mavedb:00000085-d-1#2141,NA,NA,p.Ala148Asn,NA,150,NA
urn:mavedb:00000085-d-1#2142,NA,NA,p.Ala148Leu,NA,150,NA
urn:mavedb:00000085-d-1#2143,NA,NA,p.Ala148Ile,0.702896994227843,150,0.220782465372895
urn:mavedb:00000085-d-1#2144,NA,NA,p.Ala148Gly,0.546407532408183,150,0.12463731316272501
urn:mavedb:00000085-d-1#2145,NA,NA,p.Ala148Phe,0.5297590583410939,150,0.13969641344064498
urn:mavedb:00000085-d-1#2146,NA,NA,p.Ala148Glu,NA,150,NA
urn:mavedb:00000085-d-1#2147,NA,NA,p.Glu175Leu,0.547183119470401,177,0.0639685746341062
urn:mavedb:00000085-d-1#2148,NA,NA,p.Glu175Lys,0.394072748725103,177,0.0423306426969313
urn:mavedb:00000085-d-1#2149,NA,NA,p.Glu175Ile,0.936045313170582,177,0.204000977079981
urn:mavedb:00000085-d-1#2150,NA,NA,p.Glu175His,0.5019490630911371,177,0.12407646294220001
urn:mavedb:00000085-d-1#2151,NA,NA,p.Glu175Gly,0.171802785763415,177,0.0194335232479121
urn:mavedb:00000085-d-1#2152,NA,NA,p.Glu175Phe,0.521169640038494,177,0.0796730971068573
urn:mavedb:00000085-d-1#2153,NA,NA,p.Glu175Asp,0.878347634181495,177,0.0960330556581267
urn:mavedb:00000085-d-1#2154,NA,NA,p.Glu175Cys,0.506571590162749,177,0.0692822733682412
urn:mavedb:00000085-d-1#2155,NA,NA,p.Glu175Ala,0.544323488805499,177,0.0423336859054459
urn:mavedb:00000085-d-1#2156,NA,NA,p.Asp174Tyr,0.050987218640418,176,0.00868769998366522
urn:mavedb:00000085-d-1#2157,NA,NA,p.Asp174Val,0.042144504757995,176,0.0057639772073962295
urn:mavedb:00000085-d-1#2158,NA,NA,p.Asp174Thr,0.0651388667975443,176,0.0118036957786029
urn:mavedb:00000085-d-1#2159,NA,NA,p.Asp174Ser,0.10724989930194098,176,0.0197002877137018
urn:mavedb:00000085-d-1#2160,NA,NA,p.Asp174Arg,0.0357089084105303,176,0.0067500613901828295
urn:mavedb:00000085-d-1#2161,NA,NA,p.Asp174Gln,0.0662198822926367,176,0.0159060626448725
urn:mavedb:00000085-d-1#2162,NA,NA,p.Asp174Pro,0.0331099411463184,176,0.0103999511943653
urn:mavedb:00000085-d-1#2163,NA,NA,p.Asp174Asn,0.0663384140408088,176,0.00890319992740474
urn:mavedb:00000085-d-1#2164,NA,NA,p.Asp174Met,NA,176,NA
urn:mavedb:00000085-d-1#2165,NA,NA,p.Asp174Leu,0.0509883961610059,176,0.0113609187211687
urn:mavedb:00000085-d-1#2166,NA,NA,p.Asp174Lys,0.0454254471346867,176,0.0119786003537622
urn:mavedb:00000085-d-1#2167,NA,NA,p.Asp174Ile,0.0331099411463184,176,0.009436096889314141
urn:mavedb:00000085-d-1#2168,NA,NA,p.Asp174His,0.054532505295006,176,0.0143801135359546
urn:mavedb:00000085-d-1#2169,NA,NA,p.Asp174Gly,0.0642436549382651,176,0.0060258093586955
urn:mavedb:00000085-d-1#2170,NA,NA,p.Asp174Phe,0.0458089120604918,176,0.0136640671166594
urn:mavedb:00000085-d-1#2171,NA,NA,p.Asp174Glu,0.20713433271248102,176,0.0306388203760378
urn:mavedb:00000085-d-1#2172,NA,NA,p.Asp174Cys,0.0630683050963603,176,0.0172558753051317
urn:mavedb:00000085-d-1#2173,NA,NA,p.Asp174Ala,0.0611657085962794,176,0.007969900436639959
urn:mavedb:00000085-d-1#2174,NA,NA,p.Asn173Tyr,0.462639443475108,175,0.0599423675977654
urn:mavedb:00000085-d-1#2175,NA,NA,p.Ala148Asp,0.4489712600082771,150,0.118392831181568
urn:mavedb:00000085-d-1#2176,NA,NA,p.Ala148Cys,NA,150,NA
urn:mavedb:00000085-d-1#2177,NA,NA,p.Thr147Ser,0.18586518363026702,149,0.0554406168917634
urn:mavedb:00000085-d-1#2178,NA,NA,p.Thr147Arg,0.11074630125900099,149,0.0369241520301547
urn:mavedb:00000085-d-1#2179,NA,NA,p.Thr147Pro,0.11712164902757,149,0.0419045924002776
urn:mavedb:00000085-d-1#2180,NA,NA,p.Thr147Asn,0.630186491421231,149,0.147383072533316
urn:mavedb:00000085-d-1#2181,NA,NA,p.Thr147Leu,0.0398830836504292,149,0.014269645090498998
urn:mavedb:00000085-d-1#2182,NA,NA,p.Thr147Ile,0.0666644460520129,149,0.0198849399424014
urn:mavedb:00000085-d-1#2183,NA,NA,p.Thr147His,0.0662198822926367,149,0.0220785071229956
urn:mavedb:00000085-d-1#2184,NA,NA,p.Thr147Asp,0.0627150368442444,149,0.0178733378432779
urn:mavedb:00000085-d-1#2185,NA,NA,p.Thr147Ala,0.06290104313964501,149,0.0134247447833237
urn:mavedb:00000085-d-1#2186,NA,NA,p.Leu146Tyr,0.0331099411463184,148,0.0118463033918439
urn:mavedb:00000085-d-1#2187,NA,NA,p.Leu146Val,0.23630828509261897,148,0.0515008412228478
urn:mavedb:00000085-d-1#2188,NA,NA,p.Leu146Thr,NA,148,NA
urn:mavedb:00000085-d-1#2189,NA,NA,p.Leu146Ser,0.0373382209180414,148,0.0111373951856148
urn:mavedb:00000085-d-1#2190,NA,NA,p.Leu146Arg,0.0341642462496957,148,0.0059594288054851
urn:mavedb:00000085-d-1#2191,NA,NA,p.Leu146Gln,0.0331099411463184,148,0.009059083083145871
urn:mavedb:00000085-d-1#2192,NA,NA,p.Leu146Pro,NA,148,NA
urn:mavedb:00000085-d-1#2193,NA,NA,p.Leu146Asn,NA,148,NA
urn:mavedb:00000085-d-1#2194,NA,NA,p.Leu146Met,NA,148,NA
urn:mavedb:00000085-d-1#2195,NA,NA,p.Leu146Ile,0.10679075021460199,148,0.0201866747525577
urn:mavedb:00000085-d-1#2196,NA,NA,p.Leu146His,0.084898763019218,148,0.030375665721464
urn:mavedb:00000085-d-1#2197,NA,NA,p.Leu146Gly,NA,148,NA
urn:mavedb:00000085-d-1#2198,NA,NA,p.Leu146Cys,0.0570871943673745,148,0.017931292375914
urn:mavedb:00000085-d-1#2199,NA,NA,p.Leu146Ala,0.0555289208840829,148,0.0185140116959677
urn:mavedb:00000085-d-1#2200,NA,NA,p.Glu145Val,0.42967947070590795,147,0.0656866623923956
urn:mavedb:00000085-d-1#2201,NA,NA,p.Glu145Thr,0.36019567481988507,147,0.0865192562979574
urn:mavedb:00000085-d-1#2202,NA,NA,p.Glu145Ser,0.950468567531403,147,0.141717418975276
urn:mavedb:00000085-d-1#2203,NA,NA,p.Glu145Arg,0.6903592105359119,147,0.109409140121584
urn:mavedb:00000085-d-1#2204,NA,NA,p.Glu145Gln,0.997889597965469,147,0.19151621326779802
urn:mavedb:00000085-d-1#2205,NA,NA,p.Glu145Pro,0.132439764585273,147,0.0337676697554026
urn:mavedb:00000085-d-1#2206,NA,NA,p.Glu145Asn,1.05951811668219,147,0.33279843821968896
urn:mavedb:00000085-d-1#2207,NA,NA,p.Glu145Met,0.972046846473511,147,0.18374619051348298
urn:mavedb:00000085-d-1#2208,NA,NA,p.Glu145Leu,0.27937363627774,147,0.0877522605504217
urn:mavedb:00000085-d-1#2209,NA,NA,p.Glu145Lys,0.9613062627421392,147,0.190545603674847
urn:mavedb:00000085-d-1#2210,NA,NA,p.Glu145Ile,NA,147,NA
urn:mavedb:00000085-d-1#2211,NA,NA,p.Glu145His,0.602990399009826,147,0.21574206905027102
urn:mavedb:00000085-d-1#2212,NA,NA,p.Glu145Gly,0.9882805650066291,147,0.153763691368644
urn:mavedb:00000085-d-1#2213,NA,NA,p.Glu145Phe,NA,147,NA
urn:mavedb:00000085-d-1#2214,NA,NA,p.Glu145Asp,0.571390220241778,147,0.0832202428140045
urn:mavedb:00000085-d-1#2215,NA,NA,p.Glu145Cys,0.9525514175275791,147,0.299199814600451
urn:mavedb:00000085-d-1#2216,NA,NA,p.Glu145Ala,0.840106563597369,147,0.150249932692746
urn:mavedb:00000085-d-1#2217,NA,NA,p.Lys144Tyr,NA,146,NA
urn:mavedb:00000085-d-1#2218,NA,NA,p.Lys144Trp,0.264582358948947,146,0.0754040837225459
urn:mavedb:00000085-d-1#2219,NA,NA,p.Lys144Val,0.5513835072981911,146,0.12577234901759698
urn:mavedb:00000085-d-1#2220,NA,NA,p.Lys144Thr,0.877303867091135,146,0.136497150538435
urn:mavedb:00000085-d-1#2221,NA,NA,p.Lys144Ser,0.951976331184437,146,0.162207019276879
urn:mavedb:00000085-d-1#2222,NA,NA,p.Lys144Arg,1.41399229834711,146,0.219998938620459
urn:mavedb:00000085-d-1#2223,NA,NA,p.Lys144Gln,1.0374204460047098,146,0.19055944480499498
urn:mavedb:00000085-d-1#2224,NA,NA,p.Lys144Pro,NA,146,NA
urn:mavedb:00000085-d-1#2225,NA,NA,p.Lys144Asn,0.7328198353300258,146,0.12940947470268302
urn:mavedb:00000085-d-1#2226,NA,NA,p.Lys144Met,1.89435698103045,146,0.289597236887291
urn:mavedb:00000085-d-1#2227,NA,NA,p.Lys144Leu,0.47977884649050706,146,0.0906926817893713
urn:mavedb:00000085-d-1#2228,NA,NA,p.Lys144Ile,0.47977884649050706,146,0.118596221497922
urn:mavedb:00000085-d-1#2229,NA,NA,p.Lys144His,1.05951811668219,146,0.35325611396793
urn:mavedb:00000085-d-1#2230,NA,NA,p.Lys144Gly,0.8057295883541741,146,0.24033627252730702
urn:mavedb:00000085-d-1#2231,NA,NA,p.Lys144Phe,0.26487952917054697,146,0.0883140284919824
urn:mavedb:00000085-d-1#2232,NA,NA,p.Lys144Glu,0.847242529503438,146,0.128424032095369
urn:mavedb:00000085-d-1#2233,NA,NA,p.Lys144Asp,0.5899427547970739,146,0.196694026974964
urn:mavedb:00000085-d-1#2234,NA,NA,p.Lys144Cys,0.5297590583410939,146,0.14494532933033402
urn:mavedb:00000085-d-1#2235,NA,NA,p.Lys144Ala,0.975123659754888,146,0.27790328263790504
urn:mavedb:00000085-d-1#2236,NA,NA,p.Pro143Trp,0.0331099411463184,145,0.0118463033918439
urn:mavedb:00000085-d-1#2237,NA,NA,p.Pro143Val,0.0398830836504292,145,0.014269645090498998
urn:mavedb:00000085-d-1#2238,NA,NA,p.Pro143Thr,0.0616368077856418,145,0.00842988088846164
urn:mavedb:00000085-d-1#2239,NA,NA,p.Pro143Ser,0.0383167949579229,145,0.007243030654075
urn:mavedb:00000085-d-1#2240,NA,NA,p.Pro143Arg,0.9404297309727692,145,0.18336246299419698
urn:mavedb:00000085-d-1#2241,NA,NA,p.Pro143Gln,0.0548745322802417,145,0.0131809015334758
urn:mavedb:00000085-d-1#2242,NA,NA,p.Pro143Met,NA,145,NA
urn:mavedb:00000085-d-1#2243,NA,NA,p.Pro143Leu,0.0348868887200622,145,0.0074457839484678295
urn:mavedb:00000085-d-1#2244,NA,NA,p.Pro143Lys,0.0331099411463184,145,0.0103999511943653
urn:mavedb:00000085-d-1#2245,NA,NA,p.Pro143His,0.0662198822926367,145,0.0168838348777013
urn:mavedb:00000085-d-1#2246,NA,NA,p.Pro143Gly,NA,145,NA
urn:mavedb:00000085-d-1#2247,NA,NA,p.Pro143Ala,0.0465989317702306,145,0.00974996791808321
urn:mavedb:00000085-d-1#2248,NA,NA,p.Gly142Val,0.0379439477328205,144,0.0119183299903497
urn:mavedb:00000085-d-1#2249,NA,NA,p.Gly142Ser,0.0598674829615832,144,0.0214198014830304
urn:mavedb:00000085-d-1#2250,NA,NA,p.Gly142Arg,0.0331099411463184,144,0.00755248392214745
urn:mavedb:00000085-d-1#2251,NA,NA,p.Gly142Gln,NA,144,NA
urn:mavedb:00000085-d-1#2252,NA,NA,p.Gly142Lys,NA,144,NA
urn:mavedb:00000085-d-1#2253,NA,NA,p.Gly142Ile,NA,144,NA
urn:mavedb:00000085-d-1#2254,NA,NA,p.Gly142Glu,0.0428835999819992,144,0.007572862905015741
urn:mavedb:00000085-d-1#2255,NA,NA,p.Gly142Asp,NA,144,NA
urn:mavedb:00000085-d-1#2256,NA,NA,p.Gly142Ala,0.0379439477328205,144,0.0119183299903497
urn:mavedb:00000085-d-1#2257,NA,NA,p.Thr126Leu,0.136327938995885,128,0.0327460675380273
urn:mavedb:00000085-d-1#2258,NA,NA,p.Thr126Lys,0.132439764585273,128,0.0327376994020901
urn:mavedb:00000085-d-1#2259,NA,NA,p.Thr126Ile,0.25219340639731797,128,0.0388904864892524
urn:mavedb:00000085-d-1#2260,NA,NA,p.Thr126His,0.0640290991366154,128,0.0158273114353922
urn:mavedb:00000085-d-1#2261,NA,NA,p.Thr126Gly,0.47977884649050706,128,0.0906926817893713
urn:mavedb:00000085-d-1#2262,NA,NA,p.Thr126Phe,NA,128,NA
urn:mavedb:00000085-d-1#2263,NA,NA,p.Thr126Asp,0.465431478296886,128,0.122733358111998
urn:mavedb:00000085-d-1#2264,NA,NA,p.Thr126Cys,NA,128,NA
urn:mavedb:00000085-d-1#2265,NA,NA,p.Thr126Ala,0.44250240750291897,128,0.0812814258899301
urn:mavedb:00000085-d-1#2266,NA,NA,p.Ile125Tyr,0.0331099411463184,127,0.00987616683527674
urn:mavedb:00000085-d-1#2267,NA,NA,p.Ile125Val,0.568363786139153,127,0.076753227844175
urn:mavedb:00000085-d-1#2268,NA,NA,p.Ile125Thr,0.063735982935296,127,0.010402417254496
urn:mavedb:00000085-d-1#2269,NA,NA,p.Ile125Ser,0.0331099411463184,127,0.00844191743885064
urn:mavedb:00000085-d-1#2270,NA,NA,p.Ile125Arg,0.0331099411463184,127,0.00667677383144477
urn:mavedb:00000085-d-1#2271,NA,NA,p.Ile125Gln,0.0331099411463184,127,0.0103999511943653
urn:mavedb:00000085-d-1#2272,NA,NA,p.Ile125Pro,0.0331099411463184,127,0.0118463033918439
urn:mavedb:00000085-d-1#2273,NA,NA,p.Ile125Asn,NA,127,NA
urn:mavedb:00000085-d-1#2274,NA,NA,p.Ile125Met,0.5680905134669971,127,0.0876046553090838
urn:mavedb:00000085-d-1#2275,NA,NA,p.Ile125Leu,0.79164769586629,127,0.133383912670346
urn:mavedb:00000085-d-1#2276,NA,NA,p.Ile125Lys,NA,127,NA
urn:mavedb:00000085-d-1#2277,NA,NA,p.Ile125His,0.0331099411463184,127,0.0103999511943653
urn:mavedb:00000085-d-1#2278,NA,NA,p.Ile125Gly,0.0458089120604918,127,0.0136640671166594
urn:mavedb:00000085-d-1#2279,NA,NA,p.Ile125Phe,NA,127,NA
urn:mavedb:00000085-d-1#2280,NA,NA,p.Ile125Glu,NA,127,NA
urn:mavedb:00000085-d-1#2281,NA,NA,p.Ile125Asp,NA,127,NA
urn:mavedb:00000085-d-1#2282,NA,NA,p.Ile125Cys,NA,127,NA
urn:mavedb:00000085-d-1#2283,NA,NA,p.Ile125Ala,0.0331099411463184,127,0.00987616683527674
urn:mavedb:00000085-d-1#2284,NA,NA,p.Ala124Val,0.0619464972043068,126,0.0112252122810536
urn:mavedb:00000085-d-1#2285,NA,NA,p.Ala124Thr,0.541071467629457,126,0.0806752106203426
urn:mavedb:00000085-d-1#2286,NA,NA,p.Ala124Ser,0.307668027527351,126,0.0643738661779363
urn:mavedb:00000085-d-1#2287,NA,NA,p.Ala124Arg,0.0331099411463184,126,0.008731025840040329
urn:mavedb:00000085-d-1#2288,NA,NA,p.Ala124Pro,NA,126,NA
urn:mavedb:00000085-d-1#2289,NA,NA,p.Ala124Asn,0.0387518437177588,126,0.0129203318992744
urn:mavedb:00000085-d-1#2290,NA,NA,p.Ala124Leu,NA,126,NA
urn:mavedb:00000085-d-1#2291,NA,NA,p.Ala124Ile,0.0331099411463184,126,0.0103999511943653
urn:mavedb:00000085-d-1#2292,NA,NA,p.Ala124Gly,0.0662198822926367,126,0.012336059676365
urn:mavedb:00000085-d-1#2293,NA,NA,p.Ala124Glu,NA,126,NA
urn:mavedb:00000085-d-1#2294,NA,NA,p.Ala124Asp,0.0331099411463184,126,0.00774349327377103
urn:mavedb:00000085-d-1#2295,NA,NA,p.Ala124Cys,0.272114581362175,126,0.0775507133456247
urn:mavedb:00000085-d-1#2296,NA,NA,p.Ala123Trp,NA,125,NA
urn:mavedb:00000085-d-1#2297,NA,NA,p.Ala123Val,0.0786071161470431,125,0.0179305356733603
urn:mavedb:00000085-d-1#2298,NA,NA,p.Ala123Thr,0.0379439477328205,125,0.0119183299903497
urn:mavedb:00000085-d-1#2299,NA,NA,p.Ala123Pro,NA,125,NA
urn:mavedb:00000085-d-1#2300,NA,NA,p.Ala123Gly,0.0582495993355418,125,0.0173749255120559
urn:mavedb:00000085-d-1#2301,NA,NA,p.Ala123Glu,NA,125,NA
urn:mavedb:00000085-d-1#2302,NA,NA,p.Ser122Tyr,NA,124,NA
urn:mavedb:00000085-d-1#2303,NA,NA,p.Ser122Trp,0.5297590583410939,124,0.176628056983965
urn:mavedb:00000085-d-1#2304,NA,NA,p.Ser122Thr,0.5297590583410939,124,0.176628056983965
urn:mavedb:00000085-d-1#2305,NA,NA,p.Ser122Arg,0.718266184905159,124,0.17252804652093698
urn:mavedb:00000085-d-1#2306,NA,NA,p.Ser122Asn,0.674079391839965,124,0.17775339927017103
urn:mavedb:00000085-d-1#2307,NA,NA,p.Ser122Leu,NA,124,NA
urn:mavedb:00000085-d-1#2308,NA,NA,p.Ser122Lys,NA,124,NA
urn:mavedb:00000085-d-1#2309,NA,NA,p.Ser122Ile,NA,124,NA
urn:mavedb:00000085-d-1#2310,NA,NA,p.Ser122Gly,0.8298977554760408,124,0.276697917170312
urn:mavedb:00000085-d-1#2311,NA,NA,p.Ser122Glu,1.8854187307183798,124,0.592216781472402
urn:mavedb:00000085-d-1#2312,NA,NA,p.Ser122Asp,NA,124,NA
urn:mavedb:00000085-d-1#2313,NA,NA,p.Ser122Cys,0.574126047927581,124,0.17125263402775198
urn:mavedb:00000085-d-1#2314,NA,NA,p.Cys121Tyr,0.0782827023462502,123,0.0245888774059193
urn:mavedb:00000085-d-1#2315,NA,NA,p.Cys121Ser,0.0568128915020312,123,0.0126586967087771
urn:mavedb:00000085-d-1#2316,NA,NA,p.Cys121Arg,NA,123,NA
urn:mavedb:00000085-d-1#2317,NA,NA,p.Cys121Leu,0.0662198822926367,123,0.0197523336705535
urn:mavedb:00000085-d-1#2318,NA,NA,p.Cys121Gly,0.0688650411093125,123,0.0132166643751738
urn:mavedb:00000085-d-1#2319,NA,NA,p.Cys121Phe,NA,123,NA
urn:mavedb:00000085-d-1#2320,NA,NA,p.Cys121Ala,NA,123,NA
urn:mavedb:00000085-d-1#2321,NA,NA,p.Leu120Tyr,NA,122,NA
urn:mavedb:00000085-d-1#2322,NA,NA,p.Leu120Val,0.0436969673915365,122,0.009967418613423809
urn:mavedb:00000085-d-1#2323,NA,NA,p.Leu120Thr,NA,122,NA
urn:mavedb:00000085-d-1#2324,NA,NA,p.Leu120Ser,0.0427899878089411,122,0.0102781853893151
urn:mavedb:00000085-d-1#2325,NA,NA,p.Leu120Ile,NA,122,NA
urn:mavedb:00000085-d-1#2326,NA,NA,p.Leu120Phe,NA,122,NA
urn:mavedb:00000085-d-1#2327,NA,NA,p.Leu120Cys,NA,122,NA
urn:mavedb:00000085-d-1#2328,NA,NA,p.Leu120Ala,NA,122,NA
urn:mavedb:00000085-d-1#2329,NA,NA,p.Glu119Val,0.0331099411463184,121,0.009059083083145871
urn:mavedb:00000085-d-1#2330,NA,NA,p.Glu119Thr,0.0662198822926367,121,0.0207999023887306
urn:mavedb:00000085-d-1#2331,NA,NA,p.Glu119Arg,0.0637026513524738,121,0.0122258921097269
urn:mavedb:00000085-d-1#2332,NA,NA,p.Glu119Gln,0.5297590583410939,121,0.13507067902161
urn:mavedb:00000085-d-1#2333,NA,NA,p.Glu119Asn,NA,121,NA
urn:mavedb:00000085-d-1#2334,NA,NA,p.Glu119Lys,0.0562118200994208,121,0.0128220967128698
urn:mavedb:00000085-d-1#2335,NA,NA,p.Glu119Ile,NA,121,NA
urn:mavedb:00000085-d-1#2336,NA,NA,p.Glu119Gly,0.30848339090844,121,0.0558997151478281
urn:mavedb:00000085-d-1#2337,NA,NA,p.Glu119Asp,0.956124464157612,121,0.19630953638015602
urn:mavedb:00000085-d-1#2338,NA,NA,p.Glu119Ala,0.26487952917054697,121,0.0883140284919824
urn:mavedb:00000085-d-1#2339,NA,NA,p.Arg118Tyr,1.05951811668219,120,0.37908170853900497
urn:mavedb:00000085-d-1#2340,NA,NA,p.Arg118Trp,1.05951811668219,120,0.37908170853900497
urn:mavedb:00000085-d-1#2341,NA,NA,p.Arg118Val,NA,120,NA
urn:mavedb:00000085-d-1#2342,NA,NA,p.Arg118Thr,0.5210200784781571,120,0.17371437573791698
urn:mavedb:00000085-d-1#2343,NA,NA,p.Arg118Ser,1.57088168950933,120,0.342356716099016
urn:mavedb:00000085-d-1#2344,NA,NA,p.Arg118Gln,0.9525514175275791,120,0.299199814600451
urn:mavedb:00000085-d-1#2345,NA,NA,p.Arg118Asn,NA,120,NA
urn:mavedb:00000085-d-1#2346,NA,NA,p.Arg118Met,NA,120,NA
urn:mavedb:00000085-d-1#2347,NA,NA,p.Arg118Leu,NA,120,NA
urn:mavedb:00000085-d-1#2348,NA,NA,p.Arg118Lys,0.540717198639358,120,0.137864634929671
urn:mavedb:00000085-d-1#2349,NA,NA,p.Arg118Ile,0.26487952917054697,120,0.0754887751145131
urn:mavedb:00000085-d-1#2350,NA,NA,p.Arg118Gly,1.23625961972047,120,0.263850471347999
urn:mavedb:00000085-d-1#2351,NA,NA,p.Arg118Glu,1.05951811668219,120,0.37908170853900497
urn:mavedb:00000085-d-1#2352,NA,NA,p.Arg118Asp,NA,120,NA
urn:mavedb:00000085-d-1#2353,NA,NA,p.Arg118Cys,NA,120,NA
urn:mavedb:00000085-d-1#2354,NA,NA,p.Arg118Ala,0.936045313170582,120,0.312088792652254
urn:mavedb:00000085-d-1#2355,NA,NA,p.Val117Ser,NA,119,NA
urn:mavedb:00000085-d-1#2356,NA,NA,p.Val117Arg,0.0331099411463184,119,0.0110392535614978
urn:mavedb:00000085-d-1#2357,NA,NA,p.Val117Leu,NA,119,NA
urn:mavedb:00000085-d-1#2358,NA,NA,p.Val117Ile,0.9954191879850942,119,0.253798294744245
urn:mavedb:00000085-d-1#2359,NA,NA,p.Val117Gly,0.0466515919504214,119,0.016691328731602
urn:mavedb:00000085-d-1#2360,NA,NA,p.Val117Glu,0.0331099411463184,119,0.0118463033918439
urn:mavedb:00000085-d-1#2361,NA,NA,p.Val117Asp,0.156026739395639,119,0.0558243243004505
urn:mavedb:00000085-d-1#2362,NA,NA,p.Val117Cys,0.0481461297788859,119,0.0137213033219051
urn:mavedb:00000085-d-1#2363,NA,NA,p.Val117Ala,0.0415794189807984,119,0.0124024768559246
urn:mavedb:00000085-d-1#2364,NA,NA,p.Thr116Tyr,NA,118,NA
urn:mavedb:00000085-d-1#2365,NA,NA,p.Thr116Ser,0.5297590583410939,118,0.120839742754359
urn:mavedb:00000085-d-1#2366,NA,NA,p.Thr116Arg,NA,118,NA
urn:mavedb:00000085-d-1#2367,NA,NA,p.Thr116Gln,0.24482611432995602,118,0.08759557788949499
urn:mavedb:00000085-d-1#2368,NA,NA,p.Thr116Met,NA,118,NA
urn:mavedb:00000085-d-1#2369,NA,NA,p.Thr116Leu,NA,118,NA
urn:mavedb:00000085-d-1#2370,NA,NA,p.Thr116Lys,NA,118,NA
urn:mavedb:00000085-d-1#2371,NA,NA,p.Thr116Ile,0.04613317773430901,118,0.011403630245481002
urn:mavedb:00000085-d-1#2372,NA,NA,p.Thr116Gly,0.0398830836504292,118,0.014269645090498998
urn:mavedb:00000085-d-1#2373,NA,NA,p.Thr116Ala,NA,118,NA
urn:mavedb:00000085-d-1#2374,NA,NA,p.Met115Trp,NA,117,NA
urn:mavedb:00000085-d-1#2375,NA,NA,p.Met115Val,0.0720691026675607,117,0.0122798371584719
urn:mavedb:00000085-d-1#2376,NA,NA,p.Met115Thr,0.0398830836504292,117,0.0109122564369605
urn:mavedb:00000085-d-1#2377,NA,NA,p.Met115Ser,0.0563691593154751,117,0.0139338558853324
urn:mavedb:00000085-d-1#2378,NA,NA,p.Met115Arg,0.0595986220066904,117,0.00759581495636482
urn:mavedb:00000085-d-1#2379,NA,NA,p.Met115Gln,NA,117,NA
urn:mavedb:00000085-d-1#2380,NA,NA,p.Met115Pro,0.0398830836504292,117,0.014269645090498998
urn:mavedb:00000085-d-1#2381,NA,NA,p.Met115Asn,NA,117,NA
urn:mavedb:00000085-d-1#2382,NA,NA,p.Met115Leu,0.648481669181556,117,0.10181835185820401
urn:mavedb:00000085-d-1#2383,NA,NA,p.Met115Lys,0.0376208666302858,117,0.00879847313583788
urn:mavedb:00000085-d-1#2384,NA,NA,p.Met115Ile,0.107174079519109,117,0.0233574343377557
urn:mavedb:00000085-d-1#2385,NA,NA,p.Met115His,NA,117,NA
urn:mavedb:00000085-d-1#2386,NA,NA,p.Met115Gly,0.0331099411463184,117,0.0103999511943653
urn:mavedb:00000085-d-1#2387,NA,NA,p.Met115Phe,0.0331099411463184,117,0.0118463033918439
urn:mavedb:00000085-d-1#2388,NA,NA,p.Met115Glu,NA,117,NA
urn:mavedb:00000085-d-1#2389,NA,NA,p.Met115Cys,0.12168838642133,117,0.040572375144314
urn:mavedb:00000085-d-1#2390,NA,NA,p.Met115Ala,0.0691474993635799,117,0.0176302784154972
urn:mavedb:00000085-d-1#2391,NA,NA,p.Asp161Ile,NA,163,NA
urn:mavedb:00000085-d-1#2392,NA,NA,p.Asp161His,0.0533321287997929,163,0.0190815373395943
urn:mavedb:00000085-d-1#2393,NA,NA,p.Asp161Gly,0.0368672716414088,163,0.00803482409590343
urn:mavedb:00000085-d-1#2394,NA,NA,p.Asp161Glu,0.084113642291727,163,0.0105522133691368
urn:mavedb:00000085-d-1#2395,NA,NA,p.Asp161Cys,0.0398830836504292,163,0.014269645090498998
urn:mavedb:00000085-d-1#2396,NA,NA,p.Asp161Ala,0.0478216457654464,163,0.009478981583984459
urn:mavedb:00000085-d-1#2397,NA,NA,p.Leu160Tyr,0.0331099411463184,162,0.00987616683527674
urn:mavedb:00000085-d-1#2398,NA,NA,p.Leu160Val,0.53897719222967,162,0.0679678521510672
urn:mavedb:00000085-d-1#2399,NA,NA,p.Leu160Thr,0.225034296431033,162,0.0671241378953381
urn:mavedb:00000085-d-1#2400,NA,NA,p.Leu160Ser,0.280311823659506,162,0.0495005785922692
urn:mavedb:00000085-d-1#2401,NA,NA,p.Leu160Arg,0.0344598604860688,162,0.00661357930124139
urn:mavedb:00000085-d-1#2402,NA,NA,p.Leu160Gln,0.063800066590749,162,0.012060138081911002
urn:mavedb:00000085-d-1#2403,NA,NA,p.Leu160Pro,0.040927132897694,162,0.0101167514030985
urn:mavedb:00000085-d-1#2404,NA,NA,p.Leu160Asn,0.0555289208840829,162,0.0185140116959677
urn:mavedb:00000085-d-1#2405,NA,NA,p.Leu160Met,0.26487952917054697,162,0.0883140284919824
urn:mavedb:00000085-d-1#2406,NA,NA,p.Leu160Lys,NA,162,NA
urn:mavedb:00000085-d-1#2407,NA,NA,p.Leu160Ile,0.48388298511834293,162,0.0806449389181988
urn:mavedb:00000085-d-1#2408,NA,NA,p.Leu160His,0.0570871943673745,162,0.009618563140969491
urn:mavedb:00000085-d-1#2409,NA,NA,p.Leu160Gly,0.0465449944876516,162,0.0127349961241199
urn:mavedb:00000085-d-1#2410,NA,NA,p.Leu160Phe,0.17129076976939903,162,0.038165948716873004
urn:mavedb:00000085-d-1#2411,NA,NA,p.Leu160Glu,NA,162,NA
urn:mavedb:00000085-d-1#2412,NA,NA,p.Leu160Cys,0.840106563597369,162,0.19647753210188001
urn:mavedb:00000085-d-1#2413,NA,NA,p.Leu160Ala,0.254492572999268,162,0.062907853853441
urn:mavedb:00000085-d-1#2414,NA,NA,p.Arg159Trp,NA,161,NA
urn:mavedb:00000085-d-1#2415,NA,NA,p.Arg159Val,0.060939709230967996,161,0.0203180337648956
urn:mavedb:00000085-d-1#2416,NA,NA,p.Arg159Thr,NA,161,NA
urn:mavedb:00000085-d-1#2417,NA,NA,p.Arg159Ser,0.0630683050963603,161,0.0131958808491449
urn:mavedb:00000085-d-1#2418,NA,NA,p.Arg159Gln,0.132439764585273,161,0.0239991692672996
urn:mavedb:00000085-d-1#2419,NA,NA,p.Arg159Pro,NA,161,NA
urn:mavedb:00000085-d-1#2420,NA,NA,p.Arg159Met,NA,161,NA
urn:mavedb:00000085-d-1#2421,NA,NA,p.Arg159Leu,0.0582495993355418,161,0.0173749255120559
urn:mavedb:00000085-d-1#2422,NA,NA,p.Arg159Lys,NA,161,NA
urn:mavedb:00000085-d-1#2423,NA,NA,p.Arg159Ile,0.0444016917624735,161,0.0148040593536336
urn:mavedb:00000085-d-1#2424,NA,NA,p.Arg159His,0.5899427547970739,161,0.150415490249181
urn:mavedb:00000085-d-1#2425,NA,NA,p.Arg159Gly,0.0331099411463184,161,0.008731025840040329
urn:mavedb:00000085-d-1#2426,NA,NA,p.Arg159Asp,NA,161,NA
urn:mavedb:00000085-d-1#2427,NA,NA,p.Arg159Cys,0.0353617131439627,161,0.0082701200424738
urn:mavedb:00000085-d-1#2428,NA,NA,p.Arg159Ala,0.0444016917624735,161,0.0103843193193051
urn:mavedb:00000085-d-1#2429,NA,NA,p.Thr158Tyr,NA,160,NA
urn:mavedb:00000085-d-1#2430,NA,NA,p.Thr158Trp,NA,160,NA
urn:mavedb:00000085-d-1#2431,NA,NA,p.Thr158Val,0.0331099411463184,160,0.00818442485052254
urn:mavedb:00000085-d-1#2432,NA,NA,p.Thr158Ser,0.48245163985372497,160,0.0518241569640811
urn:mavedb:00000085-d-1#2433,NA,NA,p.Thr158Arg,0.0347173955888791,160,0.00712810527067097
urn:mavedb:00000085-d-1#2434,NA,NA,p.Thr158Gln,0.0331099411463184,160,0.0110392535614978
urn:mavedb:00000085-d-1#2435,NA,NA,p.Thr158Pro,0.0415794189807984,160,0.0124024768559246
urn:mavedb:00000085-d-1#2436,NA,NA,p.Gly114Ser,0.0566207022376019,116,0.0154917715960221
urn:mavedb:00000085-d-1#2437,NA,NA,p.Gly114Arg,NA,116,NA
urn:mavedb:00000085-d-1#2438,NA,NA,p.Gly114Asp,1.7477516523877201,116,0.498096745551698
urn:mavedb:00000085-d-1#2439,NA,NA,p.Gly114Cys,NA,116,NA
urn:mavedb:00000085-d-1#2440,NA,NA,p.Gly114Ala,1.18355462106351,116,0.35303544771132
urn:mavedb:00000085-d-1#2441,NA,NA,p.Asp113Tyr,0.47613596901678995,115,0.121398601173709
urn:mavedb:00000085-d-1#2442,NA,NA,p.Asp113Val,0.492959205886771,115,0.0804563939067991
urn:mavedb:00000085-d-1#2443,NA,NA,p.Asp113Thr,1.05951811668219,115,0.31603733872885603
urn:mavedb:00000085-d-1#2444,NA,NA,p.Asp113Ser,1.05951811668219,115,0.30195510045805296
urn:mavedb:00000085-d-1#2445,NA,NA,p.Asp113Arg,0.514539948769883,115,0.0958533191866585
urn:mavedb:00000085-d-1#2446,NA,NA,p.Asp113Pro,0.132439764585273,115,0.0441570142459912
urn:mavedb:00000085-d-1#2447,NA,NA,p.Asp113Asn,0.0870569793767259,115,0.022956752871745
urn:mavedb:00000085-d-1#2448,NA,NA,p.Asp113Met,0.272279215202593,115,0.0855238774612536
urn:mavedb:00000085-d-1#2449,NA,NA,p.Asp113Lys,NA,115,NA
urn:mavedb:00000085-d-1#2450,NA,NA,p.Asp113Ile,0.28360174376803005,115,0.0945562405593807
urn:mavedb:00000085-d-1#2451,NA,NA,p.Asp113His,1.57046962055118,115,0.523613505541415
urn:mavedb:00000085-d-1#2452,NA,NA,p.Asp113Gly,0.543473358755356,115,0.104304083230216
urn:mavedb:00000085-d-1#2453,NA,NA,p.Asp113Glu,0.8283638982933259,115,0.164194393795487
urn:mavedb:00000085-d-1#2454,NA,NA,p.Asp113Cys,0.454084047864106,115,0.13544602191002
urn:mavedb:00000085-d-1#2455,NA,NA,p.Asp113Ala,0.5297590583410939,115,0.0783607064002367
urn:mavedb:00000085-d-1#2456,NA,NA,p.Thr112Val,NA,114,NA
urn:mavedb:00000085-d-1#2457,NA,NA,p.Thr112Ser,NA,114,NA
urn:mavedb:00000085-d-1#2458,NA,NA,p.Thr112Arg,0.6302715350160439,114,0.21014012851575897
urn:mavedb:00000085-d-1#2459,NA,NA,p.Thr112Pro,1.05951811668219,114,0.27939282688128997
urn:mavedb:00000085-d-1#2460,NA,NA,p.Thr112Met,0.7110388197990369,114,0.194544584523301
urn:mavedb:00000085-d-1#2461,NA,NA,p.Thr112Lys,NA,114,NA
urn:mavedb:00000085-d-1#2462,NA,NA,p.Thr112Ile,1.05951811668219,114,0.35325611396793
urn:mavedb:00000085-d-1#2463,NA,NA,p.Thr112Gly,NA,114,NA
urn:mavedb:00000085-d-1#2464,NA,NA,p.Thr112Glu,1.05951811668219,114,0.37908170853900497
urn:mavedb:00000085-d-1#2465,NA,NA,p.Thr112Asp,NA,114,NA
urn:mavedb:00000085-d-1#2466,NA,NA,p.Thr112Ala,0.936045313170582,114,0.312088792652254
urn:mavedb:00000085-d-1#2467,NA,NA,p.Leu111Tyr,NA,113,NA
urn:mavedb:00000085-d-1#2468,NA,NA,p.Leu111Trp,0.5297590583410939,113,0.18954085426950198
urn:mavedb:00000085-d-1#2469,NA,NA,p.Leu111Val,1.05951811668219,113,0.27939282688128997
urn:mavedb:00000085-d-1#2470,NA,NA,p.Leu111Thr,0.8988868887535121,113,0.256176347077422
urn:mavedb:00000085-d-1#2471,NA,NA,p.Leu111Ser,0.749869091172332,113,0.250015395642035
urn:mavedb:00000085-d-1#2472,NA,NA,p.Leu111Arg,0.129310959518084,113,0.0237525920641586
urn:mavedb:00000085-d-1#2473,NA,NA,p.Leu111Gln,NA,113,NA
urn:mavedb:00000085-d-1#2474,NA,NA,p.Leu111Pro,0.142214789860417,113,0.0303523942210554
urn:mavedb:00000085-d-1#2475,NA,NA,p.Leu111Lys,NA,113,NA
urn:mavedb:00000085-d-1#2476,NA,NA,p.Leu111Ile,0.6302715350160439,113,0.21014012851575897
urn:mavedb:00000085-d-1#2477,NA,NA,p.Leu111His,0.452525227416815,113,0.12896645970748802
urn:mavedb:00000085-d-1#2478,NA,NA,p.Leu111Phe,0.5297590583410939,113,0.13507067902161
urn:mavedb:00000085-d-1#2479,NA,NA,p.Leu111Asp,NA,113,NA
urn:mavedb:00000085-d-1#2480,NA,NA,p.Leu111Cys,NA,113,NA
urn:mavedb:00000085-d-1#2481,NA,NA,p.Leu111Ala,0.54755247558027,113,0.12805727720733098
urn:mavedb:00000085-d-1#2482,NA,NA,p.His110Tyr,0.49245395800466096,112,0.107325027096789
urn:mavedb:00000085-d-1#2483,NA,NA,p.His110Trp,NA,112,NA
urn:mavedb:00000085-d-1#2484,NA,NA,p.His110Ser,NA,112,NA
urn:mavedb:00000085-d-1#2485,NA,NA,p.His110Arg,0.39816179182081796,112,0.0741733064858707
urn:mavedb:00000085-d-1#2486,NA,NA,p.His110Gln,0.218374632913179,112,0.0510717459041284
urn:mavedb:00000085-d-1#2487,NA,NA,p.His110Asn,NA,112,NA
urn:mavedb:00000085-d-1#2488,NA,NA,p.His110Leu,0.17377178552009,112,0.0475450269022342
urn:mavedb:00000085-d-1#2489,NA,NA,p.His110Lys,NA,112,NA
urn:mavedb:00000085-d-1#2490,NA,NA,p.His110Gly,NA,112,NA
urn:mavedb:00000085-d-1#2491,NA,NA,p.His110Phe,NA,112,NA
urn:mavedb:00000085-d-1#2492,NA,NA,p.His110Glu,0.117463884826161,112,0.039163875380635
urn:mavedb:00000085-d-1#2493,NA,NA,p.His110Asp,0.0638417404095663,112,0.0162774889664829
urn:mavedb:00000085-d-1#2494,NA,NA,p.His110Ala,NA,112,NA
urn:mavedb:00000085-d-1#2495,NA,NA,p.Lys109Trp,NA,111,NA
urn:mavedb:00000085-d-1#2496,NA,NA,p.Lys109Val,0.5297590583410939,111,0.16639921910984498
urn:mavedb:00000085-d-1#2497,NA,NA,p.Lys109Thr,1.05951811668219,111,0.37908170853900497
urn:mavedb:00000085-d-1#2498,NA,NA,p.Lys109Ser,1.26698435737639,111,0.397964328070208
urn:mavedb:00000085-d-1#2499,NA,NA,p.Lys109Arg,0.64546483765164,111,0.143818478517681
urn:mavedb:00000085-d-1#2500,NA,NA,p.Lys109Gln,1.05951811668219,111,0.35325611396793
urn:mavedb:00000085-d-1#2501,NA,NA,p.Lys109Asn,NA,111,NA
urn:mavedb:00000085-d-1#2502,NA,NA,p.Lys109Met,1.72876308514238,111,0.376765262906219
urn:mavedb:00000085-d-1#2503,NA,NA,p.Lys109Leu,0.7759265054270109,111,0.243721296609813
urn:mavedb:00000085-d-1#2504,NA,NA,p.Lys109Ile,0.5297590583410939,111,0.18954085426950198
urn:mavedb:00000085-d-1#2505,NA,NA,p.Lys109Gly,NA,111,NA
urn:mavedb:00000085-d-1#2506,NA,NA,p.Lys109Glu,0.6893334974223189,111,0.246634499062939
urn:mavedb:00000085-d-1#2507,NA,NA,p.Glu108Tyr,NA,110,NA
urn:mavedb:00000085-d-1#2508,NA,NA,p.Glu108Val,0.5297590583410939,110,0.0973092369893756
urn:mavedb:00000085-d-1#2509,NA,NA,p.Glu108Ser,2.06593828615177,110,0.7391656668438772
urn:mavedb:00000085-d-1#2510,NA,NA,p.Glu108Arg,1.7472848242094299,110,0.35874897738009603
urn:mavedb:00000085-d-1#2511,NA,NA,p.Glu108Asn,0.5297590583410939,110,0.176628056983965
urn:mavedb:00000085-d-1#2512,NA,NA,p.Glu108Lys,0.42453880503744496,110,0.11615642232216199
urn:mavedb:00000085-d-1#2513,NA,NA,p.Glu108Gly,0.686103122475224,110,0.110859579467343
urn:mavedb:00000085-d-1#2514,NA,NA,p.Glu108Phe,NA,110,NA
urn:mavedb:00000085-d-1#2515,NA,NA,p.Glu108Asp,0.5297590583410939,110,0.100140450239955
urn:mavedb:00000085-d-1#2516,NA,NA,p.Glu108Ala,0.658932446018485,110,0.168005532914893
urn:mavedb:00000085-d-1#2517,NA,NA,p.Thr107Val,NA,109,NA
urn:mavedb:00000085-d-1#2518,NA,NA,p.Asp99Trp,NA,101,NA
urn:mavedb:00000085-d-1#2519,NA,NA,p.Asp99Val,0.505699546487175,101,0.0591189275232172
urn:mavedb:00000085-d-1#2520,NA,NA,p.Asp99Thr,0.5297590583410939,101,0.15801866936442802
urn:mavedb:00000085-d-1#2521,NA,NA,p.Asp99Ser,0.5297590583410939,101,0.110842322493739
urn:mavedb:00000085-d-1#2522,NA,NA,p.Asp99Arg,0.253104778772067,101,0.0519669599920996
urn:mavedb:00000085-d-1#2523,NA,NA,p.Asp99Gln,0.808670422238837,101,0.22125719008591
urn:mavedb:00000085-d-1#2524,NA,NA,p.Asp99Pro,NA,101,NA
urn:mavedb:00000085-d-1#2525,NA,NA,p.Asp99Asn,0.5297590583410939,101,0.13969641344064498
urn:mavedb:00000085-d-1#2526,NA,NA,p.Asp99Met,0.5297590583410939,101,0.16639921910984498
urn:mavedb:00000085-d-1#2527,NA,NA,p.Asp99Leu,0.38924293273325206,101,0.122262600386034
urn:mavedb:00000085-d-1#2528,NA,NA,p.Asp99Lys,NA,101,NA
urn:mavedb:00000085-d-1#2529,NA,NA,p.Asp99Ile,0.411671277888406,101,0.117323375705689
urn:mavedb:00000085-d-1#2530,NA,NA,p.Asp99His,0.5500811803504089,101,0.12256568259710901
urn:mavedb:00000085-d-1#2531,NA,NA,p.Asp99Gly,0.114530809631489,101,0.0162004770736967
urn:mavedb:00000085-d-1#2532,NA,NA,p.Asp99Phe,NA,101,NA
urn:mavedb:00000085-d-1#2533,NA,NA,p.Asp99Glu,0.8626348033702591,101,0.14534445799558499
urn:mavedb:00000085-d-1#2534,NA,NA,p.Asp99Cys,NA,101,NA
urn:mavedb:00000085-d-1#2535,NA,NA,p.Asp99Ala,0.557187877749881,101,0.0938800171021
urn:mavedb:00000085-d-1#2536,NA,NA,p.Asn98Tyr,1.46813831343256,100,0.374325716135839
urn:mavedb:00000085-d-1#2537,NA,NA,p.Asn98Thr,1.05951811668219,100,0.30195510045805296
urn:mavedb:00000085-d-1#2538,NA,NA,p.Asn98Ser,1.05951811668219,100,0.221684644987478
urn:mavedb:00000085-d-1#2539,NA,NA,p.Asn98Arg,NA,100,NA
urn:mavedb:00000085-d-1#2540,NA,NA,p.Asn98Met,0.913527058940324,100,0.326848019724411
urn:mavedb:00000085-d-1#2541,NA,NA,p.Asn98Leu,NA,100,NA
urn:mavedb:00000085-d-1#2542,NA,NA,p.Asn98Lys,1.05951811668219,100,0.261901595216721
urn:mavedb:00000085-d-1#2543,NA,NA,p.Asn98Ile,0.6893334974223189,100,0.188605875122151
urn:mavedb:00000085-d-1#2544,NA,NA,p.Asn98His,NA,100,NA
urn:mavedb:00000085-d-1#2545,NA,NA,p.Asn98Gly,0.965167794277019,100,0.28789414388239803
urn:mavedb:00000085-d-1#2546,NA,NA,p.Asn98Glu,1.05951811668219,100,0.33279843821968896
urn:mavedb:00000085-d-1#2547,NA,NA,p.Asn98Asp,0.9300771667205459,100,0.187554392215359
urn:mavedb:00000085-d-1#2548,NA,NA,p.Asn98Cys,0.5297590583410939,100,0.16639921910984498
urn:mavedb:00000085-d-1#2549,NA,NA,p.Asn98Ala,NA,100,NA
urn:mavedb:00000085-d-1#2550,NA,NA,p.Gln97Tyr,0.8586305376271371,99,0.269698929570788
urn:mavedb:00000085-d-1#2551,NA,NA,p.Gln97Trp,1.4485798304582802,99,0.43208823647859795
urn:mavedb:00000085-d-1#2552,NA,NA,p.Gln97Val,0.5913221766298421,99,0.17638196467904899
urn:mavedb:00000085-d-1#2553,NA,NA,p.Gln97Thr,1.02046775470519,99,0.213514076221167
urn:mavedb:00000085-d-1#2554,NA,NA,p.Gln97Ser,1.26628118361054,99,0.26494600726797196
urn:mavedb:00000085-d-1#2555,NA,NA,p.Gln97Arg,1.0418500656281802,99,0.13278327659823802
urn:mavedb:00000085-d-1#2556,NA,NA,p.Gln97Pro,1.92791781214552,99,0.280791975025938
urn:mavedb:00000085-d-1#2557,NA,NA,p.Gln97Asn,NA,99,NA
urn:mavedb:00000085-d-1#2558,NA,NA,p.Gln97Met,0.975123659754888,99,0.27790328263790504
urn:mavedb:00000085-d-1#2559,NA,NA,p.Gln97Leu,0.872671167727399,99,0.14242958521381
urn:mavedb:00000085-d-1#2560,NA,NA,p.Gln97Lys,1.7842420603947402,99,0.332385316495156
urn:mavedb:00000085-d-1#2561,NA,NA,p.Gln97Ile,0.975123659754888,99,0.27790328263790504
urn:mavedb:00000085-d-1#2562,NA,NA,p.Gln97His,1.06042917725114,99,0.182785864803093
urn:mavedb:00000085-d-1#2563,NA,NA,p.Gln97Gly,1.2268130132993702,99,0.26183431590857
urn:mavedb:00000085-d-1#2564,NA,NA,p.Gln97Phe,1.64362026628696,99,0.548002812755703
urn:mavedb:00000085-d-1#2565,NA,NA,p.Gln97Glu,1.74954596232518,99,0.346786767618889
urn:mavedb:00000085-d-1#2566,NA,NA,p.Gln97Asp,1.9609640333808203,99,0.653809050695801
urn:mavedb:00000085-d-1#2567,NA,NA,p.Gln97Cys,0.411671277888406,99,0.0897193135239753
urn:mavedb:00000085-d-1#2568,NA,NA,p.Gln97Ala,1.63327846582329,99,0.355955420302312
urn:mavedb:00000085-d-1#2569,NA,NA,p.Ser96Tyr,0.528445918840648,98,0.08078544829358
urn:mavedb:00000085-d-1#2570,NA,NA,p.Ser96Trp,0.22995433456263,98,0.0655353439458475
urn:mavedb:00000085-d-1#2571,NA,NA,p.Ser96Val,1.63390995453577,98,0.34186555426443704
urn:mavedb:00000085-d-1#2572,NA,NA,p.Ser96Thr,1.40141243778639,98,0.19685345206749
urn:mavedb:00000085-d-1#2573,NA,NA,p.Ser96Arg,1.49527714946316,98,0.267424753952422
urn:mavedb:00000085-d-1#2574,NA,NA,p.Ser96Gln,NA,98,NA
urn:mavedb:00000085-d-1#2575,NA,NA,p.Ser96Pro,0.11408112232584199,98,0.0290868356349606
urn:mavedb:00000085-d-1#2576,NA,NA,p.Ser96Asn,1.7673465849618102,98,0.483556871307318
urn:mavedb:00000085-d-1#2577,NA,NA,p.Ser96Met,0.5297590583410939,98,0.18954085426950198
urn:mavedb:00000085-d-1#2578,NA,NA,p.Ser96Leu,0.630857093773906,98,0.0680012399877068
urn:mavedb:00000085-d-1#2579,NA,NA,p.Ser96Lys,NA,98,NA
urn:mavedb:00000085-d-1#2580,NA,NA,p.Ser96Ile,0.400860625370666,98,0.0893172824846731
urn:mavedb:00000085-d-1#2581,NA,NA,p.Ser96His,1.00784732643411,98,0.23570742571671502
urn:mavedb:00000085-d-1#2582,NA,NA,p.Ser96Gly,0.8988868887535121,98,0.19590269937784802
urn:mavedb:00000085-d-1#2583,NA,NA,p.Ser96Phe,0.6370393145937371,98,0.0894835701462498
urn:mavedb:00000085-d-1#2584,NA,NA,p.Ser96Glu,0.734366404034897,98,0.193650964867364
urn:mavedb:00000085-d-1#2585,NA,NA,p.Ser96Asp,0.7851267616553271,98,0.17493708366144
urn:mavedb:00000085-d-1#2586,NA,NA,p.Ser96Cys,0.5198457387062171,98,0.08016487808487201
urn:mavedb:00000085-d-1#2587,NA,NA,p.Ser96Ala,1.0012577773561702,98,0.143673600324109
urn:mavedb:00000085-d-1#2588,NA,NA,p.Tyr95Trp,NA,97,NA
urn:mavedb:00000085-d-1#2589,NA,NA,p.Tyr95Val,0.137535131462996,97,0.0299742980457204
urn:mavedb:00000085-d-1#2590,NA,NA,p.Tyr95Ser,NA,97,NA
urn:mavedb:00000085-d-1#2591,NA,NA,p.Tyr95Arg,NA,97,NA
urn:mavedb:00000085-d-1#2592,NA,NA,p.Tyr95Asn,0.0331099411463184,97,0.0103999511943653
urn:mavedb:00000085-d-1#2593,NA,NA,p.Tyr95Leu,0.195389966865809,97,0.0613726889544477
urn:mavedb:00000085-d-1#2594,NA,NA,p.Tyr95Ile,NA,97,NA
urn:mavedb:00000085-d-1#2595,NA,NA,p.Tyr95His,NA,97,NA
urn:mavedb:00000085-d-1#2596,NA,NA,p.Tyr95Gly,0.0331099411463184,97,0.0118463033918439
urn:mavedb:00000085-d-1#2597,NA,NA,p.Tyr95Phe,NA,97,NA
urn:mavedb:00000085-d-1#2598,NA,NA,p.Tyr95Asp,0.0414368671296812,97,0.00945188248442042
urn:mavedb:00000085-d-1#2599,NA,NA,p.Tyr95Cys,0.036182606831269996,97,0.009541281689622259
urn:mavedb:00000085-d-1#2600,NA,NA,p.Tyr95Ala,0.0368672716414088,97,0.0105069092607457
urn:mavedb:00000085-d-1#2601,NA,NA,p.His94Tyr,1.2443446944494099,96,0.271191501009855
urn:mavedb:00000085-d-1#2602,NA,NA,p.His94Trp,NA,96,NA
urn:mavedb:00000085-d-1#2603,NA,NA,p.His94Val,0.9898326716994879,96,0.261016913190296
urn:mavedb:00000085-d-1#2604,NA,NA,p.His94Thr,1.57080877651788,96,0.274003500685248
urn:mavedb:00000085-d-1#2605,NA,NA,p.His94Ser,0.565637463215461,96,0.0836677551541986
urn:mavedb:00000085-d-1#2606,NA,NA,p.His94Arg,0.85722311365128,96,0.10539937174264499
urn:mavedb:00000085-d-1#2607,NA,NA,p.His94Gln,0.8298977554760408,96,0.12087062444346601
urn:mavedb:00000085-d-1#2608,NA,NA,p.His94Pro,0.242450981256078,96,0.0458305526669637
urn:mavedb:00000085-d-1#2609,NA,NA,p.His94Asn,0.7105760414566441,96,0.20250909975283202
urn:mavedb:00000085-d-1#2610,NA,NA,p.His94Met,NA,96,NA
urn:mavedb:00000085-d-1#2611,NA,NA,p.His94Leu,0.798728335295289,96,0.15329293592931
urn:mavedb:00000085-d-1#2612,NA,NA,p.His94Lys,0.904081929188736,96,0.21716111995221998
urn:mavedb:00000085-d-1#2613,NA,NA,p.His94Ile,0.8586305376271371,96,0.269698929570788
urn:mavedb:00000085-d-1#2614,NA,NA,p.His94Gly,0.26487952917054697,96,0.0619479461901682
urn:mavedb:00000085-d-1#2615,NA,NA,p.His94Phe,1.48235249711168,96,0.442162083752055
urn:mavedb:00000085-d-1#2616,NA,NA,p.His94Glu,0.500002256247641,96,0.0991080943171263
urn:mavedb:00000085-d-1#2617,NA,NA,p.His94Asp,0.279775864109803,96,0.0597115625550049
urn:mavedb:00000085-d-1#2618,NA,NA,p.His94Cys,0.49245395800466096,96,0.107325027096789
urn:mavedb:00000085-d-1#2619,NA,NA,p.His94Ala,0.45614112725811695,96,0.0615984070824834
urn:mavedb:00000085-d-1#2620,NA,NA,p.Ile93Tyr,0.0591498159364847,95,0.0168572753329654
urn:mavedb:00000085-d-1#2621,NA,NA,p.Ile93Trp,NA,95,NA
urn:mavedb:00000085-d-1#2622,NA,NA,p.Ile93Val,0.7744061837328621,95,0.11278854338746902
urn:mavedb:00000085-d-1#2623,NA,NA,p.Ile93Thr,0.0523969278226842,95,0.00962457363726643
urn:mavedb:00000085-d-1#2624,NA,NA,p.Ile93Ser,0.0331099411463184,95,0.00679806598373635
urn:mavedb:00000085-d-1#2625,NA,NA,p.Ile93Arg,0.0352889356172013,95,0.00623171262685895
urn:mavedb:00000085-d-1#2626,NA,NA,p.Ile93Gln,0.060939709230967996,95,0.0155375689676392
urn:mavedb:00000085-d-1#2627,NA,NA,p.Ile93Pro,0.0331099411463184,95,0.0118463033918439
urn:mavedb:00000085-d-1#2628,NA,NA,p.Ile93Met,1.17274348703164,95,0.30925013257387796
urn:mavedb:00000085-d-1#2629,NA,NA,p.Ile93Leu,1.2474494873483502,95,0.16952203480157998
urn:mavedb:00000085-d-1#2630,NA,NA,p.Ile93Lys,0.0368672716414088,95,0.0105069092607457
urn:mavedb:00000085-d-1#2631,NA,NA,p.Ile93His,0.0555289208840829,95,0.0185140116959677
urn:mavedb:00000085-d-1#2632,NA,NA,p.Ile93Gly,0.0331099411463184,95,0.007215954452066891
urn:mavedb:00000085-d-1#2633,NA,NA,p.Ile93Phe,0.0662198822926367,95,0.0135961319674727
urn:mavedb:00000085-d-1#2634,NA,NA,p.Ile93Glu,0.0500069589021105,95,0.0166729229967593
urn:mavedb:00000085-d-1#2635,NA,NA,p.Ile93Asp,0.0899504987500533,95,0.0299905807532806
urn:mavedb:00000085-d-1#2636,NA,NA,p.Ile93Cys,0.0884847810138631,95,0.0295018927889051
urn:mavedb:00000085-d-1#2637,NA,NA,p.Ile93Ala,0.0488915041593143,95,0.0114343614181959
urn:mavedb:00000085-d-1#2638,NA,NA,p.Arg92Tyr,NA,94,NA
urn:mavedb:00000085-d-1#2639,NA,NA,p.Arg92Trp,0.26487952917054697,94,0.07900933468221401
urn:mavedb:00000085-d-1#2640,NA,NA,p.Arg92Val,0.993886018711067,94,0.22670859315608102
urn:mavedb:00000085-d-1#2641,NA,NA,p.Arg92Thr,NA,94,NA
urn:mavedb:00000085-d-1#2642,NA,NA,p.Arg92Ser,0.266277535938507,94,0.050334490591190995
urn:mavedb:00000085-d-1#2643,NA,NA,p.Arg92Gln,0.3991877966669671,94,0.142824166577065
urn:mavedb:00000085-d-1#2644,NA,NA,p.Arg92Pro,0.132439764585273,94,0.039504667341107004
urn:mavedb:00000085-d-1#2645,NA,NA,p.Arg92Asn,NA,94,NA
urn:mavedb:00000085-d-1#2646,NA,NA,p.Arg92Leu,0.638237017522525,94,0.200472534920516
urn:mavedb:00000085-d-1#2647,NA,NA,p.Arg92Lys,NA,94,NA
urn:mavedb:00000085-d-1#2648,NA,NA,p.Arg92Ile,NA,94,NA
urn:mavedb:00000085-d-1#2649,NA,NA,p.Arg92His,1.29950739763886,94,0.27189798038213603
urn:mavedb:00000085-d-1#2650,NA,NA,p.Arg92Gly,0.0662198822926367,94,0.0127090022038329
urn:mavedb:00000085-d-1#2651,NA,NA,p.Arg92Glu,0.25081742465519,94,0.0787826521220024
urn:mavedb:00000085-d-1#2652,NA,NA,p.Thr139Leu,0.42041205637700296,141,0.15041792878525698
urn:mavedb:00000085-d-1#2653,NA,NA,p.Thr139Lys,NA,141,NA
urn:mavedb:00000085-d-1#2654,NA,NA,p.Thr139Ile,0.5297590583410939,141,0.18954085426950198
urn:mavedb:00000085-d-1#2655,NA,NA,p.Thr139Gly,NA,141,NA
urn:mavedb:00000085-d-1#2656,NA,NA,p.Thr139Glu,0.5297590583410939,141,0.18954085426950198
urn:mavedb:00000085-d-1#2657,NA,NA,p.Thr139Ala,0.47613596901678995,141,0.121398601173709
urn:mavedb:00000085-d-1#2658,NA,NA,p.Thr138Tyr,0.7874877270406221,140,0.22442838115184502
urn:mavedb:00000085-d-1#2659,NA,NA,p.Thr138Val,0.602990399009826,140,0.21574206905027102
urn:mavedb:00000085-d-1#2660,NA,NA,p.Thr138Ser,1.72239686830098,140,0.330564550060308
urn:mavedb:00000085-d-1#2661,NA,NA,p.Thr138Arg,0.8057295883541741,140,0.24033627252730702
urn:mavedb:00000085-d-1#2662,NA,NA,p.Thr138Gln,1.05951811668219,140,0.37908170853900497
urn:mavedb:00000085-d-1#2663,NA,NA,p.Thr138Pro,0.0387518437177588,140,0.009880412164518109
urn:mavedb:00000085-d-1#2664,NA,NA,p.Thr138Asn,1.05951811668219,140,0.37908170853900497
urn:mavedb:00000085-d-1#2665,NA,NA,p.Thr138Met,NA,140,NA
urn:mavedb:00000085-d-1#2666,NA,NA,p.Thr138Leu,0.632734191105291,140,0.166850751803031
urn:mavedb:00000085-d-1#2667,NA,NA,p.Thr138Lys,2.03107824651077,140,0.5557154723471099
urn:mavedb:00000085-d-1#2668,NA,NA,p.Thr138Ile,0.44805012080084494,140,0.0791216721736233
urn:mavedb:00000085-d-1#2669,NA,NA,p.Thr138His,1.05951811668219,140,0.37908170853900497
urn:mavedb:00000085-d-1#2670,NA,NA,p.Thr138Gly,1.63046548857255,140,0.583359202065786
urn:mavedb:00000085-d-1#2671,NA,NA,p.Thr138Glu,NA,140,NA
urn:mavedb:00000085-d-1#2672,NA,NA,p.Thr138Asp,1.22885110549413,140,0.257114453046818
urn:mavedb:00000085-d-1#2673,NA,NA,p.Thr138Ala,1.6191687178731,140,0.31570116759841804
urn:mavedb:00000085-d-1#2674,NA,NA,p.Leu137Tyr,0.132439764585273,139,0.0243273092473439
urn:mavedb:00000085-d-1#2675,NA,NA,p.Leu137Trp,0.0331099411463184,139,0.0110392535614978
urn:mavedb:00000085-d-1#2676,NA,NA,p.Leu137Val,0.0627793125330137,139,0.00580465086485059
urn:mavedb:00000085-d-1#2677,NA,NA,p.Leu137Thr,0.0625069492511025,139,0.0106505441259212
urn:mavedb:00000085-d-1#2678,NA,NA,p.Leu137Ser,0.0357089084105303,139,0.0067500613901828295
urn:mavedb:00000085-d-1#2679,NA,NA,p.Leu137Arg,0.0338852912025719,139,0.00401368333615049
urn:mavedb:00000085-d-1#2680,NA,NA,p.Leu137Gln,0.0350580592486093,139,0.005067811008678071
urn:mavedb:00000085-d-1#2681,NA,NA,p.Leu137Pro,0.0342734441819703,139,0.0062106285893225605
urn:mavedb:00000085-d-1#2682,NA,NA,p.Leu137Asn,0.0331099411463184,139,0.00987616683527674
urn:mavedb:00000085-d-1#2683,NA,NA,p.Leu137Met,0.286111230854748,139,0.0407590782980836
urn:mavedb:00000085-d-1#2684,NA,NA,p.Leu137Lys,0.0331099411463184,139,0.00844191743885064
urn:mavedb:00000085-d-1#2685,NA,NA,p.Leu137Ile,0.133185318194761,139,0.0418339858385868
urn:mavedb:00000085-d-1#2686,NA,NA,p.Leu137His,0.0331099411463184,139,0.0110392535614978
urn:mavedb:00000085-d-1#2687,NA,NA,p.Leu137Gly,0.0344078725633327,139,0.0065041263495916
urn:mavedb:00000085-d-1#2688,NA,NA,p.Leu137Phe,0.0776418868566432,139,0.0221273835495753
urn:mavedb:00000085-d-1#2689,NA,NA,p.Leu137Glu,0.0379439477328205,139,0.0119183299903497
urn:mavedb:00000085-d-1#2690,NA,NA,p.Leu137Asp,0.0950741355628427,139,0.034016280778559
urn:mavedb:00000085-d-1#2691,NA,NA,p.Leu137Cys,0.0481461297788859,139,0.0104929295401775
urn:mavedb:00000085-d-1#2692,NA,NA,p.Leu137Ala,0.0368672716414088,139,0.00614437572934065
urn:mavedb:00000085-d-1#2693,NA,NA,p.Leu136Tyr,NA,138,NA
urn:mavedb:00000085-d-1#2694,NA,NA,p.Leu136Val,0.0676355917330399,138,0.0120963738957212
urn:mavedb:00000085-d-1#2695,NA,NA,p.Leu136Thr,0.0427899878089411,138,0.0134404885485566
urn:mavedb:00000085-d-1#2696,NA,NA,p.Leu136Ser,0.0331099411463184,138,0.0070665363799037
urn:mavedb:00000085-d-1#2697,NA,NA,p.Leu136Arg,0.0344598604860688,138,0.005057524054986571
urn:mavedb:00000085-d-1#2698,NA,NA,p.Leu136Gln,0.0331099411463184,138,0.0118463033918439
urn:mavedb:00000085-d-1#2699,NA,NA,p.Leu136Pro,0.0352207137589963,138,0.00803395793474417
urn:mavedb:00000085-d-1#2700,NA,NA,p.Leu136Asn,NA,138,NA
urn:mavedb:00000085-d-1#2701,NA,NA,p.Leu136Met,0.132439764585273,138,0.0473852135673756
urn:mavedb:00000085-d-1#2702,NA,NA,p.Leu136Ile,0.14759073982667498,138,0.0283257984276288
urn:mavedb:00000085-d-1#2703,NA,NA,p.Leu136His,0.0331099411463184,138,0.00656289672488713
urn:mavedb:00000085-d-1#2704,NA,NA,p.Leu136Gly,0.0331099411463184,138,0.0118463033918439
urn:mavedb:00000085-d-1#2705,NA,NA,p.Leu136Phe,0.0421581492229664,138,0.0111170203718385
urn:mavedb:00000085-d-1#2706,NA,NA,p.Leu136Glu,0.0331099411463184,138,0.0118463033918439
urn:mavedb:00000085-d-1#2707,NA,NA,p.Leu136Asp,0.0331099411463184,138,0.009436096889314141
urn:mavedb:00000085-d-1#2708,NA,NA,p.Leu136Cys,0.0523855588711945,138,0.0164544918138748
urn:mavedb:00000085-d-1#2709,NA,NA,p.Leu136Ala,0.0538405882639592,138,0.013308820049149999
urn:mavedb:00000085-d-1#2710,NA,NA,p.Leu135Tyr,0.0415794189807984,137,0.0106013484179905
urn:mavedb:00000085-d-1#2711,NA,NA,p.Leu135Trp,0.0331099411463184,137,0.00987616683527674
urn:mavedb:00000085-d-1#2712,NA,NA,p.Leu135Val,0.610185082554448,137,0.0851263183395645
urn:mavedb:00000085-d-1#2713,NA,NA,p.Leu135Thr,0.0662198822926367,137,0.0188721937786283
urn:mavedb:00000085-d-1#2714,NA,NA,p.Leu135Ser,0.0427899878089411,137,0.008785553537620859
urn:mavedb:00000085-d-1#2715,NA,NA,p.Leu135Arg,0.0373382209180414,137,0.0085169681189981
urn:mavedb:00000085-d-1#2716,NA,NA,p.Leu135Gln,0.148326751717406,137,0.0442435019628133
urn:mavedb:00000085-d-1#2717,NA,NA,p.Leu135Pro,NA,137,NA
urn:mavedb:00000085-d-1#2718,NA,NA,p.Leu135Asn,0.0331099411463184,137,0.0110392535614978
urn:mavedb:00000085-d-1#2719,NA,NA,p.Leu135Met,NA,137,NA
urn:mavedb:00000085-d-1#2720,NA,NA,p.Leu135Lys,0.0578219886615295,137,0.0123407403422857
urn:mavedb:00000085-d-1#2721,NA,NA,p.Leu135Ile,0.575102760919173,137,0.138140090645203
urn:mavedb:00000085-d-1#2722,NA,NA,p.Leu135His,0.0444016917624735,137,0.0148040593536336
urn:mavedb:00000085-d-1#2723,NA,NA,p.Leu135Gly,0.084898763019218,137,0.030375665721464
urn:mavedb:00000085-d-1#2724,NA,NA,p.Leu135Phe,0.0588731936553215,137,0.0111288104032985
urn:mavedb:00000085-d-1#2725,NA,NA,p.Leu135Glu,0.0614430319285956,137,0.0116145873950792
urn:mavedb:00000085-d-1#2726,NA,NA,p.Leu135Asp,0.0373382209180414,137,0.0111373951856148
urn:mavedb:00000085-d-1#2727,NA,NA,p.Leu135Cys,NA,137,NA
urn:mavedb:00000085-d-1#2728,NA,NA,p.Leu135Ala,0.0662198822926367,137,0.0138552903117174
urn:mavedb:00000085-d-1#2729,NA,NA,p.Asn134Tyr,0.0331099411463184,136,0.009436096889314141
urn:mavedb:00000085-d-1#2730,NA,NA,p.Asn134Val,NA,136,NA
urn:mavedb:00000085-d-1#2731,NA,NA,p.Asn134Thr,0.0364906482638776,136,0.0076349958328906205
urn:mavedb:00000085-d-1#2732,NA,NA,p.Asn134Ser,0.036048708275015,136,0.00714540531585374
urn:mavedb:00000085-d-1#2733,NA,NA,p.Asn134Arg,0.0359259863636594,136,0.00915991391984126
urn:mavedb:00000085-d-1#2734,NA,NA,p.Asn134Gln,NA,136,NA
urn:mavedb:00000085-d-1#2735,NA,NA,p.Asn134Pro,0.10105432355542998,136,0.0361559137361466
urn:mavedb:00000085-d-1#2736,NA,NA,p.Asn134Leu,0.0331099411463184,136,0.0110392535614978
urn:mavedb:00000085-d-1#2737,NA,NA,p.Asn134Lys,0.0512898222459875,136,0.0126782978536227
urn:mavedb:00000085-d-1#2738,NA,NA,p.Asn134Ile,0.0373382209180414,136,0.0111373951856148
urn:mavedb:00000085-d-1#2739,NA,NA,p.Asn134His,0.0474928290942392,136,0.0149176678532798
urn:mavedb:00000085-d-1#2740,NA,NA,p.Asn134Gly,0.0331099411463184,136,0.0103999511943653
urn:mavedb:00000085-d-1#2741,NA,NA,p.Asn134Phe,NA,136,NA
urn:mavedb:00000085-d-1#2742,NA,NA,p.Asn134Glu,0.0387518437177588,136,0.0129203318992744
urn:mavedb:00000085-d-1#2743,NA,NA,p.Asn134Asp,0.0452476965763313,136,0.008683994226472671
urn:mavedb:00000085-d-1#2744,NA,NA,p.Asn134Cys,NA,136,NA
urn:mavedb:00000085-d-1#2745,NA,NA,p.Asn134Ala,NA,136,NA
urn:mavedb:00000085-d-1#2746,NA,NA,p.Ala133Val,0.0383983623933117,135,0.00669800543110756
urn:mavedb:00000085-d-1#2747,NA,NA,p.Ala133Thr,0.25977681251739104,135,0.0523852040741279
urn:mavedb:00000085-d-1#2748,NA,NA,p.Ala133Ser,0.296826915725175,135,0.059856529935351
urn:mavedb:00000085-d-1#2749,NA,NA,p.Ala133Arg,0.0899504987500533,135,0.0299905807532806
urn:mavedb:00000085-d-1#2750,NA,NA,p.Ala133Gln,NA,135,NA
urn:mavedb:00000085-d-1#2751,NA,NA,p.Ala133Pro,0.47530490739399894,135,0.158472386542735
urn:mavedb:00000085-d-1#2752,NA,NA,p.Ala133Asn,NA,135,NA
urn:mavedb:00000085-d-1#2753,NA,NA,p.Ala133Leu,NA,135,NA
urn:mavedb:00000085-d-1#2754,NA,NA,p.Ala133Ile,0.0331099411463184,135,0.00987616683527674
urn:mavedb:00000085-d-1#2755,NA,NA,p.Ala133His,NA,135,NA
urn:mavedb:00000085-d-1#2756,NA,NA,p.Ala133Gly,0.255510423326185,135,0.0366639873065891
urn:mavedb:00000085-d-1#2757,NA,NA,p.Ala133Glu,0.0331099411463184,135,0.0118463033918439
urn:mavedb:00000085-d-1#2758,NA,NA,p.Ala133Asp,0.0534449238333316,135,0.0124992794880466
urn:mavedb:00000085-d-1#2759,NA,NA,p.Ala133Cys,0.0529427197297651,135,0.0117963689979224
urn:mavedb:00000085-d-1#2760,NA,NA,p.Ala132Val,0.043394581147889,134,0.0107266783337152
urn:mavedb:00000085-d-1#2761,NA,NA,p.Ala132Thr,0.0331099411463184,134,0.0118463033918439
urn:mavedb:00000085-d-1#2762,NA,NA,p.Ala132Ser,0.22201660923713104,134,0.0794346356409625
urn:mavedb:00000085-d-1#2763,NA,NA,p.Ala132Arg,NA,134,NA
urn:mavedb:00000085-d-1#2764,NA,NA,p.Ala132Lys,NA,134,NA
urn:mavedb:00000085-d-1#2765,NA,NA,p.Ala132Ile,NA,134,NA
urn:mavedb:00000085-d-1#2766,NA,NA,p.Ala132Gly,0.0633510663152448,134,0.017333240509837
urn:mavedb:00000085-d-1#2767,NA,NA,p.Ala132Glu,0.0331099411463184,134,0.0103999511943653
urn:mavedb:00000085-d-1#2768,NA,NA,p.Ala132Asp,NA,134,NA
urn:mavedb:00000085-d-1#2769,NA,NA,p.Ala132Cys,NA,134,NA
urn:mavedb:00000085-d-1#2770,NA,NA,p.Thr131Tyr,NA,133,NA
urn:mavedb:00000085-d-1#2771,NA,NA,p.Thr131Ser,0.5139621855848979,133,0.0971543645368767
urn:mavedb:00000085-d-1#2772,NA,NA,p.Thr131Arg,0.0331099411463184,133,0.0118463033918439
urn:mavedb:00000085-d-1#2773,NA,NA,p.Thr131Gln,NA,133,NA
urn:mavedb:00000085-d-1#2774,NA,NA,p.Thr131Pro,NA,133,NA
urn:mavedb:00000085-d-1#2775,NA,NA,p.Thr131Asn,0.0379439477328205,133,0.0119183299903497
urn:mavedb:00000085-d-1#2776,NA,NA,p.Thr131Leu,NA,133,NA
urn:mavedb:00000085-d-1#2777,NA,NA,p.Thr131Lys,NA,133,NA
urn:mavedb:00000085-d-1#2778,NA,NA,p.Thr131Ile,0.0456490276020721,133,0.0136163761353091
urn:mavedb:00000085-d-1#2779,NA,NA,p.Thr131Gly,0.132439764585273,133,0.0415998047774611
urn:mavedb:00000085-d-1#2780,NA,NA,p.Thr131Asp,NA,133,NA
urn:mavedb:00000085-d-1#2781,NA,NA,p.Thr131Ala,0.388067103698598,133,0.11575422144283
urn:mavedb:00000085-d-1#2782,NA,NA,p.Asn130Tyr,NA,132,NA
urn:mavedb:00000085-d-1#2783,NA,NA,p.Asn130Thr,0.0331099411463184,132,0.0110392535614978
urn:mavedb:00000085-d-1#2784,NA,NA,p.Asn130Ser,0.0331099411463184,132,0.0118463033918439
urn:mavedb:00000085-d-1#2785,NA,NA,p.Asn130Arg,0.0331099411463184,132,0.00987616683527674
urn:mavedb:00000085-d-1#2786,NA,NA,p.Asn130Pro,NA,132,NA
urn:mavedb:00000085-d-1#2787,NA,NA,p.Asn130Leu,NA,132,NA
urn:mavedb:00000085-d-1#2788,NA,NA,p.Asn130Lys,NA,132,NA
urn:mavedb:00000085-d-1#2789,NA,NA,p.Asn130Ile,0.0331099411463184,132,0.0118463033918439
urn:mavedb:00000085-d-1#2790,NA,NA,p.Asn130His,NA,132,NA
urn:mavedb:00000085-d-1#2791,NA,NA,p.Asn130Asp,0.0398830836504292,132,0.0109122564369605
urn:mavedb:00000085-d-1#2792,NA,NA,p.Asn130Ala,NA,132,NA
urn:mavedb:00000085-d-1#2793,NA,NA,p.Asp129Tyr,0.0331099411463184,131,0.00987616683527674
urn:mavedb:00000085-d-1#2794,NA,NA,p.Asp129Trp,0.0331099411463184,131,0.00987616683527674
urn:mavedb:00000085-d-1#2795,NA,NA,p.Asp129Val,0.0331099411463184,131,0.00635450110191645
urn:mavedb:00000085-d-1#2796,NA,NA,p.Asp129Thr,0.0331099411463184,131,0.00987616683527674
urn:mavedb:00000085-d-1#2797,NA,NA,p.Asp129Ser,0.036182606831269996,131,0.009541281689622259
urn:mavedb:00000085-d-1#2798,NA,NA,p.Asp129Arg,0.0352207137589963,131,0.00803395793474417
urn:mavedb:00000085-d-1#2799,NA,NA,p.Asp129Gln,NA,131,NA
urn:mavedb:00000085-d-1#2800,NA,NA,p.Asp129Pro,NA,131,NA
urn:mavedb:00000085-d-1#2801,NA,NA,p.Asp129Asn,0.0331099411463184,131,0.009436096889314141
urn:mavedb:00000085-d-1#2802,NA,NA,p.Asp129Met,0.0331099411463184,131,0.0118463033918439
urn:mavedb:00000085-d-1#2803,NA,NA,p.Asp129Leu,0.0331099411463184,131,0.00795303132243624
urn:mavedb:00000085-d-1#2804,NA,NA,p.Asp129Lys,NA,131,NA
urn:mavedb:00000085-d-1#2805,NA,NA,p.Asp129Ile,0.0331099411463184,131,0.008731025840040329
urn:mavedb:00000085-d-1#2806,NA,NA,p.Asp129His,0.0331099411463184,131,0.00987616683527674
urn:mavedb:00000085-d-1#2807,NA,NA,p.Asp129Gly,0.0357407384971525,131,0.00524551295747148
urn:mavedb:00000085-d-1#2808,NA,NA,p.Asp129Phe,0.0331099411463184,131,0.0118463033918439
urn:mavedb:00000085-d-1#2809,NA,NA,p.Asp129Glu,0.0363292806509389,131,0.00570407407928928
urn:mavedb:00000085-d-1#2810,NA,NA,p.Asp129Cys,NA,131,NA
urn:mavedb:00000085-d-1#2811,NA,NA,p.Asp129Ala,0.0343150493608009,131,0.00630318862504908
urn:mavedb:00000085-d-1#2812,NA,NA,p.Ser128Val,NA,130,NA
urn:mavedb:00000085-d-1#2813,NA,NA,p.Ser128Thr,NA,130,NA
urn:mavedb:00000085-d-1#2814,NA,NA,p.Ser128Arg,0.0484288742386253,130,0.012770598126796002
urn:mavedb:00000085-d-1#2815,NA,NA,p.Ser128Asn,0.0456490276020721,130,0.0136163761353091
urn:mavedb:00000085-d-1#2816,NA,NA,p.Ser128Lys,NA,130,NA
urn:mavedb:00000085-d-1#2817,NA,NA,p.Ser128Ile,NA,130,NA
urn:mavedb:00000085-d-1#2818,NA,NA,p.Ser128Gly,0.0331099411463184,130,0.0103999511943653
urn:mavedb:00000085-d-1#2819,NA,NA,p.Ser128Asp,1.6884036605721102,130,0.6040887213495101
urn:mavedb:00000085-d-1#2820,NA,NA,p.Ser128Ala,NA,130,NA
urn:mavedb:00000085-d-1#2821,NA,NA,p.Met127Tyr,NA,129,NA
urn:mavedb:00000085-d-1#2822,NA,NA,p.Met127Trp,0.8298977554760408,129,0.276697917170312
urn:mavedb:00000085-d-1#2823,NA,NA,p.Met127Val,0.623246108063348,129,0.158906721250418
urn:mavedb:00000085-d-1#2824,NA,NA,p.Met127Thr,0.44542065294001093,129,0.10699035642610301
urn:mavedb:00000085-d-1#2825,NA,NA,p.Met127Ser,0.28606818805884304,129,0.102351451835091
urn:mavedb:00000085-d-1#2826,NA,NA,p.Met127Arg,0.504148369702793,129,0.0939174785438621
urn:mavedb:00000085-d-1#2827,NA,NA,p.Met127Gln,NA,129,NA
urn:mavedb:00000085-d-1#2828,NA,NA,p.Met127Asn,NA,129,NA
urn:mavedb:00000085-d-1#2829,NA,NA,p.Met127Leu,0.5110878002793829,129,0.10693570575004302
urn:mavedb:00000085-d-1#2830,NA,NA,p.Met127Lys,0.26487952917054697,129,0.0604198713771796
urn:mavedb:00000085-d-1#2831,NA,NA,p.Met127Ile,0.268054193711887,129,0.0841967830667238
urn:mavedb:00000085-d-1#2832,NA,NA,p.Met127Cys,0.44542065294001093,129,0.139908223668151
urn:mavedb:00000085-d-1#2833,NA,NA,p.Met127Ala,NA,129,NA
urn:mavedb:00000085-d-1#2834,NA,NA,p.Thr126Tyr,0.0458089120604918,128,0.0136640671166594
urn:mavedb:00000085-d-1#2835,NA,NA,p.Thr126Val,0.24482611432995602,128,0.0669859273031496
urn:mavedb:00000085-d-1#2836,NA,NA,p.Thr126Ser,1.2617692978347599,128,0.183770641535715
urn:mavedb:00000085-d-1#2837,NA,NA,p.Thr126Arg,0.140633657515374,128,0.0239625352525227
urn:mavedb:00000085-d-1#2838,NA,NA,p.Thr126Gln,0.5297590583410939,128,0.12724850115898
urn:mavedb:00000085-d-1#2839,NA,NA,p.Thr126Pro,0.0534449238333316,128,0.0146228591358396
urn:mavedb:00000085-d-1#2840,NA,NA,p.Thr126Asn,0.12682716342647501,128,0.0190649750902435
urn:mavedb:00000085-d-1#2841,NA,NA,p.Thr126Met,NA,128,NA
urn:mavedb:00000085-d-1#2842,NA,NA,p.Arg92Asp,0.0639739046946378,94,0.0153665772345107
urn:mavedb:00000085-d-1#2843,NA,NA,p.Arg92Cys,0.15165932038657198,94,0.0300611968068786
urn:mavedb:00000085-d-1#2844,NA,NA,p.Arg92Ala,0.277093925558587,94,0.0489323263659916
urn:mavedb:00000085-d-1#2845,NA,NA,p.Arg91Tyr,0.0641244420554857,93,0.0149969214244945
urn:mavedb:00000085-d-1#2846,NA,NA,p.Arg91Trp,NA,93,NA
urn:mavedb:00000085-d-1#2847,NA,NA,p.Arg91Val,0.0466515919504214,93,0.0109105083238412
urn:mavedb:00000085-d-1#2848,NA,NA,p.Arg91Thr,0.126593261705818,93,0.0163111087074609
urn:mavedb:00000085-d-1#2849,NA,NA,p.Arg91Ser,0.0670457702771441,93,0.00976489461047296
urn:mavedb:00000085-d-1#2850,NA,NA,p.Arg91Gln,0.0872658330887998,93,0.0186248348047329
urn:mavedb:00000085-d-1#2851,NA,NA,p.Arg91Pro,0.0331099411463184,93,0.008731025840040329
urn:mavedb:00000085-d-1#2852,NA,NA,p.Arg91Asn,0.143718993483014,93,0.0393223985761597
urn:mavedb:00000085-d-1#2853,NA,NA,p.Arg91Met,0.0598674829615832,93,0.0214198014830304
urn:mavedb:00000085-d-1#2854,NA,NA,p.Arg91Leu,0.0539944856337766,93,0.0110860383132131
urn:mavedb:00000085-d-1#2855,NA,NA,p.Arg91Lys,0.253597700843621,93,0.0646588540808156
urn:mavedb:00000085-d-1#2856,NA,NA,p.Arg91Ile,0.0373382209180414,93,0.0111373951856148
urn:mavedb:00000085-d-1#2857,NA,NA,p.Arg91His,0.4143341481099871,93,0.0741021205682037
urn:mavedb:00000085-d-1#2858,NA,NA,p.Arg91Gly,0.0436240276493204,93,0.00790503084142306
urn:mavedb:00000085-d-1#2859,NA,NA,p.Arg91Phe,NA,93,NA
urn:mavedb:00000085-d-1#2860,NA,NA,p.Arg91Glu,0.0555289208840829,93,0.0141580005684795
urn:mavedb:00000085-d-1#2861,NA,NA,p.Arg91Asp,0.0523855588711945,93,0.0125830483571326
urn:mavedb:00000085-d-1#2862,NA,NA,p.Arg91Cys,0.0385256118076375,93,0.00739388335369662
urn:mavedb:00000085-d-1#2863,NA,NA,p.Arg91Ala,0.0613507141477303,93,0.0151652431893199
urn:mavedb:00000085-d-1#2864,NA,NA,p.Gly90Tyr,0.602990399009826,92,0.164981873535486
urn:mavedb:00000085-d-1#2865,NA,NA,p.Gly90Trp,0.6893334974223189,92,0.246634499062939
urn:mavedb:00000085-d-1#2866,NA,NA,p.Gly90Val,0.47387706131425394,92,0.035706013295297004
urn:mavedb:00000085-d-1#2867,NA,NA,p.Gly90Thr,1.02685116763255,92,0.20021268259013
urn:mavedb:00000085-d-1#2868,NA,NA,p.Gly90Ser,1.00132807888928,92,0.107934985071885
urn:mavedb:00000085-d-1#2869,NA,NA,p.Gly90Arg,0.4592038564146071,92,0.042761117851972
urn:mavedb:00000085-d-1#2870,NA,NA,p.Gly90Gln,0.7759265054270109,92,0.243721296609813
urn:mavedb:00000085-d-1#2871,NA,NA,p.Gly90Pro,0.244826114329957,92,0.0572580108547948
urn:mavedb:00000085-d-1#2872,NA,NA,p.Gly90Asn,1.8503190943605101,92,0.45737917534669104
urn:mavedb:00000085-d-1#2873,NA,NA,p.Gly90Met,0.5297590583410939,92,0.16639921910984498
urn:mavedb:00000085-d-1#2874,NA,NA,p.Gly90Leu,0.5297590583410939,92,0.0734104002329145
urn:mavedb:00000085-d-1#2875,NA,NA,p.Gly90Lys,0.497381637064341,92,0.102121389250436
urn:mavedb:00000085-d-1#2876,NA,NA,p.Gly90Ile,0.449986310261934,92,0.10523926791062199
urn:mavedb:00000085-d-1#2877,NA,NA,p.Gly90His,1.00427695948285,92,0.24122803721915598
urn:mavedb:00000085-d-1#2878,NA,NA,p.Gly90Phe,0.5297590583410939,92,0.113064582078459
urn:mavedb:00000085-d-1#2879,NA,NA,p.Gly90Glu,0.7880893737150549,92,0.137470104877729
urn:mavedb:00000085-d-1#2880,NA,NA,p.Gly90Asp,1.2310141731837099,92,0.143297913961042
urn:mavedb:00000085-d-1#2881,NA,NA,p.Gly90Cys,0.503207728861719,92,0.0580858348506188
urn:mavedb:00000085-d-1#2882,NA,NA,p.Gly90Ala,1.5985367704541698,92,0.16507992860201504
urn:mavedb:00000085-d-1#2883,NA,NA,p.Leu89Tyr,0.13671906156908,91,0.0158478011581968
urn:mavedb:00000085-d-1#2884,NA,NA,p.Leu89Trp,0.0662198822926367,91,0.0168838348777013
urn:mavedb:00000085-d-1#2885,NA,NA,p.Leu89Val,0.0697297588653076,91,0.00711301523714616
urn:mavedb:00000085-d-1#2886,NA,NA,p.Leu89Thr,0.0623425223159277,91,0.00869734372813598
urn:mavedb:00000085-d-1#2887,NA,NA,p.Leu89Ser,0.068571383180491,91,0.00689188716882967
urn:mavedb:00000085-d-1#2888,NA,NA,p.Leu89Arg,0.0461738998410926,91,0.0038746315661461798
urn:mavedb:00000085-d-1#2889,NA,NA,p.Leu89Gln,0.0643589169863846,91,0.00684296780947954
urn:mavedb:00000085-d-1#2890,NA,NA,p.Leu89Pro,0.125574253394108,91,0.0109938243798331
urn:mavedb:00000085-d-1#2891,NA,NA,p.Leu89Asn,0.0529427197297651,91,0.0117963689979224
urn:mavedb:00000085-d-1#2892,NA,NA,p.Leu89Met,0.332378072244391,91,0.118920522002833
urn:mavedb:00000085-d-1#2893,NA,NA,p.Leu89Lys,0.0466515919504214,91,0.0109105083238412
urn:mavedb:00000085-d-1#2894,NA,NA,p.Leu89Ile,0.25002458176632697,91,0.0258198878309239
urn:mavedb:00000085-d-1#2895,NA,NA,p.Leu89His,0.0642831400092351,91,0.00528052293467471
urn:mavedb:00000085-d-1#2896,NA,NA,p.Leu89Gly,0.0640190778446711,91,0.0071851402215820405
urn:mavedb:00000085-d-1#2897,NA,NA,p.Leu89Phe,0.249688875728375,91,0.0321715574760487
urn:mavedb:00000085-d-1#2898,NA,NA,p.Leu89Glu,0.0652087939142485,91,0.0115152938820741
urn:mavedb:00000085-d-1#2899,NA,NA,p.Leu89Asp,0.0560620673914802,91,0.00888479865717832
urn:mavedb:00000085-d-1#2900,NA,NA,p.Leu89Cys,0.0644251748146046,91,0.0108549319806198
urn:mavedb:00000085-d-1#2901,NA,NA,p.Leu89Ala,0.122552575799176,91,0.0131191869221461
urn:mavedb:00000085-d-1#2902,NA,NA,p.Gln88Tyr,1.4123985950551599,90,0.295518383495028
urn:mavedb:00000085-d-1#2903,NA,NA,p.Gln88Trp,1.59153841988431,90,0.39341134847383796
urn:mavedb:00000085-d-1#2904,NA,NA,p.Gln88Val,0.5105860694897391,90,0.0707535380932718
urn:mavedb:00000085-d-1#2905,NA,NA,p.Gln88Thr,1.2186946154488898,90,0.22702984334833104
urn:mavedb:00000085-d-1#2906,NA,NA,p.Gln88Ser,1.0313458751603701,90,0.133627416428077
urn:mavedb:00000085-d-1#2907,NA,NA,p.Gln88Arg,1.23576068461406,90,0.0940297461490753
urn:mavedb:00000085-d-1#2908,NA,NA,p.Gln88Pro,0.0406371572252306,90,0.00578912288135795
urn:mavedb:00000085-d-1#2909,NA,NA,p.Gln88Asn,0.919891752072545,90,0.18887030939888394
urn:mavedb:00000085-d-1#2910,NA,NA,p.Gln88Met,0.7759265054270109,90,0.243721296609813
urn:mavedb:00000085-d-1#2911,NA,NA,p.Gln88Leu,1.40437684973487,90,0.109552080367716
urn:mavedb:00000085-d-1#2912,NA,NA,p.Gln88Lys,1.4972360324722702,90,0.185927741372757
urn:mavedb:00000085-d-1#2913,NA,NA,p.Gln88Ile,0.584445354896559,90,0.08577650633291099
urn:mavedb:00000085-d-1#2914,NA,NA,p.Gln88His,1.15770027349963,90,0.100341034728355
urn:mavedb:00000085-d-1#2915,NA,NA,p.Gln88Gly,0.36404755645196996,90,0.0571592443665028
urn:mavedb:00000085-d-1#2916,NA,NA,p.Gln88Phe,0.9525514175275791,90,0.299199814600451
urn:mavedb:00000085-d-1#2917,NA,NA,p.Gln88Glu,0.9921801535355229,90,0.138418073490884
urn:mavedb:00000085-d-1#2918,NA,NA,p.Gln88Asp,1.01623936533706,90,0.22147840554180398
urn:mavedb:00000085-d-1#2919,NA,NA,p.Gln88Cys,0.9831799129469121,90,0.269004057654647
urn:mavedb:00000085-d-1#2920,NA,NA,p.Gln88Ala,0.68899919598929,90,0.105329811315461
urn:mavedb:00000085-d-1#2921,NA,NA,p.Glu87Tyr,0.0598674829615832,89,0.0163801107265969
urn:mavedb:00000085-d-1#2922,NA,NA,p.Glu87Trp,0.0404732427678364,89,0.00802241572199626
urn:mavedb:00000085-d-1#2923,NA,NA,p.Glu87Val,0.141442568868771,89,0.012590945443196002
urn:mavedb:00000085-d-1#2924,NA,NA,p.Asp83Thr,0.0503220536555926,85,0.007220868379662159
urn:mavedb:00000085-d-1#2925,NA,NA,p.Asp83Ser,0.0610073964855611,85,0.0075011291212667705
urn:mavedb:00000085-d-1#2926,NA,NA,p.Asp83Arg,0.0379439477328205,85,0.00595759356779598
urn:mavedb:00000085-d-1#2927,NA,NA,p.Asp83Gln,0.244359134706124,85,0.0411718213215742
urn:mavedb:00000085-d-1#2928,NA,NA,p.Asp83Pro,0.0370888733055203,85,0.008263913101977171
urn:mavedb:00000085-d-1#2929,NA,NA,p.Asp83Asn,0.0625346885072533,85,0.007218449520407459
urn:mavedb:00000085-d-1#2930,NA,NA,p.Asp83Met,NA,85,NA
urn:mavedb:00000085-d-1#2931,NA,NA,p.Asp83Leu,0.0331099411463184,85,0.00818442485052254
urn:mavedb:00000085-d-1#2932,NA,NA,p.Asp83Lys,0.0347978988423431,85,0.0072808192042354
urn:mavedb:00000085-d-1#2933,NA,NA,p.Asp83Ile,0.0331099411463184,85,0.00755248392214745
urn:mavedb:00000085-d-1#2934,NA,NA,p.Asp83His,0.0395320098222032,85,0.00547807652812403
urn:mavedb:00000085-d-1#2935,NA,NA,p.Asp83Gly,0.0601672291443251,85,0.00502148490497738
urn:mavedb:00000085-d-1#2936,NA,NA,p.Asp83Phe,0.0331099411463184,85,0.0118463033918439
urn:mavedb:00000085-d-1#2937,NA,NA,p.Asp83Glu,0.263591198052428,85,0.0308151926211282
urn:mavedb:00000085-d-1#2938,NA,NA,p.Asp83Cys,0.0359259863636594,85,0.007004752325644279
urn:mavedb:00000085-d-1#2939,NA,NA,p.Asp83Ala,0.0583189686177823,85,0.0061595323461485895
urn:mavedb:00000085-d-1#2940,NA,NA,p.Val82Tyr,0.130440057695176,84,0.0227532675984237
urn:mavedb:00000085-d-1#2941,NA,NA,p.Val82Trp,0.13285717542964098,84,0.0328408789176447
urn:mavedb:00000085-d-1#2942,NA,NA,p.Val82Thr,0.242764408790699,84,0.0388430776745629
urn:mavedb:00000085-d-1#2943,NA,NA,p.Val82Ser,0.18487059208813197,84,0.0231923607186903
urn:mavedb:00000085-d-1#2944,NA,NA,p.Val82Arg,0.10211834632083601,84,0.013540420081661998
urn:mavedb:00000085-d-1#2945,NA,NA,p.Val82Gln,0.0633568901670949,84,0.0167070863324386
urn:mavedb:00000085-d-1#2946,NA,NA,p.Val82Pro,0.0331099411463184,84,0.0110392535614978
urn:mavedb:00000085-d-1#2947,NA,NA,p.Val82Asn,0.0647603356303768,84,0.0100758717851871
urn:mavedb:00000085-d-1#2948,NA,NA,p.Val82Met,0.0662198822926367,84,0.0141330727598074
urn:mavedb:00000085-d-1#2949,NA,NA,p.Val82Leu,0.064181772468392,84,0.007068663076016741
urn:mavedb:00000085-d-1#2950,NA,NA,p.Val82Lys,0.0695281059651828,84,0.0145474751633404
urn:mavedb:00000085-d-1#2951,NA,NA,p.Val82Ile,0.504202006012936,84,0.0512781307336963
urn:mavedb:00000085-d-1#2952,NA,NA,p.Val82His,0.154437785760762,84,0.0287701167001663
urn:mavedb:00000085-d-1#2953,NA,NA,p.Val82Gly,0.0642241344717126,84,0.00447874143868588
urn:mavedb:00000085-d-1#2954,NA,NA,p.Val82Phe,0.133421815931581,84,0.021144885056582
urn:mavedb:00000085-d-1#2955,NA,NA,p.Val82Glu,0.0564097474271646,84,0.007617709471464279
urn:mavedb:00000085-d-1#2956,NA,NA,p.Val82Asp,0.0446577826884906,84,0.0045015375642421295
urn:mavedb:00000085-d-1#2957,NA,NA,p.Val82Cys,0.508753243317492,84,0.0876936466348687
urn:mavedb:00000085-d-1#2958,NA,NA,p.Val82Ala,0.430741753612762,84,0.0399207081429072
urn:mavedb:00000085-d-1#2959,NA,NA,p.Arg81Tyr,0.132439764585273,83,0.0362363323325835
urn:mavedb:00000085-d-1#2960,NA,NA,p.Arg81Trp,0.0662198822926367,83,0.0144319089041338
urn:mavedb:00000085-d-1#2961,NA,NA,p.Arg81Val,0.07988258827403999,83,0.00827531785044689
urn:mavedb:00000085-d-1#2962,NA,NA,p.Arg81Thr,0.0662198822926367,83,0.0181181661662917
urn:mavedb:00000085-d-1#2963,NA,NA,p.Arg81Ser,0.15943800205908,83,0.0219481514808353
urn:mavedb:00000085-d-1#2964,NA,NA,p.Arg81Gln,0.28736622528564004,83,0.0613315462073051
urn:mavedb:00000085-d-1#2965,NA,NA,p.Arg81Pro,0.0331099411463184,83,0.009059083083145871
urn:mavedb:00000085-d-1#2966,NA,NA,p.Arg81Asn,0.26487952917054697,83,0.0675353395108052
urn:mavedb:00000085-d-1#2967,NA,NA,p.Arg81Met,0.22995433456263,83,0.0766695475411513
urn:mavedb:00000085-d-1#2968,NA,NA,p.Arg81Leu,0.262240003268235,83,0.0384878262999653
urn:mavedb:00000085-d-1#2969,NA,NA,p.Arg81Lys,1.93382407449047,83,0.576828847425064
urn:mavedb:00000085-d-1#2970,NA,NA,p.Arg81Ile,0.0662198822926367,83,0.0154869865475421
urn:mavedb:00000085-d-1#2971,NA,NA,p.Arg81His,0.24369793802751602,83,0.0344712734558061
urn:mavedb:00000085-d-1#2972,NA,NA,p.Arg81Gly,0.0840983032402376,83,0.0163972612816187
urn:mavedb:00000085-d-1#2973,NA,NA,p.Arg81Phe,0.128669213831406,83,0.0286692775281528
urn:mavedb:00000085-d-1#2974,NA,NA,p.Arg81Glu,NA,83,NA
urn:mavedb:00000085-d-1#2975,NA,NA,p.Arg81Asp,0.185512002669647,83,0.0433860917640421
urn:mavedb:00000085-d-1#2976,NA,NA,p.Arg81Cys,0.0734611471467897,83,0.0115341624652848
urn:mavedb:00000085-d-1#2977,NA,NA,p.Arg81Ala,0.274749527859302,83,0.0544595584928305
urn:mavedb:00000085-d-1#2978,NA,NA,p.Ser80Tyr,0.9687056026125792,82,0.0659434113339447
urn:mavedb:00000085-d-1#2979,NA,NA,p.Ser80Trp,0.545444652654758,82,0.10634933333544999
urn:mavedb:00000085-d-1#2980,NA,NA,p.Ser80Val,0.506601039015803,82,0.0297111181549487
urn:mavedb:00000085-d-1#2981,NA,NA,p.Ser80Thr,0.607186122835958,82,0.035507722657022
urn:mavedb:00000085-d-1#2982,NA,NA,p.Ser80Arg,0.614302394795449,82,0.0536720432915679
urn:mavedb:00000085-d-1#2983,NA,NA,p.Ser80Gln,1.5094533736543403,82,0.28119510714021506
urn:mavedb:00000085-d-1#2984,NA,NA,p.Ser80Pro,0.0340737854529768,82,0.0057410573503085
urn:mavedb:00000085-d-1#2985,NA,NA,p.Ser80Asn,0.9366412854310091,82,0.10723093564373
urn:mavedb:00000085-d-1#2986,NA,NA,p.Ser80Met,0.544363775550058,82,0.0818301185684826
urn:mavedb:00000085-d-1#2987,NA,NA,p.Ser80Leu,0.576264230395862,82,0.0345335517089427
urn:mavedb:00000085-d-1#2988,NA,NA,p.Ser80Lys,1.24914243884977,82,0.194350429669214
urn:mavedb:00000085-d-1#2989,NA,NA,p.Ser80Ile,0.32768642779199797,82,0.0248286137962834
urn:mavedb:00000085-d-1#2990,NA,NA,p.Ser80His,1.17704353364513,82,0.16649377440808802
urn:mavedb:00000085-d-1#2991,NA,NA,p.Ser80Gly,0.48776097666605706,82,0.0325562938714126
urn:mavedb:00000085-d-1#2992,NA,NA,p.Ser80Phe,0.880333536699198,82,0.0673688212168124
urn:mavedb:00000085-d-1#2993,NA,NA,p.Ser80Glu,0.541399877603038,82,0.0675723661930838
urn:mavedb:00000085-d-1#2994,NA,NA,p.Ser80Asp,0.270106819012727,82,0.0219991069266268
urn:mavedb:00000085-d-1#2995,NA,NA,p.Ser80Cys,0.462948637683979,82,0.0315482141719587
urn:mavedb:00000085-d-1#2996,NA,NA,p.Ser80Ala,1.21951182298795,82,0.0809904796885412
urn:mavedb:00000085-d-1#2997,NA,NA,p.Leu79Tyr,0.913527058940324,81,0.326848019724411
urn:mavedb:00000085-d-1#2998,NA,NA,p.Leu79Trp,0.0398830836504292,81,0.014269645090498998
urn:mavedb:00000085-d-1#2999,NA,NA,p.Leu79Val,0.0613966677733212,81,0.00887518349579292
urn:mavedb:00000085-d-1#3000,NA,NA,p.Leu79Ser,0.0379439477328205,81,0.00911416312950953
urn:mavedb:00000085-d-1#3001,NA,NA,p.Leu79Arg,0.0331099411463184,81,0.00844191743885064
urn:mavedb:00000085-d-1#3002,NA,NA,p.Leu79Gln,NA,81,NA
urn:mavedb:00000085-d-1#3003,NA,NA,p.Leu79Pro,0.0331099411463184,81,0.00987616683527674
urn:mavedb:00000085-d-1#3004,NA,NA,p.Leu79Asn,NA,81,NA
urn:mavedb:00000085-d-1#3005,NA,NA,p.Leu79Met,NA,81,NA
urn:mavedb:00000085-d-1#3006,NA,NA,p.Leu79Lys,NA,81,NA
urn:mavedb:00000085-d-1#3007,NA,NA,p.Leu79Ile,0.0530870039347803,81,0.00988954413547324
urn:mavedb:00000085-d-1#3008,NA,NA,p.Leu79His,NA,81,NA
urn:mavedb:00000085-d-1#3009,NA,NA,p.Leu79Gly,0.0331099411463184,81,0.00795303132243624
urn:mavedb:00000085-d-1#3010,NA,NA,p.Leu79Phe,0.036182606831269996,81,0.009541281689622259
urn:mavedb:00000085-d-1#3011,NA,NA,p.Leu79Glu,0.0331099411463184,81,0.009436096889314141
urn:mavedb:00000085-d-1#3012,NA,NA,p.Leu79Cys,0.0707675795185959,81,0.016142312188402
urn:mavedb:00000085-d-1#3013,NA,NA,p.Leu79Ala,0.0331099411463184,81,0.009059083083145871
urn:mavedb:00000085-d-1#3014,NA,NA,p.Val78Tyr,0.0426476100092443,80,0.0102439861409503
urn:mavedb:00000085-d-1#3015,NA,NA,p.Val78Thr,0.0870664673401394,80,0.0311512419429971
urn:mavedb:00000085-d-1#3016,NA,NA,p.Val78Ser,NA,80,NA
urn:mavedb:00000085-d-1#3017,NA,NA,p.Val78Arg,0.0331099411463184,80,0.0110392535614978
urn:mavedb:00000085-d-1#3018,NA,NA,p.Val78Pro,NA,80,NA
urn:mavedb:00000085-d-1#3019,NA,NA,p.Val78Met,NA,80,NA
urn:mavedb:00000085-d-1#3020,NA,NA,p.Val78Leu,0.0953318954291924,80,0.0185875569137107
urn:mavedb:00000085-d-1#3021,NA,NA,p.Val78Ile,1.06131675235051,80,0.20368923165674802
urn:mavedb:00000085-d-1#3022,NA,NA,p.Val78His,NA,80,NA
urn:mavedb:00000085-d-1#3023,NA,NA,p.Val78Gly,0.0331099411463184,80,0.0118463033918439
urn:mavedb:00000085-d-1#3024,NA,NA,p.Val78Glu,0.0331099411463184,80,0.0118463033918439
urn:mavedb:00000085-d-1#3025,NA,NA,p.Val78Asp,NA,80,NA
urn:mavedb:00000085-d-1#3026,NA,NA,p.Val78Cys,0.0662198822926367,80,0.0181181661662917
urn:mavedb:00000085-d-1#3027,NA,NA,p.Val78Ala,0.0533321287997929,80,0.011158765341767999
urn:mavedb:00000085-d-1#3028,NA,NA,p.Ala77Tyr,NA,79,NA
urn:mavedb:00000085-d-1#3029,NA,NA,p.Ala77Val,0.471700205810979,79,0.0843618265173089
urn:mavedb:00000085-d-1#3030,NA,NA,p.Ala77Thr,0.25352642126075803,79,0.062669031432613
urn:mavedb:00000085-d-1#3031,NA,NA,p.Ala77Ser,0.5229846408998761,79,0.155997968797018
urn:mavedb:00000085-d-1#3032,NA,NA,p.Ala77Arg,0.252589612551252,79,0.0484773127260016
urn:mavedb:00000085-d-1#3033,NA,NA,p.Ala77Asn,NA,79,NA
urn:mavedb:00000085-d-1#3034,NA,NA,p.Ala77Met,NA,79,NA
urn:mavedb:00000085-d-1#3035,NA,NA,p.Ala77Leu,NA,79,NA
urn:mavedb:00000085-d-1#3036,NA,NA,p.Ala77Lys,0.452525227416815,79,0.12896645970748802
urn:mavedb:00000085-d-1#3037,NA,NA,p.Ala77Gly,0.169732830715968,79,0.0483726452081454
urn:mavedb:00000085-d-1#3038,NA,NA,p.Ala77Phe,NA,79,NA
urn:mavedb:00000085-d-1#3039,NA,NA,p.Ala77Glu,0.14002415190465697,79,0.025720453793832997
urn:mavedb:00000085-d-1#3040,NA,NA,p.Ala77Asp,0.24303171785974498,79,0.0640869821908084
urn:mavedb:00000085-d-1#3041,NA,NA,p.Ala77Cys,0.8809930554937241,79,0.262786163174552
urn:mavedb:00000085-d-1#3042,NA,NA,p.Gly76Val,0.036182606831269996,78,0.009541281689622259
urn:mavedb:00000085-d-1#3043,NA,NA,p.Gly76Thr,NA,78,NA
urn:mavedb:00000085-d-1#3044,NA,NA,p.Gly76Ser,0.461136247253665,78,0.10049966992313801
urn:mavedb:00000085-d-1#3045,NA,NA,p.Gly76Leu,NA,78,NA
urn:mavedb:00000085-d-1#3046,NA,NA,p.Gly76Glu,NA,78,NA
urn:mavedb:00000085-d-1#3047,NA,NA,p.Gly76Asp,NA,78,NA
urn:mavedb:00000085-d-1#3048,NA,NA,p.Gly76Cys,0.0582495993355418,78,0.0173749255120559
urn:mavedb:00000085-d-1#3049,NA,NA,p.Gly76Ala,0.979353576017758,78,0.20901993280914702
urn:mavedb:00000085-d-1#3050,NA,NA,p.Cys75Tyr,0.0387518437177588,77,0.0129203318992744
urn:mavedb:00000085-d-1#3051,NA,NA,p.Cys75Trp,0.17643789942206198,77,0.0526286085214568
urn:mavedb:00000085-d-1#3052,NA,NA,p.Cys75Val,0.7788863500747579,77,0.20539078637757
urn:mavedb:00000085-d-1#3053,NA,NA,p.Cys75Thr,NA,77,NA
urn:mavedb:00000085-d-1#3054,NA,NA,p.Cys75Ser,0.0598674829615832,77,0.010707076548652
urn:mavedb:00000085-d-1#3055,NA,NA,p.Cys75Arg,0.0394588681922094,77,0.0090006945735974
urn:mavedb:00000085-d-1#3056,NA,NA,p.Cys75Pro,0.0331099411463184,77,0.0118463033918439
urn:mavedb:00000085-d-1#3057,NA,NA,p.Cys75Asn,0.0331099411463184,77,0.0110392535614978
urn:mavedb:00000085-d-1#3058,NA,NA,p.Gly141Val,NA,143,NA
urn:mavedb:00000085-d-1#3059,NA,NA,p.Gly141Ser,NA,143,NA
urn:mavedb:00000085-d-1#3060,NA,NA,p.Gly141Arg,0.0570871943673745,143,0.017931292375914
urn:mavedb:00000085-d-1#3061,NA,NA,p.Gly141Glu,0.0617201990273671,143,0.0129138144921806
urn:mavedb:00000085-d-1#3062,NA,NA,p.Ile140Tyr,NA,142,NA
urn:mavedb:00000085-d-1#3063,NA,NA,p.Ile140Val,0.5297590583410939,142,0.13095079760836098
urn:mavedb:00000085-d-1#3064,NA,NA,p.Ile140Thr,0.0573459824601078,142,0.012497938175501001
urn:mavedb:00000085-d-1#3065,NA,NA,p.Ile140Ser,0.0349857815369123,142,0.00762477362688981
urn:mavedb:00000085-d-1#3066,NA,NA,p.Ile140Arg,0.0387518437177588,142,0.0129203318992744
urn:mavedb:00000085-d-1#3067,NA,NA,p.Ile140Asn,0.0331099411463184,142,0.0118463033918439
urn:mavedb:00000085-d-1#3068,NA,NA,p.Ile140Met,NA,142,NA
urn:mavedb:00000085-d-1#3069,NA,NA,p.Ile140Leu,0.9525514175275791,142,0.299199814600451
urn:mavedb:00000085-d-1#3070,NA,NA,p.Ile140Lys,NA,142,NA
urn:mavedb:00000085-d-1#3071,NA,NA,p.Ile140Gly,NA,142,NA
urn:mavedb:00000085-d-1#3072,NA,NA,p.Ile140Phe,0.22479307844525895,142,0.0640644227932286
urn:mavedb:00000085-d-1#3073,NA,NA,p.Ile140Asp,NA,142,NA
urn:mavedb:00000085-d-1#3074,NA,NA,p.Ile140Cys,NA,142,NA
urn:mavedb:00000085-d-1#3075,NA,NA,p.Ile140Ala,NA,142,NA
urn:mavedb:00000085-d-1#3076,NA,NA,p.Thr139Tyr,NA,141,NA
urn:mavedb:00000085-d-1#3077,NA,NA,p.Thr139Val,NA,141,NA
urn:mavedb:00000085-d-1#3078,NA,NA,p.Thr139Ser,NA,141,NA
urn:mavedb:00000085-d-1#3079,NA,NA,p.Thr139Arg,0.270172894724297,141,0.0588812675292348
urn:mavedb:00000085-d-1#3080,NA,NA,p.Thr139Gln,NA,141,NA
urn:mavedb:00000085-d-1#3081,NA,NA,p.Thr139Pro,0.0499754294962246,141,0.0149068727482231
urn:mavedb:00000085-d-1#3082,NA,NA,p.Thr139Met,0.243064087865032,141,0.0763473012449113
urn:mavedb:00000085-d-1#3083,NA,NA,p.Thr107Ser,0.5609034162082961,109,0.0735060304879692
urn:mavedb:00000085-d-1#3084,NA,NA,p.Thr107Arg,0.0379439477328205,109,0.0119183299903497
urn:mavedb:00000085-d-1#3085,NA,NA,p.Thr107Gln,NA,109,NA
urn:mavedb:00000085-d-1#3086,NA,NA,p.Thr107Pro,NA,109,NA
urn:mavedb:00000085-d-1#3087,NA,NA,p.Thr107Asn,NA,109,NA
urn:mavedb:00000085-d-1#3088,NA,NA,p.Thr107Met,NA,109,NA
urn:mavedb:00000085-d-1#3089,NA,NA,p.Thr107Leu,0.132439764585273,109,0.0302099356885898
urn:mavedb:00000085-d-1#3090,NA,NA,p.Thr107Lys,NA,109,NA
urn:mavedb:00000085-d-1#3091,NA,NA,p.Thr107Ile,0.0667300790473331,109,0.0160286122668357
urn:mavedb:00000085-d-1#3092,NA,NA,p.Thr107Gly,0.0633568901670949,109,0.0167070863324386
urn:mavedb:00000085-d-1#3093,NA,NA,p.Thr107Glu,NA,109,NA
urn:mavedb:00000085-d-1#3094,NA,NA,p.Thr107Cys,1.05951811668219,109,0.31603733872885603
urn:mavedb:00000085-d-1#3095,NA,NA,p.Thr107Ala,0.5297590583410939,109,0.0947454362435729
urn:mavedb:00000085-d-1#3096,NA,NA,p.Val106Trp,NA,108,NA
urn:mavedb:00000085-d-1#3097,NA,NA,p.Val106Ser,0.132439764585273,108,0.039504667341107004
urn:mavedb:00000085-d-1#3098,NA,NA,p.Val106Arg,0.112262005946084,108,0.0319938703730917
urn:mavedb:00000085-d-1#3099,NA,NA,p.Val106Asn,NA,108,NA
urn:mavedb:00000085-d-1#3100,NA,NA,p.Val106Met,NA,108,NA
urn:mavedb:00000085-d-1#3101,NA,NA,p.Val106Leu,0.488241973748551,108,0.11136956240900801
urn:mavedb:00000085-d-1#3102,NA,NA,p.Val106Ile,0.674978594762668,108,0.24149850285820101
urn:mavedb:00000085-d-1#3103,NA,NA,p.Val106His,0.11388971198631698,108,0.0357731667647412
urn:mavedb:00000085-d-1#3104,NA,NA,p.Val106Gly,0.0663151529403173,108,0.00840683768988683
urn:mavedb:00000085-d-1#3105,NA,NA,p.Val106Phe,0.106325645322276,108,0.0380419236402457
urn:mavedb:00000085-d-1#3106,NA,NA,p.Val106Glu,NA,108,NA
urn:mavedb:00000085-d-1#3107,NA,NA,p.Val106Asp,0.17887939545191,108,0.0640007053986738
urn:mavedb:00000085-d-1#3108,NA,NA,p.Val106Cys,NA,108,NA
urn:mavedb:00000085-d-1#3109,NA,NA,p.Val106Ala,0.267616260180169,108,0.0625879913678832
urn:mavedb:00000085-d-1#3110,NA,NA,p.Pro105Val,NA,107,NA
urn:mavedb:00000085-d-1#3111,NA,NA,p.Pro105Thr,0.13747434907209,107,0.0362517133083036
urn:mavedb:00000085-d-1#3112,NA,NA,p.Pro105Ser,0.12461500048511,107,0.0265961340891017
urn:mavedb:00000085-d-1#3113,NA,NA,p.Pro105Arg,0.0831511875289792,107,0.0199729741588283
urn:mavedb:00000085-d-1#3114,NA,NA,p.Pro105Gln,0.117366948446843,107,0.0309494316262175
urn:mavedb:00000085-d-1#3115,NA,NA,p.Pro105Met,NA,107,NA
urn:mavedb:00000085-d-1#3116,NA,NA,p.Pro105Leu,0.10994924663504099,107,0.0194160604899409
urn:mavedb:00000085-d-1#3117,NA,NA,p.Pro105His,NA,107,NA
urn:mavedb:00000085-d-1#3118,NA,NA,p.Pro105Gly,NA,107,NA
urn:mavedb:00000085-d-1#3119,NA,NA,p.Pro105Asp,NA,107,NA
urn:mavedb:00000085-d-1#3120,NA,NA,p.Pro105Cys,NA,107,NA
urn:mavedb:00000085-d-1#3121,NA,NA,p.Pro105Ala,0.10556928049142598,107,0.022531274154073
urn:mavedb:00000085-d-1#3122,NA,NA,p.Ser104Arg,NA,106,NA
urn:mavedb:00000085-d-1#3123,NA,NA,p.Ser104Leu,0.084898763019218,106,0.030375665721464
urn:mavedb:00000085-d-1#3124,NA,NA,p.Ser104Gly,NA,106,NA
urn:mavedb:00000085-d-1#3125,NA,NA,p.Ser104Cys,0.0662198822926367,106,0.0181181661662917
urn:mavedb:00000085-d-1#3126,NA,NA,p.Ser104Ala,NA,106,NA
urn:mavedb:00000085-d-1#3127,NA,NA,p.Tyr103Trp,NA,105,NA
urn:mavedb:00000085-d-1#3128,NA,NA,p.Tyr103Val,0.0598674829615832,105,0.0163801107265969
urn:mavedb:00000085-d-1#3129,NA,NA,p.Tyr103Thr,0.0773045511558632,105,0.0257742693620657
urn:mavedb:00000085-d-1#3130,NA,NA,p.Tyr103Ser,0.0978980442087555,105,0.0208940296168275
urn:mavedb:00000085-d-1#3131,NA,NA,p.Tyr103Arg,NA,105,NA
urn:mavedb:00000085-d-1#3132,NA,NA,p.Tyr103Asn,0.21266080939172802,105,0.0760872529635898
urn:mavedb:00000085-d-1#3133,NA,NA,p.Tyr103Leu,0.0627150368442444,105,0.0178733378432779
urn:mavedb:00000085-d-1#3134,NA,NA,p.Tyr103Lys,NA,105,NA
urn:mavedb:00000085-d-1#3135,NA,NA,p.Tyr103Ile,0.0662198822926367,105,0.0207999023887306
urn:mavedb:00000085-d-1#3136,NA,NA,p.Tyr103His,NA,105,NA
urn:mavedb:00000085-d-1#3137,NA,NA,p.Tyr103Gly,0.0795365913141551,105,0.0284571508990841
urn:mavedb:00000085-d-1#3138,NA,NA,p.Tyr103Phe,0.42041205637700296,105,0.15041792878525698
urn:mavedb:00000085-d-1#3139,NA,NA,p.Tyr103Glu,0.0500069589021105,105,0.0127500866447948
urn:mavedb:00000085-d-1#3140,NA,NA,p.Tyr103Asp,0.057921343638214,105,0.0135461894326007
urn:mavedb:00000085-d-1#3141,NA,NA,p.Tyr103Cys,0.0663652459618743,105,0.0129397174036572
urn:mavedb:00000085-d-1#3142,NA,NA,p.Tyr103Ala,NA,105,NA
urn:mavedb:00000085-d-1#3143,NA,NA,p.Lys102Arg,NA,104,NA
urn:mavedb:00000085-d-1#3144,NA,NA,p.Lys102Pro,NA,104,NA
urn:mavedb:00000085-d-1#3145,NA,NA,p.Lys102Gly,NA,104,NA
urn:mavedb:00000085-d-1#3146,NA,NA,p.Lys102Glu,0.0543011666596603,104,0.0123862705263835
urn:mavedb:00000085-d-1#3147,NA,NA,p.Val101Leu,0.16604882774330804,103,0.0553626811037588
urn:mavedb:00000085-d-1#3148,NA,NA,p.Val101Lys,NA,103,NA
urn:mavedb:00000085-d-1#3149,NA,NA,p.Val101Ile,1.0618780104564,103,0.302627653338879
urn:mavedb:00000085-d-1#3150,NA,NA,p.Val101Gly,0.0530312659006525,103,0.0106940017455524
urn:mavedb:00000085-d-1#3151,NA,NA,p.Val101Phe,NA,103,NA
urn:mavedb:00000085-d-1#3152,NA,NA,p.Val101Cys,NA,103,NA
urn:mavedb:00000085-d-1#3153,NA,NA,p.Val101Ala,0.0533321287997929,103,0.0190815373395943
urn:mavedb:00000085-d-1#3154,NA,NA,p.Leu100Trp,0.0635970649017102,102,0.0162151049704648
urn:mavedb:00000085-d-1#3155,NA,NA,p.Leu100Val,0.571390220241777,102,0.127313630923774
urn:mavedb:00000085-d-1#3156,NA,NA,p.Leu100Ser,0.0523855588711945,102,0.0164544918138748
urn:mavedb:00000085-d-1#3157,NA,NA,p.Leu100Arg,NA,102,NA
urn:mavedb:00000085-d-1#3158,NA,NA,p.Leu100Met,0.356055429870435,102,0.127391970523861
urn:mavedb:00000085-d-1#3159,NA,NA,p.Leu100Lys,0.0617023810647875,102,0.0193809390603907
urn:mavedb:00000085-d-1#3160,NA,NA,p.Leu100Ile,NA,102,NA
urn:mavedb:00000085-d-1#3161,NA,NA,p.Leu100His,NA,102,NA
urn:mavedb:00000085-d-1#3162,NA,NA,p.Leu100Gly,NA,102,NA
urn:mavedb:00000085-d-1#3163,NA,NA,p.Leu100Phe,0.569309748900671,102,0.17882223278133802
urn:mavedb:00000085-d-1#3164,NA,NA,p.Leu100Cys,0.141131800844441,102,0.0338999585576877
urn:mavedb:00000085-d-1#3165,NA,NA,p.Leu100Ala,NA,102,NA
urn:mavedb:00000085-d-1#3166,NA,NA,p.Asp99Tyr,0.356861639673675,101,0.118981973097455
urn:mavedb:00000085-d-1#3167,NA,NA,p.Cys75Met,NA,77,NA
urn:mavedb:00000085-d-1#3168,NA,NA,p.Cys75Leu,0.0458089120604918,77,0.0136640671166594
urn:mavedb:00000085-d-1#3169,NA,NA,p.Cys75Lys,NA,77,NA
urn:mavedb:00000085-d-1#3170,NA,NA,p.Cys75Ile,0.42041205637700296,77,0.15041792878525698
urn:mavedb:00000085-d-1#3171,NA,NA,p.Cys75His,NA,77,NA
urn:mavedb:00000085-d-1#3172,NA,NA,p.Cys75Gly,0.26045683069006303,77,0.0465817349563085
urn:mavedb:00000085-d-1#3173,NA,NA,p.Cys75Phe,NA,77,NA
urn:mavedb:00000085-d-1#3174,NA,NA,p.Cys75Ala,NA,77,NA
urn:mavedb:00000085-d-1#3175,NA,NA,p.Leu74Trp,NA,76,NA
urn:mavedb:00000085-d-1#3176,NA,NA,p.Leu74Val,0.124616551718379,76,0.0260737174686169
urn:mavedb:00000085-d-1#3177,NA,NA,p.Leu74Thr,0.0662198822926367,76,0.0220785071229956
urn:mavedb:00000085-d-1#3178,NA,NA,p.Leu74Ser,0.0331099411463184,76,0.00844191743885064
urn:mavedb:00000085-d-1#3179,NA,NA,p.Leu74Arg,0.040927132897694,76,0.0101167514030985
urn:mavedb:00000085-d-1#3180,NA,NA,p.Leu74Gln,0.0331099411463184,76,0.00818442485052254
urn:mavedb:00000085-d-1#3181,NA,NA,p.Leu74Pro,0.0373382209180414,76,0.0111373951856148
urn:mavedb:00000085-d-1#3182,NA,NA,p.Leu74Lys,NA,76,NA
urn:mavedb:00000085-d-1#3183,NA,NA,p.Leu74Ile,0.0622726016363884,76,0.0108625003248154
urn:mavedb:00000085-d-1#3184,NA,NA,p.Leu74His,0.0331099411463184,76,0.0118463033918439
urn:mavedb:00000085-d-1#3185,NA,NA,p.Leu74Gly,NA,76,NA
urn:mavedb:00000085-d-1#3186,NA,NA,p.Leu74Glu,0.0331099411463184,76,0.0118463033918439
urn:mavedb:00000085-d-1#3187,NA,NA,p.Leu74Ala,0.0598674829615832,76,0.0163801107265969
urn:mavedb:00000085-d-1#3188,NA,NA,p.Leu73Trp,NA,75,NA
urn:mavedb:00000085-d-1#3189,NA,NA,p.Leu73Val,0.516794680973412,75,0.0731010320092618
urn:mavedb:00000085-d-1#3190,NA,NA,p.Leu73Thr,0.112262005946084,75,0.0319938703730917
urn:mavedb:00000085-d-1#3191,NA,NA,p.Leu73Ser,0.0712809065798409,75,0.0223895882582348
urn:mavedb:00000085-d-1#3192,NA,NA,p.Leu73Arg,0.0423852789439403,75,0.007680559437738841
urn:mavedb:00000085-d-1#3193,NA,NA,p.Leu73Gln,0.0370121604875748,75,0.0069964153651013
urn:mavedb:00000085-d-1#3194,NA,NA,p.Leu73Pro,0.536426819305576,75,0.0781279912975489
urn:mavedb:00000085-d-1#3195,NA,NA,p.Leu73Met,0.147422740709888,75,0.0354110467706314
urn:mavedb:00000085-d-1#3196,NA,NA,p.Leu73Lys,0.0379439477328205,75,0.0119183299903497
urn:mavedb:00000085-d-1#3197,NA,NA,p.Leu73Ile,NA,75,NA
urn:mavedb:00000085-d-1#3198,NA,NA,p.Leu73His,NA,75,NA
urn:mavedb:00000085-d-1#3199,NA,NA,p.Leu73Gly,0.0619099120534527,75,0.0124844220918074
urn:mavedb:00000085-d-1#3200,NA,NA,p.Leu73Phe,NA,75,NA
urn:mavedb:00000085-d-1#3201,NA,NA,p.Leu73Glu,NA,75,NA
urn:mavedb:00000085-d-1#3202,NA,NA,p.Leu73Cys,0.14085598071125902,75,0.028920264365540998
urn:mavedb:00000085-d-1#3203,NA,NA,p.Leu73Ala,0.3564472394471071,75,0.127532154859937
urn:mavedb:00000085-d-1#3204,NA,NA,p.Val72Thr,NA,74,NA
urn:mavedb:00000085-d-1#3205,NA,NA,p.Val72Ser,0.0622726016363884,74,0.0142045804482323
urn:mavedb:00000085-d-1#3206,NA,NA,p.Val72Arg,NA,74,NA
urn:mavedb:00000085-d-1#3207,NA,NA,p.Val72Asn,NA,74,NA
urn:mavedb:00000085-d-1#3208,NA,NA,p.Val72Leu,0.0379439477328205,74,0.0119183299903497
urn:mavedb:00000085-d-1#3209,NA,NA,p.Val72Ile,0.13898246601295802,74,0.0333836868083166
urn:mavedb:00000085-d-1#3210,NA,NA,p.Val72Gly,0.0348868887200622,74,0.0074457839484678295
urn:mavedb:00000085-d-1#3211,NA,NA,p.Val72Phe,0.121079171903801,74,0.0380314018949477
urn:mavedb:00000085-d-1#3212,NA,NA,p.Val72Asp,0.0555289208840829,74,0.0185140116959677
urn:mavedb:00000085-d-1#3213,NA,NA,p.Val72Cys,0.060939709230967996,74,0.0203180337648956
urn:mavedb:00000085-d-1#3214,NA,NA,p.Val72Ala,0.116968536154161,74,0.0320033092916662
urn:mavedb:00000085-d-1#3215,NA,NA,p.Lys71Arg,0.0368672716414088,73,0.0105069092607457
urn:mavedb:00000085-d-1#3216,NA,NA,p.Lys71Gln,NA,73,NA
urn:mavedb:00000085-d-1#3217,NA,NA,p.Lys71Asn,NA,73,NA
urn:mavedb:00000085-d-1#3218,NA,NA,p.Lys71Glu,0.0331099411463184,73,0.00987616683527674
urn:mavedb:00000085-d-1#3219,NA,NA,p.Phe70Tyr,0.10776943078495697,72,0.0307135185199857
urn:mavedb:00000085-d-1#3220,NA,NA,p.Phe70Trp,NA,72,NA
urn:mavedb:00000085-d-1#3221,NA,NA,p.Phe70Val,0.27558597865550605,72,0.0754020149464354
urn:mavedb:00000085-d-1#3222,NA,NA,p.Phe70Ser,0.103771516079742,72,0.0273643430638695
urn:mavedb:00000085-d-1#3223,NA,NA,p.Phe70Leu,0.0370888733055203,72,0.008263913101977171
urn:mavedb:00000085-d-1#3224,NA,NA,p.Phe70Ile,NA,72,NA
urn:mavedb:00000085-d-1#3225,NA,NA,p.Phe70His,NA,72,NA
urn:mavedb:00000085-d-1#3226,NA,NA,p.Phe70Gly,0.0500069589021105,72,0.0166729229967593
urn:mavedb:00000085-d-1#3227,NA,NA,p.Phe70Asp,NA,72,NA
urn:mavedb:00000085-d-1#3228,NA,NA,p.Phe70Cys,0.0900471899765617,72,0.0246374637694636
urn:mavedb:00000085-d-1#3229,NA,NA,p.Phe70Ala,NA,72,NA
urn:mavedb:00000085-d-1#3230,NA,NA,p.Thr69Tyr,0.0398830836504292,71,0.014269645090498998
urn:mavedb:00000085-d-1#3231,NA,NA,p.Thr69Ser,0.048719613870914995,71,0.009209477387376559
urn:mavedb:00000085-d-1#3232,NA,NA,p.Thr69Arg,NA,71,NA
urn:mavedb:00000085-d-1#3233,NA,NA,p.Thr69Gln,NA,71,NA
urn:mavedb:00000085-d-1#3234,NA,NA,p.Thr69Asn,0.0331099411463184,71,0.00987616683527674
urn:mavedb:00000085-d-1#3235,NA,NA,p.Thr69Leu,NA,71,NA
urn:mavedb:00000085-d-1#3236,NA,NA,p.Thr69Ile,0.35629888994489095,71,0.127479077350571
urn:mavedb:00000085-d-1#3237,NA,NA,p.Thr69His,0.470038581030529,71,0.140205004435365
urn:mavedb:00000085-d-1#3238,NA,NA,p.Thr69Asp,0.0331099411463184,71,0.00987616683527674
urn:mavedb:00000085-d-1#3239,NA,NA,p.Thr69Cys,0.0387518437177588,71,0.0129203318992744
urn:mavedb:00000085-d-1#3240,NA,NA,p.Thr69Ala,0.0846876762694802,71,0.0282358922881017
urn:mavedb:00000085-d-1#3241,NA,NA,p.Ser68Tyr,NA,70,NA
urn:mavedb:00000085-d-1#3242,NA,NA,p.Ser68Trp,NA,70,NA
urn:mavedb:00000085-d-1#3243,NA,NA,p.Ser68Val,0.0331099411463184,70,0.00818442485052254
urn:mavedb:00000085-d-1#3244,NA,NA,p.Ser68Thr,0.0331099411463184,70,0.009059083083145871
urn:mavedb:00000085-d-1#3245,NA,NA,p.Ser68Arg,0.0373704867278673,70,0.006599296066623179
urn:mavedb:00000085-d-1#3246,NA,NA,p.Ser68Gln,NA,70,NA
urn:mavedb:00000085-d-1#3247,NA,NA,p.Ser68Pro,0.0331099411463184,70,0.0118463033918439
urn:mavedb:00000085-d-1#3248,NA,NA,p.Ser68Asn,0.0449796951306351,70,0.0100220971624303
urn:mavedb:00000085-d-1#3249,NA,NA,p.Pro65Lys,NA,67,NA
urn:mavedb:00000085-d-1#3250,NA,NA,p.Pro65Ile,0.0582495993355418,67,0.0132869207018245
urn:mavedb:00000085-d-1#3251,NA,NA,p.Pro65His,0.251029417837162,67,0.0686831892104845
urn:mavedb:00000085-d-1#3252,NA,NA,p.Pro65Gly,0.0662198822926367,67,0.0181181661662917
urn:mavedb:00000085-d-1#3253,NA,NA,p.Pro65Phe,NA,67,NA
urn:mavedb:00000085-d-1#3254,NA,NA,p.Pro65Glu,0.0598674829615832,67,0.0214198014830304
urn:mavedb:00000085-d-1#3255,NA,NA,p.Pro65Asp,0.0415794189807984,67,0.0124024768559246
urn:mavedb:00000085-d-1#3256,NA,NA,p.Pro65Cys,0.0598674829615832,67,0.014001337229261999
urn:mavedb:00000085-d-1#3257,NA,NA,p.Pro65Ala,0.0958746952041299,67,0.0130288829983277
urn:mavedb:00000085-d-1#3258,NA,NA,p.Phe64Tyr,NA,66,NA
urn:mavedb:00000085-d-1#3259,NA,NA,p.Phe64Trp,NA,66,NA
urn:mavedb:00000085-d-1#3260,NA,NA,p.Phe64Val,0.06305391812275,66,0.0114258860149212
urn:mavedb:00000085-d-1#3261,NA,NA,p.Phe64Ser,NA,66,NA
urn:mavedb:00000085-d-1#3262,NA,NA,p.Phe64Leu,0.5195380615912679,66,0.185883915468844
urn:mavedb:00000085-d-1#3263,NA,NA,p.Phe64Ile,NA,66,NA
urn:mavedb:00000085-d-1#3264,NA,NA,p.Phe64Gly,NA,66,NA
urn:mavedb:00000085-d-1#3265,NA,NA,p.Phe64Asp,NA,66,NA
urn:mavedb:00000085-d-1#3266,NA,NA,p.Phe64Cys,NA,66,NA
urn:mavedb:00000085-d-1#3267,NA,NA,p.Phe64Ala,NA,66,NA
urn:mavedb:00000085-d-1#3268,NA,NA,p.Arg63Tyr,NA,65,NA
urn:mavedb:00000085-d-1#3269,NA,NA,p.Arg63Trp,NA,65,NA
urn:mavedb:00000085-d-1#3270,NA,NA,p.Arg63Val,0.0662198822926367,65,0.0154869865475421
urn:mavedb:00000085-d-1#3271,NA,NA,p.Arg63Thr,0.0834326631247795,65,0.0212725130102246
urn:mavedb:00000085-d-1#3272,NA,NA,p.Arg63Ser,0.0698439203305972,65,0.011517557125732998
urn:mavedb:00000085-d-1#3273,NA,NA,p.Arg63Gln,0.0795365913141551,65,0.0217616994751218
urn:mavedb:00000085-d-1#3274,NA,NA,p.Arg63Pro,0.0662198822926367,65,0.0135961319674727
urn:mavedb:00000085-d-1#3275,NA,NA,p.Arg63Asn,0.0627150368442444,65,0.0178733378432779
urn:mavedb:00000085-d-1#3276,NA,NA,p.Arg63Met,NA,65,NA
urn:mavedb:00000085-d-1#3277,NA,NA,p.Arg63Leu,0.119664934569584,65,0.0226202841406014
urn:mavedb:00000085-d-1#3278,NA,NA,p.Arg63His,0.0996583857302958,65,0.0297265053917562
urn:mavedb:00000085-d-1#3279,NA,NA,p.Arg63Gly,0.0384541729383859,65,0.00820713666712236
urn:mavedb:00000085-d-1#3280,NA,NA,p.Arg63Cys,0.0515225579831112,65,0.0103897637676406
urn:mavedb:00000085-d-1#3281,NA,NA,p.Arg63Ala,0.0533321287997929,65,0.0190815373395943
urn:mavedb:00000085-d-1#3282,NA,NA,p.Glu62Val,0.132439764585273,64,0.0282661455196148
urn:mavedb:00000085-d-1#3283,NA,NA,p.Glu62Arg,0.0604529762254815,64,0.0159413299830257
urn:mavedb:00000085-d-1#3284,NA,NA,p.Glu62Gln,0.26487952917054697,64,0.0883140284919824
urn:mavedb:00000085-d-1#3285,NA,NA,p.Glu62Lys,0.11174965875602802,64,0.0333331390950691
urn:mavedb:00000085-d-1#3286,NA,NA,p.Glu62Gly,0.0617023810647875,64,0.0193809390603907
urn:mavedb:00000085-d-1#3287,NA,NA,p.Glu62Asp,NA,64,NA
urn:mavedb:00000085-d-1#3288,NA,NA,p.Glu62Ala,0.127503621786444,64,0.0315175374691549
urn:mavedb:00000085-d-1#3289,NA,NA,p.Glu61Tyr,NA,63,NA
urn:mavedb:00000085-d-1#3290,NA,NA,p.Glu61Val,0.524692972485168,63,0.0809123650334148
urn:mavedb:00000085-d-1#3291,NA,NA,p.Glu61Thr,1.24075617073996,63,0.21643088538963395
urn:mavedb:00000085-d-1#3292,NA,NA,p.Glu61Ser,0.913527058940324,63,0.24994660936032803
urn:mavedb:00000085-d-1#3293,NA,NA,p.Glu61Arg,1.8763074183059498,63,0.277538953619538
urn:mavedb:00000085-d-1#3294,NA,NA,p.Glu61Gln,1.05951811668219,63,0.28989065866066804
urn:mavedb:00000085-d-1#3295,NA,NA,p.Glu61Asn,1.05951811668219,63,0.37908170853900497
urn:mavedb:00000085-d-1#3296,NA,NA,p.Glu61Leu,0.942085018107887,63,0.20106583771931197
urn:mavedb:00000085-d-1#3297,NA,NA,p.Glu61Lys,0.7806683993325999,63,0.154740416437512
urn:mavedb:00000085-d-1#3298,NA,NA,p.Glu61Ile,0.26454000637082503,63,0.0789080604516253
urn:mavedb:00000085-d-1#3299,NA,NA,p.Glu61His,NA,63,NA
urn:mavedb:00000085-d-1#3300,NA,NA,p.Glu61Gly,1.8350724231090803,63,0.21833740390381198
urn:mavedb:00000085-d-1#3301,NA,NA,p.Glu61Phe,1.05951811668219,63,0.37908170853900497
urn:mavedb:00000085-d-1#3302,NA,NA,p.Glu61Asp,0.937903783676033,63,0.13458273823765302
urn:mavedb:00000085-d-1#3303,NA,NA,p.Glu61Cys,0.6893334974223189,63,0.246634499062939
urn:mavedb:00000085-d-1#3304,NA,NA,p.Glu61Ala,0.738289048973504,63,0.12049693733670098
urn:mavedb:00000085-d-1#3305,NA,NA,p.Pro60Tyr,NA,62,NA
urn:mavedb:00000085-d-1#3306,NA,NA,p.Pro60Val,0.252534132034889,62,0.0665927499703196
urn:mavedb:00000085-d-1#3307,NA,NA,p.Pro60Thr,0.22340943113116102,62,0.0294485444331827
urn:mavedb:00000085-d-1#3308,NA,NA,p.Pro60Ser,1.2810767109631,62,0.21584730812881303
urn:mavedb:00000085-d-1#3309,NA,NA,p.Pro60Arg,0.346317669971041,62,0.057718019025357996
urn:mavedb:00000085-d-1#3310,NA,NA,p.Pro60Gln,0.5631525647462039,62,0.11562534276750698
urn:mavedb:00000085-d-1#3311,NA,NA,p.Pro60Asn,0.132439764585273,62,0.0309739730950841
urn:mavedb:00000085-d-1#3312,NA,NA,p.Pro60Met,NA,62,NA
urn:mavedb:00000085-d-1#3313,NA,NA,p.Pro60Leu,0.157417943147314,62,0.0249478264888886
urn:mavedb:00000085-d-1#3314,NA,NA,p.Pro60Lys,NA,62,NA
urn:mavedb:00000085-d-1#3315,NA,NA,p.Pro60Ile,0.26487952917054697,62,0.0883140284919824
urn:mavedb:00000085-d-1#3316,NA,NA,p.Pro60His,0.993749011755251,62,0.14473477340836402
urn:mavedb:00000085-d-1#3317,NA,NA,p.Pro60Phe,0.0466515919504214,62,0.016691328731602
urn:mavedb:00000085-d-1#3318,NA,NA,p.Pro60Glu,1.9881040685039801,62,0.7113176029512851
urn:mavedb:00000085-d-1#3319,NA,NA,p.Pro60Asp,0.936045313170582,62,0.312088792652254
urn:mavedb:00000085-d-1#3320,NA,NA,p.Pro60Cys,0.24834767296120003,62,0.0828021083188021
urn:mavedb:00000085-d-1#3321,NA,NA,p.Pro60Ala,2.02468922855915,62,0.284403829493117
urn:mavedb:00000085-d-1#3322,NA,NA,p.Arg59Trp,0.0379439477328205,61,0.0119183299903497
urn:mavedb:00000085-d-1#3323,NA,NA,p.Arg59Val,NA,61,NA
urn:mavedb:00000085-d-1#3324,NA,NA,p.Arg59Thr,0.42537609597626,61,0.152193997153426
urn:mavedb:00000085-d-1#3325,NA,NA,p.Arg59Ser,1.00725748548829,61,0.108955050999222
urn:mavedb:00000085-d-1#3326,NA,NA,p.Arg59Gln,0.0582495993355418,61,0.0132869207018245
urn:mavedb:00000085-d-1#3327,NA,NA,p.Arg59Pro,0.501714922513652,61,0.111789012501518
urn:mavedb:00000085-d-1#3328,NA,NA,p.Arg59Asn,0.24153027611231498,61,0.0805291060168162
urn:mavedb:00000085-d-1#3329,NA,NA,p.Arg59Leu,0.0366690322883256,61,0.007826140479568
urn:mavedb:00000085-d-1#3330,NA,NA,p.Arg59His,0.313839610951109,61,0.0894420489469402
urn:mavedb:00000085-d-1#3331,NA,NA,p.Arg59Gly,0.0368672716414088,61,0.0105069092607457
urn:mavedb:00000085-d-1#3332,NA,NA,p.Arg59Asp,NA,61,NA
urn:mavedb:00000085-d-1#3333,NA,NA,p.Arg59Cys,0.0396220299020993,61,0.00748975945072464
urn:mavedb:00000085-d-1#3334,NA,NA,p.Arg59Ala,0.0750375164029293,61,0.014873583388993998
urn:mavedb:00000085-d-1#3335,NA,NA,p.Phe58Tyr,2.01778453419651,60,0.6727536907126421
urn:mavedb:00000085-d-1#3336,NA,NA,p.Phe58Trp,NA,60,NA
urn:mavedb:00000085-d-1#3337,NA,NA,p.Phe58Val,0.11900421374327401,60,0.0248994391509823
urn:mavedb:00000085-d-1#3338,NA,NA,p.Phe58Ser,0.258882372723939,60,0.0590519007292872
urn:mavedb:00000085-d-1#3339,NA,NA,p.Phe58Leu,0.16093444392698497,60,0.0268216672201273
urn:mavedb:00000085-d-1#3340,NA,NA,p.Phe58Ile,NA,60,NA
urn:mavedb:00000085-d-1#3341,NA,NA,p.Phe58Gly,0.0331099411463184,60,0.0118463033918439
urn:mavedb:00000085-d-1#3342,NA,NA,p.Phe58Cys,0.12993497796658898,60,0.0223968538637909
urn:mavedb:00000085-d-1#3343,NA,NA,p.Phe58Ala,0.26487952917054697,60,0.0831996095549223
urn:mavedb:00000085-d-1#3344,NA,NA,p.Ser57Tyr,0.250957165773142,59,0.0443168067100022
urn:mavedb:00000085-d-1#3345,NA,NA,p.Ser57Trp,0.316725170406468,59,0.0690268337650104
urn:mavedb:00000085-d-1#3346,NA,NA,p.Ser57Val,0.17282508532644397,59,0.0326691570155381
urn:mavedb:00000085-d-1#3347,NA,NA,p.Ser57Thr,0.27475952090535505,59,0.0355995072088592
urn:mavedb:00000085-d-1#3348,NA,NA,p.Ser57Arg,0.27698141070342996,59,0.0243487891618581
urn:mavedb:00000085-d-1#3349,NA,NA,p.Ser57Gln,0.8432640716961591,59,0.120130433962845
urn:mavedb:00000085-d-1#3350,NA,NA,p.Ser57Pro,0.0331099411463184,59,0.00795303132243624
urn:mavedb:00000085-d-1#3351,NA,NA,p.Ser57Asn,0.137638210452192,59,0.0222393888462716
urn:mavedb:00000085-d-1#3352,NA,NA,p.Ser57Met,0.47748436881174294,59,0.0592943185366519
urn:mavedb:00000085-d-1#3353,NA,NA,p.Ser57Leu,0.125790952561984,59,0.0174312529967333
urn:mavedb:00000085-d-1#3354,NA,NA,p.Ser57Lys,0.738106711711528,59,0.10030494456013302
urn:mavedb:00000085-d-1#3355,NA,NA,p.Ser57Ile,0.0696542390660146,59,0.0110389059575522
urn:mavedb:00000085-d-1#3356,NA,NA,p.Ser57His,0.250080438776142,59,0.0523247242454008
urn:mavedb:00000085-d-1#3357,NA,NA,p.Ser57Gly,0.260765184826735,59,0.0262853237280547
urn:mavedb:00000085-d-1#3358,NA,NA,p.Ser57Phe,0.25924166721757697,59,0.0577626231093644
urn:mavedb:00000085-d-1#3359,NA,NA,p.Ser57Glu,0.4807323751298329,59,0.0552622706413772
urn:mavedb:00000085-d-1#3360,NA,NA,p.Ser57Asp,0.15263499136162398,59,0.0288526199159077
urn:mavedb:00000085-d-1#3361,NA,NA,p.Ser57Cys,0.274918714329839,59,0.0378451655759704
urn:mavedb:00000085-d-1#3362,NA,NA,p.Ser57Ala,0.7330388309217399,59,0.167208511799539
urn:mavedb:00000085-d-1#3363,NA,NA,p.Glu56Tyr,NA,58,NA
urn:mavedb:00000085-d-1#3364,NA,NA,p.Glu56Trp,0.0331099411463184,58,0.009059083083145871
urn:mavedb:00000085-d-1#3365,NA,NA,p.Glu56Val,0.09554187438680001,58,0.0143620925206254
urn:mavedb:00000085-d-1#3366,NA,NA,p.Glu56Thr,0.39354965160251,58,0.10377826291794699
urn:mavedb:00000085-d-1#3367,NA,NA,p.Glu56Ser,0.272976620709937,58,0.0695998245537799
urn:mavedb:00000085-d-1#3368,NA,NA,p.Glu56Arg,0.125034981603082,58,0.020407091726567003
urn:mavedb:00000085-d-1#3369,NA,NA,p.Glu56Gln,0.25820098179744394,58,0.0540237982569146
urn:mavedb:00000085-d-1#3370,NA,NA,p.Glu56Pro,0.0331099411463184,58,0.00987616683527674
urn:mavedb:00000085-d-1#3371,NA,NA,p.Glu56Asn,NA,58,NA
urn:mavedb:00000085-d-1#3372,NA,NA,p.Glu56Met,NA,58,NA
urn:mavedb:00000085-d-1#3373,NA,NA,p.Glu56Leu,0.112948019383105,58,0.0236322920625368
urn:mavedb:00000085-d-1#3374,NA,NA,p.Glu56Lys,0.129865509929693,58,0.0257413302556761
urn:mavedb:00000085-d-1#3375,NA,NA,p.Glu56His,NA,58,NA
urn:mavedb:00000085-d-1#3376,NA,NA,p.Glu56Gly,0.28385977725539596,58,0.0433946758608764
urn:mavedb:00000085-d-1#3377,NA,NA,p.Glu56Phe,NA,58,NA
urn:mavedb:00000085-d-1#3378,NA,NA,p.Glu56Asp,0.31166020007632,58,0.0598142133825173
urn:mavedb:00000085-d-1#3379,NA,NA,p.Glu56Cys,NA,58,NA
urn:mavedb:00000085-d-1#3380,NA,NA,p.Glu56Ala,0.515756558608562,58,0.0568028772319311
urn:mavedb:00000085-d-1#3381,NA,NA,p.Leu55Tyr,0.264483575171503,57,0.0830752389845527
urn:mavedb:00000085-d-1#3382,NA,NA,p.Leu55Trp,NA,57,NA
urn:mavedb:00000085-d-1#3383,NA,NA,p.Glu87Thr,0.07214409838329401,89,0.0183943100218953
urn:mavedb:00000085-d-1#3384,NA,NA,p.Glu87Ser,0.0637176392555915,89,0.00957819423219388
urn:mavedb:00000085-d-1#3385,NA,NA,p.Glu87Arg,0.0331099411463184,89,0.00475104868955114
urn:mavedb:00000085-d-1#3386,NA,NA,p.Glu87Gln,0.130751358209178,89,0.0150304354728175
urn:mavedb:00000085-d-1#3387,NA,NA,p.Glu87Pro,0.04327382694503,89,0.0118399846103107
urn:mavedb:00000085-d-1#3388,NA,NA,p.Glu87Asn,0.0387518437177588,89,0.009880412164518109
urn:mavedb:00000085-d-1#3389,NA,NA,p.Glu87Met,0.267349563555136,89,0.0529927723912945
urn:mavedb:00000085-d-1#3390,NA,NA,p.Glu87Leu,0.281284036680518,89,0.0384703720103235
urn:mavedb:00000085-d-1#3391,NA,NA,p.Glu87Lys,0.036048708275015,89,0.00714540531585374
urn:mavedb:00000085-d-1#3392,NA,NA,p.Glu87Ile,0.264776026018306,89,0.0516253183768581
urn:mavedb:00000085-d-1#3393,NA,NA,p.Glu87His,0.0331099411463184,89,0.00844191743885064
urn:mavedb:00000085-d-1#3394,NA,NA,p.Glu87Gly,0.043735244751011,89,0.005007008860494971
urn:mavedb:00000085-d-1#3395,NA,NA,p.Glu87Phe,0.12060589164987,89,0.0298124920360478
urn:mavedb:00000085-d-1#3396,NA,NA,p.Glu87Asp,0.46068307254545204,89,0.044082276068164
urn:mavedb:00000085-d-1#3397,NA,NA,p.Glu87Cys,0.0704500814962924,89,0.0137361676644782
urn:mavedb:00000085-d-1#3398,NA,NA,p.Glu87Ala,0.0649821902887687,89,0.00681841617100003
urn:mavedb:00000085-d-1#3399,NA,NA,p.Gln86Trp,NA,88,NA
urn:mavedb:00000085-d-1#3400,NA,NA,p.Gln86Thr,1.05951811668219,88,0.27014135804322104
urn:mavedb:00000085-d-1#3401,NA,NA,p.Gln86Ser,0.564066860790515,88,0.168252139102258
urn:mavedb:00000085-d-1#3402,NA,NA,p.Gln86Arg,1.2626657691159,88,0.22880537137716397
urn:mavedb:00000085-d-1#3403,NA,NA,p.Gln86Pro,0.060939709230967996,88,0.0132811521527504
urn:mavedb:00000085-d-1#3404,NA,NA,p.Gln86Asn,1.3735105207339902,88,0.45794496706477394
urn:mavedb:00000085-d-1#3405,NA,NA,p.Gln86Met,NA,88,NA
urn:mavedb:00000085-d-1#3406,NA,NA,p.Gln86Leu,0.9465078413111091,88,0.163149277696634
urn:mavedb:00000085-d-1#3407,NA,NA,p.Gln86Lys,2.02077188294469,88,0.414900785767923
urn:mavedb:00000085-d-1#3408,NA,NA,p.Gln86Ile,0.8586305376271371,88,0.269698929570788
urn:mavedb:00000085-d-1#3409,NA,NA,p.Gln86His,1.08006808007966,88,0.18197956897193598
urn:mavedb:00000085-d-1#3410,NA,NA,p.Gln86Gly,NA,88,NA
urn:mavedb:00000085-d-1#3411,NA,NA,p.Gln86Phe,NA,88,NA
urn:mavedb:00000085-d-1#3412,NA,NA,p.Gln86Glu,NA,88,NA
urn:mavedb:00000085-d-1#3413,NA,NA,p.Gln86Asp,NA,88,NA
urn:mavedb:00000085-d-1#3414,NA,NA,p.Gln86Cys,NA,88,NA
urn:mavedb:00000085-d-1#3415,NA,NA,p.Gln86Ala,0.470038581030529,88,0.140205004435365
urn:mavedb:00000085-d-1#3416,NA,NA,p.Gly85Trp,0.0759068800529483,87,0.00983495499898536
urn:mavedb:00000085-d-1#3417,NA,NA,p.Gly85Val,0.0708482005507481,87,0.00902956818891711
urn:mavedb:00000085-d-1#3418,NA,NA,p.Gly85Thr,0.128669213831406,87,0.0286692775281528
urn:mavedb:00000085-d-1#3419,NA,NA,p.Gly85Ser,0.374538113735094,87,0.09549457728970001
urn:mavedb:00000085-d-1#3420,NA,NA,p.Gly85Arg,0.49612793383586695,87,0.0350385463670721
urn:mavedb:00000085-d-1#3421,NA,NA,p.Gly85Gln,0.495108681259219,87,0.101654710573085
urn:mavedb:00000085-d-1#3422,NA,NA,p.Gly85Met,0.282093120212914,87,0.0940532472776899
urn:mavedb:00000085-d-1#3423,NA,NA,p.Gly85Leu,NA,87,NA
urn:mavedb:00000085-d-1#3424,NA,NA,p.Gly85Lys,0.5297590583410939,87,0.15801866936442802
urn:mavedb:00000085-d-1#3425,NA,NA,p.Gly85Ile,NA,87,NA
urn:mavedb:00000085-d-1#3426,NA,NA,p.Gly85His,0.5297590583410939,87,0.16639921910984498
urn:mavedb:00000085-d-1#3427,NA,NA,p.Gly85Glu,0.40961032757596394,87,0.04708648293947901
urn:mavedb:00000085-d-1#3428,NA,NA,p.Gly85Asp,0.5297590583410939,87,0.105006347598194
urn:mavedb:00000085-d-1#3429,NA,NA,p.Gly85Cys,0.259560345318955,87,0.0565683768843726
urn:mavedb:00000085-d-1#3430,NA,NA,p.Gly85Ala,0.333027730951114,87,0.0509111596473361
urn:mavedb:00000085-d-1#3431,NA,NA,p.Ala84Trp,NA,86,NA
urn:mavedb:00000085-d-1#3432,NA,NA,p.Ala84Val,0.578797555455049,86,0.0726112332826321
urn:mavedb:00000085-d-1#3433,NA,NA,p.Ala84Thr,0.683028668670509,86,0.13773591203175303
urn:mavedb:00000085-d-1#3434,NA,NA,p.Ala84Ser,0.980670919427855,86,0.17770559668817498
urn:mavedb:00000085-d-1#3435,NA,NA,p.Ala84Arg,1.58287991512218,86,0.313751008041285
urn:mavedb:00000085-d-1#3436,NA,NA,p.Ala84Pro,0.0368672716414088,86,0.0105069092607457
urn:mavedb:00000085-d-1#3437,NA,NA,p.Ala84Asn,0.965167794277019,86,0.28789414388239803
urn:mavedb:00000085-d-1#3438,NA,NA,p.Ala84Leu,0.658932446018485,86,0.168005532914893
urn:mavedb:00000085-d-1#3439,NA,NA,p.Ala84Ile,0.5297590583410939,86,0.13969641344064498
urn:mavedb:00000085-d-1#3440,NA,NA,p.Ala84His,0.6956493099612979,86,0.23193786689644003
urn:mavedb:00000085-d-1#3441,NA,NA,p.Ala84Gly,0.8648426279666249,86,0.154673885757282
urn:mavedb:00000085-d-1#3442,NA,NA,p.Ala84Phe,NA,86,NA
urn:mavedb:00000085-d-1#3443,NA,NA,p.Ala84Glu,1.3029064965185402,86,0.371319051415252
urn:mavedb:00000085-d-1#3444,NA,NA,p.Ala84Asp,0.610601284497265,86,0.0758248634441564
urn:mavedb:00000085-d-1#3445,NA,NA,p.Ala84Cys,0.345024419756009,86,0.0879695814950565
urn:mavedb:00000085-d-1#3446,NA,NA,p.Asp83Tyr,0.0412870454981633,85,0.00748155054911127
urn:mavedb:00000085-d-1#3447,NA,NA,p.Asp83Trp,NA,85,NA
urn:mavedb:00000085-d-1#3448,NA,NA,p.Asp83Val,0.035860351902996,85,0.00426667418624918
urn:mavedb:00000085-d-1#3449,NA,NA,p.Leu55Val,0.248921439855318,57,0.043420527651472
urn:mavedb:00000085-d-1#3450,NA,NA,p.Leu55Thr,0.11074630125900099,57,0.0369241520301547
urn:mavedb:00000085-d-1#3451,NA,NA,p.Leu55Ser,0.0622726016363884,57,0.00996381435980918
urn:mavedb:00000085-d-1#3452,NA,NA,p.Leu55Arg,0.13282024389005,57,0.0147931901894711
urn:mavedb:00000085-d-1#3453,NA,NA,p.Leu55Gln,0.0717428583253523,57,0.0182920073500985
urn:mavedb:00000085-d-1#3454,NA,NA,p.Leu55Pro,0.0515439811332249,57,0.0135920456392227
urn:mavedb:00000085-d-1#3455,NA,NA,p.Leu55Asn,0.0757124687641316,57,0.0237815578249504
urn:mavedb:00000085-d-1#3456,NA,NA,p.Leu55Met,NA,57,NA
urn:mavedb:00000085-d-1#3457,NA,NA,p.Leu55Lys,NA,57,NA
urn:mavedb:00000085-d-1#3458,NA,NA,p.Leu55Ile,0.936045313170582,57,0.204000977079981
urn:mavedb:00000085-d-1#3459,NA,NA,p.Leu55His,0.0996583857302957,57,0.0194311243718665
urn:mavedb:00000085-d-1#3460,NA,NA,p.Leu55Gly,0.0633568901670949,57,0.0167070863324386
urn:mavedb:00000085-d-1#3461,NA,NA,p.Leu55Phe,0.140024186392181,57,0.0327477581642781
urn:mavedb:00000085-d-1#3462,NA,NA,p.Leu55Glu,NA,57,NA
urn:mavedb:00000085-d-1#3463,NA,NA,p.Leu55Cys,NA,57,NA
urn:mavedb:00000085-d-1#3464,NA,NA,p.Leu55Ala,0.0610683870405476,57,0.0133091960930526
urn:mavedb:00000085-d-1#3465,NA,NA,p.Ile54Tyr,0.132439764585273,56,0.0473852135673756
urn:mavedb:00000085-d-1#3466,NA,NA,p.Ile54Val,NA,56,NA
urn:mavedb:00000085-d-1#3467,NA,NA,p.Ile54Thr,0.43452504275402504,56,0.14487588801757
urn:mavedb:00000085-d-1#3468,NA,NA,p.Ile54Ser,0.125514494702688,56,0.0330979234214263
urn:mavedb:00000085-d-1#3469,NA,NA,p.Ile54Arg,0.132439764585273,56,0.039504667341107004
urn:mavedb:00000085-d-1#3470,NA,NA,p.Ile54Gln,NA,56,NA
urn:mavedb:00000085-d-1#3471,NA,NA,p.Ile54Pro,0.132439764585273,56,0.0441570142459912
urn:mavedb:00000085-d-1#3472,NA,NA,p.Ile54Asn,0.0757124687641316,56,0.0237815578249504
urn:mavedb:00000085-d-1#3473,NA,NA,p.Ile54Met,0.5297590583410939,56,0.16639921910984498
urn:mavedb:00000085-d-1#3474,NA,NA,p.Ile54Leu,NA,56,NA
urn:mavedb:00000085-d-1#3475,NA,NA,p.Ile54His,NA,56,NA
urn:mavedb:00000085-d-1#3476,NA,NA,p.Ile54Gly,0.0481461297788859,56,0.0137213033219051
urn:mavedb:00000085-d-1#3477,NA,NA,p.Ile54Glu,0.386901080789776,56,0.110264046341219
urn:mavedb:00000085-d-1#3478,NA,NA,p.Ile54Asp,0.29661324798211103,56,0.0988944329349268
urn:mavedb:00000085-d-1#3479,NA,NA,p.Ile54Cys,NA,56,NA
urn:mavedb:00000085-d-1#3480,NA,NA,p.Lys53Tyr,0.461136247253665,55,0.0859047776605421
urn:mavedb:00000085-d-1#3481,NA,NA,p.Lys53Trp,NA,55,NA
urn:mavedb:00000085-d-1#3482,NA,NA,p.Lys53Val,1.02394352041343,55,0.20648297959098
urn:mavedb:00000085-d-1#3483,NA,NA,p.Lys53Thr,0.7871158535056558,55,0.11642831458639301
urn:mavedb:00000085-d-1#3484,NA,NA,p.Lys53Ser,0.569554003369591,55,0.0579245308356363
urn:mavedb:00000085-d-1#3485,NA,NA,p.Lys53Arg,0.788123750124429,55,0.10388593335954599
urn:mavedb:00000085-d-1#3486,NA,NA,p.Lys53Gln,0.8904107109162541,55,0.12968404593149402
urn:mavedb:00000085-d-1#3487,NA,NA,p.Lys53Pro,0.0331099411463184,55,0.0110392535614978
urn:mavedb:00000085-d-1#3488,NA,NA,p.Lys53Asn,0.513597076456312,55,0.0855971508261547
urn:mavedb:00000085-d-1#3489,NA,NA,p.Lys53Met,0.852140145272362,55,0.15874464467109303
urn:mavedb:00000085-d-1#3490,NA,NA,p.Lys53Leu,0.523089632724976,55,0.10944686806337099
urn:mavedb:00000085-d-1#3491,NA,NA,p.Lys53Ile,0.753505546538482,55,0.167891440302259
urn:mavedb:00000085-d-1#3492,NA,NA,p.Lys53His,0.5899427547970739,55,0.150415490249181
urn:mavedb:00000085-d-1#3493,NA,NA,p.Lys53Gly,0.25881920163415695,55,0.0399122435756883
urn:mavedb:00000085-d-1#3494,NA,NA,p.Lys53Phe,0.31322905095769604,55,0.09838636765380099
urn:mavedb:00000085-d-1#3495,NA,NA,p.Lys53Glu,0.333578888643922,55,0.0672677364353401
urn:mavedb:00000085-d-1#3496,NA,NA,p.Lys53Asp,0.8988868887535121,55,0.256176347077422
urn:mavedb:00000085-d-1#3497,NA,NA,p.Lys53Cys,NA,55,NA
urn:mavedb:00000085-d-1#3498,NA,NA,p.Lys53Ala,0.9954191879850942,55,0.19408415962331602
urn:mavedb:00000085-d-1#3499,NA,NA,p.Gly52Tyr,0.0533321287997929,54,0.0190815373395943
urn:mavedb:00000085-d-1#3500,NA,NA,p.Gly52Val,0.0438098427363586,54,0.00694304812552
urn:mavedb:00000085-d-1#3501,NA,NA,p.Gly52Thr,0.0598674829615832,54,0.0214198014830304
urn:mavedb:00000085-d-1#3502,NA,NA,p.Gly52Ser,0.0706371956511243,54,0.0123215754688499
urn:mavedb:00000085-d-1#3503,NA,NA,p.Gly52Arg,0.062825370816218,54,0.0105853826369854
urn:mavedb:00000085-d-1#3504,NA,NA,p.Gly52Gln,0.0570871943673745,54,0.017931292375914
urn:mavedb:00000085-d-1#3505,NA,NA,p.Gly52Pro,NA,54,NA
urn:mavedb:00000085-d-1#3506,NA,NA,p.Gly52Asn,0.132439764585273,54,0.0362363323325835
urn:mavedb:00000085-d-1#3507,NA,NA,p.Gly52Met,NA,54,NA
urn:mavedb:00000085-d-1#3508,NA,NA,p.Gly52Leu,0.0555289208840829,54,0.0185140116959677
urn:mavedb:00000085-d-1#3509,NA,NA,p.Gly52Ile,0.0387518437177588,54,0.0129203318992744
urn:mavedb:00000085-d-1#3510,NA,NA,p.Gly52His,NA,54,NA
urn:mavedb:00000085-d-1#3511,NA,NA,p.Gly52Glu,0.0662198822926367,54,0.0220785071229956
urn:mavedb:00000085-d-1#3512,NA,NA,p.Gly52Asp,0.0916666005014496,54,0.0152773451963192
urn:mavedb:00000085-d-1#3513,NA,NA,p.Gly52Cys,0.0384541729383859,54,0.00820713666712236
urn:mavedb:00000085-d-1#3514,NA,NA,p.Gly52Ala,0.0980660608130358,54,0.0197754778752349
urn:mavedb:00000085-d-1#3515,NA,NA,p.Ser51Thr,NA,53,NA
urn:mavedb:00000085-d-1#3516,NA,NA,p.Ser51Arg,NA,53,NA
urn:mavedb:00000085-d-1#3517,NA,NA,p.Ser51Asn,0.158010552104638,53,0.0471320250139773
urn:mavedb:00000085-d-1#3518,NA,NA,p.Ser51Ile,NA,53,NA
urn:mavedb:00000085-d-1#3519,NA,NA,p.Ser51Gly,0.12168838642133,53,0.040572375144314
urn:mavedb:00000085-d-1#3520,NA,NA,p.Ser51Cys,NA,53,NA
urn:mavedb:00000085-d-1#3521,NA,NA,p.Ser51Ala,NA,53,NA
urn:mavedb:00000085-d-1#3522,NA,NA,p.Asn50Tyr,0.975123659754888,52,0.27790328263790504
urn:mavedb:00000085-d-1#3523,NA,NA,p.Asn50Val,NA,52,NA
urn:mavedb:00000085-d-1#3524,NA,NA,p.Asn50Thr,1.3616859844179,52,0.290619772000533
urn:mavedb:00000085-d-1#3525,NA,NA,p.Asn50Ser,1.79931462707642,52,0.27047745623207603
urn:mavedb:00000085-d-1#3526,NA,NA,p.Asn50Arg,1.3542568736985299,52,0.33475787716166494
urn:mavedb:00000085-d-1#3527,NA,NA,p.Asn50Lys,0.965167794277019,52,0.22015787392187
urn:mavedb:00000085-d-1#3528,NA,NA,p.Asn50Ile,0.9954191879850942,52,0.253798294744245
urn:mavedb:00000085-d-1#3529,NA,NA,p.Asn50His,0.671142418440088,52,0.210808239295868
urn:mavedb:00000085-d-1#3530,NA,NA,p.Asn50Gly,2.03508639873236,52,0.332148605757833
urn:mavedb:00000085-d-1#3531,NA,NA,p.Leu49His,NA,51,NA
urn:mavedb:00000085-d-1#3532,NA,NA,p.Leu49Phe,0.521610818135324,51,0.128936639403324
urn:mavedb:00000085-d-1#3533,NA,NA,p.Leu49Cys,NA,51,NA
urn:mavedb:00000085-d-1#3534,NA,NA,p.Leu49Ala,NA,51,NA
urn:mavedb:00000085-d-1#3535,NA,NA,p.Asp48Tyr,NA,50,NA
urn:mavedb:00000085-d-1#3536,NA,NA,p.Asp48Val,0.0500069589021105,50,0.0166729229967593
urn:mavedb:00000085-d-1#3537,NA,NA,p.Asp48Ser,NA,50,NA
urn:mavedb:00000085-d-1#3538,NA,NA,p.Asp48Arg,NA,50,NA
urn:mavedb:00000085-d-1#3539,NA,NA,p.Asp48Gln,NA,50,NA
urn:mavedb:00000085-d-1#3540,NA,NA,p.Asp48Asn,0.110815585786926,50,0.024691242673892298
urn:mavedb:00000085-d-1#3541,NA,NA,p.Asp48Met,0.0662198822926367,50,0.0220785071229956
urn:mavedb:00000085-d-1#3542,NA,NA,p.Asp48Ile,NA,50,NA
urn:mavedb:00000085-d-1#3543,NA,NA,p.Asp48Gly,0.0662198822926367,50,0.0159060626448725
urn:mavedb:00000085-d-1#3544,NA,NA,p.Asp48Glu,0.470163832693936,50,0.0863624379783415
urn:mavedb:00000085-d-1#3545,NA,NA,p.Asp48Ala,0.12580689997257802,50,0.0249368516890295
urn:mavedb:00000085-d-1#3546,NA,NA,p.Leu47Trp,NA,49,NA
urn:mavedb:00000085-d-1#3547,NA,NA,p.Leu47Val,1.3997057793083,49,0.319277384011245
urn:mavedb:00000085-d-1#3548,NA,NA,p.Leu47Thr,0.21065212342820896,49,0.0753685714281069
urn:mavedb:00000085-d-1#3549,NA,NA,p.Leu47Ser,NA,49,NA
urn:mavedb:00000085-d-1#3550,NA,NA,p.Leu47Arg,0.0355228903431513,49,0.00853262342914084
urn:mavedb:00000085-d-1#3551,NA,NA,p.Leu47Gln,0.179293841602814,49,0.0534804904781286
urn:mavedb:00000085-d-1#3552,NA,NA,p.Leu47Pro,0.0387518437177588,49,0.0129203318992744
urn:mavedb:00000085-d-1#3553,NA,NA,p.Leu47Met,2.0933868931451003,49,0.44678408132019
urn:mavedb:00000085-d-1#3554,NA,NA,p.Leu47Ile,NA,49,NA
urn:mavedb:00000085-d-1#3555,NA,NA,p.Leu47His,0.0331099411463184,49,0.0118463033918439
urn:mavedb:00000085-d-1#3556,NA,NA,p.Leu47Gly,0.0415794189807984,49,0.0124024768559246
urn:mavedb:00000085-d-1#3557,NA,NA,p.Leu47Glu,0.0662198822926367,49,0.0236926067836878
urn:mavedb:00000085-d-1#3558,NA,NA,p.Leu47Ala,0.15450554680707698,49,0.0552800615111602
urn:mavedb:00000085-d-1#3559,NA,NA,p.Glu46Val,NA,48,NA
urn:mavedb:00000085-d-1#3560,NA,NA,p.Glu46Lys,0.11011222235858999,48,0.0345866437325205
urn:mavedb:00000085-d-1#3561,NA,NA,p.Glu46Gly,0.0568931641926983,48,0.0126765825726768
urn:mavedb:00000085-d-1#3562,NA,NA,p.Glu46Asp,0.0713164329473411,48,0.0176286627477061
urn:mavedb:00000085-d-1#3563,NA,NA,p.Glu46Ala,NA,48,NA
urn:mavedb:00000085-d-1#3564,NA,NA,p.Ile45Tyr,NA,47,NA
urn:mavedb:00000085-d-1#3565,NA,NA,p.Ile45Val,NA,47,NA
urn:mavedb:00000085-d-1#3566,NA,NA,p.Ile45Thr,NA,47,NA
urn:mavedb:00000085-d-1#3567,NA,NA,p.Ile45Ser,0.0602961513628928,47,0.0215731734239218
urn:mavedb:00000085-d-1#3568,NA,NA,p.Ile45Leu,NA,47,NA
urn:mavedb:00000085-d-1#3569,NA,NA,p.Ile45Phe,NA,47,NA
urn:mavedb:00000085-d-1#3570,NA,NA,p.Ile45Asp,NA,47,NA
urn:mavedb:00000085-d-1#3571,NA,NA,p.Tyr44Trp,0.0427899878089411,46,0.0134404885485566
urn:mavedb:00000085-d-1#3572,NA,NA,p.Tyr44Val,0.0640459846452852,46,0.00563013298557201
urn:mavedb:00000085-d-1#3573,NA,NA,p.Tyr44Thr,0.0365200478661683,46,0.002999930468627
urn:mavedb:00000085-d-1#3574,NA,NA,p.Tyr44Ser,0.0353075672713662,46,0.00336992441936575
urn:mavedb:00000085-d-1#3575,NA,NA,p.Tyr44Arg,0.0336537977097027,46,0.0034754074011859996
urn:mavedb:00000085-d-1#3576,NA,NA,p.Tyr44Gln,0.0359259863636594,46,0.00598749917847343
urn:mavedb:00000085-d-1#3577,NA,NA,p.Tyr44Pro,0.0356597670728378,46,0.00511693116192517
urn:mavedb:00000085-d-1#3578,NA,NA,p.Tyr44Asn,0.0343043716147649,46,0.00367226441815751
urn:mavedb:00000085-d-1#3579,NA,NA,p.Tyr44Met,0.130440057695176,46,0.0227532675984237
urn:mavedb:00000085-d-1#3580,NA,NA,p.Tyr44Leu,0.256763424423445,46,0.020670074786453
urn:mavedb:00000085-d-1#3581,NA,NA,p.Tyr44Lys,0.0378321164902653,46,0.00694922405081472
urn:mavedb:00000085-d-1#3582,NA,NA,p.Tyr44Ile,0.0666898833896971,46,0.0052102041697919
urn:mavedb:00000085-d-1#3583,NA,NA,p.Tyr44His,0.036399939276924,46,0.00298491424475115
urn:mavedb:00000085-d-1#3584,NA,NA,p.Tyr44Gly,0.0349594071696094,46,0.0034072469298122602
urn:mavedb:00000085-d-1#3585,NA,NA,p.Tyr44Phe,0.449986310261934,46,0.0804783771001646
urn:mavedb:00000085-d-1#3586,NA,NA,p.Tyr44Glu,0.0331099411463184,46,0.0039754670569946
urn:mavedb:00000085-d-1#3587,NA,NA,p.Tyr44Asp,0.0351195076964958,46,0.00269534520494774
urn:mavedb:00000085-d-1#3588,NA,NA,p.Tyr44Cys,0.0373522481600148,46,0.00478636263220759
urn:mavedb:00000085-d-1#3589,NA,NA,p.Tyr44Ala,0.0351477946608227,46,0.0037245917125761203
urn:mavedb:00000085-d-1#3590,NA,NA,p.Gly43Tyr,0.0331099411463184,45,0.00737735207513106
urn:mavedb:00000085-d-1#3591,NA,NA,p.Gly43Trp,0.0343597400186173,45,0.0041840031296482
urn:mavedb:00000085-d-1#3592,NA,NA,p.Gly43Val,0.0397456639019656,45,0.00282694089817799
urn:mavedb:00000085-d-1#3593,NA,NA,p.Gly43Thr,0.0379439477328205,45,0.0077905744148337
urn:mavedb:00000085-d-1#3594,NA,NA,p.Gly43Ser,0.0536528262198812,45,0.00590905699606833
urn:mavedb:00000085-d-1#3595,NA,NA,p.Gly43Arg,0.0359712150214631,45,0.00318857358456684
urn:mavedb:00000085-d-1#3596,NA,NA,p.Gly43Gln,0.0373382209180414,45,0.0111373951856148
urn:mavedb:00000085-d-1#3597,NA,NA,p.Gly43Pro,0.0331099411463184,45,0.00987616683527674
urn:mavedb:00000085-d-1#3598,NA,NA,p.Gly43Asn,0.0331099411463184,45,0.00818442485052254
urn:mavedb:00000085-d-1#3599,NA,NA,p.Gly43Met,0.0331099411463184,45,0.009059083083145871
urn:mavedb:00000085-d-1#3600,NA,NA,p.Gly43Leu,0.0347978988423431,45,0.0072808192042354
urn:mavedb:00000085-d-1#3601,NA,NA,p.Gly43Lys,0.0331099411463184,45,0.009436096889314141
urn:mavedb:00000085-d-1#3602,NA,NA,p.Gly43Ile,0.035096327238852004,45,0.00781994632490651
urn:mavedb:00000085-d-1#3603,NA,NA,p.Gly43His,0.0331099411463184,45,0.0118463033918439
urn:mavedb:00000085-d-1#3604,NA,NA,p.Gly43Glu,0.0340216352127973,45,0.00366725428581578
urn:mavedb:00000085-d-1#3605,NA,NA,p.Gly43Asp,0.0352147136447471,45,0.00308929425580137
urn:mavedb:00000085-d-1#3606,NA,NA,p.Gly43Cys,0.0426956103564876,45,0.00876617615043915
urn:mavedb:00000085-d-1#3607,NA,NA,p.Gly43Ala,0.0639713672343214,45,0.00347740780181908
urn:mavedb:00000085-d-1#3608,NA,NA,p.Val42Trp,NA,44,NA
urn:mavedb:00000085-d-1#3609,NA,NA,p.Val42Thr,0.0617023810647875,44,0.0193809390603907
urn:mavedb:00000085-d-1#3610,NA,NA,p.Val42Ser,0.19765173422052104,44,0.0707172024001238
urn:mavedb:00000085-d-1#3611,NA,NA,p.Val42Arg,0.0542519778815111,44,0.0161824988553665
urn:mavedb:00000085-d-1#3612,NA,NA,p.Val42Gln,NA,44,NA
urn:mavedb:00000085-d-1#3613,NA,NA,p.Val42Met,0.0528150197909539,44,0.013466047391511998
urn:mavedb:00000085-d-1#3614,NA,NA,p.Val42Leu,0.266817509948565,44,0.0397832081344146
urn:mavedb:00000085-d-1#3615,NA,NA,p.Val42Lys,NA,44,NA
urn:mavedb:00000085-d-1#3616,NA,NA,p.Val42Ile,NA,44,NA
urn:mavedb:00000085-d-1#3617,NA,NA,p.Val42Gly,0.715204934363396,44,0.182353118088395
urn:mavedb:00000085-d-1#3618,NA,NA,p.Val42Phe,NA,44,NA
urn:mavedb:00000085-d-1#3619,NA,NA,p.Val42Glu,0.0568937606882279,44,0.015566482063789
urn:mavedb:00000085-d-1#3620,NA,NA,p.Val42Asp,0.0331099411463184,44,0.0110392535614978
urn:mavedb:00000085-d-1#3621,NA,NA,p.Val42Cys,0.12168838642133,44,0.0310264312127914
urn:mavedb:00000085-d-1#3622,NA,NA,p.Val42Ala,0.0927400292166966,44,0.0202116888022753
urn:mavedb:00000085-d-1#3623,NA,NA,p.Arg41Tyr,0.128432655862192,43,0.0292959013183193
urn:mavedb:00000085-d-1#3624,NA,NA,p.Arg41Trp,0.0750015983632933,43,0.0113686545941654
urn:mavedb:00000085-d-1#3625,NA,NA,p.Arg41Val,0.146445891403879,43,0.0225832706826457
urn:mavedb:00000085-d-1#3626,NA,NA,p.Arg41Thr,0.25760423621261996,43,0.0285831987098784
urn:mavedb:00000085-d-1#3627,NA,NA,p.Arg41Ser,0.24101248320392396,43,0.0253715520148513
urn:mavedb:00000085-d-1#3628,NA,NA,p.Arg41Gln,0.33974828075805,43,0.056623151034325
urn:mavedb:00000085-d-1#3629,NA,NA,p.Arg41Pro,0.295170264779712,43,0.0752584546937826
urn:mavedb:00000085-d-1#3630,NA,NA,p.Arg41Asn,0.23225919040191603,43,0.0592182541528101
urn:mavedb:00000085-d-1#3631,NA,NA,p.Arg41Met,0.25258085652699697,43,0.053907429301297
urn:mavedb:00000085-d-1#3632,NA,NA,p.Arg41Leu,0.244005418985611,43,0.0314392635173007
urn:mavedb:00000085-d-1#3633,NA,NA,p.Arg41Lys,0.8727533823592909,43,0.175994784131151
urn:mavedb:00000085-d-1#3634,NA,NA,p.Arg41Ile,0.16558616796349498,43,0.0360877188103894
urn:mavedb:00000085-d-1#3635,NA,NA,p.Arg41His,1.9577497322367001,43,0.47025287279017003
urn:mavedb:00000085-d-1#3636,NA,NA,p.Arg41Gly,0.051152725109233,43,0.00452479752558863
urn:mavedb:00000085-d-1#3637,NA,NA,p.Arg41Phe,0.127857726562309,43,0.0307115165101585
urn:mavedb:00000085-d-1#3638,NA,NA,p.Arg41Glu,0.107024230198703,43,0.0150334680936318
urn:mavedb:00000085-d-1#3639,NA,NA,p.Arg41Asp,0.0749362473889445,43,0.0117657685115612
urn:mavedb:00000085-d-1#3640,NA,NA,p.Arg41Cys,0.06533331667576099,43,0.0120008050746914
urn:mavedb:00000085-d-1#3641,NA,NA,p.Arg41Ala,0.23176129582410898,43,0.0309154159746657
urn:mavedb:00000085-d-1#3642,NA,NA,p.Ala40Trp,0.11074630125900099,42,0.0315619053563104
urn:mavedb:00000085-d-1#3643,NA,NA,p.Ala40Val,0.19537254066183302,42,0.0164547197906781
urn:mavedb:00000085-d-1#3644,NA,NA,p.Ala40Thr,0.245618370911166,42,0.0203174454770947
urn:mavedb:00000085-d-1#3645,NA,NA,p.Ala40Ser,0.43124427944156496,42,0.0408498827024276
urn:mavedb:00000085-d-1#3646,NA,NA,p.Ala40Arg,0.0451057019506897,42,0.006725381438043829
urn:mavedb:00000085-d-1#3647,NA,NA,p.Ala40Gln,0.137111786124535,42,0.0221543299423347
urn:mavedb:00000085-d-1#3648,NA,NA,p.Ala40Pro,0.0533321287997929,42,0.008985875974249921
urn:mavedb:00000085-d-1#3649,NA,NA,p.Ala40Asn,0.235157905238547,42,0.0841364192746705
urn:mavedb:00000085-d-1#3650,NA,NA,p.Ala40Met,NA,42,NA
urn:mavedb:00000085-d-1#3651,NA,NA,p.Ala40Leu,0.123647323411367,42,0.0174900154342318
urn:mavedb:00000085-d-1#3652,NA,NA,p.Ala40Lys,0.0402402960693783,42,0.006567661325362829
urn:mavedb:00000085-d-1#3653,NA,NA,p.Ala40Ile,0.12439557365756801,42,0.037105213614936
urn:mavedb:00000085-d-1#3654,NA,NA,p.Ala40His,0.0644752524907762,42,0.0107455789080544
urn:mavedb:00000085-d-1#3655,NA,NA,p.Ala40Gly,2.1063577945747802,42,0.13947153251493
urn:mavedb:00000085-d-1#3656,NA,NA,p.Ala40Glu,0.33347333283370895,42,0.0374271660454407
urn:mavedb:00000085-d-1#3657,NA,NA,p.Ala40Asp,0.24758851303232698,42,0.0490758299484388
urn:mavedb:00000085-d-1#3658,NA,NA,p.Ala40Cys,0.478866025867856,42,0.0634954186656642
urn:mavedb:00000085-d-1#3659,NA,NA,p.Gly39Tyr,0.132439764585273,41,0.0441570142459912
urn:mavedb:00000085-d-1#3660,NA,NA,p.Gly39Trp,NA,41,NA
urn:mavedb:00000085-d-1#3661,NA,NA,p.Gly39Val,0.278233198598659,41,0.0474080881322002
urn:mavedb:00000085-d-1#3662,NA,NA,p.Gly39Ser,0.668165764039024,41,0.10490895902793
urn:mavedb:00000085-d-1#3663,NA,NA,p.Gly39Arg,0.7262501811608951,41,0.149112214679404
urn:mavedb:00000085-d-1#3664,NA,NA,p.Gly39Leu,NA,41,NA
urn:mavedb:00000085-d-1#3665,NA,NA,p.Ser68Leu,0.0331099411463184,70,0.0118463033918439
urn:mavedb:00000085-d-1#3666,NA,NA,p.Ser68Lys,NA,70,NA
urn:mavedb:00000085-d-1#3667,NA,NA,p.Ser68Ile,0.0465449944876516,70,0.0127349961241199
urn:mavedb:00000085-d-1#3668,NA,NA,p.Ser68His,0.0331099411463184,70,0.0110392535614978
urn:mavedb:00000085-d-1#3669,NA,NA,p.Ser68Gly,0.0451056057779704,70,0.00828526103157601
urn:mavedb:00000085-d-1#3670,NA,NA,p.Ser68Phe,NA,70,NA
urn:mavedb:00000085-d-1#3671,NA,NA,p.Ser68Glu,NA,70,NA
urn:mavedb:00000085-d-1#3672,NA,NA,p.Ser68Asp,NA,70,NA
urn:mavedb:00000085-d-1#3673,NA,NA,p.Ser68Cys,0.0352207137589963,70,0.00803395793474417
urn:mavedb:00000085-d-1#3674,NA,NA,p.Ser68Ala,0.0331099411463184,70,0.009436096889314141
urn:mavedb:00000085-d-1#3675,NA,NA,p.Met67Tyr,0.0331099411463184,69,0.0118463033918439
urn:mavedb:00000085-d-1#3676,NA,NA,p.Met67Val,0.108977416789845,69,0.0363343846219399
urn:mavedb:00000085-d-1#3677,NA,NA,p.Met67Thr,0.264824148466561,69,0.0408382602665702
urn:mavedb:00000085-d-1#3678,NA,NA,p.Met67Ser,0.0709511126876724,69,0.0170425075379364
urn:mavedb:00000085-d-1#3679,NA,NA,p.Met67Arg,0.0331099411463184,69,0.00987616683527674
urn:mavedb:00000085-d-1#3680,NA,NA,p.Met67Gln,NA,69,NA
urn:mavedb:00000085-d-1#3681,NA,NA,p.Met67Asn,NA,69,NA
urn:mavedb:00000085-d-1#3682,NA,NA,p.Met67Leu,0.5297590583410939,69,0.14494532933033402
urn:mavedb:00000085-d-1#3683,NA,NA,p.Met67Lys,0.0331099411463184,69,0.0103999511943653
urn:mavedb:00000085-d-1#3684,NA,NA,p.Met67Ile,0.0444016917624735,69,0.0113209327176885
urn:mavedb:00000085-d-1#3685,NA,NA,p.Met67His,0.132439764585273,69,0.0362363323325835
urn:mavedb:00000085-d-1#3686,NA,NA,p.Met67Asp,NA,69,NA
urn:mavedb:00000085-d-1#3687,NA,NA,p.Met67Cys,NA,69,NA
urn:mavedb:00000085-d-1#3688,NA,NA,p.Met67Ala,NA,69,NA
urn:mavedb:00000085-d-1#3689,NA,NA,p.Met66Trp,NA,68,NA
urn:mavedb:00000085-d-1#3690,NA,NA,p.Met66Val,0.359410960751234,68,0.0783297412367309
urn:mavedb:00000085-d-1#3691,NA,NA,p.Met66Thr,0.0511190469239782,68,0.0119553216439778
urn:mavedb:00000085-d-1#3692,NA,NA,p.Met66Ser,0.0533321287997929,68,0.0190815373395943
urn:mavedb:00000085-d-1#3693,NA,NA,p.Met66Arg,0.0359259863636594,68,0.00915991391984126
urn:mavedb:00000085-d-1#3694,NA,NA,p.Met66Gln,NA,68,NA
urn:mavedb:00000085-d-1#3695,NA,NA,p.Met66Pro,NA,68,NA
urn:mavedb:00000085-d-1#3696,NA,NA,p.Met66Asn,NA,68,NA
urn:mavedb:00000085-d-1#3697,NA,NA,p.Met66Leu,0.485561114454796,68,0.0827346421044711
urn:mavedb:00000085-d-1#3698,NA,NA,p.Met66Lys,NA,68,NA
urn:mavedb:00000085-d-1#3699,NA,NA,p.Met66Ile,0.287582504288788,68,0.0560720642528882
urn:mavedb:00000085-d-1#3700,NA,NA,p.Met66Gly,0.0331099411463184,68,0.009436096889314141
urn:mavedb:00000085-d-1#3701,NA,NA,p.Met66Phe,0.11966147149455199,68,0.0375860971147527
urn:mavedb:00000085-d-1#3702,NA,NA,p.Met66Glu,NA,68,NA
urn:mavedb:00000085-d-1#3703,NA,NA,p.Met66Cys,0.0721440983832941,68,0.0157230278851513
urn:mavedb:00000085-d-1#3704,NA,NA,p.Met66Ala,0.0630683050963603,68,0.0172558753051317
urn:mavedb:00000085-d-1#3705,NA,NA,p.Pro65Tyr,0.0398830836504292,67,0.014269645090498998
urn:mavedb:00000085-d-1#3706,NA,NA,p.Pro65Val,0.0635970649017102,67,0.012399984895753
urn:mavedb:00000085-d-1#3707,NA,NA,p.Pro65Thr,0.0677091877716314,67,0.00836628831169459
urn:mavedb:00000085-d-1#3708,NA,NA,p.Pro65Ser,0.10814922541249002,67,0.0156334904690187
urn:mavedb:00000085-d-1#3709,NA,NA,p.Pro65Arg,0.0550177982132481,67,0.00767547870137413
urn:mavedb:00000085-d-1#3710,NA,NA,p.Pro65Gln,0.0544164627906341,67,0.0116139111294811
urn:mavedb:00000085-d-1#3711,NA,NA,p.Pro65Asn,0.132439764585273,67,0.0441570142459912
urn:mavedb:00000085-d-1#3712,NA,NA,p.Pro65Met,0.0662198822926367,67,0.0220785071229956
urn:mavedb:00000085-d-1#3713,NA,NA,p.Pro65Leu,0.0682249222916399,67,0.00993663244126651
urn:mavedb:00000085-d-1#3714,NA,NA,p.Gly39Phe,NA,41,NA
urn:mavedb:00000085-d-1#3715,NA,NA,p.Gly39Glu,NA,41,NA
urn:mavedb:00000085-d-1#3716,NA,NA,p.Gly39Asp,0.49736304038322204,41,0.0659480371795575
urn:mavedb:00000085-d-1#3717,NA,NA,p.Gly39Cys,0.574126047927581,41,0.17125263402775198
urn:mavedb:00000085-d-1#3718,NA,NA,p.Gly39Ala,0.7114846288020641,41,0.14102713500872002
urn:mavedb:00000085-d-1#3719,NA,NA,p.Leu38Tyr,0.242764408790699,40,0.0507939797640138
urn:mavedb:00000085-d-1#3720,NA,NA,p.Leu38Trp,0.142848194675332,40,0.0288060037274768
urn:mavedb:00000085-d-1#3721,NA,NA,p.Leu38Val,0.10767274445746002,40,0.0173976109124611
urn:mavedb:00000085-d-1#3722,NA,NA,p.Leu38Thr,0.261068344165834,40,0.050104561447152
urn:mavedb:00000085-d-1#3723,NA,NA,p.Leu38Ser,0.23578998254035302,40,0.0357407698870786
urn:mavedb:00000085-d-1#3724,NA,NA,p.Leu38Arg,0.0644752524907762,40,0.0140516856615037
urn:mavedb:00000085-d-1#3725,NA,NA,p.Leu38Gln,0.10077991921431098,40,0.0360577354560171
urn:mavedb:00000085-d-1#3726,NA,NA,p.Leu38Pro,0.132439764585273,40,0.031812125289745
urn:mavedb:00000085-d-1#3727,NA,NA,p.Leu38Asn,0.11074630125900099,40,0.0369241520301547
urn:mavedb:00000085-d-1#3728,NA,NA,p.Leu38Met,0.282677897604116,40,0.0629845388509637
urn:mavedb:00000085-d-1#3729,NA,NA,p.Leu38Lys,NA,40,NA
urn:mavedb:00000085-d-1#3730,NA,NA,p.Leu38Ile,0.22966985737363602,40,0.049017616652531
urn:mavedb:00000085-d-1#3731,NA,NA,p.Leu38His,0.12323685503904902,40,0.0387091379017957
urn:mavedb:00000085-d-1#3732,NA,NA,p.Leu38Gly,0.132439764585273,40,0.0288638178082676
urn:mavedb:00000085-d-1#3733,NA,NA,p.Leu38Phe,0.12876797741569598,40,0.0269423268084775
urn:mavedb:00000085-d-1#3734,NA,NA,p.Leu38Glu,0.12252267037500501,40,0.0302862993243669
urn:mavedb:00000085-d-1#3735,NA,NA,p.Leu38Asp,0.143718993483014,40,0.0393223985761597
urn:mavedb:00000085-d-1#3736,NA,NA,p.Leu38Cys,0.106954737585172,40,0.0215679209425934
urn:mavedb:00000085-d-1#3737,NA,NA,p.Leu38Ala,0.132439764585273,40,0.0288638178082676
urn:mavedb:00000085-d-1#3738,NA,NA,p.Gln37Trp,NA,39,NA
urn:mavedb:00000085-d-1#3739,NA,NA,p.Gln37Thr,1.93382407449047,39,0.6447602611943299
urn:mavedb:00000085-d-1#3740,NA,NA,p.Gln37Ser,NA,39,NA
urn:mavedb:00000085-d-1#3741,NA,NA,p.Gln37Arg,0.879092286497259,39,0.20559520711417603
urn:mavedb:00000085-d-1#3742,NA,NA,p.Gln37Pro,0.0773045511558632,39,0.0257742693620657
urn:mavedb:00000085-d-1#3743,NA,NA,p.Gln37Asn,NA,39,NA
urn:mavedb:00000085-d-1#3744,NA,NA,p.Gln37Met,NA,39,NA
urn:mavedb:00000085-d-1#3745,NA,NA,p.Gln37Leu,0.6859082870390479,39,0.164755656527245
urn:mavedb:00000085-d-1#3746,NA,NA,p.Gln37Lys,NA,39,NA
urn:mavedb:00000085-d-1#3747,NA,NA,p.Gln37His,0.8057295883541741,39,0.24033627252730702
urn:mavedb:00000085-d-1#3748,NA,NA,p.Gln37Glu,0.5297590583410939,39,0.16639921910984498
urn:mavedb:00000085-d-1#3749,NA,NA,p.Gln37Ala,1.05951811668219,39,0.37908170853900497
urn:mavedb:00000085-d-1#3750,NA,NA,p.Asp36Tyr,NA,38,NA
urn:mavedb:00000085-d-1#3751,NA,NA,p.Asp36Val,0.7874877270406221,38,0.22442838115184502
urn:mavedb:00000085-d-1#3752,NA,NA,p.Asp36Ser,1.05951811668219,38,0.33279843821968896
urn:mavedb:00000085-d-1#3753,NA,NA,p.Asp36Arg,NA,38,NA
urn:mavedb:00000085-d-1#3754,NA,NA,p.Asp36Pro,NA,38,NA
urn:mavedb:00000085-d-1#3755,NA,NA,p.Asp36Asn,0.5506221686042111,38,0.156923387733999
urn:mavedb:00000085-d-1#3756,NA,NA,p.Asp36Ile,NA,38,NA
urn:mavedb:00000085-d-1#3757,NA,NA,p.Asp36Gly,1.36567124934793,38,0.275393967621614
urn:mavedb:00000085-d-1#3758,NA,NA,p.Asp36Glu,1.7673465849618102,38,0.483556871307318
urn:mavedb:00000085-d-1#3759,NA,NA,p.Asp36Ala,1.05951811668219,38,0.37908170853900497
urn:mavedb:00000085-d-1#3760,NA,NA,p.Glu35Val,0.0398830836504292,37,0.014269645090498998
urn:mavedb:00000085-d-1#3761,NA,NA,p.Glu35Arg,NA,37,NA
urn:mavedb:00000085-d-1#3762,NA,NA,p.Glu35Lys,0.0331099411463184,37,0.0118463033918439
urn:mavedb:00000085-d-1#3763,NA,NA,p.Glu35Gly,0.0444016917624735,37,0.0126541652148708
urn:mavedb:00000085-d-1#3764,NA,NA,p.Glu35Asp,0.0589863970595554,37,0.011894881677923
urn:mavedb:00000085-d-1#3765,NA,NA,p.Glu35Ala,0.060939709230967996,37,0.0203180337648956
urn:mavedb:00000085-d-1#3766,NA,NA,p.Ala34Tyr,NA,36,NA
urn:mavedb:00000085-d-1#3767,NA,NA,p.Ala34Val,0.488241973748551,36,0.11136956240900801
urn:mavedb:00000085-d-1#3768,NA,NA,p.Ala34Thr,NA,36,NA
urn:mavedb:00000085-d-1#3769,NA,NA,p.Ala34Ser,NA,36,NA
urn:mavedb:00000085-d-1#3770,NA,NA,p.Ala34Leu,NA,36,NA
urn:mavedb:00000085-d-1#3771,NA,NA,p.Ala34Gly,0.0662198822926367,36,0.0163688497010451
urn:mavedb:00000085-d-1#3772,NA,NA,p.Ala34Glu,NA,36,NA
urn:mavedb:00000085-d-1#3773,NA,NA,p.Ala34Asp,NA,36,NA
urn:mavedb:00000085-d-1#3774,NA,NA,p.Asp33Tyr,1.30946985878376,35,0.46851116892885997
urn:mavedb:00000085-d-1#3775,NA,NA,p.Asp33Trp,NA,35,NA
urn:mavedb:00000085-d-1#3776,NA,NA,p.Asp33Val,0.5297590583410939,35,0.11803763320209698
urn:mavedb:00000085-d-1#3777,NA,NA,p.Asp33Ser,NA,35,NA
urn:mavedb:00000085-d-1#3778,NA,NA,p.Asp33Arg,NA,35,NA
urn:mavedb:00000085-d-1#3779,NA,NA,p.Asp33Asn,0.7759265054270109,35,0.243721296609813
urn:mavedb:00000085-d-1#3780,NA,NA,p.Asp33His,NA,35,NA
urn:mavedb:00000085-d-1#3781,NA,NA,p.Asp33Gly,0.5648905538404909,35,0.11819294065216301
urn:mavedb:00000085-d-1#3782,NA,NA,p.Asp33Glu,1.33757503887479,35,0.29151004872188596
urn:mavedb:00000085-d-1#3783,NA,NA,p.Asp33Ala,1.6758288295122798,35,0.52638384224298
urn:mavedb:00000085-d-1#3784,NA,NA,p.Lys32Thr,0.6498569521277621,34,0.232510308072851
urn:mavedb:00000085-d-1#3785,NA,NA,p.Lys32Arg,0.8586305376271371,34,0.269698929570788
urn:mavedb:00000085-d-1#3786,NA,NA,p.Lys32Gln,1.37338327382617,34,0.39140442988761404
urn:mavedb:00000085-d-1#3787,NA,NA,p.Lys32Asn,0.196622708822429,34,0.0703490305870168
urn:mavedb:00000085-d-1#3788,NA,NA,p.Lys32Ile,0.47410808396157794,34,0.0939754733396721
urn:mavedb:00000085-d-1#3789,NA,NA,p.Lys32His,NA,34,NA
urn:mavedb:00000085-d-1#3790,NA,NA,p.Lys32Gly,NA,34,NA
urn:mavedb:00000085-d-1#3791,NA,NA,p.Lys32Glu,NA,34,NA
urn:mavedb:00000085-d-1#3792,NA,NA,p.Val31Thr,NA,33,NA
urn:mavedb:00000085-d-1#3793,NA,NA,p.Val31Ser,NA,33,NA
urn:mavedb:00000085-d-1#3794,NA,NA,p.Val31Arg,NA,33,NA
urn:mavedb:00000085-d-1#3795,NA,NA,p.Val31Met,NA,33,NA
urn:mavedb:00000085-d-1#3796,NA,NA,p.Leu28Thr,NA,30,NA
urn:mavedb:00000085-d-1#3797,NA,NA,p.Leu28Ser,NA,30,NA
urn:mavedb:00000085-d-1#3798,NA,NA,p.Leu28Arg,0.193742503413617,30,0.0693185308059137
urn:mavedb:00000085-d-1#3799,NA,NA,p.Leu28Gln,0.11074630125900099,30,0.0369241520301547
urn:mavedb:00000085-d-1#3800,NA,NA,p.Leu28Met,0.5297590583410939,30,0.15801866936442802
urn:mavedb:00000085-d-1#3801,NA,NA,p.Leu28His,NA,30,NA
urn:mavedb:00000085-d-1#3802,NA,NA,p.Leu28Gly,NA,30,NA
urn:mavedb:00000085-d-1#3803,NA,NA,p.Leu28Ala,NA,30,NA
urn:mavedb:00000085-d-1#3804,NA,NA,p.Thr27Val,NA,29,NA
urn:mavedb:00000085-d-1#3805,NA,NA,p.Thr27Ser,NA,29,NA
urn:mavedb:00000085-d-1#3806,NA,NA,p.Thr27Arg,NA,29,NA
urn:mavedb:00000085-d-1#3807,NA,NA,p.Thr27Pro,1.4070606846796399,29,0.503427888554372
urn:mavedb:00000085-d-1#3808,NA,NA,p.Thr27Met,0.084898763019218,29,0.030375665721464
urn:mavedb:00000085-d-1#3809,NA,NA,p.Thr27Leu,0.15096464133058402,29,0.0503334314943113
urn:mavedb:00000085-d-1#3810,NA,NA,p.Thr27Gly,NA,29,NA
urn:mavedb:00000085-d-1#3811,NA,NA,p.Thr27Asp,NA,29,NA
urn:mavedb:00000085-d-1#3812,NA,NA,p.Thr27Ala,0.0601743610790823,29,0.0123548778095688
urn:mavedb:00000085-d-1#3813,NA,NA,p.Glu26Arg,NA,28,NA
urn:mavedb:00000085-d-1#3814,NA,NA,p.Glu26Gln,NA,28,NA
urn:mavedb:00000085-d-1#3815,NA,NA,p.Glu26Lys,0.37868426921377396,28,0.107922313693319
urn:mavedb:00000085-d-1#3816,NA,NA,p.Glu26Gly,NA,28,NA
urn:mavedb:00000085-d-1#3817,NA,NA,p.Glu26Asp,NA,28,NA
urn:mavedb:00000085-d-1#3818,NA,NA,p.Pro25Tyr,NA,27,NA
urn:mavedb:00000085-d-1#3819,NA,NA,p.Pro25Val,0.49742835034711397,27,0.13117086983805198
urn:mavedb:00000085-d-1#3820,NA,NA,p.Pro25Thr,0.28159431415563696,27,0.0884497834317362
urn:mavedb:00000085-d-1#3821,NA,NA,p.Pro25Ser,0.243499602761756,27,0.0491028289208441
urn:mavedb:00000085-d-1#3822,NA,NA,p.Pro25Arg,0.25049722236127603,27,0.0747193221782114
urn:mavedb:00000085-d-1#3823,NA,NA,p.Pro25Gln,0.475847111315045,27,0.103705744030861
urn:mavedb:00000085-d-1#3824,NA,NA,p.Pro25Asn,0.26487952917054697,27,0.0947704271347512
urn:mavedb:00000085-d-1#3825,NA,NA,p.Pro25Leu,0.243194304864788,27,0.0499321615835478
urn:mavedb:00000085-d-1#3826,NA,NA,p.Pro25Lys,NA,27,NA
urn:mavedb:00000085-d-1#3827,NA,NA,p.Pro25His,0.42041205637700296,27,0.15041792878525698
urn:mavedb:00000085-d-1#3828,NA,NA,p.Pro25Gly,NA,27,NA
urn:mavedb:00000085-d-1#3829,NA,NA,p.Pro25Asp,NA,27,NA
urn:mavedb:00000085-d-1#3830,NA,NA,p.Pro25Ala,0.44395262899817994,27,0.12652333034903
urn:mavedb:00000085-d-1#3831,NA,NA,p.His24Tyr,0.12305555851195801,26,0.0232612143952854
urn:mavedb:00000085-d-1#3832,NA,NA,p.His24Val,0.26487952917054697,26,0.0724726646651669
urn:mavedb:00000085-d-1#3833,NA,NA,p.His24Thr,0.337866114251201,26,0.0693699855338964
urn:mavedb:00000085-d-1#3834,NA,NA,p.His24Ser,0.6959600727927429,26,0.13569642567648
urn:mavedb:00000085-d-1#3835,NA,NA,p.His24Arg,0.255646545831905,26,0.0435595537719197
urn:mavedb:00000085-d-1#3836,NA,NA,p.His24Gln,0.24634800206981397,26,0.04882994170306
urn:mavedb:00000085-d-1#3837,NA,NA,p.His24Pro,0.9225085619435409,26,0.17704899104145397
urn:mavedb:00000085-d-1#3838,NA,NA,p.His24Asn,0.296313870864517,26,0.0930732489552339
urn:mavedb:00000085-d-1#3839,NA,NA,p.His24Leu,0.132439764585273,26,0.0309739730950841
urn:mavedb:00000085-d-1#3840,NA,NA,p.His24Ile,0.132439764585273,26,0.0473852135673756
urn:mavedb:00000085-d-1#3841,NA,NA,p.His24Glu,NA,26,NA
urn:mavedb:00000085-d-1#3842,NA,NA,p.His24Asp,0.24482611432995602,26,0.08759557788949499
urn:mavedb:00000085-d-1#3843,NA,NA,p.His24Ala,0.45057272495986794,26,0.10537641397950301
urn:mavedb:00000085-d-1#3844,NA,NA,p.Ala23Val,1.09354112400683,25,0.238325489840767
urn:mavedb:00000085-d-1#3845,NA,NA,p.Ala23Thr,0.114980822167074,25,0.0411386325821441
urn:mavedb:00000085-d-1#3846,NA,NA,p.Ala23Ser,NA,25,NA
urn:mavedb:00000085-d-1#3847,NA,NA,p.Ala23Pro,NA,25,NA
urn:mavedb:00000085-d-1#3848,NA,NA,p.Ala23Gly,1.05951811668219,25,0.30195510045805296
urn:mavedb:00000085-d-1#3849,NA,NA,p.Ala23Asp,NA,25,NA
urn:mavedb:00000085-d-1#3850,NA,NA,p.Phe22Tyr,1.37343988464564,24,0.321209345002564
urn:mavedb:00000085-d-1#3851,NA,NA,p.Phe22Trp,NA,24,NA
urn:mavedb:00000085-d-1#3852,NA,NA,p.Phe22Val,0.69398594449422,24,0.20700492757970804
urn:mavedb:00000085-d-1#3853,NA,NA,p.Phe22Ser,1.05951811668219,24,0.30195510045805296
urn:mavedb:00000085-d-1#3854,NA,NA,p.Phe22Arg,NA,24,NA
urn:mavedb:00000085-d-1#3855,NA,NA,p.Phe22Gln,NA,24,NA
urn:mavedb:00000085-d-1#3856,NA,NA,p.Phe22Asn,0.913527058940324,24,0.326848019724411
urn:mavedb:00000085-d-1#3857,NA,NA,p.Phe22Leu,1.5941598825649599,24,0.245833760129822
urn:mavedb:00000085-d-1#3858,NA,NA,p.Phe22Ile,0.4739157367214579,24,0.158009220292255
urn:mavedb:00000085-d-1#3859,NA,NA,p.Phe22Glu,0.67773213117255,24,0.202156674562136
urn:mavedb:00000085-d-1#3860,NA,NA,p.Phe22Asp,1.45486362692876,24,0.359626795159106
urn:mavedb:00000085-d-1#3861,NA,NA,p.Phe22Cys,0.925725545304894,24,0.24411199105200398
urn:mavedb:00000085-d-1#3862,NA,NA,p.Phe22Ala,0.738289048973504,24,0.246154469960507
urn:mavedb:00000085-d-1#3863,NA,NA,p.Val21Thr,0.5229846408998761,23,0.155997968797018
urn:mavedb:00000085-d-1#3864,NA,NA,p.Val21Ser,1.81574328066776,23,0.359908088548666
urn:mavedb:00000085-d-1#3865,NA,NA,p.Val21Arg,1.82275320964691,23,0.572533316683603
urn:mavedb:00000085-d-1#3866,NA,NA,p.Val21Gln,0.0533321287997929,23,0.0190815373395943
urn:mavedb:00000085-d-1#3867,NA,NA,p.Val21Asn,NA,23,NA
urn:mavedb:00000085-d-1#3868,NA,NA,p.Val21Met,NA,23,NA
urn:mavedb:00000085-d-1#3869,NA,NA,p.Val21Leu,0.37850064177466,23,0.0965048881933444
urn:mavedb:00000085-d-1#3870,NA,NA,p.Val21Ile,0.43918829513523705,23,0.0775567524634784
urn:mavedb:00000085-d-1#3871,NA,NA,p.Val21His,NA,23,NA
urn:mavedb:00000085-d-1#3872,NA,NA,p.Val21Gly,0.516042520955408,23,0.0644075029192531
urn:mavedb:00000085-d-1#3873,NA,NA,p.Val21Glu,0.0331099411463184,23,0.0118463033918439
urn:mavedb:00000085-d-1#3874,NA,NA,p.Val21Asp,0.0566207022376019,23,0.0101264018980964
urn:mavedb:00000085-d-1#3875,NA,NA,p.Val21Cys,0.975123659754888,23,0.27790328263790504
urn:mavedb:00000085-d-1#3876,NA,NA,p.Val21Ala,1.4671736586639101,23,0.21052932282588002
urn:mavedb:00000085-d-1#3877,NA,NA,p.Pro20Tyr,0.0662198822926367,22,0.0188721937786283
urn:mavedb:00000085-d-1#3878,NA,NA,p.Pro20Val,NA,22,NA
urn:mavedb:00000085-d-1#3879,NA,NA,p.Pro20Thr,0.289111544990085,22,0.0403336661582074
urn:mavedb:00000085-d-1#3880,NA,NA,p.Pro20Ser,0.58737575614443,22,0.112729885962779
urn:mavedb:00000085-d-1#3881,NA,NA,p.Pro20Arg,1.06030794971366,22,0.171323070192529
urn:mavedb:00000085-d-1#3882,NA,NA,p.Pro20Gln,0.8809930554937241,22,0.262786163174552
urn:mavedb:00000085-d-1#3883,NA,NA,p.Pro20Asn,0.913527058940324,22,0.326848019724411
urn:mavedb:00000085-d-1#3884,NA,NA,p.Pro20Leu,0.0762174965761249,22,0.0128418082441805
urn:mavedb:00000085-d-1#3885,NA,NA,p.Pro20Lys,NA,22,NA
urn:mavedb:00000085-d-1#3886,NA,NA,p.Pro20Ile,NA,22,NA
urn:mavedb:00000085-d-1#3887,NA,NA,p.Pro20His,0.30242401280513,22,0.0540874093092053
urn:mavedb:00000085-d-1#3888,NA,NA,p.Pro20Gly,NA,22,NA
urn:mavedb:00000085-d-1#3889,NA,NA,p.Pro20Phe,0.0466515919504214,22,0.016691328731602
urn:mavedb:00000085-d-1#3890,NA,NA,p.Pro20Asp,1.8028359126297502,22,0.6010872287976589
urn:mavedb:00000085-d-1#3891,NA,NA,p.Pro20Cys,NA,22,NA
urn:mavedb:00000085-d-1#3892,NA,NA,p.Pro20Ala,0.142446599890662,22,0.0230163216623488
urn:mavedb:00000085-d-1#3893,NA,NA,p.Leu19Tyr,1.63046548857255,21,0.583359202065786
urn:mavedb:00000085-d-1#3894,NA,NA,p.Leu19Trp,2.01778453419651,21,0.5750541893836939
urn:mavedb:00000085-d-1#3895,NA,NA,p.Leu19Val,1.9088694587967399,21,0.268134870491007
urn:mavedb:00000085-d-1#3896,NA,NA,p.Leu19Thr,1.73080379766753,21,0.313635813524594
urn:mavedb:00000085-d-1#3897,NA,NA,p.Leu19Ser,1.93894569138816,21,0.31645737912448807
urn:mavedb:00000085-d-1#3898,NA,NA,p.Leu19Arg,0.29110979735195397,21,0.0408915798049559
urn:mavedb:00000085-d-1#3899,NA,NA,p.Leu19Gln,1.9891271615345099,21,0.38783467125220594
urn:mavedb:00000085-d-1#3900,NA,NA,p.Leu19Pro,1.1454838698538998,21,0.230992157092161
urn:mavedb:00000085-d-1#3901,NA,NA,p.Leu19Asn,1.5137257959613601,21,0.54159126866985
urn:mavedb:00000085-d-1#3902,NA,NA,p.Leu19Met,1.86313333428994,21,0.666604710649282
urn:mavedb:00000085-d-1#3903,NA,NA,p.Leu19Lys,0.521610818135324,21,0.128936639403324
urn:mavedb:00000085-d-1#3904,NA,NA,p.Leu19Ile,1.88436657792763,21,0.23762851343888
urn:mavedb:00000085-d-1#3905,NA,NA,p.Leu19His,1.83968086695189,21,0.320904113361217
urn:mavedb:00000085-d-1#3906,NA,NA,p.Leu19Gly,1.18750322966058,21,0.24381575537866199
urn:mavedb:00000085-d-1#3907,NA,NA,p.Leu19Phe,1.5287054878846598,21,0.31387071122883503
urn:mavedb:00000085-d-1#3908,NA,NA,p.Leu19Glu,0.500002256247641,21,0.0991080943171263
urn:mavedb:00000085-d-1#3909,NA,NA,p.Leu19Asp,0.6185516895837819,21,0.163110854268526
urn:mavedb:00000085-d-1#3910,NA,NA,p.Leu19Cys,1.6784283229194998,21,0.4148896071792229
urn:mavedb:00000085-d-1#3911,NA,NA,p.Leu19Ala,1.70038279428091,21,0.34911914769190006
urn:mavedb:00000085-d-1#3912,NA,NA,p.Cys18Tyr,0.5297590583410939,20,0.16639921910984498
urn:mavedb:00000085-d-1#3913,NA,NA,p.Cys18Trp,0.6262210757481489,20,0.105511350208021
urn:mavedb:00000085-d-1#3914,NA,NA,p.Cys18Val,0.738289048973504,20,0.246154469960507
urn:mavedb:00000085-d-1#3915,NA,NA,p.Cys18Ser,0.79164769586629,20,0.216599667687152
urn:mavedb:00000085-d-1#3916,NA,NA,p.Cys18Arg,0.0331099411463184,20,0.0110392535614978
urn:mavedb:00000085-d-1#3917,NA,NA,p.Cys18Met,NA,20,NA
urn:mavedb:00000085-d-1#3918,NA,NA,p.Cys18Leu,0.129690207092963,20,0.0320580380711154
urn:mavedb:00000085-d-1#3919,NA,NA,p.Cys18Ile,0.5297590583410939,20,0.16639921910984498
urn:mavedb:00000085-d-1#3920,NA,NA,p.Cys18Gly,0.5210200784781571,20,0.17371437573791698
urn:mavedb:00000085-d-1#3921,NA,NA,p.Cys18Phe,0.12323685503904902,20,0.0387091379017957
urn:mavedb:00000085-d-1#3922,NA,NA,p.Cys18Asp,NA,20,NA
urn:mavedb:00000085-d-1#3923,NA,NA,p.Cys18Ala,1.05951811668219,20,0.31603733872885603
urn:mavedb:00000085-d-1#3924,NA,NA,p.Phe17Tyr,0.392160846064739,19,0.123179127422514
urn:mavedb:00000085-d-1#3925,NA,NA,p.Phe17Trp,NA,19,NA
urn:mavedb:00000085-d-1#3926,NA,NA,p.Phe17Val,0.630186491421231,19,0.147383072533316
urn:mavedb:00000085-d-1#3927,NA,NA,p.Phe17Thr,NA,19,NA
urn:mavedb:00000085-d-1#3928,NA,NA,p.Phe17Ser,0.5160510727747101,19,0.162093491708112
urn:mavedb:00000085-d-1#3929,NA,NA,p.Phe17Arg,NA,19,NA
urn:mavedb:00000085-d-1#3930,NA,NA,p.Asn50Phe,NA,52,NA
urn:mavedb:00000085-d-1#3931,NA,NA,p.Asn50Asp,1.86384120755656,52,0.24425518666569895
urn:mavedb:00000085-d-1#3932,NA,NA,p.Asn50Cys,0.5297590583410939,52,0.18954085426950198
urn:mavedb:00000085-d-1#3933,NA,NA,p.Asn50Ala,2.09182384552997,52,0.45589043859626793
urn:mavedb:00000085-d-1#3934,NA,NA,p.Leu49Tyr,NA,51,NA
urn:mavedb:00000085-d-1#3935,NA,NA,p.Leu49Val,0.35988193777514504,51,0.0864438964375215
urn:mavedb:00000085-d-1#3936,NA,NA,p.Leu49Thr,NA,51,NA
urn:mavedb:00000085-d-1#3937,NA,NA,p.Leu49Ser,0.0570871943673745,51,0.017931292375914
urn:mavedb:00000085-d-1#3938,NA,NA,p.Leu49Arg,0.0379439477328205,51,0.0119183299903497
urn:mavedb:00000085-d-1#3939,NA,NA,p.Leu49Gln,NA,51,NA
urn:mavedb:00000085-d-1#3940,NA,NA,p.Leu49Pro,NA,51,NA
urn:mavedb:00000085-d-1#3941,NA,NA,p.Leu49Ile,0.0884847810138631,51,0.0295018927889051
urn:mavedb:00000085-d-1#3942,NA,NA,p.Phe17Gln,NA,19,NA
urn:mavedb:00000085-d-1#3943,NA,NA,p.Phe17Met,NA,19,NA
urn:mavedb:00000085-d-1#3944,NA,NA,p.Phe17Leu,0.465425018987995,19,0.0752027212650564
urn:mavedb:00000085-d-1#3945,NA,NA,p.Phe17Lys,NA,19,NA
urn:mavedb:00000085-d-1#3946,NA,NA,p.Phe17Ile,0.965167794277019,19,0.28789414388239803
urn:mavedb:00000085-d-1#3947,NA,NA,p.Phe17His,NA,19,NA
urn:mavedb:00000085-d-1#3948,NA,NA,p.Phe17Gly,0.5297590583410939,19,0.16639921910984498
urn:mavedb:00000085-d-1#3949,NA,NA,p.Phe17Cys,0.672539307223611,19,0.17734728201004699
urn:mavedb:00000085-d-1#3950,NA,NA,p.Ala16Val,1.5224607148723102,18,0.47821036769710706
urn:mavedb:00000085-d-1#3951,NA,NA,p.Ala16Thr,1.3485874427957703,18,0.30048390378100603
urn:mavedb:00000085-d-1#3952,NA,NA,p.Ala16Ser,1.8258565815028602,18,0.43857204453482596
urn:mavedb:00000085-d-1#3953,NA,NA,p.Ala16Arg,NA,18,NA
urn:mavedb:00000085-d-1#3954,NA,NA,p.Ala16Gln,0.965167794277019,18,0.28789414388239803
urn:mavedb:00000085-d-1#3955,NA,NA,p.Ala16Pro,0.454084047864106,18,0.13544602191002
urn:mavedb:00000085-d-1#3956,NA,NA,p.Ala16Leu,2.0048408547499,18,0.528672558813541
urn:mavedb:00000085-d-1#3957,NA,NA,p.Ala16His,0.8298977554760408,18,0.19408997615089302
urn:mavedb:00000085-d-1#3958,NA,NA,p.Ala16Gly,NA,18,NA
urn:mavedb:00000085-d-1#3959,NA,NA,p.Ala16Asp,NA,18,NA
urn:mavedb:00000085-d-1#3960,NA,NA,p.Ala16Cys,NA,18,NA
urn:mavedb:00000085-d-1#3961,NA,NA,p.Ala15Tyr,NA,17,NA
urn:mavedb:00000085-d-1#3962,NA,NA,p.Ala15Val,1.39503373770774,17,0.22768493330474301
urn:mavedb:00000085-d-1#3963,NA,NA,p.Ala15Thr,0.0555289208840829,17,0.0158253460888295
urn:mavedb:00000085-d-1#3964,NA,NA,p.Ala15Ser,1.63046548857255,17,0.446105363338078
urn:mavedb:00000085-d-1#3965,NA,NA,p.Ala15Arg,0.0364906482638776,17,0.00998406529686861
urn:mavedb:00000085-d-1#3966,NA,NA,p.Ala15Gln,NA,17,NA
urn:mavedb:00000085-d-1#3967,NA,NA,p.Ala15Pro,0.26487952917054697,17,0.07900933468221401
urn:mavedb:00000085-d-1#3968,NA,NA,p.Ala15Leu,NA,17,NA
urn:mavedb:00000085-d-1#3969,NA,NA,p.Ala15Lys,0.11951398319882499,17,0.0427605382408975
urn:mavedb:00000085-d-1#3970,NA,NA,p.Ala15His,NA,17,NA
urn:mavedb:00000085-d-1#3971,NA,NA,p.Ala15Gly,1.35082562888605,17,0.36959418166414393
urn:mavedb:00000085-d-1#3972,NA,NA,p.Ala15Glu,0.12613824410010402,17,0.0302984956044473
urn:mavedb:00000085-d-1#3973,NA,NA,p.Ala15Asp,0.0524322207503176,17,0.0164691484773637
urn:mavedb:00000085-d-1#3974,NA,NA,p.Ala15Cys,1.06124931345038,17,0.20691954066985702
urn:mavedb:00000085-d-1#3975,NA,NA,p.Phe14Tyr,1.11246278636313,16,0.21350524214301198
urn:mavedb:00000085-d-1#3976,NA,NA,p.Phe14Trp,0.5297590583410939,16,0.15801866936442802
urn:mavedb:00000085-d-1#3977,NA,NA,p.Phe14Val,1.36221502726323,16,0.20310992319764604
urn:mavedb:00000085-d-1#3978,NA,NA,p.Phe14Thr,1.45486362692876,16,0.359626795159106
urn:mavedb:00000085-d-1#3979,NA,NA,p.Phe14Ser,1.1839210215953702,16,0.263793951395443
urn:mavedb:00000085-d-1#3980,NA,NA,p.Phe14Arg,0.0387518437177588,16,0.0129203318992744
urn:mavedb:00000085-d-1#3981,NA,NA,p.Phe14Gln,0.0598674829615832,16,0.0214198014830304
urn:mavedb:00000085-d-1#3982,NA,NA,p.Phe14Pro,NA,16,NA
urn:mavedb:00000085-d-1#3983,NA,NA,p.Phe14Asn,NA,16,NA
urn:mavedb:00000085-d-1#3984,NA,NA,p.Phe14Leu,0.927293622693172,16,0.11515192335574198
urn:mavedb:00000085-d-1#3985,NA,NA,p.Phe14Lys,NA,16,NA
urn:mavedb:00000085-d-1#3986,NA,NA,p.Phe14Ile,1.68498795173724,16,0.375438582248939
urn:mavedb:00000085-d-1#3987,NA,NA,p.Phe14His,NA,16,NA
urn:mavedb:00000085-d-1#3988,NA,NA,p.Phe14Gly,0.349458589897841,16,0.10976619569719098
urn:mavedb:00000085-d-1#3989,NA,NA,p.Phe14Glu,NA,16,NA
urn:mavedb:00000085-d-1#3990,NA,NA,p.Phe14Asp,NA,16,NA
urn:mavedb:00000085-d-1#3991,NA,NA,p.Phe14Cys,0.62435470919685,16,0.121735004211256
urn:mavedb:00000085-d-1#3992,NA,NA,p.Phe14Ala,NA,16,NA
urn:mavedb:00000085-d-1#3993,NA,NA,p.Phe13Tyr,0.9525514175275791,15,0.299199814600451
urn:mavedb:00000085-d-1#3994,NA,NA,p.Phe13Trp,1.7731432765891901,15,0.6344074463575219
urn:mavedb:00000085-d-1#3995,NA,NA,p.Phe13Val,0.532749407311697,15,0.0878526248722733
urn:mavedb:00000085-d-1#3996,NA,NA,p.Phe13Thr,0.913527058940324,15,0.326848019724411
urn:mavedb:00000085-d-1#3997,NA,NA,p.Phe13Ser,0.7351642268461451,15,0.16380474101472697
urn:mavedb:00000085-d-1#3998,NA,NA,p.Phe13Arg,NA,15,NA
urn:mavedb:00000085-d-1#3999,NA,NA,p.Phe13Gln,NA,15,NA
urn:mavedb:00000085-d-1#4000,NA,NA,p.Phe13Asn,NA,15,NA
urn:mavedb:00000085-d-1#4001,NA,NA,p.Phe13Met,NA,15,NA
urn:mavedb:00000085-d-1#4002,NA,NA,p.Phe13Leu,1.08188218422444,15,0.150932315215974
urn:mavedb:00000085-d-1#4003,NA,NA,p.Phe13Lys,NA,15,NA
urn:mavedb:00000085-d-1#4004,NA,NA,p.Phe13Ile,1.05951811668219,15,0.230910542466141
urn:mavedb:00000085-d-1#4005,NA,NA,p.Phe13Gly,0.256830617599162,15,0.0654831387334625
urn:mavedb:00000085-d-1#4006,NA,NA,p.Phe13Cys,1.0846769820059399,15,0.22270367869670102
urn:mavedb:00000085-d-1#4007,NA,NA,p.Phe13Ala,1.05951811668219,15,0.37908170853900497
urn:mavedb:00000085-d-1#4008,NA,NA,p.Pro12Tyr,1.05951811668219,14,0.247791784760673
urn:mavedb:00000085-d-1#4009,NA,NA,p.Pro12Trp,NA,14,NA
urn:mavedb:00000085-d-1#4010,NA,NA,p.Pro12Val,0.7076723429299849,14,0.13183182982897002
urn:mavedb:00000085-d-1#4011,NA,NA,p.Pro12Thr,1.04413288312527,14,0.10374585346066
urn:mavedb:00000085-d-1#4012,NA,NA,p.Pro12Ser,1.30043733978179,14,0.14539279763060997
urn:mavedb:00000085-d-1#4013,NA,NA,p.Pro12Arg,0.112471033960981,14,0.0165068851621391
urn:mavedb:00000085-d-1#4014,NA,NA,p.Pro12Gln,0.542442324039698,14,0.101051234896017
urn:mavedb:00000085-d-1#4015,NA,NA,p.Pro12Asn,0.968737360642341,14,0.18592127960800897
urn:mavedb:00000085-d-1#4016,NA,NA,p.Pro12Met,0.9525514175275791,14,0.299199814600451
urn:mavedb:00000085-d-1#4017,NA,NA,p.Pro12Leu,0.9742235718248979,14,0.11438538405319901
urn:mavedb:00000085-d-1#4018,NA,NA,p.Pro12Lys,0.5297590583410939,14,0.12724850115898
urn:mavedb:00000085-d-1#4019,NA,NA,p.Pro12Ile,1.35082562888605,14,0.282635374765768
urn:mavedb:00000085-d-1#4020,NA,NA,p.Pro12His,0.934116779227731,14,0.12035775148012
urn:mavedb:00000085-d-1#4021,NA,NA,p.Pro12Gly,1.4943320674273202,14,0.278378168638622
urn:mavedb:00000085-d-1#4022,NA,NA,p.Pro12Phe,0.638237017522525,14,0.200472534920516
urn:mavedb:00000085-d-1#4023,NA,NA,p.Pro12Glu,0.132439764585273,14,0.0415998047774611
urn:mavedb:00000085-d-1#4024,NA,NA,p.Pro12Asp,0.24153027611231498,14,0.0805291060168162
urn:mavedb:00000085-d-1#4025,NA,NA,p.Pro12Cys,1.00784732643411,14,0.23570742571671502
urn:mavedb:00000085-d-1#4026,NA,NA,p.Pro12Ala,1.17729370476285,14,0.111799570908673
urn:mavedb:00000085-d-1#4027,NA,NA,p.Ile11Tyr,1.5184461871202999,13,0.38715252589425103
urn:mavedb:00000085-d-1#4028,NA,NA,p.Ile11Trp,2.00551752468248,13,0.7175479095555609
urn:mavedb:00000085-d-1#4029,NA,NA,p.Ile11Val,1.4800371892383102,13,0.239142331553682
urn:mavedb:00000085-d-1#4030,NA,NA,p.Ile11Thr,0.510832248350181,13,0.103011701922697
urn:mavedb:00000085-d-1#4031,NA,NA,p.Ile11Ser,0.336376231790137,13,0.0411580992480999
urn:mavedb:00000085-d-1#4032,NA,NA,p.Ile11Arg,0.12641775742640599,13,0.0220516390036985
urn:mavedb:00000085-d-1#4033,NA,NA,p.Ile11Gln,0.132439764585273,13,0.0282661455196148
urn:mavedb:00000085-d-1#4034,NA,NA,p.Ile11Pro,NA,13,NA
urn:mavedb:00000085-d-1#4035,NA,NA,p.Ile11Asn,0.132111980085018,13,0.021562136141482
urn:mavedb:00000085-d-1#4036,NA,NA,p.Ile11Met,1.2522623216126498,13,0.240335742893969
urn:mavedb:00000085-d-1#4037,NA,NA,p.Ile11Leu,0.8095850400012671,13,0.14670343512090697
urn:mavedb:00000085-d-1#4038,NA,NA,p.Ile11Lys,NA,13,NA
urn:mavedb:00000085-d-1#4039,NA,NA,p.Ile11His,0.12011812572216801,13,0.022376729100386003
urn:mavedb:00000085-d-1#4040,NA,NA,p.Ile11Gly,0.449986310261934,13,0.10523926791062199
urn:mavedb:00000085-d-1#4041,NA,NA,p.Ile11Phe,NA,13,NA
urn:mavedb:00000085-d-1#4042,NA,NA,p.Ile11Glu,0.0662198822926367,13,0.0236926067836878
urn:mavedb:00000085-d-1#4043,NA,NA,p.Ile11Asp,0.04327382694503,13,0.0118399846103107
urn:mavedb:00000085-d-1#4044,NA,NA,p.Ile11Cys,NA,13,NA
urn:mavedb:00000085-d-1#4045,NA,NA,p.Ile11Ala,0.446262368060512,13,0.107192536994421
urn:mavedb:00000085-d-1#4046,NA,NA,p.Leu10Tyr,0.5272157127634799,12,0.0931016126398878
urn:mavedb:00000085-d-1#4047,NA,NA,p.Leu10Trp,0.290191800885491,12,0.0827025918753265
urn:mavedb:00000085-d-1#4048,NA,NA,p.Leu10Val,1.07651610500283,12,0.136471013999665
urn:mavedb:00000085-d-1#4049,NA,NA,p.Leu10Thr,1.07314953090045,12,0.171707338785091
urn:mavedb:00000085-d-1#4050,NA,NA,p.Leu10Ser,0.813557342512245,12,0.12033947707471199
urn:mavedb:00000085-d-1#4051,NA,NA,p.Leu10Arg,0.0612283991551141,12,0.00703846992650403
urn:mavedb:00000085-d-1#4052,NA,NA,p.Leu10Gln,0.21165384334730603,12,0.0426809832231653
urn:mavedb:00000085-d-1#4053,NA,NA,p.Leu10Pro,0.47305798027920204,12,0.0846046594283969
urn:mavedb:00000085-d-1#4054,NA,NA,p.Leu10Asn,0.132439764585273,12,0.0415998047774611
urn:mavedb:00000085-d-1#4055,NA,NA,p.Leu10Met,1.6819582865901301,12,0.36656466203536103
urn:mavedb:00000085-d-1#4056,NA,NA,p.Leu10Lys,0.0598674829615832,12,0.014001337229261999
urn:mavedb:00000085-d-1#4057,NA,NA,p.Leu10Ile,1.63030931812675,12,0.22442752300423302
urn:mavedb:00000085-d-1#4058,NA,NA,p.Leu10His,0.25652051795904,12,0.0406537478824323
urn:mavedb:00000085-d-1#4059,NA,NA,p.Leu10Gly,0.4441435647837079,12,0.0596079814526024
urn:mavedb:00000085-d-1#4060,NA,NA,p.Leu10Phe,0.9272754958281949,12,0.11693430577838301
urn:mavedb:00000085-d-1#4061,NA,NA,p.Leu10Glu,0.0662198822926367,12,0.0181181661662917
urn:mavedb:00000085-d-1#4062,NA,NA,p.Leu10Asp,0.060939709230967996,12,0.0155375689676392
urn:mavedb:00000085-d-1#4063,NA,NA,p.Leu10Cys,1.40577246932865,12,0.22943761306208105
urn:mavedb:00000085-d-1#4064,NA,NA,p.Leu10Ala,0.973104671590178,12,0.128269052986564
urn:mavedb:00000085-d-1#4065,NA,NA,p.Ala9Tyr,NA,11,NA
urn:mavedb:00000085-d-1#4066,NA,NA,p.Ala9Trp,1.05951811668219,11,0.33279843821968896
urn:mavedb:00000085-d-1#4067,NA,NA,p.Ala9Val,0.561582022837757,11,0.0653717350650382
urn:mavedb:00000085-d-1#4068,NA,NA,p.Ala9Thr,1.60884842215934,11,0.30412090709196504
urn:mavedb:00000085-d-1#4069,NA,NA,p.Ala9Ser,1.61463735858742,11,0.258347113764665
urn:mavedb:00000085-d-1#4070,NA,NA,p.Ala9Arg,0.41830192309214703,11,0.0628801869291669
urn:mavedb:00000085-d-1#4071,NA,NA,p.Ala9Gln,NA,11,NA
urn:mavedb:00000085-d-1#4072,NA,NA,p.Ala9Pro,0.7525473268675309,11,0.18076240110921
urn:mavedb:00000085-d-1#4073,NA,NA,p.Ala9Asn,0.5545624297798779,11,0.13320628855228697
urn:mavedb:00000085-d-1#4074,NA,NA,p.Ala9Leu,0.459553974984428,11,0.113596848644269
urn:mavedb:00000085-d-1#4075,NA,NA,p.Ala9Lys,0.983469678750668,11,0.219130624343211
urn:mavedb:00000085-d-1#4076,NA,NA,p.Ala9Ile,0.574126047927581,11,0.17125263402775198
urn:mavedb:00000085-d-1#4077,NA,NA,p.Ala9His,0.738289048973504,11,0.188238788160302
urn:mavedb:00000085-d-1#4078,NA,NA,p.Ala9Gly,1.39260159424352,11,0.17561436852517198
urn:mavedb:00000085-d-1#4079,NA,NA,p.Ala9Phe,NA,11,NA
urn:mavedb:00000085-d-1#4080,NA,NA,p.Ala9Glu,0.24482611432995602,11,0.0669859273031496
urn:mavedb:00000085-d-1#4081,NA,NA,p.Ala9Asp,0.14462966084347198,11,0.0229211207549138
urn:mavedb:00000085-d-1#4082,NA,NA,p.Ala9Cys,1.1539006769758797,11,0.20637084217905302
urn:mavedb:00000085-d-1#4083,NA,NA,p.Val8Tyr,1.57088168950933,10,0.52375089430009
urn:mavedb:00000085-d-1#4084,NA,NA,p.Val8Trp,NA,10,NA
urn:mavedb:00000085-d-1#4085,NA,NA,p.Val8Thr,NA,10,NA
urn:mavedb:00000085-d-1#4086,NA,NA,p.Val8Ser,1.86927052145305,10,0.31495148320731897
urn:mavedb:00000085-d-1#4087,NA,NA,p.Val8Arg,1.2532032433048501,10,0.279230987053084
urn:mavedb:00000085-d-1#4088,NA,NA,p.Val8Gln,NA,10,NA
urn:mavedb:00000085-d-1#4089,NA,NA,p.Val8Pro,NA,10,NA
urn:mavedb:00000085-d-1#4090,NA,NA,p.Val8Asn,NA,10,NA
urn:mavedb:00000085-d-1#4091,NA,NA,p.Val8Met,0.913527058940324,10,0.326848019724411
urn:mavedb:00000085-d-1#4092,NA,NA,p.Val8Leu,1.89489414016996,10,0.40442048260983704
urn:mavedb:00000085-d-1#4093,NA,NA,p.Val8Lys,0.913527058940324,10,0.326848019724411
urn:mavedb:00000085-d-1#4094,NA,NA,p.Val8Ile,1.65349305198266,10,0.397170202620884
urn:mavedb:00000085-d-1#4095,NA,NA,p.Val8His,1.9156697208692,10,0.685401541842028
urn:mavedb:00000085-d-1#4096,NA,NA,p.Val8Gly,0.508879826714685,10,0.0659335516377347
urn:mavedb:00000085-d-1#4097,NA,NA,p.Val8Phe,1.9739268182448,10,0.620017489015602
urn:mavedb:00000085-d-1#4098,NA,NA,p.Val8Glu,0.544686841777614,10,0.10796526258364901
urn:mavedb:00000085-d-1#4099,NA,NA,p.Val8Asp,0.7448393816544939,10,0.11804323753752802
urn:mavedb:00000085-d-1#4100,NA,NA,p.Val8Cys,NA,10,NA
urn:mavedb:00000085-d-1#4101,NA,NA,p.Val8Ala,0.658932446018485,10,0.219696021788455
urn:mavedb:00000085-d-1#4102,NA,NA,p.Arg7Tyr,0.5297590583410939,9,0.18954085426950198
urn:mavedb:00000085-d-1#4103,NA,NA,p.Arg7Trp,0.374538113735094,9,0.12487552266237
urn:mavedb:00000085-d-1#4104,NA,NA,p.Arg7Val,0.431500881626012,9,0.0961443546642639
urn:mavedb:00000085-d-1#4105,NA,NA,p.Arg7Thr,NA,9,NA
urn:mavedb:00000085-d-1#4106,NA,NA,p.Arg7Ser,0.7759265054270109,9,0.186378096363837
urn:mavedb:00000085-d-1#4107,NA,NA,p.Arg7Gln,0.9898326716994879,9,0.261016913190296
urn:mavedb:00000085-d-1#4108,NA,NA,p.Arg7Pro,1.43081531218341,9,0.44942421821588
urn:mavedb:00000085-d-1#4109,NA,NA,p.Arg7Asn,NA,9,NA
urn:mavedb:00000085-d-1#4110,NA,NA,p.Arg7Leu,0.310745491281832,9,0.0626632755178029
urn:mavedb:00000085-d-1#4111,NA,NA,p.Arg7Lys,NA,9,NA
urn:mavedb:00000085-d-1#4112,NA,NA,p.Arg7Ile,0.5297590583410939,9,0.150977550229026
urn:mavedb:00000085-d-1#4113,NA,NA,p.Arg7His,0.6185516895837819,9,0.163110854268526
urn:mavedb:00000085-d-1#4114,NA,NA,p.Arg7Gly,0.9910494573993941,9,0.18462197191292104
urn:mavedb:00000085-d-1#4115,NA,NA,p.Arg7Phe,NA,9,NA
urn:mavedb:00000085-d-1#4116,NA,NA,p.Arg7Asp,0.454084047864106,9,0.13544602191002
urn:mavedb:00000085-d-1#4117,NA,NA,p.Arg7Cys,0.228725700140263,9,0.0414469688211613
urn:mavedb:00000085-d-1#4118,NA,NA,p.Arg7Ala,0.658932446018485,9,0.219696021788455
urn:mavedb:00000085-d-1#4119,NA,NA,p.Phe6Tyr,1.82131678252231,8,0.294285809192667
urn:mavedb:00000085-d-1#4120,NA,NA,p.Phe6Val,0.5550138979416469,8,0.0796406747099138
urn:mavedb:00000085-d-1#4121,NA,NA,p.Phe6Thr,0.22834154583029104,8,0.0624756482009204
urn:mavedb:00000085-d-1#4122,NA,NA,p.Phe6Ser,0.494566734376423,8,0.0578174434367137
urn:mavedb:00000085-d-1#4123,NA,NA,p.Phe6Arg,0.49046044486755297,8,0.0835694378411646
urn:mavedb:00000085-d-1#4124,NA,NA,p.Phe6Gln,NA,8,NA
urn:mavedb:00000085-d-1#4125,NA,NA,p.Phe6Pro,0.3991877966669671,8,0.142824166577065
urn:mavedb:00000085-d-1#4126,NA,NA,p.Phe6Asn,0.5899427547970739,8,0.196694026974964
urn:mavedb:00000085-d-1#4127,NA,NA,p.Phe6Met,NA,8,NA
urn:mavedb:00000085-d-1#4128,NA,NA,p.Phe6Leu,0.968892853555354,8,0.120317742818608
urn:mavedb:00000085-d-1#4129,NA,NA,p.Phe6Lys,NA,8,NA
urn:mavedb:00000085-d-1#4130,NA,NA,p.Phe6Ile,1.98862348217767,8,0.26854855102694697
urn:mavedb:00000085-d-1#4131,NA,NA,p.Phe6His,NA,8,NA
urn:mavedb:00000085-d-1#4132,NA,NA,p.Phe6Gly,0.245881569023272,8,0.0535872351700619
urn:mavedb:00000085-d-1#4133,NA,NA,p.Phe6Glu,NA,8,NA
urn:mavedb:00000085-d-1#4134,NA,NA,p.Phe6Asp,0.22995433456263,8,0.0655353439458475
urn:mavedb:00000085-d-1#4135,NA,NA,p.Phe6Cys,0.9065557167565921,8,0.147959918335681
urn:mavedb:00000085-d-1#4136,NA,NA,p.Phe6Ala,0.367267475589312,8,0.0858936358217276
urn:mavedb:00000085-d-1#4137,NA,NA,p.His5Tyr,0.8933335210745039,7,0.220822532947932
urn:mavedb:00000085-d-1#4138,NA,NA,p.His5Thr,0.18913931208596804,7,0.0676715692242831
urn:mavedb:00000085-d-1#4139,NA,NA,p.His5Ser,NA,7,NA
urn:mavedb:00000085-d-1#4140,NA,NA,p.His5Arg,0.5724796820018699,7,0.0693809034407549
urn:mavedb:00000085-d-1#4141,NA,NA,p.His5Gln,0.827589825426292,7,0.126516664556604
urn:mavedb:00000085-d-1#4142,NA,NA,p.His5Pro,0.391391614572135,7,0.0835333131804972
urn:mavedb:00000085-d-1#4143,NA,NA,p.His5Asn,NA,7,NA
urn:mavedb:00000085-d-1#4144,NA,NA,p.His5Leu,1.6872929459158998,7,0.346431566566061
urn:mavedb:00000085-d-1#4145,NA,NA,p.His5Ile,NA,7,NA
urn:mavedb:00000085-d-1#4146,NA,NA,p.His5Gly,0.28606818805884304,7,0.102351451835091
urn:mavedb:00000085-d-1#4147,NA,NA,p.His5Glu,NA,7,NA
urn:mavedb:00000085-d-1#4148,NA,NA,p.His5Asp,0.7050381135479291,7,0.21030161315772697
urn:mavedb:00000085-d-1#4149,NA,NA,p.His5Cys,0.8924498617919241,7,0.319306874575096
urn:mavedb:00000085-d-1#4150,NA,NA,p.His5Ala,1.37356820885377,7,0.321239356461604
urn:mavedb:00000085-d-1#4151,NA,NA,p.Gln4Tyr,NA,6,NA
urn:mavedb:00000085-d-1#4152,NA,NA,p.Gln4Val,0.86668003035971,6,0.22854180581831002
urn:mavedb:00000085-d-1#4153,NA,NA,p.Gln4Thr,1.05951811668219,6,0.27939282688128997
urn:mavedb:00000085-d-1#4154,NA,NA,p.Gln4Ser,0.79164769586629,6,0.185144352297303
urn:mavedb:00000085-d-1#4155,NA,NA,p.Gln4Arg,1.09712436523336,6,0.201526209287718
urn:mavedb:00000085-d-1#4156,NA,NA,p.Gln4Pro,1.2773801923636001,6,0.284617945142822
urn:mavedb:00000085-d-1#4157,NA,NA,p.Gln4Asn,NA,6,NA
urn:mavedb:00000085-d-1#4158,NA,NA,p.Val31Leu,0.580838809890588,33,0.182443552163397
urn:mavedb:00000085-d-1#4159,NA,NA,p.Val31Ile,1.4485968109466,33,0.412839751095829
urn:mavedb:00000085-d-1#4160,NA,NA,p.Val31Gly,0.0331099411463184,33,0.008731025840040329
urn:mavedb:00000085-d-1#4161,NA,NA,p.Val31Ala,0.12439557365756801,33,0.037105213614936
urn:mavedb:00000085-d-1#4162,NA,NA,p.Lys30Tyr,NA,32,NA
urn:mavedb:00000085-d-1#4163,NA,NA,p.Lys30Trp,NA,32,NA
urn:mavedb:00000085-d-1#4164,NA,NA,p.Lys30Val,0.5297590583410939,32,0.18954085426950198
urn:mavedb:00000085-d-1#4165,NA,NA,p.Lys30Thr,0.288391465396544,32,0.0712872990513466
urn:mavedb:00000085-d-1#4166,NA,NA,p.Lys30Ser,0.149791975800195,32,0.0394998470568899
urn:mavedb:00000085-d-1#4167,NA,NA,p.Lys30Arg,NA,32,NA
urn:mavedb:00000085-d-1#4168,NA,NA,p.Lys30Gln,NA,32,NA
urn:mavedb:00000085-d-1#4169,NA,NA,p.Lys30Asn,0.0915140750504625,32,0.0203905995632463
urn:mavedb:00000085-d-1#4170,NA,NA,p.Lys30Leu,NA,32,NA
urn:mavedb:00000085-d-1#4171,NA,NA,p.Lys30Ile,0.262271140356085,32,0.0571591654161424
urn:mavedb:00000085-d-1#4172,NA,NA,p.Lys30Gly,NA,32,NA
urn:mavedb:00000085-d-1#4173,NA,NA,p.Lys30Glu,0.0541579252080756,32,0.0161544444444556
urn:mavedb:00000085-d-1#4174,NA,NA,p.Lys30Ala,NA,32,NA
urn:mavedb:00000085-d-1#4175,NA,NA,p.Val29Trp,0.602990399009826,31,0.21574206905027102
urn:mavedb:00000085-d-1#4176,NA,NA,p.Val29Ser,NA,31,NA
urn:mavedb:00000085-d-1#4177,NA,NA,p.Val29Arg,NA,31,NA
urn:mavedb:00000085-d-1#4178,NA,NA,p.Val29Met,0.439955249506551,31,0.10289328211907901
urn:mavedb:00000085-d-1#4179,NA,NA,p.Val29Leu,0.8809930554937241,31,0.262786163174552
urn:mavedb:00000085-d-1#4180,NA,NA,p.Val29Gly,0.671142418440088,31,0.210808239295868
urn:mavedb:00000085-d-1#4181,NA,NA,p.Val29Glu,NA,31,NA
urn:mavedb:00000085-d-1#4182,NA,NA,p.Val29Asp,NA,31,NA
urn:mavedb:00000085-d-1#4183,NA,NA,p.Val29Ala,1.3735105207339902,31,0.45794496706477394
urn:mavedb:00000085-d-1#4184,NA,NA,p.Leu28Trp,NA,30,NA
urn:mavedb:00000085-d-1#4185,NA,NA,p.Gln4Leu,0.629368216292453,6,0.115606028719098
urn:mavedb:00000085-d-1#4186,NA,NA,p.Gln4Lys,1.71544218904802,6,0.358924672158035
urn:mavedb:00000085-d-1#4187,NA,NA,p.Gln4Ile,NA,6,NA
urn:mavedb:00000085-d-1#4188,NA,NA,p.Gln4His,0.743982388936096,6,0.138596005162347
urn:mavedb:00000085-d-1#4189,NA,NA,p.Gln4Gly,1.6998319432828,6,0.39754335899250204
urn:mavedb:00000085-d-1#4190,NA,NA,p.Gln4Glu,1.6922683389273403,6,0.40648405401810295
urn:mavedb:00000085-d-1#4191,NA,NA,p.Gln4Ala,0.8181359473008871,6,0.136352228794998
urn:mavedb:00000085-d-1#4192,NA,NA,p.Ile3Tyr,NA,5,NA
urn:mavedb:00000085-d-1#4193,NA,NA,p.Ile3Trp,NA,5,NA
urn:mavedb:00000085-d-1#4194,NA,NA,p.Ile3Val,0.489528061269229,5,0.0569841936294301
urn:mavedb:00000085-d-1#4195,NA,NA,p.Ile3Thr,0.913527058940324,5,0.21364854153776702
urn:mavedb:00000085-d-1#4196,NA,NA,p.Ile3Ser,1.02782987738912,5,0.140573202138005
urn:mavedb:00000085-d-1#4197,NA,NA,p.Ile3Arg,0.4340519887459,5,0.0748174133967949
urn:mavedb:00000085-d-1#4198,NA,NA,p.Ile3Pro,NA,5,NA
urn:mavedb:00000085-d-1#4199,NA,NA,p.Ile3Asn,0.965167794277019,5,0.22015787392187
urn:mavedb:00000085-d-1#4200,NA,NA,p.Ile3Met,0.90546884106214,5,0.144877894994881
urn:mavedb:00000085-d-1#4201,NA,NA,p.Ile3Leu,1.01623936533706,5,0.22147840554180398
urn:mavedb:00000085-d-1#4202,NA,NA,p.Ile3Lys,0.5899427547970739,5,0.196694026974964
urn:mavedb:00000085-d-1#4203,NA,NA,p.Ile3His,1.3458434150809802,5,0.42273424076009003
urn:mavedb:00000085-d-1#4204,NA,NA,p.Ile3Gly,0.343181936015108,5,0.055450855507216
urn:mavedb:00000085-d-1#4205,NA,NA,p.Ile3Phe,1.05951811668219,5,0.30195510045805296
urn:mavedb:00000085-d-1#4206,NA,NA,p.Ile3Glu,NA,5,NA
urn:mavedb:00000085-d-1#4207,NA,NA,p.Ile3Asp,0.4514005452932461,5,0.0894744918822281
urn:mavedb:00000085-d-1#4208,NA,NA,p.Ile3Cys,0.738289048973504,5,0.22021983633549602
urn:mavedb:00000085-d-1#4209,NA,NA,p.Ile3Ala,0.350879691317839,5,0.0800367845891114
urn:mavedb:00000085-d-1#4210,NA,NA,p.Ser2Tyr,NA,4,NA
urn:mavedb:00000085-d-1#4211,NA,NA,p.Ser2Trp,0.392283015760511,4,0.140353726381758
urn:mavedb:00000085-d-1#4212,NA,NA,p.Ser2Val,0.48730251331429897,4,0.10857772872289
urn:mavedb:00000085-d-1#4213,NA,NA,p.Ser2Thr,1.05951811668219,4,0.37908170853900497
urn:mavedb:00000085-d-1#4214,NA,NA,p.Ser2Arg,0.584141261734447,4,0.0820530921283381
urn:mavedb:00000085-d-1#4215,NA,NA,p.Ser2Gln,NA,4,NA
urn:mavedb:00000085-d-1#4216,NA,NA,p.Ser2Asn,1.05951811668219,4,0.30195510045805296
urn:mavedb:00000085-d-1#4217,NA,NA,p.Ser2Met,NA,4,NA
urn:mavedb:00000085-d-1#4218,NA,NA,p.Ser2Ile,1.84199657406833,4,0.549438170098646
urn:mavedb:00000085-d-1#4219,NA,NA,p.Ser2His,NA,4,NA
urn:mavedb:00000085-d-1#4220,NA,NA,p.Ser2Gly,0.628926579433063,4,0.0909143606695103
urn:mavedb:00000085-d-1#4221,NA,NA,p.Ser2Asp,0.47530490739399894,4,0.158472386542735
urn:mavedb:00000085-d-1#4222,NA,NA,p.Ser2Cys,0.5297590583410939,4,0.10167201763066301
urn:mavedb:00000085-d-1#4223,NA,NA,p.Ser2Ala,0.5297590583410939,4,0.12724850115898
urn:mavedb:00000085-d-1#4224,NA,NA,p.Met1Thr,0.11435513428531001,3,0.0409147696509712
urn:mavedb:00000085-d-1#4225,NA,NA,p.Met1Arg,0.0331099411463184,3,0.0118463033918439
urn:mavedb:00000085-d-1#4226,NA,NA,p.Met1Ile,0.25520125011645,3,0.0582122248390265
