,,,M,N,P,I,V,I,N,R,L,Q,R,K,L,G,Y,T,F,N,H,Q,E,L,L,Q,Q,A,L,T,H,R,S,A,S,S,K,H,N,E,R,L,E,F,L,G,D,S,I,L,S,Y,V,I,A,N,A,L,Y,H,R,F,P,R,V,D,E,G,D,M,S,R,M,R,A,T,L,V,R,G,N,T,L,A,E,L,A,R,E,F,E,L,G,E,C,L,R,L,G,P,G,E,L,K,S,G,G,F,R,R,E,S,I,L,A,D,T,V,E,A,L,I,G,G,V,F,L,D,S,D,I,Q,T,V,E,K,L,I,L,N,W,Y,Q,T,R,L,D,E,I,S,P,G,D,K,Q,K,D,P,K,T,R,L,Q,E,Y,L,Q,G,R,H,L,P,L,P,T,Y,L,V,V,Q,V,R,G,E,A,H,D,Q,E,F,T,I,H,C,Q,V,S,G,L,S,E,P,V,V,G,T,G,S,S,R,R,K,A,E,Q,A,A,A,E,Q,A,L,K,K,L,E,L,E
Amino acid,Data Type,Replica ,1,2,3,4,5,6,7,8,9,10,11,12,13,14,15,16,17,18,19,20,21,22,23,24,25,26,27,28,29,30,31,32,33,34,35,36,37,38,39,40,41,42,43,44,45,46,47,48,49,50,51,52,53,54,55,56,57,58,59,60,61,62,63,64,65,66,67,68,69,70,71,72,73,74,75,76,77,78,79,80,81,82,83,84,85,86,87,88,89,90,91,92,93,94,95,96,97,98,99,100,101,102,103,104,105,106,107,108,109,110,111,112,113,114,115,116,117,118,119,120,121,122,123,124,125,126,127,128,129,130,131,132,133,134,135,136,137,138,139,140,141,142,143,144,145,146,147,148,149,150,151,152,153,154,155,156,157,158,159,160,161,162,163,164,165,166,167,168,169,170,171,172,173,174,175,176,177,178,179,180,181,182,183,184,185,186,187,188,189,190,191,192,193,194,195,196,197,198,199,200,201,202,203,204,205,206,207,208,209,210,211,212,213,214,215,216,217,218,219,220,221,222,223,224,225,226
Trp,Functional Score ,Weighted Mean,-1.451544539,-2.229148866,-0.009324913,-0.072276924,0.004081991,,-0.132491024,-0.823617837,-1.795704216,-1.221097679,-0.345802456,-2.208810246,-0.388220022,-0.569182397,-0.000243079,0.064330527,0.015721099,0.061361104,0.081610439,0.026167749,0.144166357,0.045798541,-0.569904142,0.073986786,-0.020650157,-1.593110167,-1.818380301,-1.300127921,-2.079618659,-1.788270649,-1.411885778,0.05341223,0.050329122,-0.01756936,0.080730473,-1.971895628,0.040825237,-1.337820201,-1.544274936,-1.03059456,-1.245034246,0.109709602,-1.919755879,-2.124378188,-1.978539478,-1.745444246,-2.191357956,-1.771955997,-1.084827408,-0.035108091,-1.902560295,-1.919451007,-1.49767797,0.062462082,0.052672532,-2.358024445,0.002244367,-0.124992391,0.133812672,0.064511955,-0.859523986,-0.002008189,0.150302116,-0.115304915,-1.899236237,-1.85850548,-0.026136359,-0.019187888,-2.067748901,-0.156740208,0.101823802,-1.884219672,,-0.113254837,-1.387812328,-1.360188547,-0.178290773,-0.151828948,-0.092290422,-0.659734384,-0.688785954,0.011732242,,-0.323028669,-0.165653991,-0.013390284,0.327500647,,-0.057952255,-1.063262141,-0.043536549,0.070591701,-0.852554286,-1.306109188,-0.074950216,-1.065357697,-1.405574069,0.043023876,-1.447670967,-0.869129229,-0.067645013,-0.027713971,-0.083747105,-0.094426028,-0.711939449,0.071612628,-0.089783597,-1.261317117,0.104797223,-0.83784124,-1.412976679,-0.067862064,-0.183293057,-1.983638256,-1.775145771,-0.041837535,-1.974642238,-2.830549185,-1.601900432,-0.561805767,-1.806355842,-0.798625137,-1.582226005,-0.215872538,-0.279095489,-1.816867854,-1.205703154,-2.094437036,0.014777514,0.082053547,-0.406315739,-1.834681238,-0.030575943,0.07240715,-0.026351324,-2.486855274,-0.055843934,-0.037327876,,-0.008265504,0.030230243,-0.098538465,0.055137363,-0.026325325,0.069703994,-0.062054649,-0.613065241,0.013846056,0.012053159,-0.087270664,-0.067929227,-0.008986601,-0.123209381,-0.141141864,-1.566657294,-0.03986722,-1.176784074,-1.795135889,0.022477078,-0.606449564,-0.971906459,-1.216779986,,-0.02530032,-1.733682873,-0.340135622,0.00321156,-0.062621087,-0.221921157,0.134372886,0.179734182,-0.493007463,-0.177133718,0.090001339,0.165969512,-0.113913517,0.035773579,0.227504847,-0.133561527,0.018742761,-0.015263314,-0.125620831,0.039801933,-0.024281728,-0.018684072,0.052988573,0.043962391,0.018351546,0.168257674,0.330807083,0.097752947,-0.520920064,0.048848185,0.18929716,-0.010583145,0.039142645,-0.022353395,0.005298046,0.004584471,-0.010554896,-0.123319076,0.197806849,0.012308962,0.005542506,-0.013070672,-0.061316724,-0.099091089,-0.703955685,-0.452862441,-0.06302507,-1.445206728,-0.951981257,-0.035572725,-0.022603831,-0.708515147,-1.583024219,0.100786012,-0.740892244,0.01354287,-0.058020556,0.001818165,0.051970707,0.047019806,0.022295392,0.036645745,0.040848328
Phe,Functional Score ,Weighted Mean,-1.671244964,-0.037980415,-0.001483789,0.031166642,-0.014703623,-0.258165229,-0.036607397,-0.044543333,-0.09525173,-0.27559407,-0.162421037,-0.006127499,-0.010023567,-0.229289348,-0.018559864,0.043659205,,0.035403605,-0.008766983,0.027587638,0.034602017,0.050961861,-0.055384518,0.048097709,0.005808846,-0.761611916,-0.129980206,-1.410872939,-1.612096033,-1.730618998,-1.760338778,0.067618482,0.025882405,0.026806937,0.012514417,-1.117988209,-0.318506797,-1.864685397,-1.725573785,0.015537633,-1.813504494,,-0.409363509,-1.070695719,-1.725248121,-1.138452725,-1.146095773,-0.095675166,-1.973738273,-0.003671976,-0.471620656,-0.034479713,-1.788047184,-0.018284505,0.010757898,-0.831383526,0.048963395,-0.011763548,-0.019563262,,-0.044486679,0.02275996,0.02367869,-0.021960529,-1.765771186,-1.487656818,0.010786186,-0.071080773,-1.094398762,-0.077485726,0.002216039,-1.080763917,-1.719591931,0.002996962,-0.336610837,-1.010794681,-0.28772337,-0.087748323,0.043246498,-0.077196623,-2.271299231,0.080832951,-0.063986204,0.048045134,-0.094582193,-0.041059202,-0.100192511,,0.01057462,0.064939811,-0.039231021,-0.032160647,-0.024037549,-0.085556436,-0.078955365,-0.011800277,-2.201876695,-0.040505486,-1.560533628,-0.387864372,-0.042302764,-0.021434684,-0.139596099,-0.047134504,-0.383006035,,-0.054561783,-0.827758515,-0.079003836,-0.156200388,-0.010604095,-0.165027716,-0.271690423,-2.023015333,-0.159108994,-0.027738487,-2.136995079,-1.593672625,-0.052112869,-0.040759128,-2.383586132,-0.384329386,-0.197004456,,-0.127922777,-1.596643633,-1.623404767,-1.689734104,-0.090636239,-0.023184467,-0.088264622,-1.465721704,-0.09420654,-0.097439354,0.032421044,-1.039902575,-0.061061342,-0.038309872,-0.062770486,-0.055357435,-0.059756207,0.002574156,-0.110711773,-0.029946736,-0.092870994,-0.054766715,-0.041680648,-0.074139433,-0.07831035,-0.145007343,-0.030492938,-0.054353876,-0.040662676,-0.540355073,-1.493249223,-0.017878214,-1.832799414,-1.433680185,-0.277990134,-0.086727386,-0.679923854,-0.852082857,-0.181589046,0.087181691,0.168947314,-0.075409735,-0.029231916,-0.113367471,-0.018283751,-0.040520075,-0.223184576,-0.585840537,0.013219829,0.02601639,0.011715722,-0.019094748,-0.027385727,-0.046186159,0.016198341,-0.03246403,-0.327519061,-0.057908974,0.077145751,-0.030761105,-0.00360491,0.077941804,0.025248899,,-0.065606746,-0.055385187,0.016255354,-0.141237155,0.001239861,0.02229221,0.015024374,0.017762018,-0.001242811,0.009707738,0.036933393,0.067447624,0.248963362,0.107829651,0.032176597,0.019852444,-0.029423434,0.002875831,-0.023909425,-0.517120623,-0.083541301,0.035564268,-1.485041453,-0.055056612,0.021134994,0.067652722,-0.728337031,-0.820399932,0.014363318,-0.004179862,-0.036173597,-0.13008142,0.044377669,-0.050180209,0.272344459,-0.02256267,-0.006928212,-0.152502325
Tyr,Functional Score ,Weighted Mean,-2.193833247,-0.222672473,-0.03756801,0.036300608,0.013007472,,-0.015559487,-0.246805795,-2.163947463,0.076186962,0.000831016,-1.19697771,-1.305605406,-0.464586673,,0.029777912,0.077853431,-0.032844322,0.056772207,0.023250881,0.027211491,-0.028885295,-0.203987006,0.038196819,0.028088239,-1.898042925,-0.684321124,-1.70273693,-1.015555708,-1.918246234,-2.059901168,0.055560232,0.02031188,0.021244217,0.070900649,-0.667141846,-0.410758565,-1.501785268,-1.91002884,0.077288818,-1.890781027,0.066323911,-1.182035485,-1.045347412,-1.142130995,-1.554699562,-1.564200979,-1.542235397,-1.043961822,,-1.648816808,-1.696482117,-1.727594892,-0.06960915,-0.023715947,-1.412517814,,0.018897975,0.030116496,0.008853049,0.017695586,0.015199806,0.03894417,-0.033896645,-1.887062161,-1.579431311,-0.021214688,-0.527146442,-1.962462927,-0.206468587,-0.06702366,-1.531337038,-1.87975159,-0.018683806,-0.682262863,-0.632386597,0.000593275,-0.240574299,0.017779799,-0.121153063,-2.399010863,-0.371537317,-0.177185013,0.037144237,-0.189588212,-0.115489586,-0.016049177,-0.025042748,-0.143749741,-0.753806905,-0.03479272,-0.010597177,-0.010790082,-0.671171959,-0.036665097,-0.302179853,-2.236264164,-0.037615837,-1.584175701,-0.777065157,0.019528023,-0.028010022,-0.090833426,-0.053054318,-0.149643204,0.057769589,-0.003070562,-1.559250982,-0.072156757,-0.094292765,-0.025236504,-0.242855657,-0.195153961,-1.47558845,-0.47372569,0.01002521,-2.347708979,-1.774617269,-0.481457201,-1.296260455,-1.292449954,-0.321605777,-1.383617619,-0.054425444,-0.219529035,-1.400676478,-1.275345397,-0.792191377,0.015829387,0.048397557,-0.124319645,-1.221404103,-0.071712541,0.030058686,0.058180453,-2.048974145,-0.056356826,0.003585548,-0.022208748,,-0.030165417,-0.031127019,-0.049147683,-0.140015458,-0.044873436,0.02092164,-1.659796702,-0.042565489,-0.178479966,-0.238013263,-0.113070025,-0.069662368,0.033129149,-0.303981853,-1.311736951,-0.047940219,-1.034362229,-1.270675786,-0.098891755,-0.19679759,-0.265771136,-1.119037563,,-0.021668656,0.073397959,-0.035300734,-0.043608852,-0.104792008,-0.006110988,-0.01199755,0.020198043,-1.131700162,-0.055033208,,-0.109781996,-0.261072515,0.03551992,-0.025892525,-0.031349945,-0.014869424,-0.02393335,-0.030939893,0.119846849,-0.038818417,-0.006189049,0.075224419,-0.009169081,0.01597427,0.002421222,-0.027577552,0.011352202,-0.176878827,0.049533993,0.079581947,-0.099552139,0.013450193,-0.013533227,0.0180245,0.022086185,0.015534494,0.086206801,0.038778415,0.035150417,0.071949195,-0.060898802,0.05487462,-0.017126066,-0.342948631,-0.394203004,0.017113179,-1.686779851,-0.087185367,0.018662265,0.039122756,-1.252717427,-1.200543013,0.025982503,0.099390648,0.012389758,0.007096913,0.032399457,-0.013205423,-0.004983603,0.032875716,0.038212868,0.006232372
Pro,Functional Score ,Weighted Mean,-1.573031093,-0.655542463,,-0.266490512,-0.085833088,,-0.113719715,-0.020557865,-0.800554796,-0.236396221,0.018283233,-1.276928393,-1.198405209,-0.044040914,-2.002434188,-0.376363012,-1.605681813,-1.43475483,-1.368039602,0.027343491,-0.001390014,-0.092170861,-0.93643485,-0.103092469,-0.828771971,-1.048064892,-1.2669029,-1.670484564,-1.686229507,-0.409166472,-1.560222033,-1.392019874,-0.024090873,0.022512041,0.019766649,-0.064312409,-1.832732878,-1.847976755,-1.357276206,-1.316027547,-1.54026874,-1.67094669,-1.706420891,-1.484723358,-1.599507042,-0.709335828,-1.399679554,-1.012062785,-1.654174712,-1.389402829,-1.853194646,-1.561900335,-1.573323834,-1.329462175,-1.261251524,-1.081685448,-1.688187522,-0.357542559,-1.100224456,-0.333493285,,0.040993097,-0.308308651,0.047828163,-0.090723438,-1.902427066,-0.063670182,-1.663427261,-1.661314982,-0.469814191,-1.571039176,-1.384903622,-1.175195137,-1.048283691,-0.813688754,-2.030405298,-1.097814425,-2.179481127,0.009849481,-0.992794689,-1.32206847,-1.508775535,-0.109510657,-0.834060127,-1.394462219,-0.654116377,-0.013184398,-2.175137358,-0.060437342,-1.463895242,-0.20766123,0.002451902,-0.040605193,-1.06815769,-1.7420361,-1.576122204,-1.438691861,,-0.73050587,-0.532899303,-0.376753283,-0.486858235,-0.069436256,-0.345336719,-0.120880569,-0.06998172,-0.067646391,-0.27796833,0.003551707,-0.015251617,-0.410491937,-0.25478655,-1.300565409,-1.718776851,-1.61982771,-1.909522374,-1.596188392,-1.638249364,-1.550339512,-1.681779766,-1.755198868,-1.551169338,-1.407621003,-1.445904748,-1.265493766,-1.547051738,-1.816805934,-1.561821428,0.038971137,0.053809266,-1.423133683,-1.50964057,-1.485517985,-0.050214741,-1.701717243,-1.579120111,-1.016009115,-0.090540073,-1.647036401,-1.384458435,-0.269103953,0.017286584,-0.071241342,-1.013672243,-0.03705616,-0.025269599,-0.140387445,-0.085348765,,-1.231019307,-0.002049802,-0.023046699,-0.223354042,-0.976094106,-0.290902941,,-1.586209813,-0.477104697,-1.014367966,-1.335188251,-1.07017236,-1.469830709,-1.513041474,-1.291472871,-1.353904482,0.015467833,-0.222015238,-0.130687162,-0.922479591,,-0.154159047,,-0.03369398,-0.387139365,0.02416314,0.106856368,0.045411817,0.015954472,0.040484395,-0.121135014,-0.018218356,0.036139521,0.11102615,0.030804667,0.060298732,-0.495814975,0.094189332,-0.047426843,-0.217968533,-1.266267625,-0.072100461,0.041699775,0.017928361,0.072472936,-0.001482725,0.088987233,0.053493789,-0.004796792,-0.005156041,,0.056433038,0.015870608,-1.340464238,0.050278139,-1.278998406,0.044245607,-0.055373261,-0.269573234,0.103505847,-0.019963596,-1.31067847,-1.317140956,-1.022693377,-0.955074208,-1.263854809,-1.202979308,-1.212084334,-0.230692967,-1.201366735,-0.988454979,0.070557491,-0.012148905,-0.015821783,0.017798536,-0.014208976,-0.011792346
Met,Functional Score ,Weighted Mean,,-1.388902807,-0.075385882,0.004871238,-0.020629444,-0.328040208,0.035150657,-0.675531912,0.023060357,0.000203729,0.01324046,-0.051281278,-1.430595205,-0.057377552,-1.144391831,-0.050753907,-0.221905662,0.020322172,0.037813053,0.104084041,-0.005240488,0.033111797,0.077698986,0.041214482,0.043411282,-1.804240628,-0.064531812,0.020152633,-1.493933443,-1.665869073,-1.913279003,0.020849806,0.031229257,-0.019340709,0.082046397,-0.120097466,-0.000747905,-1.602587505,-0.050606187,0.095322812,-1.478275814,-0.041946631,0.025949928,-1.86034599,-1.739281022,-1.605703534,-0.050345374,-0.213596917,-0.359369821,0.009426571,-0.189153057,-0.040812736,-1.927921256,-0.027556935,-0.152361385,-0.013443741,-0.021178257,-0.024430661,0.034669387,0.014577646,0.034335508,0.065367314,-0.054048773,0.061089126,-1.952478586,-1.160091555,0.078819346,,-1.811277938,-0.42456073,,-0.06365406,0.062724747,-0.007827845,-0.039880395,-1.135057071,0.027187671,-0.030702805,-0.071139023,0.006202187,-0.124523355,-0.122604705,-0.03532792,-0.039978016,-0.695945965,0.128262983,-0.071015676,0.168396725,0.029489942,0.08832269,-0.111215307,0.041304729,0.030090173,-0.123456691,-0.034548044,0.005125427,-1.676572922,-0.030313744,-1.853032082,-0.09085118,0.023898256,0.01496524,0.002868596,-0.028190048,-0.102076473,-0.001481739,-0.06399008,-0.447474259,-0.072634821,-0.26887452,0.000224499,0.094528513,-0.043626041,-0.41715656,0.042573671,-0.051740604,-1.055142323,-1.745865004,-0.003542643,0.09950506,-2.185820823,-0.049177294,-0.192440559,0.018333671,0.00259849,-1.396306146,-1.139296747,-1.251411475,0.048758453,-0.13276054,-0.023932315,-0.289253717,-0.043131584,0.048421035,0.102669792,-0.073768959,0.043911597,0.038459356,-0.420933524,0.055836222,-0.017115863,-0.025004706,-0.034618477,-0.000903531,-0.017831528,0.002210686,-0.07381262,-0.006927143,-0.018921601,-0.091512124,-0.021887246,0.041125918,-0.006839943,-0.048910154,-0.3750342,-0.109529394,-1.39106364,-0.343861561,0.037304417,0.013319388,-1.325872805,-0.041233581,-0.06447287,-0.04361165,-0.292225477,-0.067629566,-0.027437109,-0.021665892,-0.056134417,-0.025243979,-0.049662933,-0.053983631,0.029243582,0.022171956,-0.063295364,-0.094837551,0.021202521,-0.170425979,0.072544023,-0.002660113,-0.125517927,-0.005607206,0.015469137,0.044401564,0.063704133,0.053561257,0.058052046,0.008506764,0.029539413,-0.029293086,0.073581786,-0.045688767,0.014351958,0.013062393,0.058163555,-0.016030145,0.01900688,0.001874743,0.038090099,0.024636898,0.0613224,0.036522639,-0.000920969,-0.022903978,0.044541156,-0.021877596,-0.020576293,-0.057475334,-0.005569916,-0.029182057,-1.039580144,0.035539981,0.001539055,0.060095498,-0.038129811,-1.279527995,0.180026795,0.029878574,0.029137058,0.091198574,0.037047267,0.011921885,0.068101278,-0.053223018,0.001131885,-0.006800336
Ile,Functional Score ,Weighted Mean,-1.400162703,-0.469749473,0.011792665,,0.021149756,,-0.275665959,-0.034437793,0.002035599,-0.042899057,-0.052616046,-0.280638023,0.011380789,-1.248680648,-1.010409766,0.001124046,-0.970164427,0.018678602,-0.017400834,0.028732959,0.040654478,0.047851431,0.033956157,0.021035937,-0.018058808,-1.972535792,-0.000573926,-0.078434271,-1.583120037,-0.688464245,-1.532416142,-0.062313244,-0.04759967,0.040544766,0.062819415,-1.749009819,-1.123122078,-1.659441939,-0.032217771,0.003536194,-2.185428719,-0.450482067,-0.034111543,-1.596960408,-1.866870957,-0.568347664,,-0.159749178,-0.61912756,-0.009112097,0.025532128,,-0.910225124,-0.056693548,0.012043337,-0.017962267,0.03809364,0.050578938,-0.025038603,0.024501995,-0.010730609,0.046193548,-0.006006733,-0.029801009,-1.757432145,-1.720298261,0.013017744,-0.149085692,-1.516614866,-1.200853185,0.026311115,-0.247230196,-0.959020411,-0.071754432,0.005174265,0.011916825,-1.336284186,-0.055470802,0.039667408,-0.193460577,0.015142955,-0.20745251,-0.082376331,0.019680973,-1.552801246,-0.035052661,-0.061857798,0.02242688,-0.056294307,0.05148147,-0.052467977,-0.003570262,-0.049021179,0.020020201,-0.063817443,-0.090740008,-2.204660267,-0.049666805,-2.075871502,-0.337879419,-0.00043951,-0.012214905,-0.049661688,-0.149210168,-0.080971295,-0.05823724,-0.07690198,-0.196432855,-0.009243505,-0.22643397,,-0.152516981,-0.034357303,-1.298148688,-0.268938365,0.013764907,-1.992991083,-1.597589449,-0.004675932,,-1.691225029,-0.880532808,0.00593481,-0.018126162,0.01191051,-1.631007908,-1.169500558,-1.242847074,,-0.052389721,-0.006245485,-0.016612879,-0.059494785,-0.03056407,0.028559209,,-0.008146607,-0.019251896,-0.031774344,-0.075710278,-0.021293324,-0.015464513,-0.06118393,0.030618912,-0.058857073,-0.027804389,,-0.017324149,0.00672708,-0.092301733,-0.089250807,-0.003810345,-0.053287482,-0.033905804,-1.41782706,-0.245972831,-0.822411812,-1.245565542,-0.011838977,-0.011082462,-0.600531117,-0.031248639,0.00871822,0.005645686,-0.663536978,-0.056553358,-0.073457136,-0.348844955,-0.08037387,0.012373987,-0.065254002,-0.246468351,0.019492358,-0.199571774,-0.047730842,-0.059449929,0.028882406,0.065169762,-0.017441695,0.050919671,-0.030318703,-0.099472242,0.131759128,-0.031429396,-0.016003174,-0.003855492,0.009077741,0.040284347,0.006606427,,0.007723644,0.027747415,-0.010931905,0.02991127,0.022304375,0.059648636,0.003629443,0.074522694,0.054464992,0.03289333,0.000809832,0.048740904,0.031273822,0.039877507,-1.415683182,0.005851651,-0.15219356,0.051604253,0.059154048,-0.052825472,-1.267703018,-0.191692105,-0.018501354,0.037785994,-0.178421283,-0.976011938,0.044362071,-0.055129855,-0.023113617,0.062768201,0.029109652,-0.000196591,0.089601194,0.018570213,0.011473454,-0.004458329
Leu,Functional Score ,Weighted Mean,-1.36328499,-0.122493479,-0.018891431,-0.115184441,-0.061749329,0.148821428,0.031741457,-0.02111261,,0.002868316,-0.016002046,-0.147926972,,-0.019437579,-1.216502028,0.032178878,-0.645653489,-0.006441593,0.032458101,0.042234155,0.044149514,,,0.053810917,0.046886884,-0.13652841,,-0.344250919,-1.233492878,-1.561564944,-1.741570795,0.063186356,0.038569555,0.044418013,0.065303171,-1.371557612,-0.038970152,-1.517625726,-0.075913484,,-1.787839961,-0.007179838,,-1.680060888,-1.723072881,-1.928644877,-0.010949854,,-0.682871425,-0.001331828,-0.050702192,0.000252582,-1.804431671,-0.017599554,-0.000935686,,-0.052326314,-0.004831594,0.009905844,-0.031892109,-0.032785971,0.0213964,-0.044894993,-0.021470959,-1.580470664,-2.205900661,-0.006206608,0.013331533,-1.808146763,-1.210925522,-0.035291788,-0.118264528,-1.845699829,-0.015588708,,-1.363306613,-1.385872226,-0.023806569,0.002288635,-0.046874431,,-0.249636854,0.018027957,,-1.538368705,-0.072862285,-0.029848313,0.002065768,-0.065100881,,-0.087843294,0.009127447,-0.104794716,,-0.010033476,,-1.60218482,-0.003766613,-2.283469364,-0.155030439,,0.008131897,-0.054105246,-0.146884976,-0.094881205,-0.006435231,-0.110698122,-0.069198741,-0.034713768,-0.600162879,0.020044137,,-0.169123594,-0.185823833,-0.081091614,-0.009016697,-1.800284717,-1.917204238,,0.028924827,-1.325605523,-1.358865662,-0.028849387,-0.001459478,,-1.703666942,-1.562569598,-1.389788687,0.008981425,0.003681739,0.031778694,-0.141265909,-0.57020773,-0.086210184,,0.027399732,,-0.039378536,-0.031928632,-0.064162955,0.000894984,0.027509457,-0.041116689,,-0.016290197,-0.011996651,-0.007935114,-0.047361865,-0.069204221,-0.136115451,-0.08387485,-0.003451487,-0.075187429,-0.053339592,-0.705543913,-0.061376028,-1.057402499,-0.69034508,-0.025266244,,-0.906537166,-0.586379186,-0.028383601,,0.003564011,-0.047247809,-0.020485025,-0.170251595,,-0.025612697,,-0.33805863,-0.004174844,-0.133402894,,-0.089760594,-0.002017286,0.044414545,0.028886503,0.006706466,-0.080064957,-0.008574386,0.063503036,0.008646048,0.011675264,0.061755091,0.001863397,0.03506585,-0.010953753,0.037651769,0.044490723,0.059844858,0.029019265,0.012256899,0.025440405,0.001831653,,0.036249757,0.042463814,-0.010965385,0.035719672,0.019567477,0.027681714,0.030914604,-0.602130424,0.029049614,-0.102001228,-0.065927614,-0.057010564,0.044662634,-1.224649397,-1.021659835,-0.006422692,0.027228427,-0.09854907,-1.122676104,0.007862697,0.030716949,-0.001011016,,0.045531892,0.000261514,,-0.001247726,,-0.012742007
Val,Functional Score ,Weighted Mean,-1.219830167,-0.848609167,0.003953337,-0.067291907,,-0.21266945,-0.212607267,-0.030027518,-0.311060241,-0.216888256,0.002424518,-0.669907427,-0.094579806,-0.759233618,-1.627932338,0.042701355,-1.059091436,0.05505662,0.023628897,0.013891585,0.032608835,0.030210045,0.025925007,0.037065368,-0.033996187,-0.022553528,0.00225381,0.033618202,-1.572760161,-0.391356841,-1.587110828,0.00627319,-0.003940077,0.033571784,0.064355754,-1.661937781,-1.772776031,-1.550268317,-0.026763075,-0.025122953,-1.470210987,-0.453623682,0.014509519,-1.264636634,-1.348413824,-0.033285234,0.004082907,-0.037234961,-0.056048278,-0.000369338,,0.018208288,-0.083801619,-0.065932375,-0.007419991,0.002886985,-0.022835653,-0.022791531,-0.013875985,0.031988771,0.028585388,0.02797163,,-0.068966985,-0.011032192,-1.209336043,0.029046686,-0.073409312,-1.640278091,-0.008672626,-0.086667449,-0.106960058,-0.549562083,0.002469705,-0.15467993,,-0.252671302,-0.088482335,0.024882763,-0.071171373,-0.029630532,-0.082681932,0.025851315,-0.01388643,-0.681901167,0.011385319,-0.041654979,-0.031217218,-0.062521742,0.010088477,-0.038216358,0.026442683,-0.01120567,-0.002995317,-0.020751443,-0.029515464,-1.997980109,-0.028262086,-1.933611977,-0.16445154,0.037373597,0.028206397,0.004845546,-0.11401879,0.007734303,-0.033374374,-0.023333893,-0.23841573,-0.012798502,-0.148163196,-0.059582569,-0.122298157,-0.047445746,-1.034892874,-0.015491962,,-1.341109655,-1.076685803,-0.000961291,-0.029662248,-1.399948398,-0.12262567,,-0.024943184,0.015653253,-1.223034029,-1.933024138,-1.243561903,0.043474831,0.06972471,-0.058250432,,-0.042234394,-0.037504493,0.050399672,0.008055938,0.064689789,-0.0040585,-0.03949394,-0.076638785,0.040009897,-0.012164651,-0.030792409,0.000390093,-0.039881659,0.002674881,0.030450374,0.035039586,-0.014966235,-0.009366511,-0.17178447,0.057386718,-0.017207287,-0.056497979,-0.983324724,-0.066820427,-1.428775364,-0.865232944,-0.003715986,0.058469443,-0.44793441,-0.342437345,0.028435817,0.045983045,-0.61706937,-0.051476376,-0.045504296,-0.226293323,-0.005946305,0.024058627,-0.009018727,-0.02428104,0.033233458,-0.213928455,0.037241589,,,0.019169634,,0.037780333,-0.054010873,0.019482973,0.002747572,-0.016245277,0.034686625,0.02469865,0.028940963,0.064544026,-0.017194296,-0.017286698,0.029303056,0.02012408,0.063256774,,-0.018058517,0.031101413,0.052486773,0.046380707,0.047049278,0.008575928,,,0.058770091,0.020711296,-1.203313414,0.001385011,-0.081267612,0.040258762,-0.030407319,-0.001749049,-0.404903325,-0.211675178,0.007058156,0.025081265,0.008056254,-0.427361411,-0.023375934,-0.054273795,0.016911593,0.042943547,0.055413611,0.026546416,0.033099511,-0.031335195,0.01256815,-0.002963698
Ala,Functional Score ,Weighted Mean,-1.316619252,-0.700028106,-0.07799213,-0.504143364,-0.083029515,,-0.095651422,-0.117591424,-0.140023178,0.009113738,0.03900255,-0.461099103,-0.095107949,0.024145635,-1.359332073,-0.00637495,-1.338985375,-0.030646607,0.043432086,-0.860628416,0.048559906,-0.059733167,0.053683658,0.019127855,0.030692219,,-0.155906672,0.029145875,-1.121378015,-0.169688358,-0.984897264,,0.075092844,0.041767418,0.079332414,-0.155411985,-0.311522709,-1.473107921,-0.092402091,-0.105071227,-1.689842573,-1.938555407,-1.360275512,-1.50527999,-1.295981535,0.065660352,-0.290411255,-0.280230238,-0.04971953,-0.040493219,-0.018180793,-0.997137145,,0.016982765,,-0.647115676,-0.069905531,0.040727188,-4.40E-05,-0.012491727,-0.065168403,0.051826961,-0.062355427,0.027313716,-1.027641726,-0.026509442,-0.017826549,0.023789971,-1.433844684,-0.080923208,-0.016546417,-0.10194764,,-0.009674611,-0.21249303,-0.101859507,-0.09682496,-0.185696101,-0.105539487,-0.00503761,-0.274121082,,-0.027320598,-0.148893532,,-0.035016787,0.06456554,-0.066023118,0.032784808,0.007213115,-0.059730051,-0.035871009,0.015278974,-0.057660725,-0.008256053,-0.107113977,-0.151726362,-0.000945432,-0.484266893,-0.248662541,0.052875896,0.020503035,-0.007139754,-0.048250446,0.06551415,0.022550211,-0.056999045,-0.022576984,-0.011567612,-0.046919046,0.03201528,-0.105788335,,0.071833481,-0.024498166,-0.019170896,-1.303390203,,-0.135924444,-0.038260624,0.056960155,-0.020507867,-0.020180123,0.030501747,0.007135618,-1.125045184,-0.059678896,-0.702939361,0.090930651,0.066995028,0.011111541,-0.01172066,-0.061579032,-0.00067163,0.063006202,-0.033018688,0.053040921,0.000401304,-0.00920819,-0.669516236,0.055762275,-0.003105844,-0.047985709,-0.690974614,0.002664712,0.021490571,0.015897197,0.065255299,-0.008204973,-0.080900689,-0.219851599,0.008654215,-0.058551921,-0.25478812,0.018474825,0.029725293,-1.349556084,0.041180578,-0.072904658,-0.429841424,-0.585502389,-0.790087239,-0.023002338,0.079325464,-0.012180568,-0.050312836,0.063572676,-0.052129283,0.061358483,-0.00133024,-0.090702219,-0.040074762,0.048825677,-0.139783655,0.040696291,0.026740819,0.052359053,-0.004336114,0.044336925,-0.022966019,-0.140455065,-0.0043125,,-0.005963369,0.051570804,-0.007551866,0.018942013,0.036155309,0.019235863,0.002195732,0.037403119,-0.012091991,0.000407394,0.068236998,-0.010450841,0.014485176,0.022245428,0.088966319,0.021042997,0.034808925,0.033392001,0.043791945,0.033459531,0.030746312,0.037341318,0.067754284,0.033173416,-0.042443264,0.021906935,0.069472464,,0.017782191,0.009500221,,,,0.033234423,0.073443896,,-0.0822736,0.039180399,0.063487972,0.030797852,0.028449041,0.012397608,-0.001348014
Gly,Functional Score ,Weighted Mean,-1.790683037,-1.100848894,-0.31248076,-0.636505889,-0.189797539,,-0.079948801,-0.065306665,-2.016290916,-0.203730057,0.050833006,-1.080283205,-1.76289817,,-1.396349916,-0.353002969,-1.625537388,-0.035755276,-0.193548145,-0.382423848,0.000997756,-0.088298184,-1.024338279,0.039848304,0.011343859,-0.144118762,-1.14942695,-1.435768351,-0.808858682,-0.941764233,-0.348711022,-0.037527617,0.025475654,0.020818126,-0.018835181,-0.558609691,-0.098401451,-1.31395315,-0.425505078,-1.554285618,-1.191517908,-1.770869327,-2.025480423,,-1.358371415,-0.046173211,-1.656876129,-1.338274079,0.026303559,-0.082005477,-0.747772564,-1.73750402,-0.094537407,0.030656403,-0.030635846,-1.899031131,-0.654673135,0.002932564,-0.002953847,-0.100291221,0.067807446,0.006250721,-0.008783117,-0.028805591,-1.233000351,,0.006098561,-0.607124183,-0.948728641,-0.098888723,-0.304527969,-0.322697414,-0.145730665,-0.025691335,-1.881773261,-0.257551987,-0.256186665,,-0.04062407,-0.024135066,-1.84011233,-0.328116814,-0.032975776,-1.159951521,0.025332382,0.028329385,0.074990011,-0.833669975,-0.083694867,-1.159828919,,-0.039030061,0.002426882,-0.600544534,-0.057758679,-0.472946101,,-0.036208835,,-0.402104983,-0.014905629,-0.330303132,-0.057265998,,,-0.019182589,-0.003587246,-0.051261704,-0.062836034,-0.001006057,-0.028411274,-0.076747952,0.023405954,-0.043132644,-0.113793737,-1.340840843,-1.074383097,-0.034893132,-1.656490335,-1.981233965,,,-1.64786514,-0.147962294,-1.59094181,-1.367761432,-0.06861832,0.072253421,0.022322846,-0.004112879,-0.019531215,-1.521325746,0.00850896,-0.019901998,-1.358952958,-1.631650823,0.009432269,-0.114418283,-0.945803806,-1.234807035,0.022808622,-0.012479309,-0.020958985,-1.425858235,-0.04158424,0.034280472,-0.165294946,0.02471045,-0.007821007,,-0.019163541,-0.008230977,-0.068698954,-0.357010964,0.002730937,-0.039103618,-1.126611697,-0.060167421,-0.082850963,-1.436785588,-0.198268637,-0.464326946,-0.094770073,-0.107167964,-0.179114507,,-0.00900338,-0.019877686,0.03248507,0.040747323,-0.133559741,-0.068297307,0.005518995,-0.580264869,0.044602744,-0.023595004,-0.098412242,-0.047415223,0.034463931,0.035583797,,-0.034022632,0.026266785,0.036241484,0.064407479,0.04689644,0.006394031,0.055277787,0.065415138,0.134547762,0.022202844,0.048761248,-0.074260181,0.043770595,-0.021410149,,0.063444478,0.039993936,0.052217643,0.056639184,0.046774391,0.036971139,,0.022464662,,0.046449511,0.003534892,-0.133862203,0.012360105,0.011611819,0.046758857,-0.071720804,0.009650316,0.022350996,0.008017991,0.075117209,0.007542755,-0.034185076,0.051660006,0.025374778,0.044205484,0.063763591,0.027179014,0.03771266,-0.016265499,-0.023984452
Cys,Functional Score ,Weighted Mean,-1.325107033,-0.681862795,0.033309589,-0.502663498,-0.005555581,,0.001088711,-0.162735541,-1.523509124,-0.290989991,-0.042398331,-0.171499995,-0.007602163,-0.084361029,-0.916678877,0.002693639,-0.893067966,-0.004889806,0.045828615,-0.024567433,0.056474157,-0.336335479,-0.18169491,0.109957458,-0.004239424,0.026032946,0.076878761,0.017869246,-0.845335633,-0.025974579,-0.999149943,0.056823396,0.04597397,0.044266314,0.099744998,-0.013143577,0.031809122,-1.859011476,-0.07585724,-0.064810942,-1.455421199,-0.078597421,-1.20847088,-0.839969539,-1.379489522,-0.077484166,-0.011497138,-0.115794284,0.018700539,-0.016965512,-0.002734757,-0.408383064,-0.020309738,0.016451892,0.068254893,0.002574161,-0.053747481,0.023916945,0.025319392,0.004835998,-0.063497675,-0.043452592,-0.021262888,0.018833211,-0.098423391,-0.795596862,-0.004391347,-0.038044225,-1.033847384,-0.091249528,0.003485657,-0.348853847,-0.333869732,0.08469224,0.039471904,-0.035002288,0.041490668,-0.066126432,0.011822703,-0.106555785,0.073123658,-0.075434684,-0.226267696,0.03091098,-0.097057457,0.087443514,0.02779583,-0.119214801,0.053953741,-0.015356744,-0.117158045,0.042767366,,-0.218249302,0.002129797,0.019591979,-0.937288793,-0.022890017,-0.397532025,-0.255401098,0.026090257,-0.040968818,-0.230974433,0.004890595,-0.084169461,0.068005535,-0.05042613,-0.06517035,-0.040495415,-0.067088111,-0.039927357,-0.523172154,-0.037354478,-0.034107173,-0.763570391,0.010081889,-3.146097942,-0.010915375,-0.047489339,-0.025423256,-0.516999215,-0.088120749,0.031364074,-0.125318449,-0.004464808,-1.106080258,-0.099577232,0.037249707,0.068555765,-0.021598026,-0.059086446,-0.049016143,-0.013055167,-0.013221924,0.016568257,0.035235517,-0.036474013,-0.067187475,-0.074686005,0.035747328,-0.008139123,-0.009567699,-0.055879105,-0.00505074,0.055989083,0.024069504,0.009466568,0.072030002,-0.013286392,-0.074363569,-0.011960525,-0.080138519,-0.076653394,-0.207608153,-0.046912028,-0.016649165,-1.222833652,-0.10533037,-0.037974777,-0.103382193,-0.174962824,-0.149073436,0.069669765,0.0113901,-0.233148928,-0.190202999,-0.040436652,-0.044534543,-0.057443821,0.03738553,-0.238184144,-0.043566135,-0.009189615,-0.036628333,-0.097514756,-0.0518775,0.017884581,0.037511399,0.004650457,0.0077297,-0.190037361,-0.042755327,-0.054783742,-0.09352411,0.055499183,0.065252713,0.050954673,0.079924303,-0.01368051,0.059979368,0.010356925,,0.026491138,0.041018989,0.062970839,0.007344008,0.020328561,0.002372567,0.009699688,0.074064432,0.337495458,0.096837898,0.005251356,0.01683567,-0.033414105,0.059084241,0.028950802,0.058714752,-0.172463041,-0.03169775,-0.031440293,0.043320936,0.016942219,-0.01209594,0.039145473,0.036852806,-0.034939136,-0.092930961,-0.002292744,0.092785699,0.047639426,-0.062071807,0.040415393,0.01016769,0.009464469,0.066752777
Ser,Functional Score ,Weighted Mean,-1.749015231,-0.275545423,-0.000178675,-0.067556682,0.03689422,0.054581119,0.045072608,0.012337038,-0.535357272,0.00620946,-0.184468174,-0.041117727,-0.130917612,-0.229781249,-1.782591249,0.029924117,-1.337952233,0.031966864,-0.034939022,0.035370829,0.045453562,-0.052743323,-0.703125144,0.046172319,-0.03647177,-0.266802686,-0.689827863,-0.007255815,-1.263196689,-0.082765151,,0.046017686,,,0.040243781,-0.083735837,-0.071630782,-1.341601708,-0.098925262,-0.303385228,-1.529125677,-1.40979588,-0.896863294,-1.281174094,-1.604543243,,-1.470918503,-1.307740957,,-0.069856992,-0.017470777,-1.394390557,0.014715343,-0.052032565,-0.034972886,-1.638527431,-0.092840957,-0.007466202,0.002374217,-0.01825758,-0.064814021,-0.001183241,-0.020506453,-0.007809182,-1.230856082,-0.379205875,-0.047901878,-0.090730796,,-0.055600663,-0.004777155,-0.17743015,-0.133228313,-0.031142702,-1.208101258,-0.155544815,-0.176451092,-0.009802791,0.02788444,-0.020015487,-0.456062858,-0.006782785,0.007655503,-1.13046028,-0.05878315,-0.042394827,-0.026539121,-0.527395922,-0.004547712,-0.727505506,-0.183828684,0.016362971,-0.06132408,-0.161724726,-0.10341775,-0.497819381,-0.126209393,-0.058365969,-0.464805797,-0.35562745,-0.085341619,0.01755375,,-0.065925673,-0.116679335,0.002757046,-0.007126948,-0.074797652,-0.001415665,,-0.057517831,-0.191350517,-0.018874738,-0.069918041,-0.054689814,-0.939505053,-1.867505408,-0.07077682,-0.959715368,-1.437956731,-0.780856739,-0.012141768,-0.422416856,-0.100699635,-0.046582216,-0.951430091,,-0.004870746,0.04081464,0.026609623,-0.010533733,-0.123493006,-0.063645244,-0.10375097,-0.080000132,-1.444446104,-0.040603281,-0.04764454,-0.348809493,-0.791591171,-0.034448426,0.009059827,-0.067724729,-0.876574141,-0.003400829,-0.02695443,0.018526397,,-0.008510112,-0.053953875,-0.080163448,-0.019613944,-0.069201423,-0.291709994,-0.079690938,-0.017501262,-1.238924121,-0.012187003,-0.022595504,-0.819981238,-0.32513896,-1.063745609,-0.091695305,-0.034417276,0.005404815,-0.023313679,-0.082368917,-0.024052525,-0.036192342,-0.023577339,-0.132580727,-0.037203943,0.000942801,-0.09921996,0.042603294,-0.071541654,0.009472921,0.054370658,0.054397318,-0.044411353,-0.093264941,-0.049279379,0.030945817,0.017912335,0.053679844,0.06785364,0.021520725,0.115980157,0.048965244,-0.004471936,0.012817392,0.015273827,-0.031298367,0.032984151,,0.017445115,0.023523117,,0.031204331,0.083675528,0.075423372,-0.018906138,0.041562872,0.038090699,0.046742317,,,-0.009132484,-0.021242107,-0.021156177,0.047738376,-0.016216084,-0.029852829,0.043365342,0.054205206,0.035303652,0.005790548,-0.009377005,0.014263207,-0.008231337,0.031420707,-0.004068639,0.010222897,0.027631489,0.005350431,0.008893793
Thr,Functional Score ,Weighted Mean,-0.840135546,-0.100389356,-0.031129223,-0.051970198,-0.002322936,-0.389204672,-0.033918803,-0.029038203,0.033752673,0.022225225,0.001225413,-0.382037812,-0.026339163,-0.050690852,-1.338724219,,-1.611838151,0.053054689,0.036982967,0.035664707,0.017804846,0.024376625,-0.903272794,0.073257506,0.017736237,-0.128083331,0.053672355,,-0.581679363,-0.704125174,-0.22732972,-0.04905991,-0.07670241,0.026078402,0.086628207,-0.052825628,-1.173357591,-1.584858458,-0.047831768,-0.445853392,-1.744510373,-0.400330584,-1.310245514,-1.801193853,-1.981133002,-0.022006266,-0.37949452,-0.293251657,0.027437847,-0.087565871,-0.014310184,-0.01782885,0.031895469,0.079467889,0.017821493,-0.087353952,-0.046165146,-0.018076293,0.015671929,0.013550683,-0.033777139,0.02078992,0.013939705,0.057429648,-1.290682214,-1.957235903,-0.00849292,-0.059295519,0.032907159,-0.034706761,-0.102246695,-0.039700549,-0.381956888,,-1.073983328,-0.156921924,0.012089795,-0.004933516,0.020189135,,-0.143461523,-0.007399796,-0.029575652,-0.03064941,-0.424847847,-0.053232946,0.009117999,-0.017365163,0.072158597,0.009105507,-0.041976727,0.019433506,0.030174165,-0.078718217,-0.021389711,-0.132191171,-1.506847039,-0.064902819,-1.121770178,-0.173985778,0.020689262,-0.070530571,0.010462794,-0.219536934,-0.035671685,-0.037260252,-0.10540704,-0.008997439,-0.003815937,-0.035210753,0.022264976,-0.050241405,-0.033875697,-0.221063415,,-0.013854605,-1.927169389,-0.708380402,-0.083334871,-0.140823903,-1.07023624,-0.103606183,-0.050973059,0.075993053,0.002636452,-1.090080343,-0.017898216,-0.018154645,0.085121166,0.035965546,,-0.004428521,0.044139201,-0.017094215,0.056296027,-0.073884568,-0.022013743,0.015623729,-0.096296978,-0.08857192,0.004964926,,-0.070158869,-0.362549222,-0.009406852,0.020149581,-0.004880103,0.021640708,-0.001645974,-0.222926289,0.019244956,-0.03485911,-0.0212339,-0.136582227,-0.482048417,-0.048050655,-1.196634655,,-0.033804955,-0.559852407,-0.305905922,-0.739622582,-0.032586449,-0.027146847,-0.119515669,-0.089615249,-0.046089869,-0.051117366,-0.006522617,-0.011663329,-0.072720081,-0.060756861,,-0.147124083,0.015538665,-0.111076168,0.089148484,0.014201078,0.039073283,-0.029058947,-0.086571938,-0.06034203,-0.00726848,-0.094706729,0.050386472,0.023967927,0.008876058,0.025985398,,-0.005569434,0.004831611,0.048610551,-0.005339282,0.02491999,0.016204743,0.015147602,-0.001535781,0.049400462,0.059580754,0.011357522,0.015843431,0.041319503,0.011836019,,-0.491853392,-0.000656349,-0.026994689,0.022713777,-0.006533575,0.09068609,0.054096836,0.002435158,0.013082708,0.037629172,0.077596249,-0.174455925,-0.017706902,0.048355808,0.019792616,0.040616495,0.078716226,0.064816071,0.012920908,0.023322474,0.024112655,0.012380651
Gln,Functional Score ,Weighted Mean,-1.781118302,-0.935379432,0.019152111,-0.000151327,0.000633759,,-0.303536398,0.038678158,-1.206960204,,-0.136929966,-0.30489454,-0.657587832,0.014431876,-1.458594821,-0.140305421,-1.866082665,-0.019752778,-0.040674244,,0.014933319,-0.034360312,-0.838570166,,,-1.918976928,-1.771284237,-0.04053923,-0.900528551,-0.570952004,-1.785804511,0.022444685,0.019275472,0.040367673,0.046415619,-0.093396176,-0.001020312,-0.111349484,-0.141286591,-0.044519475,-1.255718639,-1.898878639,-2.08536284,-1.373758673,-1.865315566,-1.881432622,-1.731089362,-1.017355606,-0.11117349,-0.022674367,-0.97131855,-1.877187416,-1.559566672,-0.087739688,0.017307175,-1.819022141,-0.127705115,-0.017750949,-0.021943115,0.039433426,-0.031018506,0.022388495,-0.006219102,-0.000522085,-0.030076043,-1.784171226,0.058620098,-0.13949993,-2.423248315,-0.067449,-0.536184675,-0.08700047,-0.08625742,-0.015231163,-0.435035594,-1.135179844,-0.013558736,-0.049325489,-0.045589366,-0.012830266,-0.946913526,0.007361468,0.050072574,0.055902896,-1.053282719,-0.025437055,-0.065048912,-0.064148508,0.034606905,-1.288043343,0.004436722,-0.016194383,-0.025323876,-0.023796708,0.023150328,-0.192610609,-1.648179093,0.038361359,-1.294931112,-0.205358577,-0.219103547,0.043566304,0.021787894,-0.016369711,-0.281908526,0.00139803,-5.03E-05,-0.014402324,-0.139191932,-0.156035194,-0.105408666,-0.069102249,-0.047044276,-0.043200978,-0.076992802,-0.481011419,-1.776924036,-2.25101284,-1.764622506,-1.946097162,-1.421837083,-0.87540746,-1.621964141,-0.432977978,-0.090023134,-1.446550098,-0.53416976,-0.103751467,-0.003404469,,-0.042592509,-1.505850832,-0.055295226,0.058753055,-0.051482392,-1.619414334,0.004133485,-0.000113142,-0.16859172,-1.028107982,,0.034879689,-0.094431989,-1.302213153,-0.066421903,-0.02867595,-0.09956986,-0.00601763,-0.056326158,-0.047672441,-0.075948753,-0.013619716,,-0.136464429,-0.976952256,-0.111486366,-1.227931218,0.027731617,-0.017404359,-1.334142452,,0.069195735,-0.143856111,-0.134401716,,-0.033926169,-0.001827922,-0.04186457,-0.050815749,-0.082308631,-0.03805587,-0.067811697,-0.035068806,-0.20469326,-0.028132975,-0.1076794,0.015363319,,-0.01763328,0.036491682,-0.097790701,-0.037886552,-0.044851564,0.010889008,0.020932256,,0.007746931,-0.035602382,0.019254512,-0.087685635,0.024065966,-0.045898251,,-0.00617053,0.017029726,0.021316542,0.011346566,0.054737035,0.116495182,-0.198249773,-0.020334049,-0.026184206,-0.008672899,0.029447238,0.057463039,0.052357779,0.047562787,-0.336295623,0.062991339,0.001173631,-1.32002774,0.119351989,,-0.007936041,-1.138937663,-1.706235861,-0.013414521,,-0.034113567,-0.013620763,0.035627529,0.000204463,0.059956879,0.011360462,-0.015265437,0.015915036
Asn,Functional Score ,Weighted Mean,-1.401580029,,-0.039189317,-0.022257225,0.040811611,-0.164756005,,0.004619265,-1.198545387,0.05324786,-0.370397328,-0.062840663,-1.553642508,-0.049386033,-1.311699375,-0.021656015,-1.983008781,,-0.065856729,0.013616848,0.038762242,-0.001224831,-1.49285325,0.019217461,-0.021750025,-1.183136711,-1.44167086,-0.172582746,-0.953998605,-1.682699531,-0.849431273,-0.072005925,0.082440936,0.041507219,0.01263593,-0.033822139,,-1.075875603,-0.054869672,-1.426908476,-1.816850224,-0.274700341,-1.944676387,-1.8086481,-0.829708823,-1.650764892,-1.014435746,-1.316746975,0.006110039,-0.29372322,-1.174859505,-0.690523249,-0.462465865,,-0.113834177,-1.213812327,-0.056298261,-0.01264834,-0.004876985,0.018118679,-0.082568432,0.045750985,0.044874141,0.035983806,-1.733075295,-1.572354931,0.014012896,-0.963903488,-1.191440923,-0.075301075,-0.084904778,-0.135018256,-1.855017443,-0.055870116,-1.927464827,-0.107608263,0.034796983,-0.196797672,,-0.06998901,-0.720643712,-0.137905386,0.007244684,-1.81432894,-0.283316716,0.022556702,0.032149532,-0.057010005,-0.086697867,-1.942716047,-0.064728626,-0.0172812,0.008434077,-0.182140878,-0.123928543,-1.257575529,-1.143275891,-0.02828782,-0.650504634,-0.514985312,-0.004043758,0.01518705,-0.047892868,-0.274514037,-0.180251584,-0.002302214,-0.031084935,0.003369294,0.01733394,0.01156667,-0.013546551,0.064377996,0.015666643,0.007569135,-0.640700227,-1.774950271,-1.733906165,-1.59217014,-1.898457849,-1.449632181,-1.237652823,-1.270227201,-1.63182288,-1.785907001,-0.944712061,-0.846122509,-0.449038761,0.036212898,0.04837579,-0.046666692,-0.023838179,-2.011689561,0.012472795,-4.42E-06,-0.183814505,-1.148087659,-0.078116257,,-0.700017594,-0.757080207,-0.018850806,-0.000651651,-0.048225095,-1.197203888,-0.079437843,0.007898404,-0.435318528,-0.041290888,-0.108667251,-0.089674268,-0.026876489,0.014509607,-0.066965576,-0.329606705,-0.012701963,0.039912412,-1.441945226,-0.004697359,-0.135841779,-1.071806164,-0.012336479,-0.829953474,-0.034020101,0.113092371,-0.200482406,-0.116137181,-0.199946987,-0.136829747,0.006698957,0.052363474,-0.134241499,-0.30236565,0.022454737,-0.054019756,-0.039131337,-0.129342638,-0.035484036,0.038396387,0.081031444,0.014742278,-0.109245073,-0.048819166,-0.055934685,-0.076445273,0.005012012,0.057741775,0.010534974,-0.064311605,-0.052593779,0.080699059,-0.134426948,0.036439894,-0.049849334,0.021807836,-0.089380484,0.057660583,0.039833008,-0.057494031,0.073672758,0.056285203,-0.056563991,0.008730052,0.035782857,0.070955941,0.045764782,0.038657652,0.010877585,-0.062434605,-0.001960569,-0.151255864,-1.505705427,0.06007984,0.023946261,-0.160939157,-1.508239239,-1.009806248,-0.002693813,-0.043050962,-0.898344391,-0.027226994,0.023694053,0.003828095,0.094236485,0.009186671,-0.031302103,0.069013233
Asp,Functional Score ,Weighted Mean,-1.734960991,-0.14650004,-0.198715968,0.054385804,-0.139957789,,0.011284981,-0.017540288,-2.137661304,-0.719741442,-0.03346887,-0.609998966,-1.565307967,-0.122090623,-1.210282308,-0.195535208,-1.752641583,0.018200142,0.031639286,0.005754281,0.04072983,-0.104850044,-2.004182765,0.073753086,0.078769122,-1.567953764,-2.009082192,-1.30177935,-1.483749365,-2.096658459,-2.007723592,-0.001409698,0.046719597,0.051222904,0.005808274,-0.184801541,-0.878330317,-0.000478938,-1.121676008,-1.855369513,-1.004478732,-1.98271345,,-1.118413675,,-1.894885788,-2.199486151,-1.91653644,-0.00758668,-1.384438772,-1.124074024,-1.836061861,-0.707847861,0.034947606,0.04602262,-1.602621768,-0.538677835,0.022981309,-0.04241802,-0.400480958,-0.016488222,0.07954434,0.019759447,,-0.342200406,-0.534668782,,-2.033845104,-2.037062815,-0.582921275,-0.961973986,-1.873331097,-1.016127096,-0.120749051,-1.720195695,-0.192626197,-0.416235047,-0.38552077,-0.133201463,-0.050543632,-1.552545839,-0.154274355,0.060144691,-1.497671822,-1.937520373,-0.01021651,-0.027627635,-1.851883467,0.06322278,-1.762835726,-0.180712818,0.006867566,0.024758648,-1.474716153,-0.042604868,-1.871608417,-1.996897818,0.01982948,-1.876931534,-0.501633241,-0.085863689,-0.165009441,0.055027985,-0.1555075,-0.024818567,0.068201788,-0.049023358,-0.944014132,0.006124319,-0.024319565,-1.593372225,-0.36496191,-0.526243505,,-0.622494564,-0.883095811,-1.052789301,-1.867126537,-1.145565847,-2.182030938,-0.618222471,-0.847634116,-1.184017934,-1.834656381,-1.14880168,,-1.585776931,,-0.281143589,-0.006894957,-0.116645625,-1.343399789,-0.070443188,-0.061666623,-1.87276179,-1.884131538,-0.051331568,-0.021689095,-1.769131471,-1.129447992,0.016510759,-0.072751076,-0.04996325,-2.066250529,,0.029653327,-0.225933007,-0.033478346,-0.044988252,-0.088353228,,-0.02493589,-0.07946418,-0.620677716,,-0.010344005,-1.520306304,-1.02111117,-0.304649242,-1.0216321,-0.878829509,-0.410767752,-0.035362999,-0.585448955,-1.302443929,-0.056207431,-0.031784095,-0.033258482,-0.026622372,-0.060788129,-1.246759224,-1.207059281,0.017407865,-1.030058688,-0.014322086,-0.118251818,0.035521248,0.04215972,0.063128293,0.025321845,-0.038186372,-0.114101884,-0.112140899,-0.013545785,,-0.018924167,-0.096277443,-0.13119004,0.00412613,-0.027279121,0.081601825,-0.919291222,-0.021877115,0.002442609,-0.013777034,0.032042971,0.02114677,0.072634534,0.046660617,0.045794506,-0.117283217,0.006376468,-0.049251328,-0.046646055,0.010667874,0.021306789,-0.106742352,-1.703533813,-1.232314199,-0.082954032,-1.224848408,-0.002874928,-0.212396013,0.068627724,-0.636210364,-0.911899101,-0.044937194,0.112811557,-1.216888946,-0.975362355,0.047088151,-0.006666507,-0.026559012,0.031900195,-0.037115255,0.026855298
Glu,Functional Score ,Weighted Mean,-2.021542822,-0.435124393,-0.075245522,-0.042005768,0.042393927,,0.048780902,0.094974396,-2.192522962,-0.112954976,-0.061913855,-0.19941355,-1.597224652,0.009534846,-1.827597459,-0.043770307,-2.225532212,0.095885643,0.048762522,-0.005372373,,-0.316744438,-1.17052611,0.059486123,0.024579056,-1.226829352,-1.850052125,-0.455545542,-1.710767102,-1.939722205,-2.075797803,0.051484332,-0.039712363,0.040025411,0.066890151,-1.600393605,-1.421526409,,-0.311454322,-0.4925424,,-1.834069235,-1.929148355,-1.907915809,-1.437050292,-1.707145852,-2.066258244,-1.803857638,-0.04381859,-0.888296208,-1.463955697,-2.020750788,-1.878626861,-1.003264938,0.026758164,-1.289336298,-0.774515649,-0.070172389,-0.042380543,0.051449076,0.01327176,-0.367835312,0.035702744,-0.030071371,,-1.042093943,-0.064357336,-0.936859057,-2.183659475,-0.350295437,-0.710301058,-0.121320618,-1.802787663,-0.055059931,-1.758811017,-0.090636274,-0.16789175,-0.064455331,-0.068177738,0.053797221,-1.74813081,-0.500792355,,-1.869205286,-1.299467242,0.043954427,,-1.087994211,,-2.098530676,-0.020405034,,-0.180128925,-0.537605124,-0.290266455,-1.514076451,-1.527298815,-0.009158025,-1.905680035,,0.003359491,-0.161706582,-0.017436726,-0.054670136,0.043039374,0.044056505,-0.01558159,-0.086638804,,-0.976880268,-0.657887904,-0.346765873,-0.188914288,-0.593123384,-1.058909739,-1.717869261,,-0.649504519,-1.986729736,-2.066170886,-1.912203294,-1.513713315,-1.456431982,-1.389737147,0.059343143,-0.155017162,-1.501578115,0.019068932,0.074481108,-0.171594471,-0.025713848,-1.920446885,,0.052891635,-1.053487189,-1.442390299,-0.085690881,-0.00618283,-0.96963718,-1.53642089,0.004782553,-0.056960471,0.013817722,-0.856247334,-0.056878181,,-0.045278462,-0.071051797,-0.035379068,-0.195082654,0.0704364,-0.017793428,-0.015208038,-0.422702476,-0.366805513,-0.102870582,-0.813810637,-1.282861628,-0.131293007,-1.413791837,-1.21154103,,-0.059651554,-0.045707755,-0.779773291,-0.223340828,-0.036543695,-0.249580445,0.007039692,-0.044018781,-0.308280843,-1.528769074,-0.048495718,-1.047990992,0.057816032,-0.115676987,0.107427873,0.129163491,0.028912721,0.078358784,-0.104150437,,-0.118352984,0.103500729,0.026825143,-0.045291999,,-0.046956276,-0.016741537,-0.187254909,0.016307087,-0.23838711,0.012491565,-0.137451843,-0.024602282,0.050552993,-0.006187247,-0.02930237,,0.046619861,0.015419909,0.030354837,0.010647933,0.014561258,0.025228907,0.008329829,-0.127671759,-1.108270572,-1.437703047,0.013088257,-1.380345186,,-0.084089813,0.011542068,-1.132751354,-1.294723204,,0.111178351,-0.539519014,-0.005607981,0.038883024,0.081001428,0.018250845,,-0.074820517,
His,Functional Score ,Weighted Mean,-1.796511501,-0.020840213,-0.02073357,-0.001546488,0.006184913,,0.076820465,0.005263139,-0.973509262,0.022718737,0.044992684,-0.294411005,-1.572719398,0.015223099,-0.012745597,0.074536845,-1.293416727,-0.077012152,,0.023993205,-0.043679245,0.040078841,-1.315892912,0.071442782,-0.044394079,-1.49235534,-1.727100539,-0.543116573,,-0.271829665,-1.700989055,0.075384744,0.056156141,0.04347067,0.056027275,,-0.055535642,-1.471295383,-0.928602737,-0.040474766,-1.606190628,0.031919804,-1.980019042,-1.822062671,-1.622227658,-1.616012414,-0.97361879,-0.759299758,-0.333075084,0.006522299,-1.138293608,-1.340186724,-1.840360716,-0.004436463,0.00895281,-1.414368582,-0.088578852,,-0.081257715,0.035122405,-0.408106346,-0.032431105,0.030282482,-0.004237653,-1.700642738,-1.171677054,-0.024868346,-0.387344033,-0.930576469,0.048562179,-0.16584227,-0.28489938,-1.994986869,-0.026143204,-0.693588712,-0.248743186,-0.691001087,-0.078343918,0.003070983,-0.041401794,-0.283688763,0.118804744,0.020543327,-0.691225818,-1.193151797,-0.144430327,0.008120083,0.138607758,-0.061101067,-1.122199053,0.060659339,0.019960751,-0.046290095,-0.618134249,-0.027518771,-0.657047484,-0.990534326,-0.004978605,-1.636738362,-0.260926986,-0.003129567,-0.132308298,-0.052292674,-0.013814044,-0.067123459,-0.037237598,0.032813007,-0.349599791,-0.01949033,-0.007314551,-0.026312018,-0.138889271,-0.071020842,-1.15377254,-0.058570075,-1.184132627,-1.700732228,-1.847732645,-2.065254177,-1.23857945,-1.823569103,-1.566809665,-1.617789697,-0.02262471,-0.233691294,-1.485679328,-1.009808262,-0.065429373,-0.014426764,0.003405863,-0.047079585,-1.750032167,-0.069217095,0.004637703,0.040990576,-1.893176555,-0.042824935,0.004908317,-0.054558367,-0.380284201,0.011993357,0.001656422,-0.005430832,-0.997614196,-0.040792064,0.024072627,-0.085500941,-0.008481259,0.030317037,-0.071874232,-0.029278556,-0.003575445,0.071604993,-0.547630607,0.024553519,-0.030581129,-1.277893545,-1.624611197,-0.078281033,-1.561001631,-0.226406943,-0.226052222,-0.080984526,-0.041462688,-0.296826023,-0.068114485,-0.05013425,,-0.039734697,0.029905577,0.007878223,-0.333876864,0.041922493,-0.101089732,0.017828656,0.023963494,0.069589302,-0.080930178,0.005588602,0.068710271,-0.130750782,-0.140502326,-0.218487969,,-0.027694047,0.045982112,0.094335328,0.085819823,-0.012581149,0.026364065,,-0.474146913,0.049295054,0.038846479,0.056674894,0.013193055,0.040460224,0.082571084,0.01650372,0.023337157,0.042855763,-0.004937531,-0.03688943,0.038009919,0.067924617,0.067497396,-0.040885179,0.030085688,0.124996768,0.081517584,-1.300691407,0.080368059,-0.014636935,0.022540236,-1.319605079,-1.289895506,-0.026127529,-0.168254382,-0.082296629,0.066137723,0.025508081,0.05479679,0.015433576,0.013045283,0.010578195,0.020358447
Arg,Functional Score ,Weighted Mean,-1.716861122,-0.955363954,-0.000930802,-0.179838551,0.008634286,,-0.026325778,,-1.240805576,-0.053234116,,-0.188131116,-1.445309025,-0.047090804,-0.634912519,0.016943894,-1.795647573,0.039283818,0.020607985,0.072277497,0.045247238,0.034969909,-0.881612758,0.040329531,0.04922418,-1.514441562,-1.122634927,-0.222456384,-0.371047655,,-1.009889576,0.040998767,0.021193336,0.050448677,0.034426893,-0.866257511,-1.401178716,-1.839031643,,-1.635082369,-1.902882705,-1.882559142,-1.555784315,-1.390101151,-1.663514397,-1.873460588,-1.831095232,-1.586086941,-1.30403064,-1.47672884,-1.817287206,-1.533576272,-1.708058783,-0.02257854,-0.036030704,-1.650419711,-1.006295339,0.002023502,,0.01582666,0.035078993,,-0.01924136,-0.017620717,-1.555983811,-1.773251232,0.009456592,-1.494443752,-1.276179341,,-0.215632103,,-1.635582352,-0.04607815,-1.549821633,-1.924397195,,-0.09237763,0.043202425,-0.048036164,-0.7818288,-0.035207643,0.039305346,-0.299340531,-1.605939781,,-0.042116818,-0.135422823,-0.002007659,-1.370729975,-0.04099352,0.0120368,-0.100708089,-1.555616037,,-0.645096701,-1.389998912,0.012795508,-1.560315441,-0.689358646,-0.051614292,-0.002997581,-0.124309779,-0.064308026,-0.318430773,-0.043809157,,,-0.012384575,-0.023929631,0.040092273,-0.086797088,-0.062113621,-0.025172808,-1.573703134,-1.840091319,-1.93730704,-1.531878087,-1.426371959,-1.228371204,-1.599401391,-1.618681286,-1.492647935,-0.080567209,-0.088861798,-1.980048165,-0.211765992,-0.255937603,-0.317331587,0.04944108,-0.042259293,-1.465511491,-0.025357058,-0.011093979,-0.002198383,-1.827150615,-0.024558028,-0.019669413,-0.450168408,-1.427624032,-0.020715714,-0.002297876,,-1.419640068,0.011106755,-0.003660548,-0.173085505,0.00499027,-0.063081313,-0.142811058,-0.00122233,-0.007843294,-0.001910185,-0.020500892,-1.523207328,0.006648845,-1.205353919,-1.311169987,,-1.538750393,-0.785229769,-1.276351775,-0.092775884,0.021649021,-0.500222022,-0.101128338,,-0.013205173,0.020145746,0.021268938,-0.027844922,-1.179855033,0.071247264,-0.276657083,0.016019374,0.02919915,-0.095950061,0.033349042,0.042594689,,-0.116575663,0.030556652,0.07183828,0.078222809,0.023565462,0.077910573,0.04598532,0.03709611,-0.002318706,-0.393527239,0.027963468,-0.68232503,0.038257078,0.004791516,0.04465213,0.051178039,0.001569449,0.001434953,0.025837936,0.085080515,-0.021845631,0.024342131,-0.000245329,0.03738386,-0.070420942,0.028235795,0.030523782,,,0.014583557,-1.256881184,-0.90667884,-0.002434903,0.047539982,-1.373772063,-1.426426503,0.036118537,-0.0343914,-0.537575478,-0.001192235,0.051986173,0.058870756,0.035439086,-0.048411287,-0.000379925,-0.008512724
K,Functional Score ,Weighted Mean,-0.992613239,-0.630801256,-0.105433644,0.026750431,0.025229107,,0.067907981,0.082991292,-1.163458332,-0.116672564,-0.055041055,,-1.550781766,0.054791824,-0.910150536,0.031654408,-1.922885574,-0.321165561,0.04110798,-0.051471655,0.003301589,-0.041605425,-1.537818552,0.057741981,-0.002275226,-1.674664757,-1.823675276,-0.848331693,-1.97237636,-0.062976062,-1.882327518,0.073378382,-0.036675583,0.027985283,,-0.555569322,-0.761285149,-1.209414807,0.010321261,-1.019054546,-0.656188295,-2.05578514,-2.251675881,-1.158266253,-1.879975226,-1.88531479,-2.130294236,-1.844474504,-1.849551776,-1.352151609,-1.726181872,-1.593390689,-1.560836649,0.028485607,-0.026584115,-1.519193626,-1.698923809,-0.031118074,-0.393280685,-0.005163441,0.052374042,-0.029467781,-0.048819333,0.028550816,-1.334651725,-2.076578253,-0.159227458,-0.671166237,-2.065937176,0.01109135,-0.141322171,-0.037678859,-1.458221306,0.019794114,-2.03412407,-1.75948699,0.011415266,0.038203538,0.07243881,-0.047259019,-1.319394978,-1.31667398,-0.007098106,-0.018309092,-2.02942799,-0.000471349,-0.088633709,-0.161001182,0.003471853,-2.100288195,-0.113933146,-0.01073775,-0.003750733,-1.691174459,-0.083299157,-0.459847147,-1.997443045,-0.034459422,-2.068864559,-0.785752336,-0.129675065,,-0.075771149,-0.006875935,-0.450193749,0.023293265,0.00895997,-0.068694338,0.034749854,0.028383215,-0.012471953,-0.267463335,-0.078333499,-1.585513716,-2.189500303,-1.581083614,-2.18312606,-1.204213363,-2.514256431,-2.067315058,-1.039626356,-1.579589656,-1.252753595,-0.372716271,-0.086978219,-1.873225577,-0.129858062,-0.127180581,-0.415486207,-0.016783016,-0.132544636,-1.827929687,-0.073071326,,0.024060976,-1.567500832,0.059866482,0.001887585,-0.394146164,-1.363648925,-0.03328955,-0.077969571,-0.097145827,-1.35940869,-0.012983466,-0.018144412,-0.039670668,0.063471121,-0.103316299,-0.401078905,0.017579353,,-0.089549936,,-1.140403271,-0.04690306,,-1.103062447,0.037961457,-1.456711313,-0.619971216,-0.679754023,-0.201208837,-0.212744619,-0.731931211,-0.0637588,-0.005410479,-0.055702739,-0.006166044,-0.007420216,0.025593568,-1.003147328,0.008396177,-0.116566659,0.012565503,0.02555468,0.015070118,-0.061482427,0.020672407,0.027801856,-0.128627963,-0.051335264,0.046734307,0.068155212,0.009120991,0.043939419,0.00305855,0.049488107,-0.170137285,-1.120838064,-0.023732122,-1.177899838,-0.170644075,-0.081798119,0.075982665,0.028531614,-0.034120182,0.05851572,0.07267463,0.067418429,-0.050076046,0.082614714,-0.003514327,0.089176946,0.065418754,0.016356672,0.025019157,0.078040946,0.068971588,,-1.34533864,-0.340314695,-0.114672035,0.059604617,-1.054656704,-1.298919799,-0.029450859,0.060083711,-0.871065693,0.03155826,,,-0.104909665,0.034694578,-0.022288513,0.013943758
STOP,Functional Score ,Weighted Mean,-1.665469194,-1.346393468,-1.808875274,-1.747600794,-1.27151986,,-1.658924393,-1.808216721,-1.923423696,-0.564279843,-1.399384761,-0.986896548,-1.789778287,-1.626596453,-1.58304115,-1.691505691,-1.315667963,-1.462117459,-1.315020381,-0.809293649,-1.02421593,-1.40410395,-0.990501276,-0.604806749,-0.901485264,-1.55523623,-0.844155771,-0.90097994,-2.314626791,-1.777848686,-2.188385282,-1.911494929,-1.353114217,-1.46141183,-0.840345154,-1.433181106,-1.377451642,-1.46314047,-1.699376127,-0.788540977,-1.437077849,-1.823955269,-1.588447644,-1.363219857,-1.643304188,-1.574677853,-2.089313319,-1.462083698,-1.638568735,-0.769117613,-1.423398271,-1.714243289,-1.34421705,-1.412691265,-1.578621814,-1.626206146,-0.829637735,-1.487440703,-1.443651698,-1.50617227,-1.369299993,-1.362570878,-1.444082407,-1.294407523,-1.408287388,-1.209329735,-1.744962291,-1.48582666,-1.316353345,-1.624223047,-1.600165761,-1.865456977,-1.793867051,-1.827044313,-1.739201546,-1.735399056,-1.836437112,-1.93844432,-2.03570944,-2.071800891,-1.501501224,-1.239981857,-0.880527559,-1.847730755,-1.201697577,-1.832762948,-1.110583301,-2.196641826,-1.208019539,-1.083438615,-1.231176337,-1.08500473,-1.244541092,-1.065684154,-1.342522494,-1.139158999,-1.854579777,-1.529587034,-2.140156299,-1.137991065,-1.747039622,-0.740442296,-1.171919153,-1.863666077,-1.086020971,-1.401835376,-1.252139676,-1.53799535,-1.225941703,-1.195294594,-1.790285106,-1.919945607,-1.647998619,-1.683465933,-1.8791115,-1.807731442,-1.33589964,-1.487417996,-1.353821026,-2.261326291,-1.413006243,-1.650645724,-1.783722394,-1.739267652,-1.822634797,-1.872883637,-1.912121914,-1.058982219,-1.701929338,-0.709805167,-1.850640386,-1.515644657,-0.854349697,-0.965734107,-0.831112754,-1.865719585,-1.881812966,-1.583247908,-0.946627621,-0.896036528,-0.796634977,-2.182852717,-1.555062174,-1.704468567,-1.592186739,-1.093113113,-2.034812538,-1.775515719,-1.244810439,-1.791593652,-1.147980213,-1.072396445,-0.944663471,-0.83578969,-1.575579461,-1.685884199,-1.138192394,-1.428703539,-0.971891097,-1.100790776,-0.749478514,-1.105203132,-0.15199206,-1.144188687,-0.428172375,-1.117633962,-1.265367693,-1.531436831,-1.139412244,-1.032534078,-0.95382657,-1.125505386,-1.350217979,-1.044838011,-1.180277553,-1.629629054,-1.072526818,-0.905362013,-1.19686721,-1.225910578,-0.977276822,-0.730981808,-0.966212889,-0.886368635,-1.32540843,-0.570862478,-0.893395279,-1.288741689,-1.235931615,-1.06161274,-1.1391638,-0.731637471,-0.533221534,-1.098430188,-1.22215822,-1.14357901,-1.363465576,-1.179554718,-0.815389568,-0.915821684,-1.437204294,-1.03630166,-1.069514791,-1.12698896,-1.076632881,-0.770699775,-0.970403936,-1.370047346,-1.312989638,-0.859077474,-1.14657991,-1.104698526,-0.631160225,-1.49526089,-1.078206375,-1.380336456,-0.918618836,-0.1306822,-1.139906799,-0.802974528,-0.812586465,-0.695791097,-0.886704957,0.0495159,-0.004449815,-0.004189683
Trp,Ratio of Enrichment,Weighted Mean,0.035355376,0.005899988,0.978757465,0.846687359,1.009443443,,0.737070409,0.150100508,0.016006478,0.060103854,0.451021811,0.006182865,0.409053373,0.269660666,0.999440446,1.159659599,1.036862335,1.151757646,1.206730916,1.062105723,1.393690555,1.111216142,0.269212895,1.185732669,0.953563992,0.025520538,0.015192166,0.050103963,0.008324944,0.01628281,0.038735951,1.13086882,1.122869078,0.960352431,1.204288317,0.010668525,1.09856368,0.045938816,0.028557821,0.093197753,0.056880808,1.287388432,0.012029404,0.007509687,0.010506559,0.017970318,0.006436385,0.016906122,0.082256948,0.922341839,0.012515255,0.012037852,0.031792306,1.154681165,1.128944343,0.00438506,1.005181223,0.749907347,1.360857567,1.160144152,0.138189808,0.995386648,1.413520516,0.76682292,0.012611413,0.013851427,0.941593911,0.956780051,0.008555612,0.697043356,1.264223334,0.013055104,,0.770451248,0.040943755,0.043632636,0.663298824,0.704970675,0.808555021,0.218910007,0.204745349,1.027382684,,0.475303849,0.68288254,0.969638199,2.125693513,,0.875079973,0.086444598,0.904614305,1.176499375,0.140425414,0.049418643,0.841491597,0.086028491,0.039303021,1.104139319,0.035672129,0.13516703,0.855765921,0.938179695,0.82461816,0.80458878,0.19411565,1.179268311,0.813235639,0.054787677,1.272908606,0.145264255,0.038638772,0.855338333,0.655702656,0.01038393,0.016782406,0.908160199,0.010601267,0.001477239,0.025009187,0.274280058,0.015618674,0.15899185,0.026168209,0.608313511,0.525901623,0.015245166,0.062272578,0.008045684,1.034612006,1.207962763,0.39235958,0.014632508,0.932017478,1.181427703,0.94112796,0.003259453,0.879338455,0.917639551,,0.981147938,1.072087527,0.797005897,1.135369865,0.941184303,1.174097042,0.86685279,0.243744463,1.032395388,1.028142137,0.817954858,0.855206067,0.979520205,0.752992445,0.722533747,0.027123311,0.912289717,0.0665604,0.016027438,1.053118102,0.247485886,0.106682588,0.060704378,,0.943408272,0.018463632,0.456945472,1.0074223,0.865722916,0.599899973,1.362614123,1.51263513,0.321360532,0.665068352,1.230272565,1.46544496,0.769283617,1.08585936,1.688514703,0.735255824,1.044101599,0.965465336,0.748822989,1.095978244,0.945623534,0.957890637,1.129766189,1.106527956,1.043161489,1.473186309,2.141938924,1.252428516,0.301356065,1.119046632,1.546312119,0.975925925,1.094315738,0.949831579,1.012273916,1.010612048,0.975989407,0.752802277,1.57690979,1.028747901,1.012843874,0.97035205,0.868326942,0.795992382,0.197717138,0.352482499,0.864917989,0.035875112,0.111691145,0.92135559,0.949284018,0.195652253,0.026120157,1.261205952,0.181596618,1.031674912,0.874942361,1.004195256,1.127121429,1.114345352,1.052677626,1.088042213,1.098622093
Phe,Ratio of Enrichment,Weighted Mean,0.021318421,0.916261808,0.996589279,1.074401589,0.96671037,0.551867439,0.919163147,0.902519651,0.80306051,0.530158746,0.68798499,0.98598998,0.977184193,0.589807991,0.958164633,1.105755747,,1.084934714,0.980015663,1.065583871,1.082934069,1.124506218,0.880269151,1.117114553,1.013465213,0.173136281,0.741344028,0.038826394,0.024428903,0.01859435,0.017364458,1.168472464,1.061408118,1.063670065,1.029234693,0.07620997,0.480278564,0.01365572,0.018811621,1.036424411,0.015363689,,0.389615738,0.084977565,0.018825732,0.072702154,0.071433878,0.80227791,0.010623356,0.991580606,0.337582048,0.923677335,0.01629119,0.958772336,1.025080325,0.147440391,1.119343535,0.973276981,0.955953435,,0.902637394,1.053804285,1.056035919,0.950691194,0.017148606,0.032534428,1.025147097,0.849022554,0.08046393,0.836593092,1.005115659,0.0830302,0.01907252,1.006924626,0.460669186,0.097545069,0.515556932,0.817055724,1.104705453,0.837150183,0.005354276,1.204572519,0.863005961,1.116979324,0.804299516,0.909789243,0.793976208,,1.024647818,1.161287659,0.913627113,0.928622823,0.946155353,0.821189833,0.833766871,0.973194672,0.006282367,0.910949946,0.027508466,0.40938849,0.907187872,0.951842991,0.725110012,0.897150898,0.413993922,,0.881938328,0.148676211,0.833673821,0.697910306,0.975878847,0.683868002,0.534945547,0.00948385,0.6932518,0.938126735,0.007294658,0.025487508,0.886925479,0.910418075,0.004134413,0.412734349,0.635324413,,0.744864408,0.025313743,0.023801002,0.020429884,0.811640596,0.948015708,0.816084967,0.034219865,0.804995513,0.799025512,1.077509342,0.091221545,0.868837701,0.915566994,0.865425154,0.880324047,0.871452646,1.005944813,0.774975954,0.933368767,0.807474853,0.881522263,0.908488329,0.843064043,0.835006103,0.716131302,0.932195629,0.882360633,0.910620293,0.288167452,0.032118169,0.959669706,0.014696049,0.036840016,0.527241838,0.818978715,0.208966249,0.14057793,0.658280444,1.222310917,1.47552752,0.840601701,0.934906295,0.770251458,0.958774002,0.910919345,0.598157322,0.259513206,1.030907808,1.061735626,1.027343606,0.956985268,0.938889049,0.899112098,1.03800236,0.927974345,0.470414759,0.875167187,1.194388879,0.931620196,0.991733744,1.196580178,1.059860969,,0.859791711,0.880267795,1.038138635,0.722375229,1.002858964,1.052669912,1.035200263,1.041746423,0.997142412,1.022604591,1.088763099,1.16801286,1.774039814,1.281827695,1.076903025,1.046772836,0.934494106,1.006643818,0.946434526,0.304004055,0.825009024,1.085336149,0.032730945,0.880934033,1.049868715,1.16856459,0.186923097,0.151216808,1.033625746,0.990421678,0.920081722,0.741171276,1.10758654,0.890881193,1.872166453,0.949373992,0.984173773,0.703878459
Tyr,Ratio of Enrichment,Weighted Mean,0.006399805,0.598863063,0.917132303,1.08717788,1.030403848,,0.96480715,0.566492552,0.006855712,1.191754942,1.001915318,0.063536354,0.049476002,0.343094161,,1.070971495,1.196336715,0.927162117,1.139651869,1.054996165,1.064661357,0.935652764,0.625191398,1.091935082,1.066812853,0.012646113,0.206861122,0.019827277,0.096481554,0.012071292,0.008711618,1.136475903,1.047880794,1.050132784,1.17733661,0.215207873,0.388366209,0.031493051,0.012301871,1.194782405,0.012859349,1.164994597,0.06576041,0.090085022,0.072089001,0.027880492,0.027277152,0.02869225,0.090372892,,0.022448286,0.0201149,0.018724279,0.851904377,0.946856255,0.038679619,,1.044474821,1.07180677,1.02059409,1.041587083,1.035618515,1.093815745,0.924918264,0.012969936,0.026337145,0.952325278,0.297066417,0.010902776,0.621629209,0.856991156,0.029421375,0.01319011,0.957891223,0.20784383,0.233138181,1.001366999,0.574679495,1.041789076,0.756566203,0.003990149,0.42507218,0.664989804,1.089291808,0.646266714,0.76649692,0.963719891,0.943967956,0.718208035,0.176275963,0.923011857,0.975894395,0.975461016,0.21322005,0.919041035,0.498677929,0.005804113,0.917031308,0.026050994,0.167083992,1.045991182,0.937540371,0.811272163,0.885004914,0.708527639,1.142272152,0.992954705,0.02758983,0.846921666,0.804835706,0.943546908,0.571668606,0.638037257,0.033451188,0.335949741,1.023352394,0.004490462,0.016802841,0.330021929,0.05055214,0.050997636,0.476863655,0.041341134,0.88221524,0.603213378,0.039748754,0.05304624,0.161364733,1.037120902,1.117886103,0.751069896,0.060061462,0.847788378,1.071664108,1.143353308,0.008933587,0.878300589,1.008290206,0.950147986,,0.932898905,0.930835592,0.893001764,0.724410176,0.901833916,1.049353076,0.02188786,0.906639239,0.663009931,0.578078393,0.770779179,0.851799993,1.079267624,0.496613072,0.048782387,0.895488021,0.092392724,0.05361968,0.796357812,0.635627107,0.542286589,0.076026052,,0.951330333,1.184126114,0.9219328,0.904463714,0.78561179,0.986027464,0.972752711,1.04760616,0.073841386,0.880981508,,0.776636868,0.548185425,1.085225324,0.942122716,0.93035791,0.966341377,0.946382389,0.931236751,1.317791948,0.914495522,0.985850251,1.189116538,0.979108721,1.037466948,1.005590639,0.938474439,1.026484042,0.665458801,1.120815151,1.201107688,0.795147798,1.03145478,0.969319107,1.042376231,1.052170654,1.03641692,1.219570191,1.093398351,1.084302395,1.180182567,0.869162936,1.134683189,0.961333185,0.453995313,0.403456759,1.040191208,0.02056933,0.818115523,1.043908095,1.094265623,0.055883368,0.063016893,1.061652785,1.257160272,1.028939306,1.016475496,1.077455784,0.970051021,0.988590418,1.078638001,1.091975432,1.01445403
Pro,Ratio of Enrichment,Weighted Mean,0.02672815,0.221033213,,0.541389075,0.820666889,,0.769626982,0.953766655,0.158286984,0.580234809,1.042997418,0.052853239,0.063327857,0.903564348,0.009944108,0.420375105,0.024792378,0.03674897,0.042850944,1.064985,0.996804491,0.808777646,0.115761768,0.788692173,0.14832967,0.089523099,0.054087524,0.02135578,0.020595412,0.389792544,0.02752821,0.040548998,0.946039188,1.053202888,1.046566066,0.86235799,0.0146983,0.014191335,0.043926216,0.048302816,0.028822474,0.021333068,0.019659801,0.032754927,0.025147392,0.19528288,0.039840102,0.097260661,0.022173042,0.040794083,0.014021851,0.027422034,0.02671014,0.046831474,0.054795952,0.082854204,0.020502767,0.438992844,0.079391781,0.463987964,,1.098988372,0.49168997,1.116421426,0.811477648,0.012519095,0.863634172,0.021705647,0.021811474,0.338989159,0.026851022,0.041218898,0.066804369,0.089478008,0.153571719,0.009323838,0.079833574,0.006614833,1.022938398,0.101672923,0.047635588,0.030990206,0.77712225,0.146534495,0.040321602,0.221760209,0.970097984,0.006681326,0.870086957,0.034364083,0.619924457,1.00566168,0.91074083,0.08547563,0.018111895,0.026538587,0.036417333,,0.185991942,0.293157289,0.419997512,0.32594308,0.852243591,0.451505745,0.757041053,0.851173864,0.855763204,0.52726831,1.008211639,0.965491341,0.388604713,0.556177544,0.050053516,0.019108348,0.023997848,0.012316225,0.025340292,0.023001207,0.028161805,0.020807516,0.017571188,0.028108046,0.039118212,0.035817499,0.054263304,0.02837581,0.015247339,0.027427017,1.093883666,1.131903144,0.037745599,0.030928541,0.032695051,0.89081036,0.019873884,0.026356024,0.09638088,0.811820338,0.022540503,0.041261172,0.538140957,1.040606619,0.848708708,0.096900888,0.918213852,0.943475009,0.723789961,0.821582604,,0.058746324,0.995291277,0.948316487,0.597923962,0.105658854,0.511796202,,0.025929264,0.333346042,0.096745781,0.046218064,0.085080031,0.033897627,0.030687289,0.051112501,0.044268573,1.036257849,0.599770032,0.740138232,0.11954197,,0.701198459,,0.92534998,0.41007249,1.05721457,1.278958251,1.110227081,1.037419656,1.097701848,0.756597646,0.958918381,1.086774704,1.291297024,1.073506473,1.148943657,0.319289785,1.242193727,0.896547196,0.605384736,0.0541667,0.847031457,1.100778085,1.042145508,1.181606676,0.99659172,1.22740315,1.131081214,0.989015751,0.988197974,,1.138762186,1.037219344,0.045659985,1.122737269,0.05260192,1.10724979,0.880291966,0.537559778,1.26912923,0.95507264,0.048901427,0.04817914,0.094908831,0.110898531,0.054468472,0.062664372,0.061364283,0.587904837,0.062897483,0.102693988,1.176406703,0.972413758,0.964224622,1.041834023,0.967812048,0.973212446
Met,Ratio of Enrichment,Weighted Mean,,0.040841078,0.840647872,1.011279579,0.953609473,0.469850607,1.084302995,0.211090208,1.054533442,1.000469214,1.030956782,0.888625399,0.037102639,0.876238735,0.071714697,0.889705127,0.599921377,1.047905627,1.090970615,1.270819999,0.98800584,1.079224503,1.195911345,1.099548733,1.105124691,0.01569493,0.861922441,1.047496627,0.032067607,0.02158395,0.01221015,1.049179523,1.074556504,0.956443435,1.207942875,0.758407351,0.998279368,0.024969652,0.8900078,1.245440007,0.033244835,0.907932095,1.061573157,0.01379285,0.018227159,0.024791138,0.89054245,0.611509324,0.437149694,1.021942759,0.646914585,0.910305704,0.011805347,0.938518992,0.704106924,0.969518853,0.952405166,0.945299307,1.083102072,1.034135975,1.082269719,1.162431349,0.882980732,1.151036582,0.011156332,0.069168514,1.199000449,,0.015442658,0.37621774,,0.863666233,1.155379738,0.982137186,0.912262042,0.073272824,1.064602965,0.931745266,0.848908685,1.014383526,0.750717682,0.75404158,0.92187509,0.912057007,0.201397482,1.343578307,0.849149824,1.473658063,1.070261596,1.225526453,0.774077943,1.099777245,1.07174181,0.752563774,0.923532016,1.011871648,0.021058483,0.932580341,0.014027101,0.811238999,1.056569953,1.03505932,1.006627049,0.937151818,0.790539413,0.996593983,0.86299826,0.356882901,0.845989902,0.538425326,1.000517062,1.243164252,0.904427916,0.382686762,1.102995324,0.887686051,0.088076019,0.017952916,0.991875943,1.257491505,0.006518973,0.892940879,0.642036089,1.043118555,1.00600118,0.040150768,0.072560999,0.056051666,1.118815445,0.736613137,0.946384644,0.513743432,0.905458221,1.117946537,1.266688396,0.843783525,1.106398548,1.092595372,0.37937305,1.137198352,0.961355769,0.944050647,0.923382252,0.997921706,0.959772875,1.005103271,0.843698701,0.984176196,0.957366879,0.810005329,0.950851627,1.099324527,0.984373825,0.893490308,0.421663297,0.777088722,0.040638377,0.453041972,1.089693643,1.031144164,0.047220132,0.909424016,0.862039428,0.904457887,0.510240024,0.855796359,0.938777973,0.951336386,0.878750495,0.943530668,0.891942929,0.883113186,1.069654647,1.052378475,0.864379853,0.803826739,1.050031968,0.675420162,1.181800101,0.993893583,0.74900044,0.987171922,1.036260961,1.10764748,1.157988198,1.131256942,1.143015305,1.019780642,1.070383518,0.934774624,1.184627434,0.90014243,1.033598709,1.030534162,1.143308824,0.963762126,1.04473677,1.004326087,1.091666791,1.058368482,1.151655006,1.087733839,0.997881638,0.948628182,1.108003561,0.950872755,0.953726185,0.876041471,0.987256688,0.935013634,0.091289295,1.085275454,1.003550092,1.148406119,0.915946671,0.052537815,1.513654635,1.071219756,1.069392314,1.233668778,1.089048615,1.027831408,1.16977215,0.884661205,1.002609662,0.984463602
Ile,Ratio of Enrichment,Weighted Mean,0.039795805,0.339039678,1.027525634,,1.0499044,,0.530070996,0.923766496,1.004698142,0.905943145,0.885898474,0.52403703,1.026551611,0.056405227,0.097631561,1.002591563,0.10711137,1.043947363,0.960725163,1.068397736,1.098131824,1.116481243,1.081324785,1.049629279,0.959270728,0.010652811,0.998679358,0.834767879,0.026114395,0.204897073,0.029348361,0.866336786,0.896190488,1.09785445,1.155631616,0.017823385,0.075314383,0.021905747,0.928500686,1.008175628,0.006524861,0.354419765,0.924460708,0.025295286,0.013587171,0.270179464,,0.692230645,0.24036567,0.979237199,1.060552393,,0.122963121,0.87761988,1.028118886,0.959483992,1.091675691,1.123515162,0.943976967,1.058039776,0.975594607,1.112227292,0.986264194,0.933682009,0.017481064,0.019041526,1.030428221,0.709437773,0.030435829,0.062971903,1.062456396,0.565939236,0.109895419,0.847706606,1.011985442,1.027819433,0.04610158,0.880094279,1.095638811,0.640529923,1.035482957,0.620222461,0.827225035,1.046359623,0.028002626,0.922459567,0.867245794,1.052996384,0.878427033,1.125852431,0.886200565,0.991812867,0.893261921,1.047177257,0.86334138,0.811446689,0.00624223,0.891934977,0.008397084,0.459325526,0.998988502,0.97226599,0.891945487,0.709234466,0.829905618,0.874505933,0.837718334,0.636161152,0.978940949,0.593698607,,0.703854707,0.923937719,0.050332826,0.538346179,1.032202502,0.010162696,0.025258674,0.989291022,,0.020359869,0.131664045,1.013759204,0.959121968,1.027804489,0.023387946,0.067686092,0.05716799,,0.886360266,0.985722148,0.962469821,0.871977372,0.932042959,1.067970384,,0.981416586,0.956639047,0.929449197,0.840020185,0.952152859,0.965018162,0.86859249,1.073047413,0.873258713,0.937984389,,0.960894818,1.015610261,0.808533963,0.814233924,0.991264732,0.884529901,0.924898757,0.038209639,0.567580112,0.150517913,0.056811265,0.973107955,0.974804529,0.250881642,0.930574957,1.02027729,1.013084536,0.217001643,0.87790322,0.844389577,0.447873168,0.831048042,1.028901942,0.860490337,0.566932885,1.045905286,0.631579793,0.895919849,0.872067439,1.068765451,1.161902703,0.960634777,1.124396982,0.932569691,0.795294096,1.354437995,0.930187724,0.96382198,0.991161691,1.021122253,1.097196332,1.015328149,,1.01794343,1.06597597,0.975142524,1.071300408,1.052699398,1.147225087,1.00839212,1.187196735,1.133613454,1.078681748,1.001866447,1.118770238,1.074666775,1.096168976,0.038398726,1.013565106,0.704379066,1.126170776,1.145919337,0.88547138,0.053987968,0.643143516,0.958293728,1.090902644,0.663099525,0.105678846,1.107546761,0.880785476,0.948170377,1.155495348,1.069324833,0.999547434,1.229139551,1.043686853,1.026770668,0.98978683
Leu,Ratio of Enrichment,Weighted Mean,0.04332265,0.754234722,0.95743339,0.767035667,0.867462423,1.408709452,1.075824565,0.952549141,,1.006626399,0.963824483,0.711333117,,0.956230124,0.060743243,1.07690868,0.226123923,0.985277141,1.077601285,1.102133378,1.107004826,,,1.131907445,1.114004343,0.730250041,,0.452635988,0.058412679,0.027443219,0.018131311,1.156608436,1.092872644,1.107689434,1.162259677,0.042505232,0.914176068,0.030365069,0.839627232,,0.016298965,0.983603719,,0.020890032,0.018920261,0.011785693,0.975102222,,0.20755279,0.99693805,0.889811077,1.000581761,0.015688027,0.960285664,0.997847823,,0.886489683,0.9889365,1.023071165,0.929197197,0.927286697,1.050500831,0.901789153,0.951763489,0.02627419,0.006224426,0.985810392,1.031172999,0.015554399,0.061528238,0.921951791,0.76161497,0.014265933,0.964742235,,0.043320493,0.04112707,0.946658701,1.005283686,0.897688309,,0.562811737,1.042384528,,0.028948849,0.845546926,0.933580318,1.004767937,0.860793777,,0.816877072,1.02123913,0.78560689,,0.977161897,,0.024992815,0.991364555,0.005206317,0.699792946,,1.018900786,0.882865922,0.713041856,0.803745946,0.985291575,0.775000312,0.852709809,0.923179671,0.251094455,1.047234972,,0.677448688,0.651892774,0.829675729,0.979452329,0.015838545,0.01210029,,1.068869851,0.047249202,0.043765746,0.935730129,0.996645067,,0.019784863,0.027379808,0.040757854,1.020895818,1.008513552,1.075916812,0.722327403,0.269024771,0.819954617,,1.065122925,,0.913316838,0.929119057,0.862654803,1.002062902,1.065392063,0.909668825,,0.963185204,0.972754725,0.981894633,0.896681347,0.852699049,0.730944747,0.82437564,0.992084153,0.841032099,0.884423774,0.196995401,0.868208378,0.08761884,0.204011627,0.943482297,,0.124011749,0.259191535,0.936734248,,1.008240203,0.896916866,0.953926635,0.675691422,,0.942729946,,0.459136025,0.990433122,0.735524437,,0.813278715,0.995365799,1.107680588,1.068775532,1.015562057,0.831639374,0.980450368,1.157452124,1.020107752,1.027247904,1.152802982,1.004299849,1.084091277,0.975093469,1.090565536,1.107874901,1.147743541,1.069102304,1.028624581,1.060328427,1.004226442,,1.087050593,1.10271635,0.975067351,1.085724586,1.04608621,1.06581472,1.073778252,0.249959459,1.069177015,0.790676392,0.85915671,0.876979489,1.108313528,0.059614321,0.095134965,0.985320022,1.064702875,0.796986436,0.075391762,1.01826941,1.073289668,0.997674757,,1.110534085,1.00060234,,0.997131127,,0.97108667
Val,Ratio of Enrichment,Weighted Mean,0.060279527,0.141706847,1.009144451,0.856461989,,0.612816641,0.612904391,0.93319517,0.488584583,0.606892463,1.005598272,0.213841786,0.804303936,0.174087016,0.023554162,1.103319656,0.087278759,1.135158799,1.055914848,1.032503625,1.077975362,1.072037668,1.061512242,1.089094007,0.924706293,0.949393976,1.005203078,1.080483657,0.02674483,0.406109509,0.025875525,1.014549382,0.990968667,1.080368179,1.159726961,0.021780218,0.01687423,0.028166422,0.940236107,0.943793642,0.033867958,0.351865201,1.033973764,0.054370505,0.0448318,0.926221303,1.00944557,0.917835897,0.878924806,0.99914993,,1.042817445,0.824514659,0.85914729,0.983059964,1.006669672,0.948777434,0.94887383,0.968554393,1.07643738,1.068034762,1.066526448,,0.853164969,0.97491737,0.061753838,1.069169808,0.844482566,0.022894012,0.980228609,0.819091748,0.781699694,0.282122625,1.005702905,0.700357961,,0.558893035,0.815675964,1.058967819,0.848845454,0.934048587,0.826643144,1.061332138,0.968531098,0.208017002,1.026562319,0.908542026,0.930642287,0.865920971,1.023501486,0.915764158,1.062778312,0.974528018,0.993126756,0.953341629,0.934296101,0.010046618,0.936996383,0.011651666,0.684775889,1.089867237,1.067103137,1.011219756,0.769097163,1.017968415,0.926031215,0.947689583,0.577542928,0.970960356,0.71094631,0.871801136,0.754574011,0.896508175,0.092279902,0.964957171,,0.045592179,0.083813542,0.997788994,0.933980377,0.039815448,0.754005181,,0.94418439,1.036700368,0.059836471,0.011667448,0.057073972,1.105286412,1.174153048,0.87447937,,0.907330701,0.917266446,1.123051499,1.018722593,1.160619302,0.990698489,0.913074175,0.838226168,1.096503184,0.972378502,0.931553047,1.000898626,0.912259387,1.006178148,1.072631073,1.084025718,0.96612599,0.97866372,0.673310722,1.141265577,0.961153415,0.878015174,0.10391429,0.857392289,0.037258437,0.136385141,0.991480129,1.144114376,0.356504971,0.454530106,1.067666993,1.111688325,0.241507504,0.888226292,0.900524854,0.593890908,0.986401433,1.056960183,0.979447749,0.945625033,1.079526873,0.61104268,1.089536011,,,1.045128364,,1.090888423,0.883057792,1.045882686,1.006346572,0.963284835,1.083145063,1.05851898,1.068909565,1.160229828,0.961182167,0.960977684,1.069801139,1.04742776,1.156795987,,0.95927137,1.074240232,1.128461567,1.11270671,1.114420976,1.019943063,,,1.144906685,1.048844962,0.062616182,1.003194196,0.829339572,1.097131695,0.932379424,0.995980764,0.39363769,0.614221229,1.016384787,1.05945195,1.018723335,0.373799391,0.947597849,0.882523351,1.039708496,1.103935113,1.136092287,1.06303219,1.079193972,0.93038951,1.029362044,0.993199066
Ala,Ratio of Enrichment,Weighted Mean,0.048237051,0.199513319,0.83561816,0.313225158,0.825981814,,0.802321772,0.762796297,0.724397298,1.021206894,1.093962789,0.345860446,0.80332642,1.05717196,0.043718769,0.985428344,0.045815732,0.931865842,1.105177632,0.137838832,1.11830407,0.871498879,1.131575817,1.045027828,1.073228554,,0.698382467,1.069414023,0.075617442,0.676568295,0.103538707,,1.188756334,1.10094955,1.200417764,0.699178419,0.48806458,0.033642796,0.808347146,0.785106861,0.020424782,0.011519791,0.0436239,0.031240646,0.050584617,1.163215959,0.51237596,0.524529311,0.8918267,0.910975677,0.959001326,0.100661374,,1.039878897,,0.225363887,0.8513232,1.098315691,0.999898722,0.971646462,0.860659957,1.126748428,0.866252644,1.064911987,0.093833577,0.940785376,0.959783878,1.056306546,0.036826065,0.829997514,0.962617124,0.79077396,,0.977969677,0.613065631,0.790934452,0.800156689,0.652084532,0.784260809,0.988467489,0.531959927,,0.93902986,0.709751744,,0.922535768,1.160287304,0.858967797,1.078412238,1.016747505,0.871505131,0.920722998,1.035807316,0.875667587,0.981169292,0.781422699,0.705137219,0.99782543,0.327893726,0.564075788,1.129473109,1.048342119,0.983694508,0.894848582,1.162824438,1.053295456,0.87700275,0.949342702,0.973716184,0.897596094,1.076503087,0.783811561,,1.179868159,0.945152384,0.956817488,0.049729008,,0.731266294,0.915670822,1.140145179,0.953876463,0.954596586,1.072757963,1.016566088,0.074981619,0.871607791,0.198180372,1.232907944,1.166796259,1.02591538,0.9733731,0.867802642,0.998454711,1.156128751,0.926789942,1.129902372,1.000924463,0.979020555,0.214034491,1.13700474,0.992874042,0.89539423,0.203716115,1.006154589,1.050728642,1.037282849,1.162131569,0.981284698,0.830040553,0.602765519,1.020126936,0.873872512,0.556175534,1.043457645,1.070841744,0.044714041,1.099462896,0.845464432,0.371670914,0.259715345,0.162148435,0.948413357,1.200398554,0.972342867,0.890609173,1.157637737,0.886891958,1.151750694,0.996941694,0.811517296,0.911853854,1.118988638,0.72479693,1.098237556,1.063508141,1.128129753,0.990065407,1.107482633,0.948492675,0.723677276,0.990119239,,0.986362677,1.126084042,0.9827615,1.044580738,1.086814213,1.045287756,1.005068662,1.089941325,0.972541201,1.000938499,1.170137771,0.976223278,1.033915809,1.052556525,1.227344043,1.049646342,1.083450128,1.079921035,1.106093768,1.080088971,1.073362237,1.089786234,1.168837895,1.079377636,0.906894433,1.051736472,1.173471277,,1.041794813,1.022116082,,,,1.079529273,1.184251371,,0.827420736,1.094410872,1.157411977,1.073489626,1.067699505,1.028957904,0.996900895
Gly,Ratio of Enrichment,Weighted Mean,0.016192614,0.079277712,0.486989099,0.230937314,0.645955293,,0.831861834,0.860385999,0.009631836,0.6255614,1.124172628,0.083122155,0.017262426,,0.040146721,0.443605612,0.023684412,0.92096839,0.640400784,0.414549267,1.00230006,0.816021904,0.094550041,1.096095272,1.026464322,0.71759803,0.070888053,0.036663308,0.155289223,0.114349894,0.44801131,0.917217607,1.060414492,1.049102994,0.957557404,0.276305996,0.797257382,0.048534085,0.375400565,0.027907079,0.064340153,0.016948477,0.009430171,,0.043815582,0.899138904,0.022035549,0.045890831,1.062437912,0.827931722,0.178742339,0.018301892,0.804382462,1.073140049,0.931888932,0.012617371,0.221476099,1.006775328,0.993221594,0.793795767,1.168980982,1.014496893,0.979979256,0.935824495,0.058478961,,1.014141514,0.247101748,0.112530788,0.796363372,0.495988984,0.475666522,0.71493957,0.942559262,0.013128852,0.55264725,0.554387379,,0.910701244,0.945942927,0.01445066,0.469767736,0.926881522,0.06919082,1.060064723,1.067405375,1.188474891,0.146666195,0.824717353,0.069210356,,0.914049971,1.005603744,0.250873891,0.875470105,0.336553335,,0.920007071,,0.396182253,0.966260823,0.467408782,0.876463837,,,0.956791726,0.99177408,0.888665451,0.865294545,0.997686149,0.936674562,0.838015493,1.055372939,0.905456011,0.769495816,0.045620407,0.084259117,0.922798475,0.022055132,0.010441576,,,0.022497531,0.711275264,0.025648277,0.0428784,0.853850192,1.181009581,1.052744172,0.990574448,0.956023978,0.030107469,1.019785799,0.955208112,0.04375695,0.023353349,1.021956167,0.768390023,0.113291204,0.058236192,1.053922367,0.971674244,0.952886151,0.037509542,0.908690023,1.082132578,0.683447335,1.058547741,0.982152651,,0.95683369,0.981225945,0.853691674,0.439530519,1.006308027,0.91389517,0.074711646,0.870627897,0.82632147,0.036577533,0.633477746,0.343299407,0.803951643,0.781325567,0.662041925,,0.979482361,0.955261586,1.077668206,1.098366611,0.735258847,0.854481556,1.012789046,0.262866432,1.1081607,0.947119975,0.797237572,0.896571184,1.082589801,1.085384954,,0.924649988,1.062347951,1.087029886,1.159865095,1.114028856,1.014831715,1.135737033,1.162559362,1.363162914,1.052453325,1.118822646,0.842829677,1.106039392,0.951896764,,1.15729607,1.096462886,1.127762483,1.139302851,1.113715827,1.088857731,,1.053087995,,1.112883007,1.008172604,0.734746958,1.028869055,1.027097848,1.113675991,0.847772249,1.022469392,1.052812411,1.018633584,1.188823029,1.017519534,0.924304195,1.126315357,1.060168212,1.107147499,1.158146744,1.064581743,1.09071845,0.963239983,0.946271038
Cys,Ratio of Enrichment,Weighted Mean,0.047303466,0.208035382,1.079716129,0.314294298,0.987289275,,1.002509995,0.68748695,0.029956487,0.511693628,0.906988268,0.673751903,0.982647688,0.823453293,0.12114936,1.006221607,0.12791811,0.988803952,1.111293094,0.945001651,1.138870011,0.460961358,0.658120002,1.288123365,0.990285856,1.061776102,1.193654833,1.042003663,0.14277901,0.94194473,0.100195925,1.139786205,1.111665096,1.107302587,1.258186434,0.97018917,1.075992198,0.013835298,0.839735977,0.861368643,0.035041186,0.834454342,0.061876981,0.144554116,0.041735967,0.836596097,0.973874203,0.76595934,1.044000097,0.961688646,0.993722773,0.390496312,0.954311729,1.038608547,1.170185985,1.005944824,0.883593514,1.056615422,1.060033016,1.011197525,0.863977287,0.904789201,0.95221959,1.044319075,0.797217107,0.160104352,0.989939499,0.916127195,0.092502318,0.810495246,1.008058318,0.447863999,0.463585953,1.215324464,1.095145703,0.922566567,1.100248202,0.858763481,1.027596706,0.782427696,1.183378456,0.840553412,0.593925955,1.073769293,0.799728444,1.223048034,1.066094812,0.759950314,1.132279752,0.965257659,0.763557865,1.103487367,,0.604993485,1.004916084,1.046145228,0.115534372,0.948658677,0.400375944,0.555391082,1.061916227,0.909978606,0.587523939,1.011324656,0.8238166,1.169514297,0.890376871,0.860656097,0.910971071,0.856863984,0.912163401,0.299797389,0.917583344,0.924470009,0.172357271,1.023485958,0.000714335,0.975179638,0.896418191,0.94314126,0.304089053,0.816355365,1.074890127,0.749344547,0.989772063,0.078328488,0.795101858,1.089556378,1.170996953,0.951485062,0.872797621,0.893272279,0.970386694,0.970014164,1.03888687,1.084514885,0.919445491,0.856667962,0.842003691,1.085793726,0.981433497,0.978210457,0.879267246,0.988437605,1.137598689,1.056986654,1.022036882,1.180402178,0.969870183,0.842629057,0.972835644,0.83149852,0.838197973,0.620000225,0.897610599,0.962389409,0.059864085,0.784638528,0.916273704,0.788166201,0.668401131,0.709457794,1.17400451,1.026573619,0.584589583,0.645352506,0.91109434,0.902537919,0.87610504,1.089897182,0.577850983,0.90455268,0.979062428,0.919118837,0.798886798,0.887406285,1.042040458,1.090213106,1.01076561,1.017957624,0.645598688,0.906243017,0.881487702,0.80626144,1.136316159,1.16212465,1.124487605,1.202054901,0.968990435,1.148099077,1.024134332,,1.062896894,1.099053892,1.156034617,1.017053991,1.047921041,1.005477987,1.022585636,1.185944683,2.175181284,1.249792454,1.012165093,1.039526751,0.925946502,1.145735161,1.068933781,1.144760807,0.672259517,0.929613132,0.930164384,1.104894816,1.039781819,0.972532357,1.094322863,1.088561089,0.92270073,0.807363365,0.994734672,1.238185458,1.115936354,0.866818543,1.097527456,1.023688183,1.02203194,1.166145597
Ser,Ratio of Enrichment,Weighted Mean,0.017823163,0.530218134,0.999588671,0.855939992,1.088664899,1.133916615,1.109360268,1.028814409,0.291502798,1.014400513,0.653930849,0.909666649,0.739745596,0.589140327,0.016497143,1.071332099,0.045924852,1.076383083,0.922700972,1.084852836,1.110333804,0.885638886,0.198095612,1.112172926,0.919450238,0.541000061,0.204254737,0.983431659,0.054551075,0.826484759,,1.111777003,,,1.097093851,0.824639556,0.847947996,0.045540552,0.796296373,0.497295777,0.029571566,0.038922804,0.126805096,0.052339058,0.02485746,,0.033812828,0.049233311,,0.851418354,0.960570452,0.040328256,1.034463907,0.887089492,0.922629027,0.022986485,0.807530702,0.982955367,1.005481807,0.95883178,0.861362536,0.997279195,0.95387957,0.982179393,0.058768407,0.417632343,0.895567083,0.8114639,,0.879831156,0.989060471,0.664614558,0.735820168,0.930801978,0.061929667,0.698964606,0.666114531,0.977681075,1.066312351,0.954958532,0.349894521,0.984503388,1.017783728,0.074052499,0.873407365,0.906995586,0.940721086,0.296895816,0.989583141,0.187281334,0.654894459,1.038395915,0.868312234,0.689088932,0.788101674,0.317819558,0.747808861,0.87424676,0.342921096,0.440932946,0.821596123,1.041246968,,0.85916055,0.764399977,1.006368526,0.983723513,0.841787259,0.996745618,,0.875955753,0.643649569,0.957470191,0.851298678,0.881678368,0.114946287,0.013567336,0.849616973,0.109719705,0.036479029,0.165631624,0.972429739,0.378079512,0.793049627,0.898292521,0.111832983,,0.98884735,1.098536876,1.063186914,0.976036967,0.752500849,0.863683765,0.787497221,0.831763518,0.035937999,0.910744839,0.896097902,0.44790974,0.161587897,0.92374388,1.021080134,0.855608855,0.132869671,0.992199883,0.939821921,1.043581562,,0.980595482,0.883173694,0.831450793,0.955841881,0.852704544,0.51084601,0.8323559,0.960503028,0.057686724,0.972328459,0.94930222,0.151362664,0.47299989,0.086348419,0.80966375,0.923810138,1.012522808,0.947733695,0.827239157,0.946122727,0.920042011,0.947158501,0.736918183,0.917901452,1.002173237,0.795756216,1.10307056,0.848122034,1.022051831,1.133367248,1.133436823,0.902793964,0.806742727,0.892731011,1.073855428,1.042107052,1.13156588,1.169105329,1.050801598,1.306111211,1.119348301,0.989755819,1.029952964,1.035795039,0.93046841,1.078907348,,1.040986543,1.055657693,,1.074494833,1.212482635,1.189661404,0.957400968,1.10043114,1.091668298,1.113633577,,,0.979191232,0.952265155,0.95245359,1.11619064,0.963349588,0.93357061,1.105007795,1.132935553,1.084685044,1.013422513,0.978640073,1.033387507,0.98122513,1.075030305,0.990675358,1.023818322,1.065691469,1.012396025,1.020689844
Thr,Ratio of Enrichment,Weighted Mean,0.144498871,0.793616418,0.930830868,0.887216892,0.994665522,0.408127001,0.924871074,0.935323393,1.08081826,1.052507564,1.002825603,0.414917916,0.941154314,0.889834312,0.04584329,,0.024443413,1.129938196,1.088887386,1.085587183,1.04184916,1.05773439,0.124947395,1.183743225,1.041684584,0.74458909,1.131546368,,0.262011671,0.197639991,0.592475342,0.893182262,0.838103375,1.061887239,1.220754142,0.885471061,0.067087624,0.026010071,0.895711668,0.358217343,0.018009001,0.397804247,0.048950202,0.015805424,0.010444003,0.950591079,0.417354864,0.509035819,1.065216407,0.817399051,0.967586534,0.959778794,1.076206149,1.200792287,1.041889097,0.817798008,0.899155602,0.959232107,1.036744951,1.031693473,0.925172811,1.049034858,1.032618032,1.141378395,0.051205639,0.011034791,0.9806343,0.872377551,1.078716096,0.923194565,0.790229621,0.912639898,0.414995237,,0.084336713,0.696751762,1.028228873,0.98870444,1.047584671,,0.718684829,0.983105678,0.934166627,0.931859828,0.3759691,0.884640981,1.021216914,0.960804076,1.180751747,1.02118754,0.907869181,1.045763564,1.071949102,0.834222277,0.951941563,0.737579486,0.031128125,0.861186437,0.075549192,0.669906547,1.048791748,0.85009885,1.024384018,0.603202407,0.921145671,0.917782449,0.784500023,0.979495762,0.991251968,0.922123833,1.052603903,0.890755669,0.924962878,0.601085961,,0.968602074,0.011825802,0.195712965,0.825401263,0.72306293,0.085067518,0.787759804,0.88925628,1.191222954,1.006089119,0.081268016,0.959625509,0.959059066,1.216525359,1.086339438,,0.989854768,1.106978539,0.961403691,1.138402988,0.84355894,0.950574713,1.036629895,0.801130049,0.815507727,1.011497761,,0.85082674,0.433961077,0.978572817,1.047489265,0.988826045,1.051091946,0.996217177,0.59851317,1.04530964,0.922870769,0.952283149,0.730159556,0.329572968,0.895260339,0.063586562,,0.925113557,0.275516488,0.494417777,0.182128293,0.927712805,0.939405617,0.759424022,0.813550939,0.899311467,0.888960848,0.985093341,0.973501602,0.845823834,0.869447051,,0.712649389,1.036426872,0.774325983,1.227858961,1.033239685,1.094140977,0.935278719,0.819271906,0.870277929,0.98340298,0.804068912,1.123017366,1.056739465,1.020648163,1.06165986,,0.987257783,1.01118731,1.118434491,0.987781114,1.059058598,1.038017662,1.035494037,0.996469979,1.120470591,1.147045785,1.026496616,1.03715444,1.099814657,1.027628213,,0.322215634,0.998489841,0.939734803,1.05369223,0.985068484,1.232213862,1.132652886,1.005622907,1.030582367,1.090508794,1.195628473,0.669181729,0.960048334,1.117778645,1.046628644,1.098035787,1.198715788,1.160956831,1.030198489,1.055170096,1.057091682,1.028917729
Gln,Ratio of Enrichment,Weighted Mean,0.01655319,0.116043433,1.045086196,0.999651618,1.001460349,,0.497122709,1.093145969,0.062092593,,0.729575151,0.495570516,0.219994675,1.033788926,0.034786055,0.723926673,0.013611856,0.955536369,0.910596038,,1.034983245,0.923931318,0.145020646,,,0.012051,0.016932293,0.910879167,0.125739419,0.268564123,0.016375535,1.053039556,1.045383094,1.097406866,1.11279616,0.806498982,0.997653403,0.773838826,0.722293005,0.902569233,0.055498515,0.012621802,0.00821556,0.042290355,0.01363592,0.013139153,0.018574222,0.096082522,0.774152481,0.949129853,0.106827103,0.013268218,0.027569782,0.817071969,1.040655958,0.01516973,0.745237818,0.959950967,0.950729314,1.095048681,0.9310682,1.052903321,0.985782033,0.998798576,0.933090906,0.016437235,1.144511334,0.725270595,0.003773564,0.856152245,0.290947965,0.818463902,0.81986544,0.965536812,0.3672522,0.073252113,0.969262173,0.892636232,0.900348476,0.970889343,0.113002089,1.01709488,1.122205968,1.137372952,0.08845396,0.943111293,0.860896789,0.862683501,1.082946259,0.051517723,1.010268291,0.963397726,0.943357102,0.946680197,1.054751929,0.641784746,0.022481273,1.092348859,0.050707113,0.623220058,0.60380465,1.105519236,1.051448229,0.963008873,0.522506231,1.00322427,0.999884208,0.967381274,0.725785133,0.698175823,0.784497084,0.852899286,0.897337306,0.905313552,0.837543164,0.330360855,0.016713829,0.005610314,0.017194023,0.01132147,0.037858458,0.133227089,0.023880084,0.368996309,0.81278722,0.035764314,0.292300959,0.78749632,0.992191565,,0.906582832,0.03119961,0.880450154,1.144861773,0.888213988,0.0240207,1.009563139,0.999739515,0.678278857,0.093732892,,1.08362668,0.804577737,0.049863969,0.858179422,0.936103891,0.795115353,0.986239448,0.878362613,0.896040334,0.83955905,0.969126086,,0.730357631,0.105450282,0.773594963,0.059165533,1.065937194,0.960717366,0.046329493,,1.172723788,0.718032149,0.733834768,,0.924855387,0.995799899,0.908103669,0.889578445,0.827353996,0.916102631,0.855437536,0.922425273,0.624175532,0.937274983,0.780406001,1.0360085,,0.960211095,1.087656305,0.798379357,0.916459861,0.901879334,1.025389835,1.049378727,,1.017998015,0.921292675,1.045332641,0.81717367,1.056978044,0.899708346,,0.985892289,1.039991346,1.050307681,1.02647072,1.134323776,1.307661032,0.633505262,0.95425831,0.941490179,0.980227993,1.070156363,1.141466154,1.128126442,1.115739446,0.461003664,1.156089186,1.00270604,0.047859952,1.316291235,,0.981892536,0.072621019,0.019668178,0.969584086,,0.924456399,0.96912375,1.085494254,1.000470905,1.148039628,1.026503565,0.965460617,1.037325456
Asn,Ratio of Enrichment,Weighted Mean,0.039666143,,0.91371485,0.950041934,1.098529215,0.68429599,,1.010693016,0.06330742,1.130440895,0.426189427,0.865285322,0.027948435,0.892511801,0.048786608,0.951358024,0.010398991,,0.859296951,1.031850664,1.093357635,0.997183695,0.032147466,1.045243466,0.951152108,0.065593875,0.036168387,0.672074247,0.11117353,0.020763496,0.141438853,0.847215856,1.209040743,1.100290134,1.029522707,0.925076953,,0.083970047,0.881313308,0.037418944,0.015245784,0.531250875,0.011358569,0.015536454,0.14801004,0.022347817,0.096730683,0.048222867,1.014168316,0.508483401,0.066856016,0.203927949,0.344773704,,0.769424167,0.061120609,0.878419037,0.971296133,0.988833143,1.042602301,0.82685921,1.111094468,1.108853422,1.086385113,0.01848948,0.026769796,1.032792074,0.108666708,0.06435156,0.840812045,0.822422951,0.732793728,0.013963123,0.879285443,0.01181776,0.78053384,1.083420336,0.635626987,,0.851159576,0.190263853,0.727938373,1.016821414,0.015334551,0.520814761,1.053311199,1.076835916,0.876980617,0.819034382,0.011409956,0.861531923,0.96098985,1.019609979,0.657444538,0.751746573,0.055261729,0.071899208,0.936940863,0.223612134,0.305502444,0.990732118,1.035588096,0.895585663,0.531478821,0.660310823,0.994712981,0.930925797,1.007788257,1.040720095,1.026991077,0.969289369,1.159786359,1.036732333,1.017581341,0.228717699,0.016789963,0.018454141,0.025575837,0.012634037,0.035511402,0.057855837,0.053675092,0.023344099,0.016371671,0.113576358,0.14252055,0.35559958,1.086958337,1.117830075,0.898117808,0.946589801,0.009734428,1.029136058,0.999989822,0.654915841,0.071106998,0.835379364,,0.199518149,0.174952355,0.957522954,0.998500642,0.894900818,0.063503273,0.832841116,1.018353132,0.36701302,0.909304022,0.778632898,0.813440389,0.939990601,1.033973974,0.857105779,0.468158912,0.971176215,1.096257082,0.036145545,0.989242215,0.731405498,0.084760564,0.971993859,0.147926685,0.924655376,1.2974552,0.630256878,0.765354815,0.631034369,0.72974353,1.015544496,1.128141237,0.734105539,0.498464633,1.053063929,0.883039729,0.913836841,0.742433162,0.921543762,1.092436966,1.205123192,1.034528069,0.777597628,0.89367752,0.879154725,0.838599748,1.011607433,1.142198998,1.024554284,0.862359585,0.885943898,1.204201209,0.733792135,1.087526615,0.891560186,1.051496511,0.813990836,1.141985483,1.096056668,0.876003758,1.184875605,1.138374615,0.877881726,1.020305086,1.085882558,1.177486511,1.111129765,1.093094357,1.025362866,0.866094728,0.995495797,0.705901551,0.031210058,1.148364717,1.056686748,0.69033651,0.031028499,0.097767329,0.993816464,0.905626324,0.126373382,0.939232271,1.056073276,1.008853476,1.242328604,1.021378405,0.930460406,1.172231082
Asp,Ratio of Enrichment,Weighted Mean,0.018409374,0.713674139,0.632825589,1.133406775,0.724506374,,1.026325172,0.960416719,0.007283476,0.190659548,0.925829746,0.245471476,0.027207713,0.754934682,0.061619432,0.637477399,0.017674959,1.042797886,1.075571501,1.013337889,1.098322372,0.785506813,0.009904151,1.185094784,1.1988618,0.027042463,0.009793046,0.049913802,0.032828469,0.008004635,0.00982373,0.996759314,1.113575321,1.125182332,1.013463878,0.653429081,0.132333465,0.998897812,0.075565575,0.013951808,0.098974033,0.010406065,,0.076135346,,0.01273838,0.006317043,0.01211891,0.982682722,0.041263041,0.075149479,0.014586065,0.1959531,1.083796156,1.111789632,0.024967682,0.289282502,1.054341518,0.90694715,0.397666532,0.962746121,1.201003686,1.04654871,,0.454778154,0.291965286,,0.00925028,0.009181998,0.26126349,0.109150572,0.013386557,0.0963547,0.757270344,0.019046023,0.641761711,0.383499634,0.411603662,0.73586566,0.890136004,0.028019099,0.701012311,1.148536207,0.031792756,0.011547278,0.976750158,0.93836622,0.014064249,1.156705446,0.017264908,0.659609925,1.015938845,1.058665225,0.033518444,0.906557034,0.013439762,0.010071686,1.046717487,0.013276037,0.315040769,0.820609066,0.68389678,1.135083955,0.699024664,0.944455353,1.170042907,0.893257439,0.113759027,1.014201664,0.945541152,0.025505144,0.431556925,0.297684687,,0.238509365,0.130889313,0.088554513,0.013579177,0.071521095,0.00657611,0.240867125,0.142025355,0.065460914,0.014633345,0.070990187,,0.025955122,,0.52342735,0.984249138,0.764459312,0.045352393,0.850269914,0.867627636,0.013404117,0.013057753,0.888522505,0.951285561,0.017016433,0.074225308,1.038749335,0.845763471,0.891326358,0.008585181,,1.070664312,0.59438384,0.925809545,0.901595527,0.815918485,,0.944200248,0.832790611,0.239509246,,0.976463457,0.030178225,0.09525523,0.495850502,0.095141041,0.132181444,0.388357993,0.921800632,0.259747302,0.04983748,0.878602772,0.929428327,0.92627836,0.940540774,0.869384457,0.05665533,0.062078429,1.04089726,0.09331282,0.967560019,0.761637261,1.085228643,1.101944495,1.156453815,1.060039004,0.915827391,0.768950026,0.772429944,0.969291077,,0.957361224,0.801166087,0.739281707,1.009546042,0.939119544,1.206706981,0.120422816,0.950873808,1.005640161,0.968775096,1.076571728,1.049897181,1.182046425,1.113424099,1.111205817,0.763337825,1.014790676,0.892788674,0.898160487,1.024867861,1.050284095,0.782091648,0.019790929,0.058571426,0.826125386,0.05958701,0.993402096,0.6132026,1.171190994,0.231094514,0.122490075,0.901701528,1.296616538,0.06068915,0.10583703,1.114520731,0.984767013,0.940678002,1.076217859,0.918088918,1.063788517
Glu,Ratio of Enrichment,Weighted Mean,0.00951606,0.367177117,0.840919606,0.907808473,1.102538915, ,1.118873278,1.244441243,0.006419143,0.770983395,0.867133859,0.631809934,0.0252799,1.022197574,0.014873136,0.904127529,0.005949326,1.247055101,1.118825926,0.987705852,,0.482231485,0.067526446,1.146795876,1.058227531,0.059315835,0.01412368,0.350311551,0.019464036,0.011488883,0.008398509,1.12585985,0.912615071,1.096542355,1.166514524,0.025096109,0.03788555,,0.48814144,0.321704844,,0.014653142,0.011772038,0.012361871,0.036555246,0.01962701,0.008585029,0.015708777,0.904027018,0.129331344,0.0343593,0.009533431,0.013224314,0.099251039,1.063550616,0.051364575,0.168067737,0.850800255,0.907025417,1.125768456,1.031031086,0.42871106,1.085682266,0.933100945,,0.090762418,0.862268784,0.11564875,0.006551497,0.44637983,0.194849341,0.756274368,0.015747526,0.880927299,0.01742565,0.811640531,0.679372948,0.862074241,0.854716842,1.131871752,0.017859496,0.315651346,,0.013514336,0.050180243,1.106507666,,0.081659326,,0.007970202,0.954102351,,0.660497343,0.289997915,0.512546822,0.030614245,0.029696221,0.979133647,0.012425674,,1.00776551,0.68911772,0.960645768,0.88171832,1.104178722,1.106767773,0.964758047,0.819145776,,0.105467762,0.219842724,0.450022395,0.647270348,0.255197618,0.087315282,0.019148323,,0.224127672,0.010310275,0.008586756,0.012240431,0.030639854,0.034959726,0.040762692,1.146418386,0.69981434,0.031508076,1.044886052,1.187083063,0.673605352,0.942510401,0.01201028,,1.129514044,0.088412325,0.036108521,0.820935657,0.985864368,0.107241485,0.029078976,1.011073093,0.877080649,1.032328036,0.139236361,0.877246854,,0.900993251,0.849079201,0.921766525,0.638142025,1.176078743,0.959857079,0.965588228,0.377830945,0.429728826,0.78909523,0.153528626,0.05213608,0.739106451,0.038566317,0.061441098,,0.871662667,0.900103074,0.166045347,0.597942155,0.919297979,0.562884843,1.016341576,0.903610397,0.491721454,0.029595857,0.89434335,0.089538334,1.142394311,0.766166243,1.280642391,1.3463671,1.068840056,1.197729604,0.786773209,,0.761459862,1.269114275,1.063714655,0.900965168,,0.897519151,0.962184736,0.649748209,1.038262306,0.577580989,1.029180538,0.728698972,0.944925823,1.123448045,0.98585434,0.93475464,,1.113319617,1.036143506,1.072395139,1.024820804,1.034096951,1.059812181,1.01936526,0.745295057,0.077934442,0.036500344,1.030595537,0.041653818,,0.823967699,1.026932902,0.073662872,0.050731394,,1.291749645,0.288722737,0.98717016,1.093661752,1.205039903,1.042919638,,0.841742941,
His,Ratio of Enrichment,Weighted Mean,0.015976752,0.953146785,0.953380862,0.996445413,1.014343178,,1.193494619,1.012192555,0.106289592,1.053704262,1.109156129,0.507678762,0.02674734,1.03567406,0.971078643,1.18723542,0.050884238,0.837505848,,1.056800974,0.904317125,1.096677266,0.048317793,1.178807207,0.902829874,0.032184344,0.018745605,0.286340927,,0.534774062,0.019907235,1.189555594,1.138036368,1.105275821,1.137698735,,0.879962891,0.033783498,0.117868366,0.911014384,0.024763349,1.076266455,0.010470826,0.015063897,0.023865599,0.024209598,0.106262789,0.174060506,0.464434974,1.015131487,0.072728795,0.045689171,0.014442397,0.989836666,1.020828554,0.038515134,0.815494709,,0.829358471,1.084232459,0.390745202,0.9280447,1.07221649,0.990289895,0.019923116,0.067347727,0.944347106,0.409879282,0.117333907,1.118309924,0.682586555,0.518920251,0.0101161,0.941579071,0.202493594,0.563971053,0.203703698,0.834941567,1.007096261,0.909071842,0.520368785,1.31463365,1.048439385,0.203598316,0.06409855,0.717083406,1.018873068,1.375966176,0.868758233,0.075474622,1.149898054,1.04703392,0.898896947,0.240916059,0.938601469,0.220268562,0.102203478,0.988601796,0.023081373,0.54836915,0.992819808,0.737380591,0.886558353,0.968692542,0.856794245,0.917830323,1.078482263,0.447095408,0.956113983,0.983298664,0.941213142,0.726291111,0.849139723,0.070182278,0.873835984,0.065443629,0.019919011,0.014199314,0.0086049,0.057732525,0.015011735,0.027113797,0.024110727,0.949238382,0.583859977,0.032682907,0.097766876,0.860142936,0.967326834,1.007873121,0.897264355,0.017781477,0.852673772,1.010735926,1.098981991,0.012788613,0.906097778,1.011365925,0.881945264,0.416596674,1.028000574,1.003821336,0.987572908,0.100550863,0.910349035,1.056994257,0.821294773,0.980660631,1.072301805,0.847472799,0.934805899,0.991801031,1.179247579,0.283380129,1.058165308,0.93200635,0.052735911,0.023734976,0.835062473,0.027478838,0.593735555,0.594220702,0.829880337,0.908944386,0.504863504,0.854841337,0.890975475,,0.91256814,1.071286365,1.018305814,0.46357834,1.101342741,0.792337604,1.041906282,1.056728678,1.173787017,0.829984194,1.012951383,1.171413624,0.740029817,0.723598527,0.604661102,,0.938222737,1.111685936,1.242611385,1.218483978,0.971446417,1.062585939,,0.33562406,1.120198674,1.093569726,1.139396535,1.030844255,1.097640756,1.209403119,1.0387325,1.05520577,1.103711996,0.988695299,0.918566432,1.091465265,1.169296413,1.168146726,0.910153872,1.071730742,1.333511508,1.206472935,0.050038997,1.203283769,0.966858823,1.053271265,0.047906553,0.05129848,0.941613055,0.678805915,0.827376862,1.164495255,1.060493672,1.134479859,1.036176112,1.030493562,1.024656254,1.047993157
Arg,Ratio of Enrichment,Weighted Mean,0.019192824,0.110824568,0.997859043,0.660939107,1.020080125,,0.941183321,,0.057437354,0.884638597,,0.648438637,0.035866663,0.897241176,0.23178615,1.039785828,0.016008566,1.094671517,1.048595489,1.181075055,1.109806433,1.083851813,0.131337045,1.09731049,1.120015879,0.030588518,0.075398911,0.599161109,0.425551715,,0.097748573,1.099002719,1.05000976,1.12317823,1.082497477,0.136063767,0.039702814,0.014486663,,0.023169552,0.012505967,0.013105116,0.027810941,0.040728541,0.021701293,0.013382567,0.01475383,0.025936601,0.049655729,0.033363466,0.015230452,0.029270068,0.019585796,0.949339301,0.920384499,0.022365586,0.0985609,1.004670158,,1.037114389,1.084124085,,0.956662256,0.960238873,0.027798169,0.016855777,1.022013405,0.032029949,0.052944477,,0.608650379,,0.023142893,0.899335734,0.028195407,0.01190153,,0.808392676,1.104593352,0.895290211,0.165261313,0.922130436,1.094725781,0.501948856,0.024777656,,0.907576374,0.732111412,0.995387862,0.042586311,0.90992685,1.02810341,0.793034188,0.027821719,,0.226414011,0.04073813,1.029901067,0.02752229,0.204475535,0.887944267,0.993121581,0.751086959,0.862366692,0.480362644,0.904046653,,,0.971886222,0.946390493,1.096711185,0.818847282,0.866735089,0.943685303,0.026686822,0.014451359,0.011552952,0.029384744,0.037465199,0.059105623,0.025153511,0.024061279,0.032162668,0.830678158,0.814963582,0.010470124,0.614092803,0.554705404,0.481579967,1.120575389,0.907278683,0.034236433,0.94328503,0.974778678,0.994950825,0.014888446,0.945022115,0.955719808,0.354675829,0.037357342,0.953420061,0.994722918,,0.038050462,1.025904075,0.991606699,0.671296674,1.01155679,0.864805985,0.719762047,0.997189438,0.98210225,0.995611296,0.953891785,0.029977311,1.015427322,0.062322674,0.048846113,,0.028923418,0.163972203,0.052923459,0.807651709,1.051112065,0.316066144,0.792267174,,0.970051579,1.047480014,1.050192561,0.937896851,0.066091402,1.178276629,0.528862674,1.037574701,1.069545218,0.801770253,1.079814219,1.103048705,,0.76458247,1.072893593,1.179881198,1.197354661,1.055760628,1.196494133,1.111694148,1.089171102,0.994675209,0.404085029,1.066506404,0.207814081,1.092086599,1.011093959,1.108286721,1.1250661,1.003620327,1.003309565,1.061299443,1.216411494,0.950942745,1.057650384,0.99943527,1.089892991,0.850313468,1.067175373,1.072812393,,,1.03415005,0.055350152,0.123971301,0.994409117,1.115680859,0.042289051,0.037460494,1.086722194,0.923865182,0.290017712,0.997258542,1.127161569,1.145172093,1.085023355,0.894517236,0.999125572,0.980589584
K,Ratio of Enrichment,Weighted Mean,0.101715412,0.233990779,0.784451967,1.06353168,1.059812668,,1.169251621,1.210573861,0.068634373,0.764411895,0.880965588,,0.028133142,1.134466887,0.122984241,1.075608951,0.011943027,0.477347266,1.099279124,0.888235948,1.007631159,0.908645699,0.028985544,1.14219954,0.994774797,0.021151211,0.015008066,0.141797413,0.010656722,0.865015597,0.013112107,1.184072739,0.919018845,1.066559977,,0.27824712,0.173266599,0.06174264,1.024050235,0.095707386,0.220704763,0.008794575,0.005601755,0.069459835,0.013183319,0.013022225,0.007408082,0.01430624,0.014139961,0.044447608,0.0187853,0.025504059,0.027489279,1.067789403,0.940623631,0.030255642,0.020002127,0.930854765,0.404314499,0.988181136,1.128168689,0.934398687,0.893677177,1.067949743,0.046275197,0.00838343,0.693062725,0.213222859,0.008591378,1.025867686,0.722233833,0.916898244,0.034815986,1.046632253,0.00924434,0.017398548,1.026633109,1.091951974,1.181513832,0.896893715,0.047929734,0.048230973,0.983788846,0.95871806,0.009344843,0.998915268,0.815391709,0.690237925,1.008026277,0.007938013,0.769248847,0.975578565,0.991400804,0.020362239,0.825469141,0.346858908,0.01005905,0.923720491,0.008533662,0.163775021,0.74186509,,0.839902455,0.984292248,0.354655134,1.055099131,1.020845386,0.853700747,1.083302771,1.067537685,0.971690702,0.540177717,0.834961597,0.025970857,0.006463975,0.026237134,0.006559548,0.062486563,0.003060156,0.008564163,0.091279582,0.026327544,0.055878714,0.423919827,0.818505838,0.01338981,0.74155256,0.746138448,0.38416146,0.962092843,0.736979426,0.014861762,0.845140032,,1.056965899,0.02707068,1.147800692,1.004355784,0.403509567,0.043286361,0.926212099,0.835661567,0.799565733,0.043711057,0.970546917,0.959081665,0.912702693,1.157367069,0.788285796,0.397119392,1.041308354,,0.813673298,,0.072376359,0.897629134,,0.07887467,1.091343477,0.034937248,0.239899192,0.209047981,0.629203549,0.612710582,0.185382523,0.863457964,0.987619192,0.879624386,0.985902474,0.983059454,1.060702439,0.09927792,1.019521002,0.764598322,1.029355768,1.060607466,1.035309305,0.867995699,1.048751047,1.066109604,0.743655916,0.888514943,1.113613039,1.169917431,1.021223949,1.10646943,1.007067429,1.120696736,0.675869292,0.075711515,0.946820992,0.066389617,0.675081062,0.82832712,1.191194459,1.067902525,0.924442317,1.144236296,1.182155562,1.167934344,0.891094892,1.209524623,0.991940615,1.227939431,1.162569041,1.038380854,1.05930045,1.196853368,1.172118681,,0.045150375,0.456757098,0.767941194,1.147108815,0.088174559,0.050243537,0.934435095,1.148374953,0.134565679,1.07537085,,,0.785398984,1.083164899,0.949973492,1.03262767
STOP,Ratio of Enrichment,Weighted Mean,0.021603833,0.045040845,0.015528329,0.017881305,0.053515568,,0.021931867,0.015551894,0.011928238,0.27272199,0.039867154,0.10306316,0.016226383,0.023626726,0.026119139,0.020346715,0.048342826,0.03450504,0.048414965,0.155133772,0.094576681,0.03943629,0.102211256,0.248423829,0.125462731,0.027846061,0.14316743,0.125608798,0.004845886,0.016678282,0.006480593,0.012260412,0.044349199,0.034561149,0.144429147,0.036882376,0.041932268,0.034423857,0.019981306,0.162726777,0.036552926,0.014998393,0.025795999,0.043329147,0.022735045,0.026626994,0.008141167,0.034507723,0.022984299,0.17016976,0.03772261,0.019308863,0.045267129,0.038664174,0.026386281,0.023647969,0.148034269,0.032550622,0.036003797,0.031176527,0.042726765,0.043393944,0.035968108,0.050768283,0.039058235,0.061754735,0.017990271,0.032671821,0.048266594,0.023756199,0.025109279,0.01363148,0.016074333,0.014892091,0.018230495,0.018390814,0.014573467,0.011522738,0.009210656,0.008476159,0.031513655,0.057546398,0.131665636,0.014199376,0.062849586,0.014697283,0.077520524,0.006358551,0.061941321,0.082520412,0.058725086,0.082223369,0.056945434,0.085963848,0.0454441,0.072584017,0.013977201,0.029540168,0.007241753,0.072779478,0.017904425,0.181784858,0.067310195,0.013687809,0.082031193,0.039642828,0.05595776,0.028973746,0.059437194,0.063783068,0.016207458,0.01202415,0.022490618,0.020726886,0.013209564,0.015569281,0.046142419,0.032552324,0.04427708,0.005478652,0.038636142,0.02235395,0.016454232,0.01822772,0.015044065,0.013400357,0.012242725,0.087300711,0.019864181,0.195071953,0.014104562,0.030503898,0.139846082,0.108209625,0.147532345,0.01362324,0.013127651,0.026106707,0.113076505,0.127046724,0.159722104,0.006563678,0.027857223,0.019748378,0.02557486,0.080702481,0.009229697,0.016768116,0.056910128,0.016158697,0.071124592,0.084645438,0.113589066,0.145952087,0.026571773,0.020611794,0.072745747,0.0372646,0.106686361,0.079288322,0.178041599,0.078486844,0.704705952,0.07174825,0.373102041,0.076272159,0.054279059,0.029414615,0.072541705,0.092782468,0.111217577,0.074902207,0.044645945,0.090190748,0.066027134,0.02346232,0.084620031,0.124347766,0.063552522,0.059441454,0.105371504,0.185788228,0.108090397,0.129906644,0.047270649,0.268619491,0.127821739,0.051434949,0.058085587,0.086773529,0.072583215,0.185507951,0.292939858,0.079720463,0.05995726,0.071849043,0.043304639,0.06613712,0.152971467,0.121388716,0.036542285,0.091981045,0.085208949,0.074646773,0.083823756,0.169550949,0.107052315,0.042653302,0.048641881,0.138331959,0.07135429,0.078578091,0.233797453,0.03196974,0.083520604,0.041654655,0.120609402,0.740146688,0.072459144,0.157407518,0.153961997,0.201469312,0.129806082,1.120768458,0.989806234,0.990399281
Trp,Sequencing Counts (Dim),Replica 1,8,35,1708,504,3444,0,366,1384,4,7,436,4,337,198,1015,2178,1025,333,916,1899,541,333,72,913,490,10,6,6,5,16,10,1537,1776,2280,1646,23,594,33,37,130,31,817,3,3,14,13,1,9,83,640,10,5,37,493,2112,2,429,1280,761,405,112,583,327,799,7,35,413,36,7,607,293,17,0,303,3,1,253,72,165,8,10,247,0,36,131,909,48,1,282,26,388,1830,631,24,1441,96,167,1362,186,483,974,312,250,1169,557,318,1439,94,801,366,48,334,456,18,5,1295,4,0,14,85,9,7,36,40,328,29,40,22,2083,1704,44,22,539,2590,551,6,1028,1777,,962,2274,342,723,399,684,1082,7,801,565,627,613,429,389,520,1,1607,52,1,710,314,19,2,9,175,7,250,394,67,176,843,174,18,219,339,180,58,311,424,251,141,718,331,4,847,957,739,1739,229,343,93,609,86,441,774,396,1004,889,305,647,211,39,725,869,1479,337,606,525,61,83,266,6,35,1076,711,94,18,440,29,910,735,1118,578,498,1172,4263,18
Phe,Sequencing Counts (Dim),Replica 1,51,1872,9081,7503,20154,118,2229,1920,1094,1823,199,694,1566,740,8334,15323,,2561,5261,4830,3210,1560,882,1926,902,159,909,57,126,119,46,10990,9608,15507,10256,274,983,84,42,3890,49,,922,27,86,254,184,2112,38,5235,1615,666,111,713,3182,384,2300,3416,2814,,987,6570,3165,1693,75,26,4611,1926,146,3494,1266,54,33,2117,266,164,841,1594,3115,1194,1,631,276,37,261,375,2162,,1036,805,1911,6961,2466,2877,3321,2498,105,2593,308,10378,3586,6095,1592,4623,4689,,6220,2096,7997,3226,1594,1682,859,42,714,6279,15,52,2385,1039,9,1268,1797,,1556,304,64,97,4046,4812,173,238,1245,4045,2338,199,4079,9671,6853,4604,6528,2013,2620,5383,1862,8803,396,2369,2914,934,4384,2422,2771,160,22,3756,13,16,206,2775,145,110,319,884,113,1289,4443,974,4765,800,165,137,1320,4061,3501,137,1611,1050,1644,844,1754,946,251,1144,5825,2364,4810,,519,2789,2776,3355,1828,2912,1413,8469,4645,661,6651,965,173,587,5661,5949,391,4995,2038,2366,1684,1905,53,653,3160,1254,272,208,2018,68,2204,1095,1715,1327,472,2328,6933,486
Tyr,Sequencing Counts (Dim),Replica 1,6,1415,6788,3802,10298,0,2400,1856,14,1869,712,166,160,1107,,5301,2014,1413,4377,1580,6433,2361,479,3796,2519,13,277,44,254,26,2,3509,4606,3926,3767,744,1482,118,37,1945,25,2600,60,26,317,76,55,104,1166,,51,18,39,1242,1669,93,,2705,1502,1911,503,2518,728,2284,48,45,2268,1370,37,1096,1606,34,5,1715,69,275,562,461,1768,557,3,393,652,202,291,372,1857,127,1112,195,2325,3872,4178,307,3151,835,112,4689,94,2015,3459,3388,1068,2235,2253,3554,3415,44,1967,3522,1797,1091,555,247,213,1131,5,32,627,34,20,379,202,2173,710,168,185,476,1471,2984,272,155,1643,4218,2214,26,2114,4132,1518,,4268,2489,2511,623,2533,4792,21,1763,1290,1207,2223,1163,1997,364,257,1740,111,18,543,943,91,23,,438,97,2433,1307,960,1730,809,321,56,1464,,591,23,1608,816,1658,1037,1491,1027,982,1535,3082,978,2651,2653,795,1172,1489,895,1819,4456,925,2654,2859,887,3533,815,668,1170,3769,2662,943,3709,4912,1651,436,698,7,399,2966,1644,74,123,2257,164,2293,1004,3954,1156,293,4097,8249,1816
Pro,Sequencing Counts (Dim),Replica 1,65,1932,,1874,14364,0,2858,2587,428,1840,1392,199,467,3945,68,3785,117,198,379,8534,12693,2499,509,3172,739,206,71,57,295,7667,95,392,7170,8175,6674,3827,62,270,259,201,114,181,107,84,159,558,146,537,237,179,86,103,223,131,259,506,52,1077,424,1400,,5057,637,5805,5462,43,2385,95,103,1713,73,192,118,292,322,29,295,18,4398,376,238,77,258,247,192,342,953,2,1591,180,5619,9172,4071,278,215,589,1020,,2326,4474,3477,2023,2860,3706,5037,6580,5878,4943,6310,8300,2254,1974,1432,118,118,154,136,82,213,154,189,77,267,114,318,200,56,130,3581,3646,201,205,151,5577,179,194,488,2110,199,211,2271,6062,5498,501,4025,4276,531,4236,,250,3897,2141,1167,574,398,,140,470,275,138,206,58,4,38,125,5561,1830,1381,439,,1225,,6145,1622,4122,2018,1895,2234,3520,2097,3649,1710,1835,3560,5766,804,6691,952,118,161,466,3144,4155,9431,5263,5529,5634,2154,3501,,2416,5340,147,5179,98,8456,8756,797,3022,2448,88,177,637,898,211,241,190,316,419,176,6379,1529,2121,10980,16850,4503
Met,Sequencing Counts (Dim),Replica 1,,71,3408,2900,3576,135,1150,29,944,663,1495,1149,133,1561,204,1782,789,1595,2177,2417,2014,1616,974,3092,3596,68,313,671,33,163,23,1136,2351,2505,3028,785,587,154,1807,2910,47,1716,1559,6,25,34,825,1379,604,2620,483,1314,31,1453,1544,1171,1060,2751,1847,2730,679,2521,1440,1256,36,86,1015,,11,244,,1331,189,1157,1681,19,1082,595,699,1099,712,901,288,756,270,1530,645,1253,816,1479,783,3186,2171,1805,1836,3501,283,2739,178,1982,2059,2138,3607,3485,1215,1913,1576,675,2309,993,1741,545,2141,350,1430,2469,62,40,943,702,10,875,2013,858,1466,106,100,86,2307,356,2178,614,965,3249,2623,1075,1227,3081,1225,2197,2980,1756,1218,2010,1604,1842,1090,817,1291,1535,1548,1088,1287,1166,277,1246,38,631,1716,1634,452,194,394,390,249,2086,1059,175,1503,1243,793,291,1107,1122,1959,396,366,350,1558,350,1503,1165,1671,1313,2056,1333,3791,1138,163,931,817,1438,1281,2318,1440,1925,2870,371,1834,2002,1274,1000,1709,3318,794,1173,2516,1952,516,887,42,848,3926,2980,509,33,1160,1203,3515,947,1524,1044,1060,2365,5897,1084
Ile,Sequencing Counts (Dim),Replica 1,392,2166,13716,,24654,,3207,2719,2225,3265,2469,3246,6003,658,1267,12520,585,4709,6053,7394,13865,11153,4481,8980,7396,125,2420,2556,137,5374,109,4860,8933,12279,10243,111,215,270,7210,3982,30,1105,3689,56,85,667,,5070,943,5049,7653,,677,3707,3120,7192,2522,3851,3186,4418,1625,7883,3118,905,89,74,6599,3206,170,354,5573,905,481,5416,2349,3045,103,906,3750,757,2215,1143,2504,1649,167,991,2697,1598,1403,6899,3055,10992,7128,5173,6301,3028,293,10329,267,9757,7991,6791,7677,4884,7452,6652,4073,4210,6077,3946,,3066,4675,342,2463,6470,49,104,6934,,88,394,13871,1274,6277,201,253,273,,3505,5453,8263,1263,11065,7351,,7045,9738,9154,4863,6252,5193,4863,8104,5861,8510,,3955,4730,3875,4937,1682,3751,3815,210,1995,354,80,2386,4910,417,260,664,1196,233,6754,3208,916,4976,4493,1231,1676,8038,1774,2344,1019,3536,2699,7836,2982,2610,2518,1529,3189,8020,3256,9488,3952,1560,,2461,4760,4584,12057,2769,10199,8822,1677,5825,5965,4891,4221,5045,11874,83,5675,6654,7929,2997,1707,104,485,6776,8377,3430,144,3755,1831,6825,3597,6783,4216,2284,8541,14993,4039
Leu,Sequencing Counts (Dim),Replica 1,417,5847,21415,15655,44165,19,10310,4867,,7130,3234,4723,,8417,1843,29551,2323,7496,14329,17817,16423,,,14712,13251,2505,,1326,781,3295,217,25902,23441,30662,29814,415,3907,681,7955,,141,3633,,39,300,107,16698,,2245,16347,11232,8000,332,6809,10737,,5296,15276,13877,10203,5262,18885,10545,7577,320,29,11195,8008,123,821,7677,4262,114,9266,,201,430,4320,7361,5562,,2901,1132,,152,2290,6199,1018,3754,,4049,20440,7698,,11551,,1409,16073,377,20216,,17243,7322,16289,14367,12818,15479,10572,19653,4954,9571,,5277,3550,6115,21947,204,56,,8171,292,731,31919,5433,,512,263,625,12891,10790,2596,5403,1517,12065,,10074,,23828,25761,11715,19942,8634,14831,,9285,18027,1878,10934,13736,4995,10079,7306,3345,2969,312,8160,308,168,3439,,608,273,613,,2697,5123,11568,3518,,7860,,1418,11215,4805,,2465,3944,7004,8118,4762,7704,6631,1216,4150,17944,8859,15745,6310,3932,11565,10188,15099,16562,11863,9119,19002,,2884,19553,3304,5178,6341,12121,18831,1196,16912,7767,15814,12669,9156,156,682,14968,8493,8544,459,11619,896,13041,,16349,4394,,10476,,6447
Val,Sequencing Counts (Dim),Replica 1,371,1310,7602,4045,,107,1936,2040,1085,1507,4450,1798,5517,1511,408,8751,712,4602,8854,6916,13919,10291,5015,12646,10897,7947,2941,2074,199,7902,110,11504,9584,11968,11079,241,40,517,8607,3886,202,1500,2447,122,358,2446,5954,5112,2925,5345,,2397,6605,1455,8465,8960,1896,5667,3319,3613,1490,6311,,4253,2899,256,6206,1588,132,3814,3964,2627,359,2451,2121,,529,1360,3389,2079,1150,3266,1664,1127,1090,3572,2203,686,2148,5459,4579,8276,9880,3500,5481,5042,392,5588,367,8151,10183,5960,7182,4046,7193,8692,4507,3236,9088,6047,5927,1534,4374,441,1912,,270,253,10129,4463,232,2713,,3257,4189,500,34,321,6519,6081,5566,,2147,13294,12894,12336,8000,10628,6242,3538,13374,5841,3737,3445,7973,8914,3239,5874,4615,4391,4113,3878,5197,3660,703,5223,146,257,3382,3408,807,257,578,1707,259,8982,3535,1308,4953,6536,2108,4864,6201,1673,3620,,,1439,,2656,2317,2398,3265,3767,7566,3829,13468,5844,1479,3895,3514,5436,3901,,3814,6987,5493,2487,6507,6748,,,5418,6960,196,5158,7919,6230,6223,2010,1206,744,12421,12316,5736,1439,2369,902,12466,5066,9901,5178,4795,12502,19925,5806
Ala,Sequencing Counts (Dim),Replica 1,43,3564,5595,1481,8864,0,1820,3323,668,1270,2688,1074,3450,6286,220,5092,217,3032,4726,1905,12208,2893,2310,7643,7341,,945,2292,359,5517,646,,4694,4822,4679,2468,1208,275,3437,675,82,78,76,70,129,3156,954,582,7560,2011,3764,97,,1126,,612,534,5838,3283,1687,903,4622,1847,3830,350,2094,3348,1427,146,1837,1291,2110,,1589,764,2103,1400,1053,1316,2186,255,,856,131,,1350,1730,276,2177,2344,3268,4295,8115,1539,4661,1474,4693,5977,2748,2735,7203,4715,5964,3616,3800,5487,5365,1223,4042,10022,4713,1468,,1853,1598,2829,125,,1110,1317,2483,2138,4243,3284,3111,347,1449,488,4310,3034,2886,4189,2441,10368,7771,3082,4345,4451,2596,779,13180,5144,3168,473,7039,6230,2683,2984,2858,2365,1631,3159,3997,3723,1042,5244,166,522,2780,460,499,95,531,1074,876,6617,2287,706,4432,3415,1889,2554,2439,761,3409,1497,4508,883,4638,2025,831,1651,,1958,5024,1878,9460,3031,2431,2016,1886,2566,740,11120,2338,3503,2780,1712,2470,3506,4368,4849,4263,2669,3686,5409,8202,1899,2605,1416,,3656,8885,,,,1459,570,,1537,7066,2485,2548,11621,14259,3500
Gly,Sequencing Counts (Dim),Replica 1,55,1395,3605,739,6652,0,1161,6575,24,689,3685,291,93,,205,1895,44,2815,5478,2608,7584,2369,242,6110,4991,2417,112,128,216,3486,1332,6083,8191,7377,4432,993,2357,360,2071,112,227,98,13,,189,2163,31,159,10941,1353,631,22,4130,1695,3359,63,238,6648,2287,1086,1269,4573,1208,3051,306,,3696,141,337,1735,446,820,887,1369,57,648,416,,1523,1627,13,939,1203,81,3904,1894,1511,36,2019,116,,5045,6968,309,1805,539,,4589,,3960,3784,2170,4562,,,3229,3564,2493,5952,8476,1835,2006,3386,3918,1722,205,185,1068,105,31,,,110,1073,89,338,1080,4244,2844,3691,3203,123,2082,7995,418,184,3029,5119,551,222,8959,2949,1556,65,5409,5140,620,3667,2600,,2752,2262,3644,2437,1010,5194,220,854,1996,40,724,265,645,563,480,,1986,263,2649,3356,1108,2949,2901,189,2296,1066,1194,758,2651,1283,,918,1920,3097,5606,3331,7300,525,1773,1720,2405,3187,693,7979,2602,,1739,1937,3751,4615,2315,3144,,3515,,3931,4697,1259,4441,1198,3112,3780,6136,7288,5567,3030,1737,501,10335,2947,7453,3358,2333,10480,12694,3465
Cys,Sequencing Counts (Dim),Replica 1,63,767,4992,827,10020,0,1315,2968,25,646,1197,185,820,1948,523,4479,190,847,2811,3126,1978,443,172,3220,2407,1783,369,2037,311,2988,105,3786,6010,6883,2676,1718,956,64,3542,1881,99,1327,57,220,133,2036,1246,697,3834,3818,2857,120,3412,1353,2720,889,1513,1523,1356,2035,842,3805,1058,2161,461,331,2139,603,332,817,972,2009,888,2248,149,387,1338,1421,1979,921,410,374,341,14,332,1067,2063,98,776,599,569,3887,,1791,2730,526,1082,1369,1304,3866,2257,2138,1652,2110,1342,3316,2330,2023,3511,2589,1685,588,1532,2586,1018,1508,1,1700,2003,635,325,2023,3138,1234,1415,277,655,3794,1891,2105,330,2609,1318,4530,1895,2970,2968,3234,1681,1448,7554,1040,1856,629,1806,5422,783,2405,2624,1136,1756,608,1864,803,805,2549,49,267,1001,1037,552,114,298,537,76,859,1533,714,1738,846,121,1678,1651,1259,942,159,967,1390,1492,452,1148,1275,615,711,3486,1331,4640,1038,1034,992,933,,1320,2260,876,3655,3698,1673,1768,1260,341,1528,3461,2476,1015,4254,1666,1656,2600,315,433,1824,2474,1698,1397,1332,1260,91,3975,745,3133,574,144,2249,4372,830
Ser,Sequencing Counts (Dim),Replica 1,100,6007,19938,6150,29219,32,5461,11158,323,4907,4157,3135,3059,9495,211,15732,388,5862,12779,10711,13899,3706,624,11260,6845,3436,633,3691,593,13586,,13681,,,13516,5363,4007,697,6346,1775,102,315,394,131,162,,210,293,,4984,7000,132,13772,3049,7093,155,1238,7578,6112,4071,2486,10310,3647,8368,396,1350,6145,1843,,5081,1207,2315,2760,5083,141,1148,1979,2992,4873,4347,145,3141,1211,28,3448,1445,3455,389,4357,565,17269,10476,9150,1681,6050,1627,8002,9750,3796,7370,5008,8129,,6840,8699,10765,11962,6493,11209,,4399,2438,5877,2800,3967,763,76,7163,703,127,675,6135,2643,2414,2896,927,,7986,7865,6026,3785,4530,4063,12829,5854,421,6724,12823,2291,704,19738,8231,6339,534,8548,14763,2519,,6015,5979,4470,3540,7708,3100,3422,8205,237,3453,3140,539,553,65,915,2776,439,7220,4126,2035,5480,5014,1235,5417,4267,3569,5554,1240,4197,2195,5475,2523,3362,1866,3732,5601,10137,3883,11959,5321,3230,5475,4101,6394,2886,11537,,8779,7235,,9591,5195,2377,4962,8940,10435,5196,,,6543,10122,1641,5130,6971,10910,9157,7493,5051,2367,1007,12062,2936,10358,4862,2608,14068,25881,3037
Thr,Sequencing Counts (Dim),Replica 1,320,6462,9912,4871,14539,138,3863,4937,989,3698,3593,1591,5976,3917,299,,62,4581,7905,6576,18133,12557,315,12742,10600,4683,2049,,933,4551,1155,7050,7053,6737,7841,3400,149,241,9609,684,55,1791,173,53,59,4012,829,635,8523,2240,5858,1801,8439,2941,5029,2316,1720,6020,3129,3121,2647,7162,2472,4502,177,69,3026,1641,5372,2369,2150,2657,1165,,271,1616,920,1383,3118,,404,2260,1559,541,855,2401,1681,835,2139,2534,3316,8531,9307,1814,4620,1724,1120,5852,1671,6243,7666,3886,11051,3374,3949,6050,4758,3177,5995,11808,6953,2038,3270,642,,5189,36,791,2776,798,184,2822,4827,2226,2268,488,1718,3367,5600,3797,,4382,2618,11012,10527,3124,3839,8463,1903,2179,7970,,3023,932,6716,8144,4371,3179,4266,3313,3525,2560,7663,4662,676,5078,200,,3603,734,472,92,1626,1003,231,5718,1664,477,4537,5848,2170,3350,,2067,2841,1150,3651,1407,7136,2734,1964,1612,3800,3479,6969,3550,7968,5082,,3322,2122,4097,2854,11215,3357,4645,5166,1407,3651,5470,6175,4585,2926,,971,5200,11556,4626,3409,1344,2903,3751,8340,9037,5494,2159,2314,2153,10713,1906,6785,5782,3068,14076,15989,5556
Gln,Sequencing Counts (Dim),Replica 1,11,1548,5343,3387,7436,0,2312,1229,53,,953,552,627,4497,173,2210,15,2115,3432,,5146,471,217,,,24,11,681,557,2087,80,3545,3743,5074,4975,1667,1283,4489,2324,1546,73,8,24,21,44,19,44,178,3358,2627,276,26,110,1380,1874,22,420,4468,2067,1246,1832,4258,1307,3017,846,9,2307,708,9,2214,724,1356,890,1967,123,38,1550,714,1087,694,144,845,1198,148,109,1241,1768,87,1468,119,1678,4308,2499,1131,2482,2145,261,5839,401,3018,968,4799,2386,5542,1945,2856,1981,2699,4153,1374,634,1488,3000,593,695,1302,64,4,15,29,55,266,109,70,1814,200,230,620,2286,,293,99,1774,4900,396,92,2448,3570,1165,283,,1513,2463,191,2274,3556,118,2176,3925,1031,1870,1676,,724,32,2122,57,110,551,95,,72,177,633,,1034,1614,965,1902,2054,336,844,2792,938,1434,401,920,,1560,1516,2256,1191,397,1285,3790,,2666,971,697,449,3434,1206,,2087,4506,2338,3731,770,3250,910,553,2121,2159,5574,1185,2241,3281,3063,2303,1508,39,3809,,1872,161,45,2232,,1817,612,2241,630,1086,2820,7618,1553
Asn,Sequencing Counts (Dim),Replica 1,3,,4204,1921,6006,54,,2226,19,1279,1135,1520,103,2715,206,2119,11,,4598,1841,7495,2892,34,5117,3233,64,33,626,327,290,188,2257,4431,3088,2080,2120,,307,3632,110,12,400,14,11,260,39,173,114,4022,404,161,104,227,,834,175,372,1841,982,2089,571,3107,722,1658,26,48,2362,51,215,1151,151,465,16,1644,12,270,710,382,,672,208,260,1029,8,182,579,298,246,1442,11,1132,2903,3138,354,2379,215,1192,2315,1785,1211,2936,2338,3817,2024,1909,2544,2956,1776,1894,4614,1703,1158,243,2742,452,44,35,17,33,106,14,93,81,90,108,366,217,2556,2207,868,1168,20,1295,4148,1155,231,1606,,216,299,3988,3005,1224,116,2863,3018,531,1517,935,1378,1381,1030,777,911,580,1644,160,225,806,57,912,15,376,866,123,3161,1045,573,1543,1637,633,478,2374,1111,824,124,1179,671,2435,1174,583,940,929,1544,3232,1749,3022,2099,544,1371,1509,1538,663,3486,1396,1392,2283,419,2195,1463,1456,1157,2941,1641,2211,2296,3431,1450,1034,410,32,1034,1415,1773,32,128,1327,672,329,677,2732,2745,661,4461,8046,2766
Asp,Sequencing Counts (Dim),Replica 1,38,1301,2258,1691,3626,0,1648,1347,4,235,1307,343,122,3411,178,831,21,1838,4319,1836,6869,814,17,3141,3095,57,12,39,67,190,15,2946,2942,3542,2285,1747,226,3703,169,30,128,26,0,85,,10,5,9,4039,68,113,8,254,826,1733,51,107,1439,645,1049,862,1247,761,,1017,444,,6,30,500,84,10,192,804,13,391,164,1488,1736,292,14,993,1800,7,14,558,688,2,580,32,1215,3498,2825,65,886,34,93,1989,335,2232,1844,1490,1802,1811,1793,2734,2173,92,3050,741,85,240,369,,134,195,227,11,57,9,124,356,91,16,66,,25,,474,1560,392,175,1281,4904,75,49,1262,3007,24,155,3684,1007,841,18,,4619,134,1280,651,1632,,628,1532,344,,1826,36,54,763,32,138,179,227,36,10,2006,768,195,794,1775,17,101,2001,71,1076,339,2135,584,2389,1194,1768,344,671,1131,,801,3662,156,704,285,1592,61,507,3195,1207,3012,1844,945,1990,1217,1384,1638,3304,846,1867,2810,1532,21,112,131,61,2230,711,3710,175,139,942,308,120,76,3717,1575,560,4256,5564,2645
Glu,Sequencing Counts (Dim),Replica 1,1,455,2359,709,4862,0,1789,688,3,1490,424,6065,66,2959,31,1007,4,1956,3273,1407,,479,128,4401,5586,81,14,270,23,62,54,1975,2139,2362,2670,63,22,,400,295,,17,12,8,69,8,6,19,2049,97,19,10,21,682,2017,98,76,2435,685,1092,592,1347,1099,2063,,119,1121,35,11,495,62,885,7,153,26,185,149,208,286,564,8,364,,6,70,800,,2,,8,850,,2767,138,824,165,276,1986,68,,654,2070,2132,2292,1917,2065,1809,843,,224,117,624,665,115,19,73,,126,9,14,14,21,127,30,1215,725,27,1062,799,781,2057,43,,3403,151,49,1021,1746,108,102,4479,1568,947,77,2426,,91,905,1102,1241,2348,1016,1082,868,429,764,148,30,1326,29,112,,299,354,101,2046,998,110,1264,1185,88,13,988,21,1047,302,728,569,2522,1087,441,,589,1111,2269,1442,,221,375,273,1178,233,1255,1867,1551,845,755,444,,1734,2255,936,1397,1826,2002,989,878,98,23,493,25,,2716,2078,61,31,,461,633,969,1905,916,808,,5308,
His,Sequencing Counts (Dim),Replica 1,31,3187,5662,2339,8886,0,3562,3171,113,2321,1030,1489,85,3364,5166,4565,170,1924,,3552,5562,2166,100,5564,4067,42,23,426,,942,53,4333,4595,5377,4897,,891,249,530,1292,37,912,34,22,142,70,185,223,2872,2484,253,72,63,3098,3049,93,994,,2076,2671,1277,3594,2178,2925,80,146,4201,392,329,1699,760,643,17,3045,94,261,312,447,2826,735,225,1106,1004,35,171,2155,1340,187,984,192,2598,5497,3763,228,3046,895,973,4728,468,4019,3740,3941,965,3610,2205,2903,4416,1957,2660,5088,1044,994,1567,146,1157,185,46,45,24,42,37,69,268,606,928,151,109,1086,1694,3469,426,87,3170,3528,2181,30,3638,4039,2299,1512,6295,3452,3650,212,4035,4131,192,3089,2844,1370,2687,735,1689,469,519,2598,64,51,1038,47,604,142,358,506,196,2012,2355,,2272,2928,852,1050,4363,1366,1343,392,3415,1516,1904,2559,1406,1216,130,,4345,2090,2795,2146,1131,234,,443,4996,3858,3436,3585,4777,1152,2839,1461,1454,1708,2741,4244,2413,3645,3863,3473,2825,871,30,3407,2957,2261,46,65,2398,416,1939,1762,4182,2606,290,3472,7825,3028
Arg,Sequencing Counts (Dim),Replica 1,124,1423,13284,3779,19833,0,5857,,110,2436,,2508,258,5767,2350,9802,59,3873,8420,9328,7617,3388,444,7739,10119,117,135,1192,3803,,508,10465,11276,12540,9444,731,120,136,,142,24,52,97,85,132,44,62,132,411,234,86,125,148,3428,4721,107,189,7252,,4228,2513,,4314,5195,158,91,3458,79,336,,771,,56,3145,44,22,,1680,3753,1805,140,1278,628,77,87,,2726,272,3633,129,2493,9530,3204,174,,2499,760,7637,369,4732,4467,7539,2750,7903,4264,6672,,,7504,6037,1980,1788,3392,1671,121,173,73,158,107,101,156,170,322,578,4603,170,1784,1840,2045,7230,2149,310,4740,9945,3611,120,7345,11016,1279,95,11832,4380,,239,5060,9022,177,6706,3457,2429,4535,4779,3058,2056,117,4970,266,23,,154,608,62,260,1030,673,4670,,1707,5209,3697,1594,188,4728,1970,3571,653,1204,3275,4391,,3280,3053,1933,2862,7239,4988,10038,2081,1628,217,2736,398,4667,3707,4774,7778,7381,2337,6403,4752,1134,2952,6964,10184,2917,7906,5280,,,3051,71,204,7651,4859,342,150,3469,906,2138,3365,7211,3292,1667,5471,16651,3020
K,Sequencing Counts (Dim),Replica 1,63,1026,3408,2461,5043,0,2478,554,40,966,570,,131,2752,488,3067,13,1583,2624,2410,6828,2143,21,4898,4181,29,9,128,27,1951,28,2574,1520,2178,,299,278,300,2809,186,142,11,6,30,28,1,6,14,32,104,27,31,42,1205,1607,44,16,2512,910,744,885,2449,760,1374,145,14,1237,111,7,504,495,922,9,656,13,24,1152,367,637,441,7,478,630,680,28,1362,777,390,1266,6,872,2609,1949,28,1326,699,115,2858,89,1359,1145,,2673,1295,1040,2504,1501,741,3006,3438,1037,518,546,13,6,41,15009,84,3,4,60,14,99,362,1236,21,180,187,341,833,1095,36,763,,1250,91,657,3729,922,81,3259,1246,1893,59,2675,2288,129,1355,653,690,670,,298,,123,1002,,52,1175,9,118,74,274,331,111,2646,1198,593,1861,2013,1240,48,1373,278,759,204,1273,805,1928,942,1047,757,798,1045,1968,1258,2632,1546,49,39,709,75,967,1687,1453,886,1271,686,2326,1718,836,1657,1628,4163,1348,758,3497,2110,2033,,36,234,2743,2539,78,40,912,748,485,562,,,672,5062,5999,1915
STOP,Sequencing Counts (Dim),Replica 1,34,178,53,36,428,0,56,29,11,308,13,163,54,77,267,85,70,59,120,352,557,57,141,723,424,57,167,138,20,53,16,60,207,150,420,53,46,269,136,591,142,35,66,106,107,34,11,69,75,407,89,25,117,48,100,94,249,74,53,122,26,61,15,69,118,92,50,23,118,38,25,46,13,29,13,23,15,9,14,11,13,30,95,2,58,8,178,1,147,107,138,432,358,184,57,125,27,97,34,643,105,306,140,39,393,100,90,89,385,382,31,46,29,97,31,83,75,75,302,11,66,117,113,37,65,93,14,241,61,455,19,99,239,494,328,33,75,133,613,547,933,16,125,117,61,416,3,65,125,70,137,95,194,155,94,43,146,34,68,220,304,43,347,124,536,90,98,7,63,70,82,74,41,288,37,4,30,290,122,39,44,143,25,170,138,353,370,99,3,118,51,338,360,168,47,179,87,30,397,98,20,146,169,286,78,549,328,170,134,78,141,248,1267,40,166,61,174,189,222,186,324,178,92,3296,12394,2810
Trp,Sequencing Counts (High),Replica 1,29,586,148,53,277,0,34,916,57,14,96,69,86,75,104,151,58,17,38,110,27,22,19,65,36,39,40,15,66,104,33,111,127,237,123,207,48,82,129,146,57,43,30,45,143,75,26,53,98,60,80,45,120,37,150,57,34,175,52,29,11,39,21,58,60,246,24,4,82,94,23,125,3,32,8,4,17,1,7,3,2,11,0,3,12,36,0,0,7,17,23,51,242,24,59,64,224,51,266,196,34,17,23,91,149,11,73,85,36,139,63,19,47,91,17,53,23,16,31,16,37,3,79,2,28,101,32,137,62,49,6,89,29,39,17,102,33,74,,38,81,12,35,20,19,39,1,30,16,49,148,92,103,165,19,368,189,20,130,270,44,13,0,45,119,137,91,17,60,122,24,13,40,58,27,17,30,47,84,32,147,91,1,163,215,122,225,49,46,9,78,64,82,103,87,169,183,67,128,41,13,86,132,228,78,146,149,70,59,69,44,72,220,159,107,167,65,34,177,136,219,110,93,219,781,1
Phe,Sequencing Counts (High),Replica 1,262,189,877,603,1715,21,212,121,122,361,28,39,160,134,751,1107,,148,469,405,263,101,90,133,84,89,132,139,510,656,273,711,681,1174,791,340,159,616,219,314,314,,241,30,478,341,265,211,358,422,498,66,712,71,285,254,153,251,238,,94,520,199,142,429,76,345,208,188,406,110,68,184,151,45,87,72,111,119,85,14,15,7,0,19,14,69,,47,39,91,297,102,191,77,132,852,111,562,1513,166,253,105,153,698,,218,748,291,261,84,148,102,237,58,326,118,114,169,53,119,194,185,,124,641,134,310,146,225,11,364,86,135,97,118,182,415,274,258,300,70,159,260,70,473,26,108,120,62,931,613,657,144,170,832,239,97,50,615,156,135,105,156,16,327,962,288,1041,201,51,117,286,735,706,31,384,235,297,162,856,241,46,233,1181,284,901,,144,611,576,964,297,422,246,1583,926,148,1234,177,19,102,1074,1130,103,984,482,1772,432,346,360,141,593,238,321,298,401,15,530,333,338,251,54,548,1536,159
Tyr,Sequencing Counts (High),Replica 1,112,250,707,279,922,0,212,348,235,144,55,263,316,330,,313,139,169,305,115,486,204,81,250,189,112,124,212,256,217,32,248,398,340,226,332,381,410,293,132,192,178,95,32,440,275,206,357,1226,,214,93,216,117,99,259,,235,105,180,24,181,51,204,365,175,217,461,337,184,181,113,48,122,34,71,20,51,83,44,44,11,35,9,30,14,69,6,72,61,115,147,195,85,123,99,997,143,187,665,131,167,55,94,189,149,132,86,85,264,89,114,50,382,40,56,68,99,119,36,32,51,258,71,77,223,176,154,58,81,17,152,75,144,76,164,98,171,73,,249,142,102,64,135,145,49,78,122,120,672,287,393,188,1158,399,252,78,150,332,39,77,,43,12,509,312,253,360,159,64,171,364,,106,11,303,188,328,205,332,250,135,374,678,164,520,475,168,235,311,297,304,753,252,536,615,128,723,160,90,217,632,442,257,638,1095,842,250,150,100,110,619,301,321,469,383,17,410,203,693,253,66,770,1420,332
Pro,Sequencing Counts (High),Replica 1,278,934,,368,1724,0,344,253,261,331,118,357,744,407,674,913,446,502,858,689,1055,316,415,421,477,237,126,278,1363,2031,339,949,632,537,442,431,417,1830,592,388,400,839,557,267,639,277,392,550,1067,455,621,383,825,275,470,610,245,257,521,311,,367,134,409,451,363,172,424,480,514,274,467,179,321,211,169,191,140,139,198,257,124,20,87,265,82,59,20,99,263,561,424,193,164,616,1137,1432,,701,879,518,380,196,544,389,373,309,586,232,317,378,224,1438,315,259,635,282,195,402,405,555,161,382,180,317,402,199,244,110,129,285,347,256,192,471,392,258,161,503,305,270,208,276,285,197,175,45,170,,225,731,471,449,1215,178,,1253,327,676,720,563,436,44,176,693,1131,687,436,855,,386,,1442,899,769,299,266,431,616,448,792,316,299,292,842,573,999,176,46,693,117,513,766,1411,1038,946,981,438,755,,411,997,826,874,489,1527,2226,347,356,583,447,870,1513,1776,966,900,679,125,1595,413,1075,296,493,1905,3603,989
Met,Sequencing Counts (High),Replica 1,,176,388,211,244,27,76,11,33,30,79,108,376,134,265,106,139,107,201,176,125,104,63,235,227,419,38,54,104,711,204,85,187,207,150,99,55,605,189,165,135,153,95,48,149,132,93,217,151,179,70,109,259,110,240,123,103,233,133,201,33,134,163,95,330,136,79,,73,72,,138,8,109,163,16,49,19,45,63,54,40,16,38,82,42,40,32,33,38,68,153,97,149,61,116,673,112,659,135,75,84,153,112,98,71,67,105,151,106,86,18,92,49,44,57,45,112,42,21,84,54,183,48,71,137,68,83,97,26,81,76,37,121,69,84,46,107,196,88,116,40,62,76,64,66,85,38,63,100,345,202,214,293,138,314,235,158,303,326,2109,22,94,101,11,507,245,35,382,252,192,82,230,227,502,107,77,125,249,76,447,236,338,247,345,238,630,182,36,186,157,322,245,467,279,445,617,70,358,364,223,139,341,655,149,254,556,514,116,193,119,105,809,533,127,154,128,214,648,165,259,194,162,433,1250,244
Ile,Sequencing Counts (High),Replica 1,1097,651,1264,,1886,,632,208,194,318,156,649,399,1112,1240,1135,521,356,596,546,1081,830,287,652,686,1141,203,297,515,2541,375,462,767,947,624,607,282,1193,624,301,463,336,284,217,642,238,,739,407,447,507,,529,399,251,561,211,243,240,266,101,457,252,77,499,415,449,452,555,535,456,168,424,576,191,147,113,63,122,81,84,100,91,52,313,48,133,71,65,233,179,517,362,257,243,224,2407,466,1618,1329,353,284,384,418,490,281,237,378,275,427,,280,244,345,190,284,262,226,261,,230,168,584,69,283,466,221,272,,180,192,331,86,392,296,,302,393,330,305,267,229,241,285,262,429,,122,212,235,1036,356,944,883,1253,810,557,344,441,1031,384,55,131,217,239,1683,836,483,1310,887,319,679,1581,645,552,266,664,472,1701,561,600,613,174,787,1632,559,1880,732,315,,515,804,1005,2334,529,1667,1788,258,974,1132,1021,804,750,2124,541,1139,2110,1315,543,431,463,173,1547,1582,1189,312,697,414,1462,597,1277,894,332,1636,2914,806
Leu,Sequencing Counts (High),Replica 1,1076,750,2186,1975,5014,1,673,491,,523,317,669,,824,2936,2213,1106,684,1058,1404,1238,,,1038,999,352,,309,1281,11206,1199,1805,1728,2351,1843,932,407,2305,898,,889,376,,199,1606,915,1558,,1079,1242,1133,657,2119,451,962,,399,1259,1045,978,522,1414,1091,725,1264,458,887,656,795,1263,715,550,806,801,,235,529,167,324,307,,187,52,,272,110,278,47,171,,298,860,403,,446,,2887,634,3679,1721,,622,363,699,1091,522,1166,694,743,1120,372,,411,349,318,941,705,256,,345,364,859,1368,219,,1361,494,832,530,411,79,416,335,420,,384,,899,1250,599,793,267,665,,364,731,57,475,818,412,2683,1511,860,743,368,2062,801,184,671,,1111,237,136,,303,1186,2579,1200,,1798,,738,2274,1466,,505,824,1258,1558,890,2007,1422,224,713,3528,1380,3117,975,815,2182,1797,2550,3143,2373,1725,3909,,555,3410,727,978,1253,1947,3580,1064,3175,2244,4074,3136,1657,632,1633,3284,1564,2429,1425,2314,160,2643,,2834,954,,2176,,1422
Val,Sequencing Counts (High),Replica 1,671,990,705,458,,17,285,202,229,267,377,851,701,924,1668,660,771,302,638,551,1040,758,394,827,1169,763,232,162,713,2016,421,930,815,824,766,1033,248,1795,775,398,587,439,213,231,773,238,488,461,313,428,,207,703,155,782,766,161,554,304,233,91,349,,467,251,433,476,154,575,341,392,334,128,172,307,,61,95,142,132,46,225,86,58,288,157,104,43,146,247,220,362,410,145,210,259,2005,200,1614,773,443,215,295,316,372,409,223,368,279,513,247,128,268,262,68,,303,184,360,230,310,213,,125,186,462,146,311,296,244,211,,116,480,510,546,253,447,275,185,482,214,200,169,315,430,154,222,199,236,1417,683,1132,905,1539,1259,934,432,714,539,515,134,121,324,254,2208,776,515,1008,1191,451,1131,1101,631,687,,,269,,441,589,478,623,842,1362,703,2379,889,324,871,650,1018,667,,888,1366,955,405,1191,1418,,,824,1360,749,1104,2154,1173,1490,439,694,277,2614,2311,1087,862,487,235,2446,940,1835,1001,867,2645,3954,1189
Ala,Sequencing Counts (High),Replica 1,94,1714,666,449,1067,0,217,420,104,111,201,307,427,508,490,361,447,329,303,1361,883,285,185,564,516,,140,183,455,875,589,,272,327,244,364,256,807,369,91,382,666,173,233,275,225,190,118,839,181,357,91,,86,,272,59,424,292,117,103,356,213,236,354,187,303,101,375,231,118,231,,141,122,158,72,58,54,108,24,,27,8,,64,67,9,86,111,162,191,308,58,123,116,395,278,486,310,257,216,266,152,122,217,242,55,150,445,172,98,,61,82,158,145,,97,54,95,88,204,132,130,251,59,146,151,114,126,163,129,318,241,157,185,176,133,211,520,186,201,131,295,239,110,105,111,126,625,477,985,1572,149,979,865,77,706,278,423,133,109,192,96,1611,387,168,675,689,509,578,475,237,631,273,769,196,739,368,266,308,,408,879,355,1851,309,494,402,366,556,165,1892,456,709,549,299,476,619,806,746,758,516,728,903,1489,421,448,231,,658,1678,,,,281,84,,374,1288,449,470,2180,2901,756
Gly,Sequencing Counts (High),Replica 1,331,1736,773,316,1049,0,142,761,263,115,244,347,570,,530,429,209,315,865,681,605,268,243,424,417,331,152,332,134,2887,317,655,634,588,301,370,236,723,576,414,353,582,140,,436,191,149,340,905,158,340,124,493,109,333,508,107,429,118,112,80,354,95,314,500,,248,59,297,214,96,184,69,129,410,68,44,,78,70,47,57,75,61,178,76,54,13,139,85,,228,343,70,84,95,,195,,593,141,283,302,,,134,148,139,175,409,96,118,123,159,50,225,133,49,248,151,,,250,95,176,413,78,175,149,131,121,209,92,316,486,412,107,197,257,203,368,96,74,88,249,251,52,178,109,,624,495,955,1299,149,1230,679,126,546,300,263,177,174,176,98,,448,60,495,617,339,732,601,169,437,233,261,184,477,233,,220,347,551,906,543,1508,70,314,187,420,591,145,1259,592,,256,331,629,810,447,563,,700,,740,942,282,901,247,527,1004,1306,1452,1172,509,346,105,1795,535,1297,578,465,1905,2831,765
Cys,Sequencing Counts (High),Replica 1,142,359,366,264,803,0,79,284,82,145,129,32,89,253,436,379,163,83,142,324,139,99,31,183,211,131,26,150,208,313,98,258,408,536,160,158,85,447,350,222,280,165,96,144,327,210,94,72,312,354,200,33,238,83,189,70,140,103,120,146,52,400,104,192,56,203,154,51,348,107,81,441,198,145,12,14,70,99,59,60,18,22,33,0,25,49,71,10,21,32,55,143,,50,107,16,480,54,186,430,62,89,78,100,68,103,119,129,129,158,47,120,65,129,340,45,106,89,112,29,65,155,102,86,69,182,59,128,46,119,11,88,40,198,66,104,143,110,105,41,275,27,104,39,67,211,28,68,116,67,366,166,475,299,125,519,195,80,240,290,155,35,48,96,13,309,363,170,415,119,46,416,372,310,248,36,183,245,316,101,396,301,144,223,572,237,834,151,203,198,192,,241,410,170,733,623,331,353,215,32,234,759,453,245,759,333,277,863,80,90,294,510,383,267,273,230,24,839,98,593,157,13,427,861,141
Ser,Sequencing Counts (High),Replica 1,563,1197,1956,702,2047,2,384,860,119,383,639,331,426,1658,1252,1163,803,485,1126,783,1102,417,320,765,689,672,298,359,1022,1461,,896,,,850,661,279,1478,805,369,376,800,309,256,664,,634,571,,512,528,315,1108,246,729,648,155,721,550,411,299,862,225,784,644,328,656,217,,567,96,372,383,493,214,108,173,136,211,198,24,142,55,21,190,72,134,68,213,165,1467,405,608,150,468,314,615,483,636,1050,260,350,,407,468,488,537,282,360,,249,230,273,164,156,360,314,413,374,184,223,278,421,177,169,469,,289,318,278,176,359,185,945,415,590,280,726,319,243,785,311,319,243,364,797,64,,309,328,1193,746,2009,1439,908,1660,1020,714,656,830,265,171,250,616,85,1545,1046,471,1254,1146,365,1245,933,992,976,252,804,335,805,621,922,474,691,1154,1839,659,2340,553,604,1179,769,1263,602,2185,,1650,1382,,1785,825,389,1054,1648,1769,915,,,1440,2286,389,880,1221,2559,1689,1308,876,502,224,2336,553,2054,996,502,2668,5408,633
Thr,Sequencing Counts (High),Replica 1,226,826,1090,556,1023,34,412,442,67,181,259,398,551,421,632,,256,294,508,518,1514,831,250,875,921,607,161,,348,2265,208,632,865,534,476,298,234,942,895,201,323,476,339,324,555,361,209,127,676,280,404,179,749,191,407,286,142,394,209,246,293,478,178,245,328,624,272,181,402,266,270,261,274,,306,135,50,64,159,,31,111,69,34,144,131,73,37,90,92,175,363,296,80,198,155,1827,215,1126,544,294,251,407,353,234,357,250,167,180,502,242,129,200,66,,231,170,212,148,77,120,126,199,87,80,321,62,118,185,112,,184,93,450,411,197,207,335,149,145,292,,176,148,296,262,198,135,191,326,671,601,1636,1449,467,1236,787,,761,601,221,114,377,186,62,1580,400,95,938,1132,467,831,,659,574,323,576,290,1395,476,553,398,666,945,1184,552,1602,685,,703,432,787,556,2107,582,845,1130,263,623,1111,1237,834,594,,678,1093,2521,950,693,232,493,736,1707,1646,911,738,516,371,2181,332,1153,952,636,2517,3155,1159
Gln,Sequencing Counts (High),Replica 1,81,1278,411,298,599,0,422,107,82,,121,114,287,381,471,314,114,210,332,,463,52,142,,,211,62,65,423,773,465,296,300,331,301,202,108,573,259,151,125,69,284,54,332,140,231,177,428,204,245,193,388,98,135,145,53,323,148,101,105,348,105,267,72,61,167,99,247,251,257,161,104,183,35,26,58,24,63,30,63,27,47,5,65,55,91,5,59,124,59,273,145,86,97,192,580,240,403,281,38,161,74,230,112,136,86,117,332,104,44,88,167,35,48,212,199,44,48,140,86,109,235,11,84,283,53,51,86,,15,166,96,127,25,202,93,139,115,155,,58,101,189,85,170,10,98,244,69,462,370,,224,66,617,221,22,124,480,,14,52,203,,251,353,244,458,504,80,225,593,344,334,115,159,,308,265,636,253,80,272,731,,413,140,137,118,715,289,,437,862,409,755,147,471,330,126,453,477,1012,211,388,533,1477,395,343,205,544,,427,512,615,505,,433,128,372,139,205,556,1591,305
Asn,Sequencing Counts (High),Replica 1,13,,446,208,465,8,,131,30,94,274,165,350,294,401,200,107,,532,159,565,204,108,404,306,111,87,89,291,1306,130,263,315,238,178,215,,350,386,303,79,86,125,73,187,165,175,225,317,88,230,55,77,,106,296,34,183,86,176,39,180,37,144,159,172,187,49,319,129,21,63,115,163,99,22,24,31,,47,55,15,38,29,25,31,7,5,67,56,60,152,125,32,72,199,826,79,425,239,106,109,210,206,161,85,115,61,89,175,94,44,14,127,122,132,111,39,145,152,21,88,181,271,50,147,35,89,107,44,41,127,64,193,113,180,66,,69,93,153,119,67,95,161,161,84,80,66,72,328,211,190,450,110,285,980,45,218,128,199,22,88,113,2,904,384,177,308,267,189,232,443,283,199,25,255,127,348,247,163,229,246,421,624,258,591,245,108,191,468,268,143,585,389,244,455,106,335,252,363,248,521,275,424,429,720,307,222,130,231,173,296,589,229,310,266,152,604,106,535,551,111,943,1810,485
Asp,Sequencing Counts (High),Replica 1,197,185,357,116,534,0,148,116,69,120,89,138,434,408,298,108,133,163,367,145,440,106,165,235,204,202,121,77,193,2262,156,227,167,222,164,270,167,314,218,200,125,263,102,117,,85,97,88,348,166,151,59,131,60,113,206,39,131,60,288,85,70,58,,221,166,,68,320,190,76,78,185,113,73,40,25,216,137,21,28,78,73,11,64,31,30,10,20,104,125,133,115,99,40,135,485,87,1256,418,113,126,64,149,95,104,94,40,113,29,164,37,73,,28,89,135,44,53,74,33,124,76,58,48,,48,,60,64,29,198,89,193,289,199,68,127,71,114,135,57,31,117,,233,10,55,30,76,,135,396,333,,372,338,83,369,88,203,104,53,35,54,489,171,41,191,421,69,361,426,170,230,81,386,110,396,224,425,103,201,215,,168,764,49,148,65,265,119,124,674,277,562,350,170,387,192,303,301,811,222,381,469,440,250,423,18,235,481,268,620,124,271,235,52,473,164,675,349,128,807,1322,504
Glu,Sequencing Counts (High),Replica 1,16,137,258,67,315,0,93,34,53,190,51,902,263,245,203,89,74,129,259,126,,108,174,329,423,151,96,82,112,518,613,106,166,128,222,239,62,,94,95,,126,102,75,185,47,71,122,186,71,59,111,162,637,185,186,48,205,65,59,39,317,76,219,,126,127,30,166,111,33,115,44,18,140,16,15,9,9,30,30,66,,23,74,31,,2,,54,24,,124,24,112,272,461,60,279,,30,161,84,104,91,89,62,59,,108,27,80,25,26,12,188,,33,47,86,75,35,192,39,34,61,45,58,28,47,110,195,,128,97,78,30,63,60,178,153,42,43,34,75,,4,32,64,112,436,222,242,515,112,186,228,139,384,194,428,,61,58,137,450,236,47,254,294,42,105,245,56,171,91,119,74,489,182,128,,175,152,421,346,,19,47,95,229,91,241,580,369,166,158,107,,311,466,184,264,357,357,218,275,283,155,108,144,,738,440,232,153,,70,490,192,386,153,168,,1412,
His,Sequencing Counts (High),Replica 1,203,253,569,199,798,0,256,248,102,206,79,301,334,287,496,280,312,240,,324,583,156,205,389,448,146,115,159,,177,272,232,285,305,292,,99,706,426,134,157,72,322,144,581,280,176,124,649,210,334,149,418,265,194,261,125,,249,192,319,341,188,222,384,205,381,98,271,110,110,124,174,236,50,29,84,6,153,44,26,37,45,8,141,181,60,7,58,135,100,229,173,63,139,226,517,196,1026,442,149,153,51,174,168,108,193,283,103,265,60,52,115,107,63,146,135,168,147,44,156,137,562,35,83,263,83,36,45,128,30,263,126,151,71,144,157,165,92,211,304,158,161,125,161,152,14,139,123,50,605,164,308,359,87,596,293,491,281,427,229,51,96,100,91,519,586,,448,536,177,532,789,394,242,55,577,400,343,469,457,394,41,,1021,378,403,366,265,47,,304,925,726,608,640,912,208,594,297,233,377,648,767,393,618,939,680,366,143,157,581,658,428,249,322,533,147,527,330,818,493,37,644,1560,552
Arg,Sequencing Counts (High),Replica 1,636,1272,1339,597,1639,0,384,,201,260,,392,725,582,998,659,378,252,689,625,623,247,323,589,697,391,172,205,917,,506,839,910,944,740,517,288,959,,618,217,394,352,208,614,348,434,507,813,659,550,427,760,313,438,481,182,670,,343,158,,393,525,567,528,219,251,602,,98,,236,234,164,111,,54,126,92,49,79,27,12,199,,127,5,179,160,147,371,229,324,,607,960,394,682,1289,286,432,235,372,541,326,,,244,300,66,79,170,80,257,628,347,286,171,100,336,377,544,28,339,879,182,201,251,299,62,486,258,345,95,418,281,464,217,151,666,158,,316,181,362,12,333,213,204,877,1003,656,451,912,996,946,112,,1269,848,270,81,164,470,1356,,376,1010,645,359,669,835,846,630,106,336,578,751,,952,559,271,433,1308,400,1864,186,350,118,491,450,894,704,883,1388,1560,449,1233,726,258,533,1306,1873,494,1575,1044,,,656,337,376,1685,820,1856,969,615,219,1675,624,1362,595,311,1355,3449,638
K,Sequencing Counts (High),Replica 1,63,466,449,188,404,0,180,31,54,127,47,,452,228,382,283,109,354,206,268,647,129,70,380,327,152,59,88,242,212,207,192,112,124,,107,156,478,239,183,65,132,115,45,226,17,94,103,222,224,142,116,154,106,136,151,81,207,225,61,61,234,47,110,303,175,186,51,95,37,59,73,29,54,141,75,35,10,24,28,8,27,33,30,172,50,53,20,67,49,56,119,76,73,60,123,580,139,522,439,50,,173,48,158,104,70,37,134,138,52,61,36,26,57,84,116344,76,65,31,39,35,94,48,29,104,16,17,59,43,50,127,52,,37,173,11,140,132,106,189,73,70,72,104,128,8,51,48,107,137,,83,,382,230,,156,177,96,116,79,66,87,138,673,259,150,383,402,236,127,237,82,118,23,220,211,274,166,324,190,147,132,379,191,546,206,17,123,151,268,332,437,267,164,293,112,367,292,190,270,337,677,261,128,671,354,299,,187,116,809,431,207,179,217,141,809,110,,,201,933,1375,350
STOP,Sequencing Counts (High),Replica 1,157,397,350,221,901,0,258,177,92,118,46,157,339,335,1007,434,143,193,261,245,581,148,135,297,345,212,119,102,411,325,245,481,471,432,299,160,116,790,663,357,384,238,251,248,481,134,144,207,356,239,249,134,267,123,396,393,164,246,156,366,70,150,51,143,312,145,286,75,249,179,110,323,81,198,82,66,55,50,88,71,28,33,41,10,52,30,122,11,129,88,129,290,351,131,73,101,110,180,237,467,293,101,113,166,269,139,84,169,340,327,101,199,83,245,122,293,99,120,352,106,91,265,384,109,218,383,65,143,162,141,75,199,111,287,133,132,298,275,304,240,336,131,232,301,135,284,24,209,123,229,448,264,403,250,811,504,490,220,134,637,390,122,112,377,319,287,434,63,196,183,163,222,211,729,165,48,90,505,443,167,107,176,21,291,692,303,677,446,16,323,169,421,282,476,194,570,504,107,590,189,143,361,484,868,204,752,702,953,677,128,425,757,1209,316,446,334,336,57,722,272,480,203,159,609,2627,589
Trp,Functional Score ,Replica 1,-1.580671009,-2.258307582,0.020620611,-0.06576053,0.053595283,,-0.014013035,-0.861107428,-2.146723249,-1.326574657,-0.384810984,-2.229040209,-0.449010249,-0.620454359,-0.052704281,0.117477013,0.20351188,0.239789871,0.336403821,0.195009101,0.253997849,0.130645402,-0.469964523,0.104199333,0.088078229,-1.615675715,-1.834809585,-1.41768626,-2.122726874,-1.841900265,-1.544123427,0.099272339,0.103787108,-0.057901456,0.084626859,-1.986218157,0.048142202,-1.43167706,-1.578506419,-1.090495032,-1.301625209,0.233730586,-1.980499714,-2.154211271,-2.035751817,-1.787881102,-2.287422533,-1.790898095,-1.112017674,-0.015504159,-1.9248745,-1.957916626,-1.547223698,0.078987971,0.106992299,-2.401995755,0.054876155,-0.177165457,0.121242686,0.097900924,-0.049813236,0.129175846,0.142504926,0.095394683,-1.94696203,-1.881856489,0.187041511,-0.131187568,-2.081660604,-0.232153445,0.056272325,-1.895873596,-1.885365959,-0.069992584,-1.4256188,-1.7891565,-0.15109533,0.372211503,0.03170149,-0.926684364,-0.688785954,0.020842118,,-0.293810425,-0.290019505,0.084474594,,,0.263921944,-1.13182742,-0.093712084,0.238727259,-0.896373633,-1.312035245,0.072262436,-1.137067646,-1.439236779,0.110494037,-1.467053622,-0.921001321,0.138927503,-0.060223272,-0.284295377,-0.205456113,-0.740431566,0.130376351,-0.020110915,-1.268569551,0.029575417,-0.892535474,-1.429067232,-0.077673734,-0.329288073,-2.006284611,-1.814710604,0.07204839,-2.029890593,-2.830549185,-1.648977796,-0.597553074,-1.908342907,-0.981042026,-1.650109509,-0.10252023,-0.250344731,-1.848679271,-1.216463583,-2.098155425,0.210878243,0.224956562,-0.476588591,-1.911675762,-0.049865812,0.504751256,0.186472223,-2.509845754,0.175124244,0.065618092,,0.085904764,0.133693088,0.125715318,-0.002825062,-0.022272322,0.233303596,0.125795565,-0.613065241,0.107568442,0.22291342,-0.209026714,-0.056807051,-0.006073729,-0.097328052,-0.175272429,-1.786838517,-0.033181675,-1.230345075,-1.808557767,0.063058406,-0.607441784,-1.031220564,-1.405288924,,-0.08662944,-1.875201806,-0.412390133,-0.038269251,-0.08662944,-0.207905829,0.165053834,0.179734182,-0.536057205,0.061084337,0.090788748,0.144249348,-0.148777347,0.336263047,0.27828892,-0.199213884,-0.034022086,0.014739588,-0.113832726,-0.19577391,0.041726785,-0.025203656,0.107906925,0.214382722,-0.006717674,0.195578624,0.320192841,0.217208889,-0.545438772,0.055581595,0.201185908,-0.016660026,0.099885074,0.012614719,-0.017187723,0.029441481,0.03436711,-0.206631837,0.250726145,0.144158544,0.138333601,-0.039491044,-0.055901984,-0.126963637,-0.732209166,-0.525725655,-0.089182756,-1.508341819,-0.983004818,0.015710276,-0.023480948,-0.72887182,-1.629738248,0.154809448,-0.740892244,0.037186428,0.058554861,0.034306299,0.046045921,0.053958387,0.054783162,0.06394212,0.418185305
Phe,Functional Score ,Replica 1,-1.747589997,-0.045455306,-0.025357456,0.054318694,0.029713388,-0.298988028,-0.019419376,0.158570115,-0.089188241,-0.337470453,-0.195169879,0.204807236,-0.050812556,-0.29946514,0.004682647,0.100746319,,0.196499988,0.00920606,0.035733309,0.045524136,0.146529812,-0.051201784,0.119019829,-0.011677417,-0.789330266,-0.203681093,-1.425174281,-1.646173139,-1.780134744,-1.809772296,0.148574628,0.108921816,0.08042085,0.072280347,-1.133842686,-0.250254242,-1.903344291,-1.753313513,0.052116851,-1.843283369,,-0.458218679,-1.085235064,-1.783133753,-1.16797084,-1.198336073,-0.040781573,-2.009296349,0.052863532,-0.529626119,-0.03928941,-1.84577792,-0.041179983,0.006894381,-0.861059361,0.135445939,0.092775517,0.031644951,,-0.021162623,0.060909767,0.160231499,0.034702418,-1.795284135,-1.50068348,0.085126243,-0.074604965,-1.149741648,-0.105943424,0.018974998,-1.139561988,-1.781219482,0.105142868,-0.272582102,-1.037877396,-0.247319131,-0.156685589,0.104124605,-0.166815206,-2.297311988,0.298006412,0.254598627,,-0.184598163,0.101206694,0.180936067,,0.026840452,-0.002566796,0.007917963,0.057180613,0.06932201,-0.135188691,0.319997309,-0.036571769,-2.219477173,0.05457614,-1.572902603,-0.475883081,0.021221352,0.068996127,-0.133208264,0.166827237,-0.485075115,,0.142338608,-0.864732183,0.126280445,-0.220775269,-0.03626743,-0.257806626,-0.388513229,-2.059309929,-0.225188878,-0.027993366,-2.195421897,-1.650681428,-0.163625527,-0.023564533,-2.411679545,-0.497664379,-0.32571026,,-0.215055471,-1.635644609,-1.631197815,-1.815092234,0.129206675,0.017188951,-0.133433606,-1.496244394,-0.15370762,0.162997665,0.067897514,-1.085810695,0.037308824,0.054887563,0.085334823,-0.061313315,0.024933687,0.143727272,-0.096411768,0.003221745,0.10987192,-0.04269986,-0.137037927,0.02719173,0.071541768,-0.137335957,-0.000157949,-0.076445946,-0.048076039,-0.627287975,-1.55243703,-0.018496014,-1.921866914,-1.444415836,-0.061266487,-0.01878199,-0.704546513,-0.761472182,-0.191676762,0.079288331,0.164616753,-0.077685122,-0.008570718,-0.144259139,-0.012445965,-0.073808879,-0.165904395,-0.604630333,-0.009281385,0.069208616,0.0222468,-0.03290302,-0.050561199,-0.023490019,0.069651743,0.042851124,-0.361469159,-0.079691681,0.060189872,0.017433748,0.020004316,0.246761883,0.054329323,,-0.11717746,-0.01376526,0.009803202,-0.131440153,0.11571283,0.165544056,0.085583725,0.05534454,0.027291876,-0.02409177,0.058533337,0.062658756,0.276369703,0.085388841,0.048829927,0.048314738,-0.095103748,0.032468078,-0.047081766,-0.5473749,-0.082410261,0.06741055,-1.501446652,-0.008406013,0.053439907,0.048087118,-0.744709635,-0.828733441,0.02844804,-0.027536291,-0.05427045,-0.156378621,0.031936885,0.049601376,0.265110146,-0.044995554,-0.018475209,-0.188573007
Tyr,Functional Score ,Replica 1,-2.278507084,-0.288165775,-0.05822054,0.093419492,0.00753968,,0.012674857,-0.313775747,-2.250890828,0.071589704,0.068223967,-1.2396343,-1.335166596,-0.515095647,,0.187893302,0.119325146,-0.119141808,0.115947022,0.095944597,0.081096542,0.022226719,-0.270636916,0.140307755,0.08343723,-1.961086673,-0.692174283,-1.719266842,-1.043667501,-1.954481306,-2.154211271,0.109650935,0.022674831,0.021620567,0.180717136,-0.690194866,-0.450767759,-1.57986273,-1.933844756,0.126547438,-1.918158472,0.123150719,-1.238515915,-1.128905406,-1.182470102,-1.596728087,-1.610894991,-1.574427674,-1.062050728,,-1.659887986,-1.743907801,-1.779128724,-0.016009388,0.184495424,-1.48359367,,0.019988708,0.113294102,-0.015370822,0.272565472,0.101997407,0.110354409,0.007829931,-1.917413561,-1.626533643,-0.021988396,-0.567560584,-1.994510428,-0.266255653,-0.093263818,-1.557444685,-1.985646968,0.105986715,-0.736102209,-0.726219684,0.126333421,-0.359670769,0.013883344,-0.214150384,-2.416327212,0.222211651,-0.047683082,0.016666177,-0.331696525,0.09772303,0.114908773,-0.019438417,-0.126073232,-0.809763599,-0.008100885,0.107164161,0.0178384,-0.75615624,0.094815109,-0.387911871,-2.259795627,0.202239394,-1.609604708,-0.830800502,0.108052337,-0.006042566,-0.027553702,0.061907621,-0.236786897,0.064102081,0.099203167,-1.600691341,0.049913381,-0.187609919,-0.009189381,-0.332816992,-0.27064256,-1.501091481,-0.590092389,-0.010429134,-2.407363127,-1.797974965,-0.59178942,-1.336509014,-1.512164745,-0.444630694,-1.418070765,0.170818358,-0.349772865,-1.434712867,-1.290436041,-0.822900824,0.088569155,0.25167873,-0.119706787,-1.303574695,0.025787512,0.153254961,0.149579005,-2.104955273,0.019736214,0.069913493,0.003092212,,-0.078830509,-0.069737979,0.077174072,-0.326758502,-0.040253631,0.205663883,-1.674201984,0.039470562,-0.289413325,-0.311135152,-0.153550319,-0.065766626,0.032646887,-0.386508986,-1.326013969,-0.033737921,-1.02788168,-1.300593093,-0.115232116,-0.21994491,-0.308071166,-1.191129005,,0.330585176,0.219199438,0.006191998,-0.051303489,-0.094375759,0.00837117,0.032561001,0.024726098,-1.155110841,-0.068903321,,0.071709977,-0.362525143,0.051367205,-0.03625033,0.030284937,0.030281115,-0.021063556,-0.059921064,0.187498099,-0.060097166,-0.015541931,0.101499763,0.034175733,0.073773406,0.001145114,0.024226775,0.006687292,-0.194316544,0.103469598,0.09901549,-0.108780124,0.021517839,-0.005833121,0.16637007,0.015871396,0.033053764,0.195557668,0.058016992,0.102328053,0.106481177,-0.108930493,0.091259309,-0.021204983,-0.380586496,-0.431718647,-0.006265254,-1.799999963,-0.114740659,0.007307877,0.063851397,-1.307919869,-1.252863804,0.096967226,0.300232689,0.074290418,0.020490363,0.08314995,-0.013727491,-0.028108704,0.052851155,0.091091224,0.064548588
Pro,Functional Score ,Replica 1,-1.668851818,-0.724727722,,-0.333819966,-0.119640604,,-0.121318948,-0.031365524,-0.825788786,-0.29581563,0.029808935,-1.293601065,-1.242351005,-0.054293484,-2.033559301,-0.42285322,-1.620051515,-1.443643474,-1.394796438,0.052375894,0.039855231,-0.142788492,-0.951694758,-0.163663867,-0.850303116,-1.101011477,-1.288052402,-1.725425273,-1.704365576,-0.463430961,-1.591104326,-1.423923227,0.014220992,0.141867936,0.138237544,-0.092333519,-1.865044381,-1.870670382,-1.398818911,-1.325383891,-1.584064952,-1.70541199,-1.755104326,-1.540734996,-1.64334778,-0.736507729,-1.468269955,-1.050646773,-1.692972188,-1.444691847,-1.896692944,-1.609092937,-1.607707469,-1.361463769,-1.298690184,-1.121374137,-1.710160112,-0.418627873,-1.129644537,-0.387442856,,0.098410629,-0.364510014,0.111317805,0.042465777,-1.962283077,0.100522403,-1.688142242,-1.707020961,-0.517769189,-1.612522928,-1.4256188,-1.220614021,-1.081323025,-0.857048571,-2.071382931,-1.123646538,-2.192539841,0.186695144,-1.034030775,-1.345324095,-1.517902894,-0.211328559,-0.860468095,-1.451669036,-0.693828618,-0.107231513,-2.225849097,-0.108051683,-1.476338658,-0.31168733,0.022574781,0.011038225,-1.083375948,-1.768521051,-1.597502841,-1.459316866,,-0.791359863,-0.605526576,-0.485516867,-0.586286697,-0.148955847,-0.479069125,-0.200327648,-0.066066958,-0.033429376,-0.386268723,0.121605569,0.105325279,-0.537050889,-0.367794452,-1.31385048,-1.737316258,-1.652454257,-1.926222316,-1.627921046,-1.686728058,-1.58740325,-1.73109762,-1.779110094,-1.630906069,-1.467342898,-1.509706964,-1.310669538,-1.614686753,-1.859929697,-1.584703597,0.198667433,0.137571205,-1.463366307,-1.540178228,-1.540709981,0.1499736,-1.731452489,-1.6169553,-1.035631224,-0.195822415,-1.71409182,-1.471736088,-0.387889773,0.151510447,-0.013486151,-1.06737042,-0.002782514,0.074776111,-0.244543373,0.083247583,,-1.266374061,0.053676629,-0.015658783,-0.258367971,-0.998360095,-0.324105059,,-1.623343179,-0.515546841,-1.063041362,-1.389079376,-1.108869029,-1.545723547,-1.668042662,-1.334179145,-1.415297904,0.018642219,-0.247598134,-0.172528523,-0.962156299,,-0.171731347,,-0.043453763,-0.416711627,0.056056876,0.155736762,0.179131411,0.041304394,0.083776103,-0.002955642,-0.009661067,0.0598542,0.114462398,0.412489955,0.162447222,-0.525902538,0.152845519,0.05922511,-0.266629767,-1.305769103,-0.074081383,0.114115987,0.061215963,0.152004722,0.031972962,0.09367008,0.086069915,0.018481736,-0.006875503,,0.095921795,0.05577385,-1.421346002,0.099632859,-1.36921163,0.07031427,-0.078187312,-0.312119282,0.255411611,-0.050035917,-1.376744934,-1.363465583,-1.048397401,-0.968942295,-1.332786651,-1.244461747,-1.225189646,-0.271165176,-1.253060008,-1.042625969,0.100281062,0.039629619,-0.039539285,0.087717999,-0.003006899,-0.014760796
Met,Functional Score ,Replica 1,,-1.432706586,-0.097095643,0.09689458,0.124911447,-0.347661317,0.136957269,-0.631143743,0.409889237,0.297273169,0.23415137,-0.015188681,-1.490551633,0.024551786,-1.153639132,0.183412012,-0.287489992,0.131220426,-0.006584805,0.096353854,0.165255627,0.1491915,0.1457402,0.078050878,0.158630745,-1.827309312,-0.129491103,0.050381596,-1.534339402,-1.678925066,-1.979893369,0.083335407,0.058075792,0.041608387,0.26342316,-0.14294481,-0.015553031,-1.633453582,-0.060798827,0.204901687,-1.495513604,0.008267509,0.172714089,-1.913096301,-1.808368931,-1.624664702,-0.094362452,-0.238005475,-0.439284246,0.124051793,-0.204060557,0.039078553,-1.956094727,0.07878484,-0.232595087,-0.063192583,-0.029697596,0.031014714,0.100835263,0.091699212,0.266876735,0.23266877,-0.095272413,0.078891203,-1.997146518,-1.238384462,0.066044881,,-1.845857417,-0.512327062,,-0.057376521,0.30792237,-0.016161038,-0.028088804,-1.239484578,0.027787461,0.17281191,-0.125258923,-0.073613736,-0.195646878,0.035475463,-0.069373372,-0.018687042,-0.796321924,0.244409159,-0.109594022,0.274205732,0.074876137,0.272618995,-0.253686816,0.005170298,0.035719973,-0.230078945,0.163080572,0.16589296,-1.687819782,0.074483537,-1.879611824,-0.146761344,0.1237796,0.091217301,0.059062715,0.17907732,-0.220716512,0.11548718,0.056354957,-0.505662351,-0.128929911,-0.342216981,-0.008127874,0.157587782,0.052541101,-0.461952422,0.195092606,0.320905941,-1.174166624,-1.755732744,0.03431773,0.202172624,-2.217702655,-0.106175597,-0.27171968,-0.064036684,-5.92E-05,-1.422988335,-1.145559755,-1.296705613,0.062101849,-0.183221585,0.114964711,-0.407174793,0.098685765,0.115205018,0.264861019,-0.207281539,0.109533303,0.145318463,-0.517084484,0.082950368,0.095927956,0.325157886,-0.022089729,0.107607397,0.083744762,0.130550606,-0.20637569,0.014991787,-0.00371456,-0.127951486,-0.021432007,0.057508241,0.105424777,-0.073618527,-0.37108195,-0.074823531,-1.459425347,-0.072551076,0.079589948,0.026606575,-1.341456111,0.263841923,-0.052279966,-0.087740169,0.663477545,-0.058912822,-0.0378457,0.021153603,-0.078423172,0.019489243,-0.057778967,-0.124710554,0.008777641,0.020309784,-0.081885963,-0.106060437,0.001877112,-0.226850868,0.122741092,-0.011868577,-0.146584772,0.019785968,0.020652543,0.051959709,0.101785498,0.074609472,0.106230805,0.122175002,-0.021670272,0.025608859,0.042312039,-0.023515017,0.04477195,0.02253032,0.039236286,-0.03719935,-0.005574575,0.048874537,0.036133392,0.066979828,0.083167148,0.182747721,0.026583233,0.031473961,0.052557544,-0.009099857,-0.017563398,-0.093689501,-0.026150764,-0.011407772,-1.12187414,0.232504222,0.012893584,0.074259538,-0.071261161,-1.336778841,0.282846853,0.076123634,0.061181957,0.084886056,0.096094902,0.057093674,0.141762143,0.064038686,0.000689089,-0.025944472
Ile,Functional Score ,Replica 1,-1.486832786,-0.518423645,-0.004943444,,0.075971471,,-0.335161783,0.075115085,0.018240074,-0.029427667,0.15782677,-0.341431667,0.136619813,-1.268012159,-1.030916719,0.002166615,-0.989995332,0.080647348,-0.03387182,0.091050728,0.067641093,0.087803616,0.152517633,0.098452083,-0.007882199,-1.999100109,0.035072755,-0.106109092,-1.61419389,-0.715019965,-1.575463741,-0.018698708,0.025675339,0.072333546,0.174648011,-1.776539333,-1.157839096,-1.684923072,0.02216502,0.080600549,-2.222017818,-0.52369424,0.072617325,-1.625678732,-1.916174936,-0.593305032,,-0.20415531,-0.675653627,0.012187418,0.138156121,,-0.933224583,-0.072703543,0.053418279,0.067262191,0.036252885,0.158863018,0.081930924,0.179309727,0.164253013,0.196060055,0.051416447,0.027318834,-1.786980376,-1.786682674,0.126513419,-0.189855258,-1.553227599,-1.219411154,0.046419305,-0.309979369,-0.985549322,-0.067348483,0.048538752,0.002831339,-1.352090757,-0.157441162,0.173917836,-0.343810216,0.106579801,-0.255965138,0.125264697,0.185157772,-1.584257979,-0.001484265,-0.006555057,0.037371354,0.018935872,0.158495489,-0.08101741,0.015150875,-0.018345102,-0.009028025,0.10090973,-0.182024012,-2.225993435,0.033192407,-2.093824162,-0.446385027,0.042203641,0.065848189,-0.011711764,-0.244910593,-0.130372272,0.061471239,-0.077731138,-0.265767457,0.031568119,-0.346759257,,-0.273325141,-0.030486047,-1.315822721,-0.200377658,0.044820326,-2.036559354,-1.647987161,0.111508214,,-1.727762904,-0.942588143,0.063303666,-0.04868021,0.033198413,-1.676611842,-1.253431012,-1.310444421,,-0.02376248,0.140209339,0.084645254,-0.147476106,0.138096137,0.082316019,,0.055151195,0.081512087,0.13042792,-0.110097539,0.056694669,0.042642201,-0.00800346,0.141084869,0.036844217,-0.015043337,,0.197030055,0.035512868,-0.095698415,0.005042638,0.001000374,-0.073892176,-0.037550261,-1.447767403,-0.281596452,-0.869523797,-1.30428851,0.059935566,0.004761319,-0.637135029,-0.00138042,0.030674068,0.067558277,-0.683913797,-0.069515079,-0.089059066,-0.395159174,-0.093408181,0.03152122,-0.086931611,-0.280681068,0.033210655,-0.233715407,-0.04517721,-0.090205148,0.053183513,0.083986354,-0.00960498,0.052335527,-0.034684479,-0.059567776,0.269858885,-0.065423121,0.018453089,0.092055827,0.03002906,0.059169085,0.021369245,,0.006076006,0.099231357,-0.013985262,0.040168228,0.04564024,0.113617875,0.020207558,0.139306817,0.103656199,0.048713475,0.007308522,0.047045581,0.154658349,0.074463432,-1.48480715,0.024394634,-0.174165092,0.107259786,0.068664479,-0.075515252,-1.319828613,-0.226005409,-0.03152038,0.050875553,-0.212902187,-1.007877339,0.05822839,-0.027612776,-0.003856568,0.106767728,0.052197756,0.000476595,0.164104348,0.044722971,0.0384438,0.026828076
Leu,Functional Score ,Replica 1,-1.451625473,-0.148648385,-0.049289182,-0.14127801,-0.095412403,0.073675434,0.144674208,-0.044485481,,0.09393538,-0.032204493,-0.19175458,,-0.031275453,-1.242454782,0.085232085,-0.71807666,-0.000782826,0.091272256,0.063057105,0.082301785,,,0.111012056,0.082214324,-0.188532633,,-0.408221318,-1.255057547,-1.571816598,-1.78180891,0.116476271,0.092048096,0.07499466,0.16851647,-1.391345731,-0.058496545,-1.569567185,-0.09311852,,-1.838657431,-0.055707735,,-1.743613723,-1.768304172,-1.970517803,-0.010297264,,-0.722177506,0.07888703,-0.044213016,0.044953454,-1.84470969,0.138189551,0.00723452,,0.082204274,0.043557774,0.08271928,-0.02207958,-0.037162104,0.085257617,-0.055224483,-0.02137939,-1.636358718,-2.231785243,0.060607214,0.046048531,-1.849241145,-1.227235597,-0.009657732,-0.15136085,-1.888066804,0.022744285,,-1.379751106,-1.401928054,0.099483953,0.04371637,-0.054610341,,-0.122413942,0.021843662,,-1.564131908,0.004532773,0.03549622,0.019232179,0.028252739,,-0.179578177,0.063705395,-0.03147267,,0.100781674,,-1.623492158,0.091643583,-2.300907096,-0.242236302,,0.130450821,-0.00788028,0.05508479,-0.192677779,0.077715668,-0.189163059,-0.129529801,0.110123685,-0.666447273,0.097818482,,-0.203976842,-0.305192908,-0.028712711,0.055529488,-1.849838951,-1.969074167,,0.061818488,-1.407606907,-1.382066795,0.055776033,0.081609902,,-1.736359021,-1.585420921,-1.436192173,0.07358282,0.106636485,0.201985953,-0.198975095,-0.65659907,0.145744079,,0.106291912,,0.111060292,0.001852206,-0.021063604,0.088197425,0.196878163,0.036001771,,0.094072517,0.079685929,0.20210811,0.049613163,-0.087177838,-0.228880234,-0.098157775,0.011406073,-0.083185005,-0.071492808,-0.744482635,-0.075572353,-1.087543523,-0.71229163,0.036554132,,-0.934544049,-0.611601448,-0.020213249,,0.275907593,-0.037596167,-0.021153646,-0.205899774,,-0.032355435,,-0.389416324,0.020037534,-0.15743865,,0.015288682,0.006906136,0.072628755,0.043873824,0.0553059,-0.088806259,-0.004335666,0.061000603,0.091811276,0.033446075,0.134477637,0.03045483,0.137941333,0.010349601,0.051314996,0.080546186,0.099442074,0.048817262,0.025928434,0.050160899,0.013794359,,0.042491315,0.085511287,-0.015622406,0.050747986,0.031172494,0.121183735,0.048046072,-0.622128127,0.053500528,-0.133733512,-0.083914021,-0.066580981,0.069380798,-1.279441353,-1.051911648,-0.014186149,0.061815959,-0.126725414,-1.16457687,0.027835091,0.074180093,0.020253066,,0.08813285,-0.009761628,,0.009562381,,-0.016556089
Val,Functional Score ,Replica 1,-1.297355117,-0.918685373,-0.007808508,-0.094635053,,-0.251897503,-0.20885653,-0.036956347,-0.365420781,-0.289334384,0.031223931,-0.715542129,-0.144553252,-0.826766683,-1.651402069,0.081941757,-1.07481898,0.1420005,0.101735222,0.058072946,0.086113632,0.092255175,0.063999309,0.143934427,-0.070941267,-0.022846423,0.061877977,0.065792155,-1.593718996,-0.44710164,-1.62170322,0.051883452,0.029877578,0.121581146,0.119740084,-1.671661264,-1.828139288,-1.580542974,0.005027311,-0.051137572,-1.502850762,-0.506990798,0.019056903,-1.316682825,-1.374239077,-0.029211082,0.045712813,0.004193697,-0.070305361,0.055769589,,0.022472596,-0.067626323,-0.068986102,-0.006099651,0.027552166,0.029512402,-0.03077794,-0.002782543,0.149373256,0.171642968,0.216417488,,-0.081303097,0.021517205,-1.268169651,0.074515936,-0.028209183,-1.678097368,0.007778993,-0.035919157,-0.145121316,-0.593472152,0.11237488,-0.201470003,,-0.377044396,-0.15834007,0.064285529,-0.116292198,0.081398425,-0.151099129,-0.027767553,-0.02707456,-0.734555392,0.043656434,0.01196152,-0.11388396,-0.145737512,0.031542422,0.005374225,0.046503464,0.069430516,0.069231844,0.103612073,-0.0235267,-2.02041825,0.133145633,-1.954815951,-0.28925803,0.048968199,0.129800173,0.073682905,-0.205329415,-0.026221274,0.014855548,-0.007377037,-0.368397126,0.200075154,-0.240999816,0.067261114,-0.23497148,-0.100051114,-1.086233845,0.133875627,,-1.362026671,-1.174053652,0.136647495,-0.025030636,-1.437673892,-0.207903298,,0.102205454,0.039448114,-1.2777429,-1.940053775,-1.298312319,0.030154347,0.083696603,0.108236597,,-0.046427998,0.129943371,0.090373515,0.041566552,0.187103921,0.063643692,0.043201703,-0.031559959,0.130744993,0.12306184,-0.041568421,-0.003952693,0.09061439,0.004088589,0.009514256,0.109605648,0.05224061,-0.043253503,-0.21020673,0.081030112,-0.011138877,-0.066243208,-1.013010756,-0.055131737,-1.477636846,-0.898104043,0.002340408,0.127676685,-0.477981303,-0.390840216,0.004831921,0.048250847,-0.664445589,-0.063595342,-0.014585783,-0.268350107,0.0183411,0.066356054,-0.003579314,-0.039511515,0.077617082,-0.249642803,0.048600685,,,0.054757735,,0.106483948,-0.078359231,0.027162616,0.046218066,-0.022411813,0.071663361,0.062982808,0.079938357,0.144706246,-0.013994896,-0.022599347,0.059721082,0.054463194,0.093885177,,-0.040114977,0.03581702,0.086723273,0.114877066,0.064424966,0.004482748,,,0.144793253,0.036046727,-1.254304247,-0.00353745,-0.1075439,0.052144642,-0.052192451,-0.012549967,-0.433040088,-0.24429345,0.003890233,0.053698249,0.049322568,-0.450442599,0.013786928,-0.089438865,0.034304157,0.058454083,0.059051438,0.040657862,0.069669247,0.001593933,0.029422484,0.015654819
Ala,Functional Score ,Replica 1,-1.37721047,-0.722406789,-0.116229172,-0.522295959,-0.120981558,,-0.117536497,-0.142438236,-0.234282797,0.016431883,0.084967072,-0.496906619,-0.133322006,0.051850044,-1.387498336,0.108554817,-1.353601697,-0.076322528,0.152113048,-0.894276611,0.100187835,-0.034450544,0.05509414,0.091360405,0.112446559,,-0.21228271,0.056405357,-1.143057405,-0.240781727,-1.000183199,,0.195954918,0.127793013,0.24165267,-0.20953232,-0.367108633,-1.507288846,-0.071639654,-0.172063659,-1.70644541,-1.969198416,-1.395905963,-1.560365686,-1.368119753,0.105791329,-0.340386966,-0.348690339,-0.085738101,0.004375489,-0.017836663,-1.012684397,,0.07444717,,-0.688528332,-0.086837175,0.098155671,0.009943232,0.116937996,-0.099280111,0.072549467,-0.103081351,0.169156403,-1.045196136,0.007811174,0.002423689,0.107842156,-1.449040235,-0.140591566,-0.002891858,-0.080433557,,0.010236174,-0.245026518,-0.189121995,-0.026090138,-0.056556571,0.070989116,-0.007715501,-0.293810425,,0.181359429,-0.122528418,,0.008899629,0.096832586,0.151936285,0.088906811,0.010740125,-0.008540121,0.0388097,0.108024869,0.108188582,0.264823486,-0.209716393,-0.237684911,0.01965914,-0.560022348,-0.36706013,0.134731082,0.026034604,0.037841585,0.062983381,0.179669403,0.089880027,0.032863211,0.031275746,0.117078284,0.040093112,0.124519167,-0.138597525,,0.16708223,-0.024776553,-0.060354813,-1.376254512,,-0.255521298,0.071318877,0.103025548,0.071130739,0.004995649,0.082218143,0.065324049,-1.171618425,0.074666009,-0.789008302,0.142079772,0.11124641,0.046245791,0.096609193,-0.036648285,0.20057125,0.195552471,-0.020412718,0.057660595,0.089726423,-0.023128184,-0.745529497,0.091475907,0.128629091,-0.115456584,-0.755641014,0.064949083,0.103182138,0.073304077,0.139583879,0.096828084,-0.040202818,-0.2565354,0.147749819,-0.064763321,-0.29853446,0.170539706,0.055804485,-1.388747999,0.155889428,-0.077884431,-0.45449073,-0.601213087,-0.818373059,0.013193985,0.073880521,0.285329443,-0.059431524,0.098194231,-0.050382904,0.144128226,0.022024855,-0.103692457,-0.027892621,0.037255137,-0.166888871,0.059422175,0.065514336,0.094928285,-0.020051165,0.124544218,0.067199591,-0.178730124,0.055728245,,0.00783635,0.083961842,0.05007643,0.035495209,0.318101755,0.018812813,0.026937177,0.038687666,-0.009019065,-0.0221681,0.096193262,0.036601428,0.020654557,0.031260038,0.084338589,0.041826789,0.079937368,0.060832804,0.139771987,0.076915518,0.040464435,0.031289518,0.104333804,0.068010567,-0.019053446,0.091233466,0.113770419,,0.071614634,0.050865361,,,,0.041830536,0.156503775,,-0.059531862,0.066224776,0.069788907,0.060829846,0.053810931,0.018586558,-0.007574015
Gly,Functional Score ,Replica 1,-1.816458468,-1.135212865,-0.371762737,-0.671703455,-0.238265478,,-0.129063569,-0.104009044,-2.071882454,-0.264315632,0.137949634,-1.116584168,-1.825711956,,-1.452141481,-0.395507298,-1.713091935,-0.08971175,-0.238873325,-0.457342938,0.05754489,-0.094555496,-1.042055141,0.117931135,0.037306677,-0.177384969,-1.17238524,-1.453156441,-0.833532302,-0.958400242,-0.41734443,-0.072687102,0.070663891,0.057894832,0.127093509,-0.611888259,-0.041647362,-1.342801185,-0.484782293,-1.606639931,-1.231675936,-1.812127618,-2.057610474,,-1.402642952,0.012720203,-1.716598557,-1.369624347,0.041920491,-0.108838925,-0.77201168,-1.783254752,-0.117552449,0.149615756,-0.037089111,-1.943785151,-0.694187999,0.149492586,0.245374834,-0.05539071,0.157568906,0.070364525,0.061975365,-0.053375194,-1.253241522,,0.132196399,-0.664028444,-0.985481111,-0.132270597,-0.374973769,-0.392185704,0.065915639,-0.01597565,-1.893913235,-0.335815836,-0.34078025,,-0.024062443,0.051296635,-1.858395086,-0.098806305,-0.109536102,-1.189752752,0.027891962,0.08179793,0.130976404,-0.880076149,-0.151365595,-1.177675434,,0.031982761,-0.004822682,-0.669563709,0.017705539,-0.560047167,,0.058583368,,-0.487705951,0.115216825,-0.428028518,-0.133557746,,,0.06837776,0.068236921,-0.05980008,0.218387038,0.003927415,-0.032808169,-0.083314431,0.126048877,0.078323919,0.220832608,-1.352369965,-1.169172597,0.022134083,-1.684109178,-1.994137324,,,-1.667480697,-0.261236568,-1.606956919,-1.398952086,-0.17328013,0.071514172,-0.032670499,0.136241875,0.109013206,-1.541552315,0.040408032,0.090436668,-1.377422627,-1.661462827,0.137927248,0.101625202,-0.981266961,-1.273269643,0.073811037,0.173185842,0.007957607,-1.442737216,0.02405133,-0.001567871,-0.239452762,0.000696657,0.063607494,,-0.02870028,-0.013350236,-0.091487901,-0.399726824,0.156999961,-0.047433032,-1.161676032,0.156726377,-0.110216016,-1.543284618,-0.233637394,-0.498028997,-0.104794349,-0.168745954,0.015361997,,-0.026569043,-0.03386992,0.0552251,0.062354525,-0.158999246,-0.067954393,0.010491779,-0.624455653,0.047193228,-0.01322119,-0.013180704,-0.05893595,0.071623091,0.067213824,,-0.053224598,0.069564338,0.076570634,0.118428853,0.114545105,0.011912126,0.199488439,0.078315378,0.28975824,0.084544197,0.05860028,0.005288308,0.128882343,-0.030192781,,0.158441899,0.093863014,0.102314052,0.082570572,0.040956581,0.073762514,,0.027683798,,0.052138053,0.024690265,-0.023715445,0.019668771,0.012167671,0.097991732,-0.097295863,-0.00108384,0.027626852,0.00365221,0.101474935,0.02732641,0.004123313,0.087250917,0.067799174,0.086357725,0.090946825,0.027192955,0.067477885,-0.021296131,-0.017074456
Cys,Functional Score ,Replica 1,-1.391309058,-0.710888429,0.093976176,-0.544925592,0.055635593,,0.178455805,-0.021813136,-1.550181687,-0.392562383,-0.074262165,-0.283807366,-0.078012368,-0.154545472,-0.961335481,0.031749842,-0.973890696,-0.033814687,0.254855305,-0.056424187,0.111493928,-0.391197375,-0.301789373,0.204019316,0.015988006,0.092079442,0.10410065,0.091293199,-0.865915927,-0.061052204,-1.010451689,0.125509495,0.127450622,0.067971672,0.181824292,-0.005147649,0.008450941,-1.881501244,-0.035646082,-0.113093711,-1.490377703,-0.136031387,-1.265127387,-0.856727172,-1.429997957,-0.054635604,0.079992556,-0.057061713,0.048590802,-0.007991363,0.113603944,-0.484325679,0.115316358,0.169503866,0.116771597,0.060688917,-0.007961818,0.12763419,0.011164833,0.102565563,0.165142688,-0.062458713,-0.034693347,0.010056587,-0.128144661,-0.828348799,0.101115888,0.028602127,-1.060679051,-0.159188621,0.036464083,-0.382110616,-0.389370998,0.14876198,0.037463261,0.11486846,-0.033605986,-0.157111462,0.210003295,-0.12929528,0.034106188,-0.090765941,-0.303689344,,-0.196783776,0.02172744,0.148263187,-0.339788313,0.245667755,-0.046129418,-0.3008345,0.120783256,,0.237890189,0.092798472,0.191879186,-0.959300732,0.088130289,-0.467269998,-0.358690386,0.245712497,0.066250974,0.011236567,0.01018405,-0.019811522,0.193704407,-0.021954043,-0.118201805,0.121187659,-0.098848596,0.237999902,-0.623275825,0.057123938,-0.011592531,-0.836191328,0.208498673,-3.163293594,-0.033281644,-0.061398421,0.021258294,-0.615725552,-0.19766243,0.173963023,-0.157560258,-0.003110176,-1.130035126,-0.269979515,0.158216185,0.297318148,-0.066047904,0.146438379,0.157578786,0.200589866,0.046350379,0.142866899,0.141678021,0.003649907,0.154409633,-0.109590833,0.230835158,0.126048877,0.265874146,-0.062456582,-0.109636606,0.115498948,0.096853944,0.127158896,0.233479545,0.040685407,-0.085769578,0.007679011,-0.11004882,-0.079483298,-0.24430611,0.134526654,0.0179743,-1.269436727,-0.151367259,-0.053359292,-0.120053196,-0.122293276,-0.164318031,0.116307432,0.072955991,0.080432502,-0.229309937,-0.047715799,-0.050617315,-0.051291498,0.177363893,-0.25577184,-0.067588825,-0.026142864,-0.064758597,-0.093940199,-0.032427342,0.049119741,0.080224332,0.000645461,-0.023742623,-0.211007357,-0.046502018,-0.043534954,-0.169997788,0.111719014,0.075782392,0.072243271,0.163098703,0.033270917,0.02607484,0.012788424,,0.064926106,0.067996185,0.038132373,0.024651506,0.100294001,0.030247019,0.026320481,0.094200411,0.348612182,0.141227431,-0.014158607,0.064365876,-0.056266733,0.075425585,0.025814315,0.103033288,-0.194100648,-0.079691681,0.007445358,0.119163404,0.012596547,-0.026594982,0.045132866,0.014814722,0.064976756,-0.100640155,0.002475893,0.206116253,0.049713811,-0.11088569,0.356638914,0.048254714,0.032579372,0.095688032
Ser,Functional Score ,Replica 1,-1.788995777,-0.339849661,-0.032055288,-0.098003824,0.114180951,0.073675434,0.112147675,0.072587025,-0.607761539,0.066827021,-0.227276209,-0.064444646,-0.184536497,-0.282465556,-1.812735281,0.090763434,-1.355862777,0.041625703,0.014514748,0.095543373,0.060352661,-0.091960394,-0.75056351,0.127344561,-0.043397014,-0.331843859,-0.713465635,-0.028763941,-1.276510512,-0.071959145,,0.143315502,,,0.160922012,-0.131349482,0.1162238,-1.366545035,-0.143799179,-0.358561685,-1.605309034,-1.444629891,-0.934881564,-1.330429535,-1.651909539,,-1.519447445,-1.329676048,,-0.052340188,0.08181615,-1.417051404,0.054009165,0.052143796,-0.052432642,-1.660447506,-0.139102301,-0.018920999,0.00519363,-0.044883319,-0.121076282,0.037252704,0.168580836,-0.012213246,-1.251247649,-0.426308704,-0.068945426,-0.112084038,,-0.088241855,0.057091908,-0.24674941,-0.183045535,-0.027392248,-1.220938775,-0.287333984,-0.254779218,0.028866263,0.050495354,0.028443835,-0.538338336,0.031286955,0.02699519,-1.189628845,-0.054299995,-0.012355155,0.097753368,-0.557218354,-0.002195728,-0.778400634,-0.241333591,0.100190114,-0.134851002,-0.263874873,-0.200953575,-0.598134897,-0.198037619,-0.007404837,-0.536450249,-0.465934351,-0.028135294,0.053340568,,-0.087075011,-0.043250548,0.031134392,0.035408237,0.049425148,0.180645727,,-0.065702473,-0.287583415,0.020200062,-0.08096557,0.091967349,-0.986131473,-1.92599446,-0.073385494,-1.038222965,-1.472521431,-0.831687419,0.030989516,-0.514653509,-0.178406393,-0.079331415,-1.016356923,,0.128672683,0.080581654,0.023204716,0.019343296,-0.211588005,0.028521105,-0.179487047,-0.163116463,-1.458457568,0.067691887,-0.065264287,-0.456386246,-0.850653213,0.088132712,0.109985687,-0.014451101,-0.970586501,0.058157138,-0.044576608,0.279719403,,-0.023424167,-0.051905749,-0.099361489,0.003139622,-0.089013298,-0.339675098,-0.096876639,0.020971005,-1.30604456,0.011362063,0.006868903,-0.860243352,-0.353842065,-1.090917989,-0.110044546,-0.019330568,0.0380976,-0.003396902,-0.077052548,-0.037705755,-0.032545648,-0.032041588,-0.143939796,-0.034439976,-0.012835957,-0.117018294,0.082077559,0.018440222,0.044569492,0.142945752,0.159463074,-0.064332988,-0.111199246,-0.078103387,0.059312467,0.013015238,0.06833591,0.097113345,0.035509213,0.310021277,0.054978276,-0.006169326,0.053838927,0.031336181,0.007519346,0.049665739,,0.05295909,0.045908243,,0.057231512,0.126015107,0.112717899,-0.000241229,0.061377691,0.097767531,0.081157418,,,-0.01559832,-0.026778585,-0.04816174,0.092535167,0.083537596,-0.043205645,0.061123567,0.08501582,0.087773272,0.000258757,-0.020866455,0.039976376,0.051817215,0.02969556,0.015487147,0.04235961,0.049085423,0.007017444,0.007874503
Thr,Functional Score ,Replica 1,-0.889508091,-0.14711022,-0.081710388,-0.09807038,0.112193706,-0.43663724,-0.068710955,0.007325915,0.125844107,0.268881075,0.101112368,-0.438889601,-0.005366511,-0.072056492,-1.364931622,,-1.653475271,0.151654473,0.151370467,0.062978145,0.03794444,0.138773015,-0.940076285,0.122730573,0.020563092,-0.153243676,0.063207477,,-0.612356379,-0.737277438,-0.296604028,0.006891469,-0.12913032,0.06028315,0.176068323,0.016330525,-1.235769573,-1.631632142,-0.009632718,-0.509169517,-1.80584922,-0.465114011,-1.331808218,-1.823128838,-2.010435016,0.005038825,-0.442635556,-0.342662548,0.060082246,-0.137855836,0.12059999,-0.038698105,0.011277162,0.146132156,0.051129281,-0.13256024,0.041571894,0.143317635,0.13402301,0.062278497,-0.085040055,0.134914774,0.101230161,0.223134306,-1.307604935,-1.993815557,0.005306253,-0.083903661,0.085142621,-0.091308419,-0.139895741,-0.033266339,-0.412297989,,-1.092928563,-0.235398831,-0.05130283,0.019384204,-0.020850184,,-0.203427273,-0.005105601,0.03896533,-0.116255879,-0.539683078,-0.050478407,0.047374288,0.035879942,0.061628467,0.125715318,-0.035632364,0.058485735,0.184773102,0.040925847,0.054893219,-0.26710244,-1.52448077,0.121858903,-1.14066006,-0.252605013,0.103476596,-0.123014562,0.12125837,-0.332215231,-0.085635974,-0.083520026,-0.033372901,-0.033964497,0.209312956,0.059023423,0.145456471,-0.114994298,-0.099535468,-0.326983758,,0.038539276,-1.981466764,-0.74094326,-0.040264021,-0.299062027,-1.127025921,0.03650818,0.071744138,0.093579402,0.137907658,-1.130351654,0.127234274,0.141554009,0.167847643,0.216310015,,0.063690309,0.135205722,0.076155881,0.095920166,-0.112821816,-0.044778674,0.089822229,-0.207123556,-0.136541365,0.123324451,,-0.078269982,-0.514112858,0.043083076,0.179699875,0.030834727,0.058384289,0.035867727,-0.305631456,0.047279537,-0.043806016,-0.002384012,-0.165494539,-0.512408979,-0.059353828,-1.26703135,,0.002159454,-0.586138996,-0.343867082,-0.765558918,-0.038558053,0.057943376,-0.104224187,-0.114407539,-0.054213885,0.02607484,0.011487197,0.040111119,-0.00611699,-0.067647796,,-0.176664446,0.021362463,-0.121882827,0.128776829,0.012407102,0.035860265,0.085919858,-0.122760757,-0.065823767,0.083145419,-0.107039857,0.096771393,0.13506207,0.023683374,0.197174764,,0.001305723,0.017966423,0.043373235,0.037169714,0.053155892,0.087824927,0.067023688,-0.012969298,0.054772619,0.094739683,0.019222391,0.025231754,0.067065192,0.019301505,,-0.517002212,0.004331149,-0.011727813,0.014405281,0.018749065,0.089242685,0.096739509,0.034137035,0.01593621,0.066591411,0.10727634,-0.206892456,-0.021508305,0.090290893,0.018280992,0.085549995,0.096669091,0.110355493,0.010232555,0.074630041,0.031871534,0.007635401
Gln,Functional Score ,Replica 1,-1.890727687,-0.957057441,0.073188056,0.01466705,0.053311476,,-0.30201289,0.01805215,-1.228368085,,-0.145523499,-0.356741123,-0.701292037,0.031208711,-1.474450137,-0.193398049,-1.908741707,-0.038106989,-0.026449022,,0.00519432,-0.086945525,-0.856623522,,,-1.976412206,-1.775450096,-0.023043358,-0.920876462,-0.609101752,-1.802391724,0.037384873,0.055165443,0.144641806,0.177281496,-0.124627104,0.032698216,-0.146603365,-0.08807573,-0.031330627,-1.272624305,-1.952833797,-2.105184105,-1.444225961,-1.913699557,-1.897909631,-1.756458903,-1.037828056,-0.146073392,0.068581494,-0.988624279,-1.903703014,-1.586296664,0.106332262,0.100678231,-1.850948394,-0.1448557,0.100019559,0.103451146,0.048958322,0.199523605,0.046785951,0.052921319,0.012055574,0.027021037,-1.851419429,0.09885898,-0.187751145,-2.456119517,-0.095530223,-0.591006762,-0.116020647,-0.109750285,-0.009989246,-0.498829314,-1.149820389,0.11128066,0.152800904,-0.078379705,0.045337166,-0.954941123,0.175745673,0.089909184,0.119328519,-1.088862426,0.037618496,-0.025851275,-0.110389881,0.08032174,-1.329836691,0.138369135,-0.114666478,-0.077045097,-0.195396794,0.093849397,-0.26493746,-1.658365776,0.073225337,-1.314193234,-0.281722464,0.088603651,0.160988224,0.193569921,0.068999527,-0.074156532,0.008666332,0.047942724,0.04921022,-0.21541268,-0.193006791,-0.157963629,-0.086229677,-0.058856425,-0.088842875,-0.155479849,-0.524616447,-1.80241843,-2.307182742,-1.807445285,-1.989889553,-1.504758369,-0.925752151,-1.644612037,-0.524543968,0.019865019,-1.462473931,-0.677718097,-0.231100688,0.110119853,,-0.034758837,-1.535626402,-0.047486555,0.272694964,-0.120332234,-1.65231854,0.106053253,0.096119585,-0.308104951,-1.051212575,,0.100791314,0.073051279,-1.307475681,0.112884582,0.007263185,-0.259506194,0.032287196,-0.106419127,-0.140550817,-0.066049189,-0.017279819,,-0.16407312,-0.983833449,-0.136684428,-1.25860105,0.018284595,-0.026518999,-1.374585185,,0.02607484,-0.143856111,-0.179712959,,-0.058702659,-0.013246533,-0.07642175,-0.054909839,-0.06305019,-0.051705976,-0.099442057,-0.000322706,-0.237650114,-0.040590734,-0.131791599,0.088367941,,0.03111344,0.083882725,-0.123258235,-0.000779082,0.020646088,0.00081041,0.041587006,,0.13657091,0.166871316,0.032346349,-0.093883819,0.008358718,-0.053016406,,0.005753262,0.045185107,0.083788304,0.020753813,0.045085458,0.165573309,-0.232786678,-0.031868065,-0.00282942,-0.017515332,0.067915723,0.075696022,0.088252556,0.11604282,-0.356204769,0.092346564,-0.030276591,-1.389109895,0.171974929,,-0.031409457,-1.174416508,-1.804111825,-0.027824857,,-0.050409847,0.005307801,0.106517302,-0.017784281,0.05032274,0.031965771,0.007167664,0.033404878
Asn,Functional Score ,Replica 1,-1.626533643,,-0.066375025,-0.075733589,0.070433878,-0.233290342,,0.188429028,-1.234533147,0.091340563,-0.423623129,-0.077079492,-1.570015591,-0.075503411,-1.329033412,-0.016148875,-2.010978542,,-0.10397134,0.022143117,0.082100081,0.110312137,-1.537878562,0.061871407,-0.017025532,-1.277983071,-1.457231165,-0.195169879,-0.989695173,-1.693231196,-0.880567076,-0.107420779,0.107283471,0.071991304,0.026261581,-0.047276916,,-1.097110821,-0.067211794,-1.479064336,-1.843725034,-0.374681506,-1.977543642,-1.845857417,-0.897461463,-1.662468821,-1.04524556,-1.334608978,0.062484405,-0.380292663,-1.194766322,-0.765444611,-0.57258822,,-0.146191185,-1.268015495,-0.006960737,-0.038732264,0.015048533,0.033029747,0.120151221,0.195666013,0.244538665,0.01957971,-1.819782732,-1.591315279,0.060102627,-1.023065888,-1.211291507,-0.091273745,-0.192293746,-0.175121959,-1.885365959,-0.037751798,-1.941180986,-0.232050494,0.150362753,-0.227714359,,-0.161036566,-0.737222169,-0.086559215,0.115130377,-1.852438335,-0.457312557,-0.047292358,0.287847827,0.339418989,0.017776804,-2.003385852,-0.039752409,-0.032383258,0.086043162,-0.274302366,0.204112458,-1.27853087,-1.152819715,0.152242412,-0.689174955,-0.608017344,0.128445153,0.01748801,-0.053508299,-0.32063752,-0.239288109,0.161601096,0.096160654,0.148654851,0.013636329,0.107812285,-0.056124915,0.103500782,-0.086904282,0.020601207,-0.74455275,-1.785891112,-1.809081759,-1.665594292,-1.949853431,-1.467955481,-1.483105703,-1.288166905,-1.659754266,-1.7891565,-0.979896885,-0.916753286,-0.524804337,0.143787517,0.000457003,-0.021625433,0.137545375,-2.105791569,-0.009157542,0.01917488,-0.304261157,-1.203961456,0.07102384,,-0.818562149,-0.806450029,0.102665972,0.088513582,-0.053380228,-1.225712691,-0.063310584,-0.040416591,-0.513388685,-0.036702426,-0.163813098,-0.032966481,-0.049079649,0.01484246,-0.062089747,-0.366833287,0.047544781,0.087532601,-1.458867726,0.022239985,-0.105742234,-1.022130448,-0.012605191,-0.834745984,-0.044073455,0.209877541,1.020831784,-0.12941055,-0.238467472,-0.1635601,0.026356301,0.113962358,-0.14875776,-0.35943618,0.055783385,-0.079538761,-0.056647405,0.015734006,-0.008588124,0.048640668,0.171490187,0.003382653,-0.120372061,-0.060319055,-0.096462694,-0.108904831,0.041110926,0.157558235,0.035516396,0.259169218,0.027672981,0.182131869,-0.164771642,0.085258046,-0.007906138,0.101967606,-0.118361687,0.082621176,0.02721747,-0.077512807,0.142945752,0.09023618,-0.070089091,-0.004700558,0.078419375,0.102224119,0.043914085,0.055208117,0.004954854,0.000777448,-0.005494685,-0.175192515,-1.525562799,0.102535851,0.005990011,-0.194547781,-1.521794493,-1.056053641,0.024442152,-0.02847272,-0.936436051,0.130664527,0.034905531,0.024180767,0.100359817,0.001843828,-0.025086678,0.082846276
Asp,Functional Score ,Replica 1,-1.750374289,-0.19416766,-0.23972387,0.121678158,-0.208727946,,0.005094579,0.02293493,-2.229040209,-0.749264054,0.124350744,-0.645790951,-1.590121611,-0.118514604,-1.263574034,-0.155835403,-1.833310724,0.010677959,0.029908216,0.060860021,0.152711297,-0.156726438,-2.016027868,0.084878234,0.139769577,-1.587025101,-2.027934183,-1.332972525,-1.497645115,-2.114961526,-2.044450562,0.072057126,0.204433742,0.161711925,0.102547405,-0.230018004,-0.909214524,0.030723781,-1.150549657,-1.858082456,-1.030008517,-2.037802664,-3.35202178,-1.17833967,,-1.951044734,-2.288909845,-2.009487584,0.023856911,-1.425991585,-1.16568469,-1.885365959,-0.753505885,0.095219565,0.143660066,-1.643380746,-0.60545655,-0.000982002,-0.012127047,-0.479431293,-0.03647493,0.207583519,0.074246123,,-0.378107231,-0.613810391,,-2.063045133,-2.061796113,-0.620758817,-0.997072645,-1.913948276,-1.024181099,-0.189737732,-1.776221489,-0.326758502,-0.502409523,-0.474744307,-0.210663155,-0.178347834,-1.605512103,-0.20973703,0.077070542,-1.497671822,-1.960226957,-0.063322621,0.04156886,-1.935284535,0.140013118,-1.819268174,-0.325924008,0.106365368,0.076478083,-1.493617026,0.028188472,-1.906155445,-2.027412868,0.044700646,-1.885505213,-0.58493924,-0.101152447,-0.24079379,0.134280314,-0.228638099,-0.038337235,0.105726392,0.049692591,-0.953348535,0.117339923,0.088253894,-1.596235032,-0.504951432,-0.610708141,,-0.638157821,-0.972711518,-1.086993139,-1.899697416,-1.280721182,-2.206467912,-0.7419107,-0.855145062,-1.234275586,-1.861707167,-1.174955338,,-1.591236803,,-0.417554403,0.071668813,-0.1880176,-1.365518635,-0.15613967,0.091878525,-1.895736861,-1.917372946,-0.04649443,0.060660206,-1.777175202,-1.179110338,0.122404021,-0.068458035,0.114708322,-2.114901383,,-0.015727158,-0.20450226,0.051051355,0.017579336,0.01715651,,-0.006529178,-0.085737873,-0.658801777,,0.017598235,-1.640160973,-0.858185138,-0.357700566,-1.107955074,-0.840009805,-0.437947002,-0.044267546,-0.660830653,-1.388102368,-0.060208697,-0.021515417,0.0002035,-0.054970041,-0.048372067,-1.27184192,-1.224537424,-0.001458606,-1.050313506,-0.00355206,-0.053212995,0.069454913,0.050527073,0.107168679,0.053074644,-0.054189665,-0.150646288,-0.150124198,0.047312119,,0.004408457,0.007504979,-0.172986022,0.003259379,-0.033530352,0.105119751,-0.961387954,-0.062628469,0.002661703,-0.034271013,0.055909364,0.048295473,0.071041985,0.037795311,0.128143071,-0.0137609,0.062263965,-0.063077933,-0.092598217,0.016870904,0.104252828,-0.131440594,-1.739264435,-1.248596057,0.17885886,-1.25601096,-0.007089228,-0.24966455,0.103795486,-0.523787395,-0.962090791,-0.070604717,0.0962007,-1.267228101,-1.005399632,0.067730459,-0.018923937,-0.033222675,0.049014942,-0.048864699,0.046751431
Glu,Functional Score ,Replica 1,-2.081660604,-0.520082235,-0.079908484,-0.018619292,0.147592332,,0.241652173,0.259816931,-2.224553656,-0.146830918,-0.124197453,-0.212848522,-1.638226893,0.040898929,-1.850521778,0.011154101,-2.259211678,0.138942165,0.060607065,0.006089959,,-0.394909045,-1.173160222,0.085477369,0.08001847,-1.309522943,-1.86342723,-0.524554598,-1.720352579,-1.959136662,-2.091685983,0.228059508,0.068630134,0.224200771,0.038994648,-1.616799711,-1.483965418,,-0.413097207,-0.549713805,,-1.899320395,-1.954081771,-1.988795944,-1.466627028,-1.787542602,-2.081660604,-1.838369396,0.000701168,-0.905569345,-1.524750273,-2.066353487,-1.918682824,-1.010645452,-0.003798289,-1.317510524,-0.842348222,0.033508389,-0.020501759,0.223636561,0.13582334,-0.412482874,0.11726588,-0.06709797,,-1.064990539,-0.095978825,-0.974339405,-2.200984316,-0.392499127,-0.769432708,-0.155661337,-1.813566666,-0.121331267,-1.764698369,-0.261175275,-0.32772575,0.029347209,0.167365776,-0.044671138,-1.866916159,-0.573159358,,-1.870189751,-1.336002401,0.093015538,,-1.312035245,,-2.119012821,0.228472989,,0.034883033,-0.559751556,-0.446997107,-1.528603753,-1.534511815,0.20429795,-1.922726486,,0.019574567,-0.204132537,0.089997086,0.029157809,0.009279034,0.051166919,0.149643325,-0.160467124,,-0.996248638,-0.681330072,-0.422298683,0.104572634,-0.672699135,-1.118910647,-1.72105926,,-0.734989526,-2.011005249,-2.08768335,-2.028614194,-1.529825138,-1.490955794,-1.424332501,0.234900623,-0.240272944,-1.530713948,-0.052862172,0.135938363,-0.095799872,-0.042057679,-1.96469275,,0.110987382,-1.120627228,-1.512299703,0.212903287,0.12735962,-1.058360881,-1.5529496,0.153085916,0.255060348,0.026054717,-0.960552637,0.194998099,,-0.003826665,0.132969849,-0.079216361,-0.269241043,0.057911152,-0.013117797,-0.023179002,-0.446354011,-0.091084519,-0.060196511,-0.860054915,-1.333169533,-0.135084254,-1.491992754,-1.253693468,,0.014626546,0.109565209,-0.80473182,-0.015578211,-0.04737824,-0.306226496,0.023335882,-0.068078905,-0.354340824,-1.565813856,-0.067969987,-1.092505152,0.112994743,-0.15359088,0.112166486,0.210442291,0.039183314,0.102271232,-0.136867584,,-0.146688476,0.189744459,0.058237444,-0.053482582,,0.382443955,0.225021167,-0.215941205,0.037651732,-0.266029374,0.043004417,-0.165436778,-0.049757827,0.03280421,0.005310038,-0.056431864,,0.072821089,0.011496019,0.032616247,0.050030976,0.035448466,0.075401314,-0.016930807,-0.169275002,-1.132011997,-1.493557696,-0.015037746,-1.426222831,,-0.107235955,0.000908952,-1.250443006,-1.360692991,,0.143087424,-0.561787557,0.029221915,0.01996429,0.103128925,0.008184954,,-0.097911799,
His,Functional Score ,Replica 1,-1.850521778,0.059204311,-0.042753432,0.028912231,0.006187906,,0.102399585,0.065670404,-0.995995922,0.010580713,0.072412949,-0.346514727,-1.632697926,0.028014765,-0.022990738,0.171287563,-1.303393557,-0.137065084,,-0.000948533,-0.061038755,0.100976433,-1.350913683,0.114650766,-0.082702804,-1.577716613,-1.731782041,-0.61310957,,-0.315184917,-1.747280643,0.230147925,0.166458739,0.205301286,0.183580656,,-0.087969652,-1.492309535,-0.945501566,-0.057559651,-1.663517209,0.059626948,-2.010978542,-1.847953248,-1.651002773,-1.640011667,-1.018668714,-0.786159743,-0.394587037,0.031718982,-1.160686077,-1.354571105,-1.859189656,0.026819057,0.155041113,-1.486928001,-0.141306857,,-0.120006533,0.102056526,-0.438377872,-0.018020139,0.022578291,0.078602169,-1.719368382,-1.18724212,0.001641907,-0.439864488,-0.956182334,0.146690972,-0.202530978,-0.326888719,-2.039025301,0.06955954,-0.768127488,-0.364385568,-0.744041932,0.525844438,-0.046894635,-0.093812579,-0.382134573,0.157884906,0.0319033,-0.691225818,-1.22852756,-0.237363847,0.033476199,0.085904764,-0.08597539,-1.159543806,0.100521415,0.067347303,0.024257196,-0.755922766,0.02719173,-0.715037861,-1.037609643,0.069325594,-1.652684603,-0.353776487,0.086253222,0.097517906,-0.039090196,0.003736673,-0.195128088,0.115456847,0.046362021,-0.472886537,0.097987669,-0.029509991,-0.074882175,-0.034589761,-0.17940968,-1.177606084,-0.05128797,-1.209528956,-1.776521587,-1.880623753,-2.091661181,-1.332006326,-1.932518319,-1.608353138,-1.633213482,-0.079432793,-0.265939812,-1.552403232,-1.194307601,0.161701621,0.258994932,0.119328519,-0.166416049,-1.790807811,0.087001987,0.055142244,0.172413931,-1.987603253,0.051606576,0.075494369,0.083456436,-0.457650233,0.003407686,0.026069176,0.042144581,-1.083320036,0.08568958,0.120802669,-0.188972513,0.033278747,0.050303736,0.121552417,-0.025660839,-0.02247839,0.065607863,-0.556958463,0.100682334,-0.033782891,-1.330943556,-1.652611458,-0.105967063,-1.627137674,-0.252281549,-0.230887529,-0.102933318,0.029518223,-0.340953704,-0.084744827,-0.069080072,,0.03184628,0.064180338,0.008600866,-0.37781872,0.069587681,-0.133332536,0.070630763,0.176651513,0.099007137,-0.09465527,0.070959071,0.063624373,-0.185146526,-0.183830059,-0.17533275,,-0.044093781,0.069289123,0.167720793,0.094761749,-0.043305132,0.020554073,,-0.509588837,0.059394304,0.052287721,0.078960601,0.075135428,0.046072658,0.06963971,0.00619485,0.018416685,0.121531676,-0.017197137,-0.046816895,0.069852989,0.114807402,0.097522234,-0.058811032,0.035044009,0.214126168,0.110520326,-1.385875883,0.094990981,-0.020526191,0.049550601,-1.402512762,-1.365183584,-0.020089866,-0.222072179,-0.107427845,0.054062497,0.035522101,0.049875408,0.216219704,0.058524168,0.027353158,0.066000131
Arg,Functional Score ,Replica 1,-1.748896975,-0.991568238,-0.043865423,-0.239171479,0.042420021,,0.142548035,,-1.301180691,-0.06930923,,-0.234693474,-1.488444788,-0.044576245,-0.668455732,0.131854133,-1.843816837,0.145574259,0.046535691,0.133316583,0.046708087,0.096164368,-0.902270438,0.077961177,0.121346924,-1.562961818,-1.145117723,-0.276621357,-0.422690571,,-1.038556411,0.055471363,0.052626456,0.082844972,0.06538599,-0.889963942,-1.419426689,-1.887180246,,-1.677792758,-1.988561095,-1.916155623,-1.598422424,-1.427407863,-1.706573928,-1.93411069,-1.882377682,-1.623488087,-1.336255636,-1.489339871,-1.844009134,-1.572560312,-1.749640683,-0.00140131,-0.008157522,-1.691455746,-1.023921573,-0.006178963,,0.049991675,0.159981704,,-0.000282182,-0.04521329,-1.594204518,-1.801891816,0.157185337,-1.540438779,-1.293239901,,-0.146368219,,-1.662050616,0.087278924,-1.60807381,-2.007127594,,0.17700677,0.16031065,-0.021579485,-0.85896412,-0.105701641,0.046937343,-0.519643555,-1.669970092,,0.018060072,0.382968572,-0.005774533,-1.405240513,-0.084017893,0.097121623,-0.167057659,-1.581454515,,-0.697728386,-1.413433396,-0.025131029,-1.578523458,-0.747365969,-0.11909531,-0.070678811,-0.244614507,0.014657936,-0.415765587,-0.001629848,,,0.175007654,-0.009022577,0.161917957,0.040086571,-0.013239772,0.005275256,-1.6382362,-1.871041048,-1.986702715,-1.569130605,-1.514890905,-1.307735264,-1.644505972,-1.657227818,-1.53950341,-0.004576742,-0.179786876,-2.024546705,-0.321781561,-0.351374474,-0.40177375,0.070736259,0.224422187,-1.507056485,-0.048671641,0.147143325,0.265649003,-1.85274366,0.104507719,0.063022676,-0.542454216,-1.512444506,-0.062758885,0.129459173,,-1.433103441,0.133281555,0.083983635,-0.159746901,-0.008635154,-0.102670935,-0.237211654,0.040482882,0.004969925,-0.00462141,-0.014424205,-1.563090171,0.025027611,-1.223318569,-1.352979825,,-1.587599386,-0.817286429,-1.309182417,-0.168245046,0.123986929,-0.517117192,-0.135951586,,-0.016299433,0.03936456,0.085116772,-0.025969536,-1.223334391,0.079881775,-0.305945688,0.080270399,0.11500082,-0.119073429,0.080079076,0.093788738,,-0.135820107,0.064102669,0.179679178,0.146861229,0.070039681,0.422472292,0.058211271,0.374802415,-0.005795424,-0.409154254,0.072776766,-0.726161634,0.044608817,0.048304998,0.059826179,0.075454807,0.001985687,0.043126759,0.042383095,0.142791342,-0.030551212,0.070160318,0.053885364,0.062390851,0.097949404,0.027670703,0.030871438,,,-0.005616521,-1.3468629,-0.937966833,-0.015877339,0.099617837,-1.406929542,-1.481906478,0.07814367,-0.056961881,-0.566930342,0.058621988,0.050793932,0.069748853,0.055712627,-0.066888283,0.010802048,0.002022774
K,Functional Score ,Replica 1,-1.040267919,-0.697760613,-0.160434316,0.075620567,0.055545581,,0.097443798,0.205323078,-1.169209398,-0.160576245,0.039294121,,-1.576960749,0.040573205,-0.93403479,-0.00603641,-1.949348269,-0.39026609,0.063858603,-0.087105073,-0.017182378,0.178585801,-1.556018576,0.069440533,0.065852878,-1.753715746,-1.837061279,-0.878308062,-1.985646968,-0.077258297,-1.90244116,0.085994244,0.090565983,0.202720294,,-0.595279556,-0.789957061,-1.242305384,0.0290556,-1.033225151,-0.702694354,-2.101785956,-2.289936546,-1.213979476,-1.940491265,-2.107214708,-2.20278637,-1.893840266,-1.875714573,-1.372367973,-1.754750089,-1.60828329,-1.600807472,0.013549688,0.030750412,-1.57232054,-1.733941583,0.042820051,-0.434134515,0.042721668,0.118045531,-0.021333322,0.16413769,0.054514548,-1.359563621,-2.123177037,-0.218401547,-0.70480028,-2.145210027,0.088561984,-0.119741225,0.058411117,-1.532366329,0.04057031,-2.06069059,-1.800816112,0.199377336,0.232032799,0.10327886,-0.121949397,-1.366392907,-0.071485997,-0.037394961,0.036493045,-2.093979484,0.119009888,-0.149688629,-0.032168068,-0.038733824,-2.193727087,-0.123318257,0.027154151,0.094226559,-1.723477724,0.028916635,-0.558914484,-2.013255485,-0.000471256,-2.078298504,-0.821614912,0.043668471,,-0.124254536,0.114660434,-0.494822427,0.067569501,0.016300975,-0.015955357,0.037303679,0.08288401,-0.016206443,-0.3861616,-0.136737943,-1.60494735,-2.258789733,-1.620843857,-2.201414877,-1.268839971,-2.584208501,-2.157133285,-1.126876966,-1.700895596,-1.289643973,-0.438468973,0.31033686,-1.998713075,-0.273041983,-0.282072022,-0.553161503,-0.029618898,0.024285759,-1.855252565,-0.149385507,,0.211017183,-1.58991363,0.445162672,0.111939042,-0.469284748,-1.428227244,-0.076493474,-0.082630301,0.117040948,-1.397856286,0.09625342,-0.061387456,-0.129184402,0.108257048,-0.182531392,-0.504280026,0.015200919,,-0.119637305,,-1.163859646,-0.034481713,,-1.147250203,0.148129112,-1.679698873,-0.66550274,-0.70110602,-0.057174461,-0.094419685,-0.767070071,-0.078560866,-0.008394488,-0.077010941,0.013202508,0.026290585,0.046870459,-1.092663611,0.089269885,-0.144523914,0.133914263,0.266730286,0.088695191,-0.092139992,0.17378213,0.079971956,-0.163955834,-0.073407507,0.060587736,0.224212994,0.042028474,0.144789277,0.009883049,0.201534704,-0.221328014,-1.167965027,-0.002355398,-1.223892503,-0.209035841,-0.08662944,0.062196085,0.058617673,-0.036186906,0.112592855,0.128550549,0.096128501,-0.030324199,0.114391103,0.010618821,0.115654105,0.039484093,0.098157293,0.043816542,0.101873952,0.158952185,,-1.383603572,-0.369078243,-0.142807053,0.096872253,-1.095043609,-1.319504594,-0.050121553,0.0505402,-0.894922783,0.033865084,,,-0.149477926,0.061355549,-0.033240702,0.064698969
STOP,Functional Score ,Replica 1,-1.699729382,-1.387966831,-1.856602159,-1.823348785,-1.363282823,,-1.700680018,-1.81964426,-1.945711811,-0.624731101,-1.577387103,-1.02403072,-1.834711195,-1.676658741,-1.616189187,-1.746291585,-1.348930703,-1.552431922,-1.376752565,-0.883160294,-1.058572766,-1.452326528,-1.021450774,-0.654316353,-0.950838276,-1.607959008,-0.893621012,-0.909542011,-2.342883897,-1.824465129,-2.212835471,-1.941108835,-1.396731515,-1.49871753,-0.892898745,-1.517389173,-1.439140891,-1.507611023,-1.726976194,-0.821589216,-1.471349398,-1.867527949,-1.617984263,-1.408244704,-1.691455746,-1.631171108,-2.139437925,-1.515301215,-1.714380501,-0.809445823,-1.485515433,-1.762450022,-1.397553838,-1.446193138,-1.636345048,-1.659780847,-0.859363271,-1.559928569,-1.506428478,-1.516205809,-1.465211162,-1.428929303,-1.561743449,-1.355135015,-1.46139959,-1.236989179,-1.794101167,-1.547147008,-1.363620118,-1.708871642,-1.677090016,-1.882689251,-1.821091759,-1.868206414,-1.826388099,-1.763789028,-1.86599653,-2.037603018,-2.097610513,-2.105643446,-1.636546336,-1.352780213,-0.95007997,-1.935284535,-1.265038682,-1.866916159,-1.148533113,-2.196641826,-1.255512993,-1.227570051,-1.28285524,-1.13919527,-1.303471414,-1.164964627,-1.418654739,-1.219857561,-1.916064829,-1.579507835,-2.149879764,-1.173268309,-1.756390891,-0.832070808,-1.219354782,-1.936852387,-1.147649278,-1.454443391,-1.282243375,-1.589381912,-1.258127979,-1.24461511,-1.820190733,-1.944525192,-1.763899704,-1.713082126,-1.90186078,-1.857956875,-1.431911374,-1.51507534,-1.378468987,-2.278687012,-1.450634694,-1.666061904,-1.841935727,-1.777418096,-1.835245386,-1.924989002,-1.966908543,-1.085970011,-1.734013494,-0.804303303,-1.899947585,-1.614155064,-0.980004595,-1.076506798,-0.920981137,-1.909206316,-1.909032629,-1.626675582,-1.007807975,-0.954766202,-0.868905991,-2.213477054,-1.579814476,-1.721284695,-1.655099424,-1.14650251,-2.157133285,-1.816977972,-1.305058477,-1.824628818,-1.186354914,-1.115317469,-0.989819098,-0.879972501,-1.60675188,-1.737267078,-1.197696552,-1.478484663,-0.965926877,-1.13396676,-0.780928906,-1.122541996,-0.183092878,-1.154642769,-0.447796301,-1.174884434,-1.317448715,-1.600607626,-1.163483994,-1.088342116,-0.969958973,-1.148068907,-1.38015744,-1.075774643,-1.317661895,-1.705424389,-1.145243904,-0.913470188,-1.2316527,-1.30031288,-1.055943618,-0.762787973,-0.598793444,-0.90580934,-1.371865169,-0.606664442,-0.935016252,-1.324893547,-1.346311064,-1.109051099,-1.190257638,-0.76813407,-0.567008348,-1.124358164,-1.285121161,-1.17508636,-1.433748282,-1.220003789,-0.844777934,-0.957068148,-1.517993205,-1.065165841,-1.129019243,-1.154540361,-1.08871882,-0.809433972,-1.003006119,-1.420491479,-1.37508218,-0.886928635,-1.151038289,-1.156951409,-0.652553069,-1.565813856,-1.10130239,-1.408416171,-0.958084802,-0.154953795,-1.184403001,-0.837582835,-0.843373855,-0.729821358,-0.909514119,0.060184206,0.000791123,0.005404616
Trp,Ratio of Enrichment,Replica 1,0.026262072,0.005516866,1.048625974,0.859487312,1.131345576,,0.968248795,0.137686884,0.007133074,0.047143882,0.412276914,0.005901464,0.355622926,0.239632457,0.885718506,1.31062067,1.597761235,1.736960215,2.169720644,1.566783904,1.794724736,1.350969056,0.338871837,1.271157409,1.224836807,0.024228375,0.014628184,0.038222029,0.007538295,0.01439129,0.028567785,1.256817845,1.269951421,0.875182337,1.215141516,0.010322428,1.117229004,0.037010329,0.026393293,0.081190454,0.04993152,1.712894385,0.010459244,0.007011141,0.009209757,0.016297422,0.005159142,0.016184598,0.077264914,0.964930071,0.011888457,0.011017508,0.028364576,1.199466079,1.279358618,0.003962819,1.134687197,0.66501975,1.322034186,1.252855327,0.891634293,1.346405404,1.388369057,1.245646131,0.011298947,0.013126336,1.538301668,0.739285915,0.008285894,0.585931107,1.13834086,0.01270944,0.013020691,0.851152572,0.037530228,0.016249631,0.706162531,2.356196479,1.075725565,0.118390168,0.204745349,1.049160951,,0.508381309,0.512838351,1.214715558,,,1.83620829,0.073819752,0.805912545,1.732715496,0.126948147,0.048748893,1.181034097,0.07293439,0.036371668,1.28971585,0.034115079,0.119949565,1.376979591,0.87051594,0.519642452,0.623080109,0.181789349,1.350132375,0.954748721,0.053880355,1.070472259,0.128075048,0.037233406,0.836231005,0.468502516,0.009856333,0.015321081,1.180452158,0.009334894,0.001477239,0.022439966,0.252607898,0.012349719,0.104461913,0.022381567,0.789732061,0.561895131,0.014168397,0.06074862,0.007977092,1.625093086,1.678636112,0.333742419,0.012255308,0.891526359,3.197063454,1.536286532,0.003091393,1.496663764,1.163102775,,1.218722317,1.3604829,1.335719659,0.993516165,0.950008908,1.71121113,1.335966489,0.243744463,1.281056966,1.670757503,0.617978387,0.877390543,0.986112062,0.799230314,0.667924803,0.016336593,0.926442191,0.058837597,0.015539686,1.156267732,0.246921107,0.093063512,0.039328834,,0.819163437,0.013329019,0.386909922,0.915652634,0.819163437,0.619575407,1.462358432,1.51263513,0.291033375,1.151023888,1.232505165,1.393956906,0.709941646,2.169017456,1.897968151,0.632100474,0.92465115,1.034521659,0.769426738,0.637127118,1.100846549,0.943618276,1.282055792,1.638259603,0.984651,1.568839892,2.090224053,1.648955322,0.284813931,1.136531808,1.589226901,0.962365342,1.25859231,1.029472427,0.961196713,1.070142176,1.082348477,0.621395584,1.781255198,1.393665481,1.375097842,0.913080264,0.879220926,0.746511261,0.185263914,0.298039856,0.81436152,0.031021171,0.103990863,1.036836496,0.947368745,0.186693062,0.023456421,1.428267152,0.181596618,1.089397635,1.144339426,1.082196934,1.111849284,1.132291865,1.134444261,1.158622933,2.619300373
Phe,Ratio of Enrichment,Replica 1,0.017881749,0.900626442,0.943284164,1.133231646,1.07081239,0.502356437,0.956270203,1.440688585,0.814351234,0.459758267,0.638013872,1.602533939,0.889584985,0.501804856,1.010840532,1.261090689,,1.572171749,1.021424003,1.085758678,1.110514251,1.401295774,0.88878807,1.315284884,0.973470024,0.162431305,0.625631932,0.037568661,0.022585352,0.016590721,0.015496289,1.407909138,1.285055296,1.203430046,1.181082804,0.073477998,0.56201222,0.012492683,0.017647634,1.127500781,0.014345531,,0.348161962,0.082179773,0.016476549,0.067924924,0.063337939,0.910371026,0.009788218,1.129440956,0.2953751,0.913504287,0.014263368,0.909536259,1.016001575,0.137702124,1.365985028,1.238156429,1.07558553,,0.952439454,1.150561314,1.446210463,1.083184453,0.016021968,0.031573049,1.216539579,0.842160825,0.070836705,0.783531708,1.044660076,0.072516697,0.016549334,1.273922088,0.533848342,0.091647918,0.565823354,0.697131026,1.270938704,0.681059091,0.005042989,1.98612424,1.797209176,,0.65373515,1.26242822,1.516827056,,1.063752153,0.994107166,1.018398998,1.140724088,1.173064817,0.732506207,2.089283187,0.919238553,0.006032854,1.133903615,0.026736059,0.334285023,1.050077499,1.172184912,0.735854138,1.468342054,0.327284083,,1.387837468,0.13654249,1.337458899,0.601484903,0.919882951,0.552323313,0.4087773,0.008723486,0.595403142,0.937576329,0.006376437,0.022352112,0.686079548,0.947186429,0.003875435,0.317933009,0.472378084,,0.609459048,0.023139576,0.023377722,0.015307623,1.346500984,1.040372709,0.735472424,0.031897424,0.701927697,1.455451257,1.169223441,0.082070921,1.089704699,1.134717005,1.217123992,0.868333757,1.059091999,1.392282204,0.800918327,1.007445926,1.287869682,0.906358768,0.729393809,1.064612914,1.179075914,0.728893443,0.999636374,0.838598448,0.895208014,0.235891355,0.02802612,0.958305513,0.011971073,0.035940504,0.868427392,0.95767469,0.19744834,0.173191996,0.643166237,1.200295923,1.460887432,0.836209077,0.980458649,0.717366119,0.971748849,0.843705968,0.682488919,0.248524762,0.978855566,1.172758572,1.05255985,0.927036812,0.8901,0.947348956,1.173955793,1.103700207,0.435041653,0.832354475,1.1486557,1.040959295,1.047138955,1.765069795,1.133259383,,0.763523732,0.96880136,1.022829397,0.738856072,1.30530749,1.464010044,1.217821746,1.135911614,1.064858437,0.946037235,1.144282712,1.155204192,1.88959923,1.217275388,1.11899959,1.117672943,0.803334192,1.077626043,0.897259848,0.283547029,0.827160408,1.167913153,0.031517615,0.980830557,1.130940891,1.117087309,0.180007402,0.14834283,1.067697042,0.938563604,0.882530148,0.697623946,1.076308784,1.120989064,1.841238918,0.901580367,0.95835142,0.647779191
Tyr,Ratio of Enrichment,Replica 1,0.005266146,0.515032014,0.87453956,1.239993738,1.017512328,,1.029614991,0.485539149,0.00561189,1.179206064,1.170102661,0.057592469,0.046220369,0.305424838,,1.541321733,1.316209877,0.760078051,1.306011562,1.247224397,1.205303845,1.052511183,0.536244788,1.381362797,1.211817528,0.010937381,0.203154159,0.019086802,0.090434158,0.011105003,0.007011141,1.287214535,1.053597742,1.0510432,1.516062607,0.204082203,0.354186694,0.026310995,0.011645422,1.338281389,0.012073732,1.327855201,0.057740971,0.074318099,0.065694634,0.025308821,0.024496555,0.026642338,0.086686062,,0.02188326,0.018034006,0.016629197,0.96380819,1.529309633,0.032840241,,1.047101323,1.298058013,0.965226368,1.873119443,1.264728797,1.289301264,1.018192589,0.012094459,0.023630143,0.950630193,0.270669559,0.010127204,0.541681928,0.806744813,0.027704819,0.010336013,1.276399764,0.183610617,0.187836642,1.337622055,0.436846873,1.032484032,0.610730509,0.003834183,1.668059936,0.896018379,1.039121133,0.465911548,1.252342243,1.302893067,0.956228279,0.748043353,0.154965992,0.981519912,1.279864996,1.041929657,0.175324965,1.243984901,0.409343717,0.005497995,1.593086635,0.024569442,0.147638457,1.282485127,0.986182823,0.938525979,1.153207932,0.579713085,1.159049759,1.256617682,0.02507891,1.121794694,0.649217295,0.979062956,0.46471106,0.536237819,0.031543401,0.256984903,0.976272072,0.003914145,0.015923005,0.255982679,0.04607772,0.030749302,0.359227277,0.038188204,1.481898157,0.446917268,0.036752521,0.051234672,0.150348527,1.226222146,1.785166505,0.7590899,0.049707887,1.061176226,1.423164039,1.411168926,0.007853165,1.046492726,1.174663551,1.00714549,,0.834006607,0.851651707,1.19446677,0.471239296,0.911478373,1.605698063,0.021173761,1.095142321,0.513554661,0.488500314,0.702181981,0.859475248,1.078069816,0.410668142,0.047204786,0.925256361,0.093781747,0.050050326,0.76695147,0.602636026,0.491958914,0.064397795,,2.14084476,1.656530506,1.014359726,0.888579954,0.804681915,1.0194623,1.077856639,1.058585883,0.06996634,0.853290045,,1.179532677,0.433985138,1.125556254,0.919919172,1.072222552,1.072213114,0.952656738,0.871121908,1.539919786,0.870768749,0.964846151,1.263280415,1.081871632,1.185150233,1.002640202,1.057369491,1.01551722,0.639268722,1.269023307,1.256074762,0.778430558,1.050794616,0.98665854,1.466797191,1.037221226,1.0790803,1.568764192,1.142923052,1.265692053,1.277853824,0.778161082,1.233841317,0.952346559,0.416306799,0.370067847,0.98567728,0.015848933,0.76781986,1.016969381,1.158380923,0.049213033,0.055864536,1.250164683,1.996331636,1.186561953,1.048311531,1.211016192,0.968885617,0.937327364,1.129408767,1.233363876,1.160242014
Pro,Ratio of Enrichment,Replica 1,0.021436219,0.18848304,,0.463639079,0.759205589,,0.756277277,0.930324539,0.149352059,0.506039445,1.071048001,0.050862644,0.057233327,0.882483342,0.00925637,0.377699822,0.023985484,0.036004479,0.040290584,1.128173498,1.096112754,0.719799446,0.111764851,0.686018983,0.141155201,0.079248039,0.051516648,0.018818055,0.019753062,0.344008394,0.025638681,0.03767704,1.033287062,1.386334195,1.374793733,0.808474787,0.013644437,0.013468822,0.039919132,0.047273321,0.026057638,0.019705525,0.017575014,0.028791547,0.022732763,0.183439252,0.034019666,0.088992463,0.020278126,0.03591767,0.012685484,0.024598412,0.02467701,0.043504705,0.050270108,0.075618118,0.019491259,0.381392481,0.074191724,0.409786025,,1.254326592,0.432006206,1.292164498,1.102721334,0.010907292,1.260440656,0.020504905,0.019632655,0.303550401,0.024404902,0.037530228,0.060170827,0.082923376,0.138979719,0.008484321,0.075223487,0.006418893,1.5370753,0.092463265,0.045151887,0.030345696,0.614711647,0.137889725,0.035345242,0.202381767,0.781211246,0.005944987,0.779737313,0.033393454,0.487879612,1.053355048,1.025742204,0.08253232,0.017040367,0.025263712,0.034728269,,0.161673983,0.248012416,0.326951349,0.259246739,0.709649911,0.331841636,0.630481507,0.858881093,0.925913944,0.410895398,1.3231393,1.274457271,0.290368239,0.428751397,0.04854556,0.018309806,0.022261055,0.011851619,0.023554775,0.020571783,0.025858108,0.018573869,0.01662991,0.023393431,0.034092363,0.030923813,0.048902432,0.02428361,0.013806077,0.026019348,1.580037639,1.372686001,0.034405961,0.028828482,0.028793206,1.412451682,0.018558698,0.024157095,0.092123149,0.637055963,0.019315599,0.033749233,0.409364546,1.417458809,0.969424182,0.085630717,0.993613506,1.187889684,0.569451351,1.211288468,,0.054153426,1.131557504,0.964586584,0.55160987,0.100378316,0.474127276,,0.023804377,0.305107694,0.086488554,0.040824476,0.077827122,0.028462723,0.021476195,0.046325579,0.038432806,1.04385991,0.56545997,0.672158162,0.109104761,,0.673393086,,0.90478676,0.383079025,1.13777628,1.431320075,1.51053715,1.099776396,1.212763459,0.993217488,0.978000175,1.147768231,1.301554618,2.585175046,1.453607725,0.297918492,1.421822948,1.146106855,0.541215509,0.049457356,0.843176739,1.300516859,1.151372793,1.419072951,1.076398198,1.24070942,1.219185853,1.04347425,0.984293229,,1.247158915,1.137035045,0.037901291,1.2578616,0.042735459,1.175748057,0.835242699,0.487394606,1.800576637,0.891177234,0.042000559,0.043304638,0.089454584,0.107413212,0.046474353,0.056955839,0.059540209,0.535592916,0.055839303,0.090651299,1.259740415,1.095543481,0.912978845,1.223821275,0.993100273,0.966583114
Met,Ratio of Enrichment,Replica 1,,0.036922697,0.799658129,1.24995558,1.333249555,0.449095479,1.37074689,0.233806326,2.569740307,1.98277379,1.714554799,0.965631265,0.032318289,1.058161085,0.07020384,1.525499298,0.515834052,1.35275898,0.984952291,1.248400272,1.463038071,1.409910354,1.398750322,1.19688074,1.440889727,0.014883007,0.742179402,1.123004758,0.02921868,0.020944738,0.010473857,1.211533443,1.143077806,1.100546476,1.834100628,0.719540411,0.964821492,0.02325661,0.869363041,1.602882498,0.031951143,1.019218996,1.488380903,0.012215288,0.015546444,0.023732052,0.804706572,0.57808876,0.363676931,1.330613093,0.625085526,1.094154253,0.011063824,1.198905188,0.585335566,0.864584443,0.933904363,1.074025799,1.261348987,1.235091725,1.848743821,1.708711607,0.803022265,1.199198848,0.01006592,0.057758451,1.164246338,,0.014260757,0.307378112,,0.876240815,2.03199376,0.963471698,0.937370315,0.057612328,1.066074269,1.488716184,0.749447262,0.844085157,0.637313505,1.08511424,0.852367002,0.957884086,0.159837278,1.755533652,0.776973092,1.880207291,1.188163309,1.873350304,0.557587699,1.011976199,1.085725338,0.588736627,1.455729128,1.465186675,0.020520135,1.187089702,0.013194355,0.713244869,1.329779397,1.233721976,1.145678373,1.510349026,0.601566285,1.304629456,1.138557471,0.312131535,0.74313906,0.454760797,0.98145892,1.437433565,1.128602742,0.345181553,1.56708519,2.093658964,0.066962765,0.017549601,1.082225417,1.592841725,0.006057555,0.783112945,0.534909512,0.862905657,0.999863652,0.037758233,0.071522098,0.05050035,1.153723793,0.655810575,1.303060892,0.391584242,1.25512149,1.303782113,1.84018302,0.620466675,1.28686593,1.397392677,0.304029353,1.210459792,1.247176606,2.11425753,0.950408411,1.281171878,1.212675942,1.350674207,0.621762192,1.035122591,0.991483384,0.744815171,0.951848859,1.141584967,1.274749284,0.844075847,0.425518111,0.841737098,0.034719595,0.846153049,1.201129816,1.063179453,0.045555822,1.835869991,0.886584296,0.817071066,4.607629446,0.873146621,0.916546071,1.049913701,0.834789213,1.045897783,0.875429209,0.750394161,1.020416895,1.047875736,0.828159594,0.783320627,1.004331564,0.593128964,1.326603357,0.973041633,0.713534914,1.046612623,1.04870308,1.127092888,1.264111836,1.187433978,1.27711735,1.324875294,0.951326792,1.060739786,1.102331045,0.947294428,1.108592534,1.053247217,1.094551715,0.91791116,0.987246095,1.119114535,1.086759365,1.166755421,1.211064149,1.523167697,1.063122311,1.075162136,1.128645474,0.979264797,0.960365614,0.805954452,0.941562679,0.97407462,0.075531109,1.708064327,1.030133674,1.186477585,0.848669978,0.046049101,1.91799227,1.191581175,1.151282643,1.215866957,1.247656122,1.140495758,1.38599653,1.158880582,1.001587945,0.942010033
Ile,Ratio of Enrichment,Replica 1,0.032596218,0.303093313,0.988681836,,1.191163758,,0.462208807,1.188817215,1.042893773,0.934484996,1.438224789,0.455583864,1.369682203,0.053949552,0.093128644,1.005001281,0.102330399,1.204057836,0.924971135,1.233248876,1.168533299,1.224062565,1.420749897,1.254446322,0.982014276,0.010020742,1.084108513,0.783232876,0.024311184,0.19274363,0.026578854,0.957858355,1.060902173,1.181227492,1.49502347,0.016728641,0.069528187,0.02065746,1.052361666,1.203928095,0.005997665,0.299437205,1.181999589,0.023676705,0.012129002,0.255090901,,0.624949162,0.211031056,1.028460031,1.374536008,,0.116620639,0.845856045,1.130884571,1.167514254,1.087058421,1.441660562,1.207621742,1.511157488,1.45966439,1.570579972,1.125683881,1.064924537,0.016331257,0.016342456,1.338176561,0.645869449,0.027975149,0.060337713,1.112805606,0.489802087,0.103383368,0.856350424,1.118249603,1.006540696,0.044453836,0.695919232,1.492512016,0.453095536,1.278144044,0.554670236,1.334334445,1.53164378,0.026046059,0.996588187,0.98501976,1.089861607,1.044565967,1.440441049,0.829817502,1.035501841,0.958638569,0.979426781,1.261565286,0.657621476,0.005943011,1.079424838,0.008057046,0.357779105,1.102055943,1.163719172,0.973393039,0.568970051,0.740675072,1.152049764,0.836120481,0.542291182,1.075395264,0.450029251,,0.532935755,0.93221042,0.048325603,0.630408909,1.108716028,0.009192648,0.022491211,1.292731152,,0.018717037,0.114133164,1.156920898,0.893963506,1.079439766,0.021056596,0.055791622,0.048927788,,0.94675481,1.381049798,1.215192985,0.712071976,1.37434617,1.208693033,,1.135406027,1.206457665,1.350292702,0.776072797,1.139448416,1.103169386,0.981740122,1.38383678,1.088539559,0.965954484,,1.574091795,1.085207702,0.802234962,1.011678773,1.002306102,0.843544162,0.917169786,0.035664209,0.522881827,0.135044283,0.049626253,1.147983289,1.011023659,0.23060301,0.996826512,1.0731837,1.168310493,0.207055229,0.852088925,0.814593488,0.402569461,0.806476689,1.075279138,0.818593683,0.523985093,1.079470194,0.58382756,0.901203335,0.81244665,1.130273415,1.213350726,0.978126488,1.128068643,0.923241932,0.871830832,1.86148219,0.860155319,1.043405421,1.236106321,1.071591005,1.145959014,1.050435148,,1.014088846,1.256699252,0.968310715,1.096903009,1.110811176,1.299026094,1.047629111,1.378182772,1.269568676,1.118699579,1.016970891,1.114411489,1.427770319,1.187034747,0.032748608,1.057778253,0.66963001,1.280146834,1.171290117,0.840397492,0.047881901,0.594284756,0.929992873,1.124282765,0.612488322,0.098202526,1.143479518,0.938398324,0.991159235,1.278697242,1.127710842,1.001098003,1.459164813,1.108467517,1.092556235,1.06372184
Leu,Ratio of Enrichment,Replica 1,0.035348788,0.710152492,0.892710861,0.722307276,0.802763462,1.184882905,1.395321249,0.902639884,,1.241467571,0.928529075,0.643051003,,0.930517503,0.057219653,1.216836099,0.191391806,0.998199101,1.2338781,1.156264269,1.20865342,,,1.29125512,1.208410037,0.647839415,,0.390641773,0.05558306,0.026803,0.016526888,1.307604092,1.236084316,1.188487613,1.474064442,0.04061199,0.873983946,0.026942185,0.807014764,,0.014499151,0.879614268,,0.018046221,0.017048879,0.010702425,0.976568554,,0.189593085,1.199187327,0.903206354,1.109055944,0.014298494,1.374641817,1.016797618,,1.208382075,1.105497523,1.209815879,0.950430622,0.917989884,1.216907638,0.880593585,0.951964185,0.023101559,0.005864281,1.149760049,1.111855966,0.014150079,0.059260376,0.978007687,0.705730928,0.012939968,1.05376625,,0.041710836,0.039634369,1.257430393,1.105901305,0.881839725,,0.754372864,1.051583256,,0.02728149,1.010491752,1.085166104,1.045278888,1.067217012,,0.66133548,1.157991564,0.930095044,,1.261193356,,0.023796213,1.234933532,0.005001415,0.572484455,,1.350363905,0.982018615,1.135232433,0.641685493,1.195957283,0.646899686,0.742113272,1.288616492,0.215552333,1.25261752,,0.625206029,0.495230167,0.936024656,1.136395456,0.014130615,0.01073806,,1.152971278,0.039119482,0.041489023,1.13704076,1.206729423,,0.018350207,0.025976407,0.036627546,1.184630254,1.278310878,1.59215723,0.632448119,0.220496109,1.398762817,,1.277297059,,1.291398542,1.004273969,0.952656634,1.225173021,1.57354136,1.086430055,,1.241859651,1.201395301,1.592605128,1.121019489,0.818129706,0.590363863,0.797704836,1.026611376,0.825686141,0.848217429,0.180101515,0.840287005,0.081744111,0.193958301,1.087812719,,0.116266862,0.244567392,0.954523777,,1.887589676,0.917072844,0.952459141,0.622443916,,0.928206414,,0.40792815,1.04721905,0.695923256,,1.035830471,1.016029075,1.182030697,1.106302322,1.135810555,0.815067809,0.990066428,1.150801988,1.235410466,1.080055507,1.362942823,1.072642078,1.373856373,1.024117061,1.125420952,1.203777402,1.257309144,1.118966957,1.061520618,1.122434222,1.032272503,,1.102786181,1.217618638,0.964667382,1.123952573,1.074416066,1.321854747,1.116981736,0.238710692,1.131098764,0.734964712,0.824301289,0.857865138,1.173223621,0.052548297,0.088733651,0.967862918,1.152964563,0.746920856,0.06845783,1.066191192,1.186260563,1.047738895,,1.224990864,0.977773745,,1.022262386,,0.962595686
Val,Ratio of Enrichment,Replica 1,0.050424881,0.120590925,0.982180918,0.804201626,,0.559889724,0.618220597,0.918424907,0.431101188,0.513648017,1.074543325,0.192512029,0.716880468,0.149016143,0.022315053,1.207651866,0.084174592,1.386757424,1.263965506,1.143070314,1.219308587,1.236673842,1.158775511,1.392946471,0.849295324,0.948753905,1.153129219,1.163569035,0.025484787,0.357189233,0.023894436,1.126895001,1.0712173,1.323064892,1.317468026,0.021297996,0.014854591,0.026269816,1.01164307,0.888919489,0.031415881,0.311178227,1.044857111,0.04822999,0.0422436,0.934951146,1.110996813,1.009703117,0.850539796,1.137023888,,1.053107234,0.855802748,0.853127414,0.986053206,1.065496841,1.070316947,0.931584083,0.99361344,1.410500536,1.484714561,1.64595322,,0.829271812,1.050793083,0.053929991,1.187178263,0.937110528,0.020984694,1.018073171,0.920620926,0.71594339,0.254992759,1.295313464,0.628825287,,0.419716076,0.694480298,1.15953945,0.765081678,1.206141957,0.706156354,0.938063952,0.939561991,0.184265745,1.105748692,1.027925215,0.769335973,0.7149283,1.075331634,1.012451492,1.113021269,1.173357939,1.172821297,1.269439692,0.947268945,0.009540733,1.358769011,0.01109645,0.51373833,1.119355915,1.348342342,1.184903288,0.623261909,0.941409824,1.034797923,0.983157198,0.428156828,1.585167481,0.574116706,1.167511359,0.582141446,0.794234752,0.081990995,1.36105485,,0.043448354,0.066980186,1.36976951,0.943994284,0.036502794,0.619579018,,1.265334804,1.095085715,0.052754207,0.011480115,0.050313865,1.071900188,1.212541475,1.283029367,,0.898611562,1.348787,1.231327319,1.100440465,1.538522745,1.157827052,1.104591515,0.929908122,1.351278891,1.32758348,0.908723124,0.99093988,1.232010446,1.009458777,1.022149112,1.287080314,1.127822126,0.905204068,0.616301564,1.205119496,0.974677909,0.858532602,0.097048593,0.880781659,0.033293784,0.126443339,1.005403534,1.341765697,0.332673875,0.406592894,1.011188032,1.11750853,0.216548117,0.86378301,0.966972709,0.53907587,1.0431364,1.165080824,0.991792195,0.913037226,1.195685829,0.562804028,1.118409081,,,1.134377843,,1.277861977,0.834912126,1.064541548,1.112290084,0.949703824,1.179406076,1.156066476,1.202093799,1.395424186,0.968289235,0.949293818,1.147416477,1.133608763,1.24132407,,0.911769421,1.08596798,1.221021392,1.302797949,1.159911797,1.010375362,,,1.395703775,1.086542522,0.055679555,0.991887804,0.780649526,1.127572932,0.886762969,0.97151617,0.368943541,0.569779146,1.008997832,1.131613836,1.120269643,0.354451975,1.032254841,0.813881421,1.082191595,1.144073912,1.145648626,1.098140383,1.17400311,1.003676909,1.070095367,1.036704108
Ala,Ratio of Enrichment,Replica 1,0.041955561,0.189493017,0.765192717,0.300402845,0.756865034,,0.762892778,0.720380195,0.583065309,1.038560697,1.216093793,0.318488226,0.735661442,1.126808318,0.040973368,1.283969825,0.044299447,0.838836795,1.419426955,0.127562608,1.259470023,0.923739374,1.135256874,1.234128567,1.295527269,,0.613362599,1.138689608,0.071935389,0.574405081,0.099957826,,1.570199802,1.342125146,1.744426476,0.617259355,0.429428997,0.031096474,0.847930673,0.672878018,0.019658691,0.010734989,0.040187782,0.027519106,0.042843037,1.275825649,0.456681095,0.448032647,0.820846402,1.010125859,0.959761527,0.09712155,,1.1869903,,0.20486684,0.818771704,1.25359044,1.023159242,1.308995026,0.795646009,1.181814916,0.788712364,1.476238077,0.090116406,1.018148613,1.005596352,1.281864606,0.035559837,0.723449855,0.99336337,0.830933833,,1.023849621,0.568818198,0.646960856,0.941694127,0.877896725,1.177576462,0.982391279,0.508381309,,1.518306421,0.754174045,,1.020703559,1.249777167,1.41884935,1.227175882,1.025038375,0.980527727,1.09347712,1.282404014,1.282887526,1.840023993,0.616997787,0.57851562,1.046307023,0.275408698,0.429476959,1.36373844,1.061780154,1.09104229,1.156068002,1.512409523,1.229928959,1.078606943,1.074671535,1.309417931,1.096713304,1.332045829,0.726779176,,1.469204432,0.944546726,0.870252314,0.042048014,,0.555237388,1.178470937,1.267726439,1.177960531,1.01156932,1.208420664,1.162315552,0.06735682,1.18758857,0.162551768,1.387010573,1.291952094,1.112361096,1.24913447,0.919076613,1.586979258,1.568745422,0.954085471,1.141985515,1.229494027,0.948138575,0.179667905,1.23445683,1.344711412,0.766555168,0.175533085,1.161312453,1.268183615,1.183870167,1.379062276,1.249764212,0.911585024,0.553942389,1.405237786,0.861463099,0.502881362,1.480947648,1.137115252,0.040855638,1.431823308,0.835825407,0.35116342,0.250487993,0.151924194,1.030846463,1.185442577,1.928987629,0.872104396,1.253701748,0.890465497,1.393568196,1.052022079,0.787603329,0.937793847,1.089569999,0.680943579,1.14662703,1.162824935,1.244309123,0.954880082,1.332122667,1.167345977,0.662628141,1.136915651,,1.018207638,1.213282245,1.122215931,1.085163579,2.080184015,1.044270028,1.063989096,1.093169902,0.979446989,0.95023692,1.247938725,1.08793119,1.048707943,1.074632667,1.214335213,1.101100066,1.202091062,1.150357435,1.379659727,1.193755863,1.097651398,1.074705614,1.271551058,1.169527847,0.957076283,1.233767897,1.299482451,,1.179273757,1.124256381,,,,1.101109566,1.43385018,,0.871902932,1.164728697,1.174326623,1.150349599,1.131907483,1.043726134,0.982711379
Gly,Ratio of Enrichment,Replica 1,0.015259543,0.073246543,0.424851605,0.212959268,0.577742773,,0.742910388,0.7870294,0.008474568,0.544107068,1.373882632,0.07645675,0.014937848,,0.035306813,0.402246897,0.019360121,0.813370186,0.576934719,0.348864728,1.141681305,0.80434896,0.090770527,1.311991844,1.089699313,0.664683704,0.067237996,0.035224396,0.146712696,0.110052461,0.382521253,0.845888066,1.176694953,1.142601612,1.339965168,0.244405931,0.90855796,0.045414947,0.327504829,0.024737743,0.05865757,0.015412475,0.008757689,,0.03956918,1.029722501,0.019204431,0.042694866,1.101337664,0.77832517,0.169039547,0.016471959,0.762864756,1.41128835,0.918144186,0.011381902,0.202214363,1.410888152,1.75944151,0.880256599,1.437371092,1.17588412,1.15338783,0.884351274,0.05581597,,1.355802402,0.216756213,0.103399607,0.737444605,0.421721975,0.405335178,1.163899921,0.963883064,0.012766938,0.461513239,0.456267726,,0.946101121,1.125373373,0.013854948,0.796514516,0.777076719,0.064602191,1.06633082,1.207251989,1.351999106,0.131802562,0.705723217,0.06642393,,1.076422486,0.988956793,0.214011096,1.041610955,0.275392959,,1.144414542,,0.32530748,1.303817557,0.373225649,0.735262224,,,1.170517092,1.170137562,0.871364615,1.653434664,1.009084221,0.9272393,0.825440111,1.336745951,1.197633454,1.662771636,0.044425266,0.067737225,1.052286703,0.02069621,0.010135908,,,0.021504003,0.54797839,0.024719693,0.039906893,0.670995905,1.179000997,0.927533279,1.368490778,1.285325742,0.028737414,1.097508854,1.231506386,0.04193507,0.02180405,1.373811817,1.263645347,0.104407823,0.053300386,1.185252928,1.489998538,1.018491966,0.036079689,1.056942424,0.996396353,0.576165484,1.0016054,1.157730551,,0.93605145,0.969727618,0.810050508,0.398357663,1.435489303,0.89653442,0.06891662,1.434585302,0.77586111,0.028623015,0.583932444,0.317666197,0.785607554,0.678038019,1.036005347,,0.940656276,0.924975182,1.135599259,1.154395234,0.69342701,0.855156511,1.024452387,0.237434786,1.11479042,0.970015805,0.970106236,0.873100124,1.179296721,1.167384234,,0.884657986,1.173719549,1.192808249,1.313496299,1.30180251,1.027808314,1.583027425,1.197609903,1.948759478,1.214910251,1.144459108,1.012251217,1.345495788,0.932840126,,1.440263316,1.241260725,1.265651248,1.209401691,1.098895971,1.18512051,,1.065819835,,1.127555824,1.058498545,0.946857351,1.046330225,1.028413267,1.253117317,0.799289553,0.997507478,1.065680091,1.008444983,1.263208198,1.064943114,1.009539493,1.222505769,1.168958717,1.219994084,1.232953861,1.064615918,1.168094246,0.952146706,0.961447432
Cys,Ratio of Enrichment,Replica 1,0.040615419,0.194585991,1.241584196,0.285150677,1.136673127,,1.508189126,0.951013899,0.028172041,0.404983769,0.842825826,0.520226696,0.835579221,0.700574826,0.109311164,1.075845338,0.10619628,0.925092826,1.79827168,0.878164372,1.292688629,0.406258654,0.499126498,1.599629175,1.037499761,1.236173537,1.270868602,1.233937602,0.136170826,0.868855984,0.097622137,1.335086779,1.341067452,1.16942311,1.519932469,0.98821707,1.019649572,0.013137077,0.921199976,0.770737143,0.032331235,0.731086245,0.054309101,0.139082609,0.037153698,0.881788429,1.202243827,0.876876208,1.118383631,0.981767467,1.298984424,0.327849346,1.304116405,1.477419633,1.308493584,1.149976371,0.981834261,1.341634415,1.026041277,1.266384433,1.462657652,0.866046652,0.923223081,1.023426333,0.744483949,0.148474271,1.26216429,1.068075927,0.086960284,0.693124705,1.087587188,0.414848366,0.407970727,1.408516633,1.090092273,1.302772132,0.925537487,0.696447748,1.621822404,0.742514125,1.081698402,0.811398236,0.496947667,,0.635647326,1.051301877,1.40689986,0.457311041,1.760628612,0.899229574,0.500225124,1.320636378,,1.729379034,1.238221874,1.555532848,0.109824508,1.224983642,0.34098086,0.437834131,1.760810003,1.16479896,1.026210766,1.023726746,0.95540713,1.562084082,0.950705392,0.761724975,1.321866692,0.796436956,1.72981597,0.238080692,1.140575237,0.973660316,0.145817172,1.616213288,0.000686604,0.926228961,0.868163613,1.050166823,0.242255948,0.6343626,1.492667313,0.695728416,0.992864138,0.074125029,0.537057128,1.439514967,1.98297915,0.858918774,1.401000785,1.43740379,1.587047283,1.112629009,1.389526707,1.385728092,1.008439637,1.426952881,0.776978796,1.701512555,1.336745951,1.84448083,0.866050902,0.77689691,1.304664809,1.249838631,1.340166926,1.711904545,1.098210033,0.820786911,1.01783882,0.776159862,0.832753951,0.569762537,1.363096662,1.04225575,0.053772877,0.705720513,0.884383657,0.758484664,0.754582492,0.684986432,1.30709584,1.182921678,1.203462334,0.58978003,0.89595088,0.889984996,0.888604488,1.504401967,0.554917167,0.855876644,0.941579808,0.861472469,0.805489347,0.928052742,1.119746569,1.202885617,1.001487334,0.946798098,0.615166452,0.898458418,0.904617626,0.67608642,1.293358775,1.190645273,1.180981981,1.455789905,1.079619989,1.06187853,1.029884267,,1.161251013,1.169489119,1.091773057,1.05840408,1.259777944,1.072128941,1.06247931,1.242225417,2.231578571,1.384291115,0.9679243,1.159753993,0.878482808,1.189667467,1.061241721,1.267749034,0.639586593,0.832354475,1.017291365,1.315719781,1.029429352,0.940600095,1.109514202,1.034700651,1.161386453,0.793158249,1.005717235,1.60737146,1.121279317,0.77466567,2.27320663,1.117518481,1.077902233,1.2464878
Ser,Ratio of Enrichment,Replica 1,0.016255646,0.457246446,0.928848132,0.79798766,1.300711413,1.184882905,1.294635988,1.181917123,0.246739375,1.166344972,0.592548346,0.862095452,0.653827982,0.521836489,0.015390925,1.232433328,0.044069409,1.100590356,1.033986212,1.246072676,1.149086338,0.809169689,0.177597354,1.340739984,0.904904995,0.465753515,0.193434692,0.935914249,0.052904119,0.847307118,,1.390962758,,,1.448511716,0.739010345,1.306844156,0.042998664,0.718126282,0.437963901,0.024813668,0.035922794,0.116176539,0.046727276,0.022288994,,0.030237965,0.046808417,,0.886461364,1.207302638,0.038277943,1.132424261,1.127570735,0.886272672,0.021855085,0.725934938,0.957368207,1.012030568,0.901813393,0.756699973,1.089563897,1.474282926,0.972269705,0.056072814,0.37470656,0.853207322,0.772531082,,0.816127751,1.140491118,0.566566106,0.656076474,0.938874951,0.060125849,0.516019385,0.556186934,1.068725724,1.123298952,1.067686705,0.28950873,1.074699272,1.064131234,0.064620625,0.882470112,0.97195206,1.252429729,0.277192609,0.994956908,0.16657099,0.57367564,1.259476631,0.733075994,0.544659555,0.629573479,0.252269707,0.633814807,0.983094267,0.290770104,0.342031141,0.937269977,1.130682234,,0.818323436,0.905210228,1.07432181,1.084946286,1.120534281,1.515813349,,0.859602218,0.515723101,1.04761103,0.829916559,1.235854515,0.103244881,0.011857839,0.844528882,0.091575023,0.033688259,0.147337257,1.073963486,0.305735938,0.663122261,0.833045237,0.096303723,,1.344846395,1.203875715,1.054884027,1.045546364,0.614344529,1.067876686,0.661474266,0.686884217,0.03479705,1.168669978,0.860469959,0.349634077,0.141041457,1.224990475,1.288207095,0.967272629,0.107007323,1.143291931,0.902450504,1.904230001,,0.947492613,0.887348565,0.795496936,1.007255441,0.814679338,0.457430272,0.800061479,1.049472361,0.049425997,1.026507348,1.015941972,0.1379611,0.442749353,0.081111421,0.7761675,0.95646577,1.091685646,0.992208854,0.837427951,0.916841462,0.927799965,0.928877433,0.717893802,0.923761852,0.97087662,0.763803609,1.208029553,1.043374508,1.108075855,1.389779023,1.443653852,0.862317126,0.77410657,0.83540412,1.146337415,1.030422275,1.170404305,1.250585374,1.085198571,2.041837975,1.134954041,0.985895021,1.131980452,1.074821093,1.017464689,1.121155208,,1.129689494,1.111496868,,1.14085779,1.336642011,1.296336947,0.999444704,1.151801637,1.252470573,1.205472808,,,0.964720883,0.940202529,0.895031377,1.23747139,1.212097613,0.905303825,1.151127864,1.216230304,1.223977043,1.000595988,0.953089192,1.096418555,1.126723144,1.070768435,1.036303934,1.102451799,1.119658092,1.016289513,1.01829709
Thr,Ratio of Enrichment,Replica 1,0.128970953,0.712672137,0.828494466,0.797865377,1.294773214,0.365900295,0.853668085,1.01701162,1.336115823,1.857295793,1.262154059,0.364007556,0.987719183,0.847117215,0.043158702,,0.022208781,1.417928962,1.417002013,1.156054065,1.091300717,1.376489854,0.114795196,1.326571227,1.048487102,0.702677947,1.156664689,,0.244142631,0.183114427,0.505121637,1.015994761,0.742796211,1.148902436,1.499920785,1.03831834,0.058107264,0.023354354,0.978064019,0.309621053,0.015636904,0.342677815,0.046579174,0.015026961,0.009762589,1.011669892,0.360881355,0.454294471,1.148371078,0.728021431,1.320079205,0.914748898,1.026306694,1.400013282,1.124939796,0.736952947,1.100454002,1.390969588,1.361516817,1.154193162,0.822166817,1.364315378,1.262496437,1.671607482,0.049248733,0.010143421,1.012293045,0.824320953,1.216585458,0.81038535,0.724609893,0.926261603,0.386992021,,0.080736782,0.581568893,0.888581301,1.045644853,0.953124901,,0.625997685,0.988312752,1.093869038,0.765145663,0.288613686,0.890269701,1.115255279,1.086125329,1.152466916,1.335719659,0.921229074,1.144157298,1.530287752,1.098818208,1.134731781,0.540626787,0.02988954,1.323911343,0.072333577,0.55897835,1.269043754,0.753330304,1.322081932,0.465355412,0.821039452,0.825049441,0.926034354,0.92477377,1.61924646,1.145574724,1.397836805,0.767371565,0.795178321,0.47099494,,1.092796451,0.01043598,0.181575287,0.911456569,0.502270849,0.074640421,1.087697625,1.17962546,1.240450394,1.373749851,0.074071024,1.340399553,1.385332456,1.471796083,1.645545955,,1.157951339,1.365229684,1.191669657,1.247154235,0.771219823,0.902030715,1.229765285,0.620692423,0.730228258,1.328386492,,0.835083722,0.306116784,1.10428984,1.512515643,1.073580777,1.143890068,1.086094781,0.494730339,1.11501199,0.904053192,0.994525648,0.683133307,0.307320139,0.872260431,0.054071529,,1.00498471,0.259334923,0.453036212,0.171569893,0.915043936,1.142729335,0.786639615,0.768409032,0.8826451,1.06187853,1.02680316,1.096758778,0.986013839,0.855760436,,0.665787372,1.050418744,0.75529598,1.345168934,1.0289804,1.08607612,1.218764675,0.753770685,0.859362173,1.211003556,0.781556075,1.249601083,1.364778179,1.056047309,1.574616375,,1.003011063,1.042236846,1.105027879,1.08935571,1.130201533,1.224122631,1.166873261,0.97057858,1.134416721,1.24376887,1.04525533,1.059819129,1.166984781,1.045445758,,0.304086954,1.010022733,0.973357067,1.033725622,1.044116755,1.228125319,1.249509346,1.081775235,1.037376032,1.165712385,1.280195629,0.621022799,0.951681648,1.231093089,1.042992035,1.217727168,1.249306764,1.289304482,1.02384109,1.187490218,1.076146839,1.017736619
Gln,Ratio of Enrichment,Replica 1,0.012860928,0.11039326,1.18355394,1.034348883,1.130606496,,0.49886968,1.042442599,0.059106047,,0.71528069,0.439803698,0.198933518,1.074505669,0.033538981,0.64062215,0.012338384,0.915994806,0.940916269,,1.012032175,0.818567458,0.139115807,,,0.010558149,0.01677065,0.948323781,0.119984056,0.245979122,0.015761889,1.089895535,1.135443275,1.395217149,1.50411657,0.750538364,1.078197241,0.713504366,0.816439992,0.930399296,0.053379647,0.011147211,0.007849028,0.035956221,0.012198332,0.012649995,0.017520282,0.091658331,0.714375592,1.171066328,0.102653963,0.012482368,0.025924079,1.277415736,1.260892992,0.014094563,0.716381397,1.25898211,1.268969389,1.119330459,1.583155613,1.11374547,1.129591249,1.028147855,1.064194567,0.014079284,1.255622183,0.649006214,0.003498489,0.802545708,0.256444411,0.76556021,0.776693579,0.977261419,0.317081341,0.070823863,1.292053984,1.42167689,0.834872768,1.110036261,0.11093252,1.498806864,1.230011534,1.316220102,0.08149624,1.090481986,0.942212204,0.775550565,1.203155443,0.046791106,1.375210359,0.76795102,0.837442318,0.637680602,1.241221806,0.543328567,0.021960095,1.183655546,0.048507262,0.522730133,1.226319547,1.448732572,1.561600434,1.172194089,0.84303085,1.020155399,1.116715963,1.119979879,0.608957972,0.64119955,0.695082526,0.819917816,0.873260015,0.814999093,0.699069172,0.298802036,0.01576092,0.004929663,0.015579543,0.010235533,0.031278191,0.118644565,0.022666683,0.298851907,1.046803145,0.03447673,0.210030276,0.587353163,1.288605122,,0.923083871,0.029132221,0.896423938,1.873678027,0.757997488,0.022268013,1.276595334,1.247727034,0.491920644,0.088876599,,1.261221351,1.183181252,0.049263393,1.296834577,1.016864732,0.550166074,1.077177308,0.782673939,0.723517738,0.858916233,0.960992904,,0.685372824,0.103792638,0.72998775,0.055131391,1.043000689,0.940764673,0.042209948,,1.06187853,0.718032149,0.661130269,,0.873569256,0.9699592,0.83864517,0.8812318,0.864867964,0.887756833,0.795349373,0.999257218,0.578561974,0.910771151,0.738258406,1.225654152,,1.074269981,1.213061236,0.752907746,0.998207707,1.048687492,1.00186778,1.100492294,,1.36952798,1.468491091,1.077324035,0.805593922,1.019433071,0.885082173,,1.013335511,1.109647674,1.212797529,1.048947646,1.109393094,1.464108658,0.585077399,0.929248642,0.993506196,0.96047191,1.169272467,1.190408508,1.225328558,1.306299679,0.440347191,1.236934105,0.932660123,0.040821608,1.485849865,,0.930230431,0.066924247,0.015699585,0.937940185,,0.890410255,1.012296653,1.27796012,0.959877295,1.122852577,1.076380375,1.016641103,1.079953058
Asn,Ratio of Enrichment,Replica 1,0.023630143,,0.85827206,0.839975098,1.176071911,0.584399261,,1.543224211,0.05827293,1.234072183,0.377030836,0.837375997,0.026914382,0.840420407,0.046877732,0.963498683,0.009750378,,0.78709773,1.052308594,1.208092201,1.289175777,0.028981539,1.153111775,0.961555747,0.052725041,0.034895453,0.638013872,0.102401148,0.020266036,0.131653656,0.780870868,1.280216651,1.180297001,1.062335223,0.896856755,,0.079963018,0.856619993,0.033184529,0.01433095,0.422005872,0.010530679,0.014260757,0.126630563,0.021753602,0.090106151,0.046279752,1.154740517,0.416588557,0.063860701,0.171615057,0.267554204,,0.714181859,0.053949137,0.984100072,0.914676952,1.035257852,1.079020628,1.318715833,1.569155605,1.756057229,1.046115676,0.015143186,0.02562623,1.14842497,0.094827459,0.061476409,0.810450054,0.642253167,0.66815626,0.013020691,0.916744266,0.011450357,0.586070021,1.413717887,0.59195084,,0.690181691,0.183137732,0.819295906,1.303558052,0.014046291,0.348889134,0.896824867,1.940205928,2.184836735,1.041781891,0.009922341,0.912530925,0.92814695,1.219110754,0.531737922,1.599972277,0.052658578,0.070336424,1.419849823,0.20456204,0.246594085,1.344142003,1.041089365,0.884080274,0.477928006,0.576383966,1.450778449,1.247845032,1.408169233,1.031896951,1.28177644,0.878769721,1.26911443,0.818645198,1.048579123,0.18007244,0.01637227,0.015520948,0.021597611,0.011223972,0.034044309,0.03287716,0.051503067,0.021889999,0.016249631,0.10473772,0.121128604,0.298672793,1.392475353,1.001052842,0.951425018,1.372604363,0.007838057,0.979134736,1.045140988,0.496293793,0.062522818,1.177670618,,0.151858061,0.15615287,1.266677253,1.226065246,0.884341023,0.059468544,0.864349561,0.911136424,0.30662765,0.918962045,0.685783295,0.926901359,0.893141667,1.034766737,0.866782737,0.429701345,1.115693188,1.223298944,0.034764203,1.052543334,0.783894768,0.095031931,0.97139264,0.146303264,0.903496647,1.621352856,10.49135987,0.742317075,0.577474124,0.686182915,1.062566944,1.300056891,0.709973666,0.437082904,1.137060008,0.832647609,0.87771313,1.036893152,0.980419355,1.118512051,1.484192344,1.007819259,0.757927978,0.870323971,0.800824416,0.778207065,1.09928658,1.437335774,1.085216519,1.816223196,1.065793289,1.521009299,0.684271351,1.21690884,0.981960145,1.264642013,0.761444604,1.20954262,1.064676014,0.836540926,1.389779023,1.230938002,0.850963454,0.989234928,1.197896719,1.265389188,1.106404885,1.135554851,1.011474302,1.001791745,0.98742772,0.668047719,0.029815164,1.266297797,1.013888067,0.638928438,0.030074991,0.087891395,1.057893995,0.936542047,0.115761448,1.351028552,1.08369116,1.057257481,1.259968874,1.004254597,0.943872476,1.210169702
Asp,Ratio of Enrichment,Replica 1,0.017767475,0.639487913,0.575805926,1.323360471,0.618403663,,1.011799777,1.05422893,0.005901464,0.17812954,1.33152935,0.226052362,0.025696761,0.761176543,0.054503698,0.698497083,0.014678757,1.024891659,1.071292875,1.15042953,1.421383588,0.697065458,0.009637672,1.215845058,1.379652072,0.025880633,0.009377041,0.046454466,0.031794711,0.007674295,0.009027125,1.180475902,1.601156348,1.451148727,1.266331485,0.588819245,0.123249588,1.073306552,0.070705035,0.013864926,0.0933236,0.009166369,0.000444609,0.066322415,,0.011193226,0.005141504,0.009783909,1.056469373,0.037498027,0.068283427,0.013020691,0.176398186,1.245143956,1.392066768,0.022731037,0.24805241,0.997741411,0.972462702,0.33156502,0.91944355,1.612811156,1.186440937,,0.418690174,0.243326612,,0.00864878,0.00867369,0.239464524,0.100676325,0.012191348,0.094584267,0.646044254,0.016740889,0.471239296,0.314478151,0.33516271,0.615654197,0.663211679,0.024802068,0.61696847,1.194182058,0.031792756,0.010959053,0.864325605,1.100446315,0.011606879,1.380425961,0.015161139,0.47214565,1.277513116,1.19255408,0.03209098,1.067059095,0.01241208,0.009388304,1.108410537,0.013016517,0.260052337,0.792223194,0.574389127,1.362323706,0.590693104,0.915509309,1.275634899,1.121224531,0.111340063,1.310207023,1.225332336,0.02533757,0.312642898,0.245070964,,0.230060564,0.106485011,0.081847772,0.012598028,0.05239367,0.006216302,0.181171258,0.139590203,0.058307499,0.013749688,0.066841265,,0.025630861,,0.382336357,1.179420884,0.648608148,0.043100406,0.698007888,1.235601778,0.012713442,0.01209559,0.898474117,1.149900351,0.016704166,0.066204828,1.325574133,0.85416538,1.302291847,0.007675358,,0.964434731,0.624450101,1.124737965,1.041308314,1.040294997,,0.985078459,0.820846833,0.219380602,,1.041353629,0.022900187,0.138616479,0.438833157,0.077991078,0.144540714,0.364798461,0.903092955,0.21835812,0.04091642,0.870545156,0.951666064,1.000468687,0.881109652,0.894598021,0.053475897,0.059629693,0.99664707,0.08906078,0.991854436,0.884681622,1.173423855,1.123380996,1.279878308,1.129990115,0.882694326,0.70689305,0.707743357,1.115095644,,1.010202542,1.017431031,0.671450464,1.007533231,0.925698688,1.273854281,0.109297957,0.865708199,1.006147618,0.924121315,1.137389892,1.117623365,1.177719824,1.090926046,1.343207387,0.968811087,1.154154541,0.864812717,0.80798218,1.03961109,1.271313997,0.738855322,0.018227855,0.056416215,1.509589477,0.055461172,0.983808955,0.562775846,1.269975918,0.299372983,0.109121219,0.849953728,1.247960101,0.054047038,0.098764386,1.168773778,0.95736173,0.926354733,1.119476399,0.89358383,1.113656948
Glu,Ratio of Enrichment,Replica 1,0.008285894,0.301937993,0.831939061,0.958033528,1.404728301,,1.744424483,1.818933958,0.005962746,0.713130616,0.751281245,0.612564011,0.023002398,1.098750104,0.014108415,1.026015923,0.005505393,1.377026079,1.149759653,1.014121428,,0.402801385,0.067118119,1.217523545,1.202315566,0.049031712,0.013695338,0.298844593,0.019039144,0.010986601,0.008096811,1.690672574,1.171197494,1.675717368,1.093942886,0.024165751,0.032812142,,0.386280508,0.282024083,,0.01260897,0.011115224,0.010261339,0.034148605,0.016310129,0.008285894,0.01450877,1.001615803,0.124288417,0.029870998,0.008583146,0.012059163,0.097578592,0.99129225,0.048138159,0.14376454,1.080210487,0.953889878,1.673541789,1.367172583,0.386827308,1.309983664,0.856844533,,0.086101251,0.801717151,0.106086616,0.006295289,0.405042759,0.170046341,0.698777098,0.01536149,0.756255825,0.017191019,0.548055733,0.470190932,1.069909907,1.470163974,0.902254095,0.013585757,0.267202577,,0.013483736,0.046131502,1.238840907,,0.048748893,,0.007603038,1.692282988,,1.083635024,0.275580475,0.357275218,0.029607126,0.029207083,1.60065579,0.011947403,,1.046103287,0.624981934,1.230260516,1.069443411,1.021595647,1.125037294,1.41137794,0.691087243,,0.100867524,0.208290723,0.378182403,1.272250512,0.212471589,0.076048273,0.019008189,,0.184081639,0.009749779,0.00817178,0.00936237,0.029523977,0.032288228,0.03764155,1.717515334,0.5750784,0.029463616,0.885396555,1.367534726,0.802047571,0.90769997,0.01084694,,1.29118176,0.075748279,0.030739748,1.632688323,1.340786473,0.0874257,0.027993062,1.422610193,1.799120898,1.061829329,0.109508382,1.566744213,,0.991227484,1.358219148,0.833265956,0.537971113,1.142644548,0.970246764,0.948027636,0.357804657,0.810803251,0.870569583,0.138020973,0.046433398,0.732682377,0.032211225,0.055757916,,1.034252422,1.286960474,0.156771885,0.964765554,0.896647536,0.494052958,1.055202672,0.854911373,0.442241176,0.027176038,0.855125806,0.080815534,1.297163568,0.702116405,1.294692065,1.623462611,1.094418219,1.265526467,0.729679955,,0.713364551,1.547905555,1.143503356,0.884132629,,2.412370198,1.678885844,0.608217336,1.090565444,0.541964233,1.10408985,0.68322417,0.891748059,1.078460417,1.012301866,0.878148849,,1.182554292,1.026824019,1.077993759,1.122098484,1.085046788,1.189600982,0.961765497,0.67721255,0.073788385,0.032095364,0.96596692,0.037478066,,0.781203257,1.00209513,0.0561768,0.043581985,,1.390232458,0.274291559,1.069601283,1.047042452,1.268028238,1.019025271,,0.798156768,
His,Ratio of Enrichment,Replica 1,0.014108415,1.146051968,0.906246971,1.06883885,1.01435017,,1.26590054,1.163242883,0.100926236,1.024662196,1.181443477,0.450282711,0.023297111,1.066632384,0.948438691,1.483500042,0.049728624,0.729348201,,0.997818305,0.86888289,1.261759063,0.044574483,1.30211927,0.826603416,0.026441336,0.018544621,0.243719585,,0.483966257,0.017894491,1.69882219,1.467096697,1.604358006,1.526091789,,0.816639436,0.032187739,0.113370075,0.875871407,0.021701152,1.147167799,0.009750378,0.014192103,0.02233558,0.022908061,0.095792451,0.163621458,0.403100153,1.075768894,0.069073891,0.044200674,0.013829623,1.063699748,1.429029234,0.032589072,0.722259301,,0.758566164,1.264900971,0.364436719,0.959356144,1.053363562,1.198401016,0.019082339,0.064976734,1.003787786,0.363191363,0.110615928,1.40181587,0.62729095,0.471098023,0.0091406,1.173706582,0.170558164,0.432130015,0.180284366,3.356173764,0.897646548,0.80572608,0.414825483,1.438417326,1.076225553,0.203598316,0.059084347,0.578943461,1.080130423,1.218722317,0.820398031,0.069255807,1.260437787,1.167743082,1.057443559,0.175419244,1.064612914,0.192735688,0.091704439,1.173074499,0.022249251,0.442816213,1.219700555,1.251750882,0.913923415,1.008641129,0.638075269,1.30453834,1.112658834,0.336599497,1.253105594,0.934307873,0.841623444,0.92344331,0.661592115,0.066434537,0.888611705,0.061726414,0.016729325,0.013163648,0.008097274,0.046557931,0.011681045,0.024640349,0.023269471,0.8328508,0.54207601,0.028028301,0.063928189,1.451114298,1.815494475,1.316220102,0.681685335,0.016187962,1.221805251,1.135382626,1.487352578,0.010289559,1.1261768,1.189855903,1.211871121,0.348617968,1.007877352,1.061864681,1.101906085,0.082542946,1.218118615,1.32069541,0.647183575,1.079639454,1.122803443,1.322977374,0.942625449,0.949558247,1.163075381,0.277358537,1.260904905,0.925160556,0.046672004,0.022252999,0.783489061,0.023597301,0.559394833,0.587641516,0.788981249,1.070331294,0.456085532,0.822725906,0.852942839,,1.076084262,1.15925863,1.02000163,0.418968411,1.173782638,0.735643605,1.1766052,1.501936299,1.256050604,0.80416419,1.177494998,1.157775547,0.65291023,0.654892386,0.667832039,,0.903454361,1.172975993,1.47136626,1.243832068,0.905096464,1.048465327,,0.309322251,1.146553446,1.127944475,1.19939049,1.188872902,1.111917737,1.173923267,1.014366387,1.043317964,1.322914194,0.961175877,0.897807244,1.174499914,1.302588987,1.251763356,0.873351293,1.084036759,1.637292107,1.289793921,0.041126724,1.244488767,0.953836219,1.120858014,0.039581043,0.043133671,0.954794997,0.5996914,0.780858164,1.132563333,1.085230776,1.121696611,1.645203802,1.144258555,1.065008707,1.164126381
Arg,Ratio of Enrichment,Replica 1,0.017828016,0.101960454,0.903929535,0.576538776,1.102605161,,1.388506875,,0.049982654,0.852492898,,0.582514212,0.032475453,0.902451259,0.21455778,1.354734318,0.014327921,1.398215973,1.113103866,1.359303964,1.113545806,1.247855703,0.125236108,1.196633554,1.322351537,0.027355092,0.071594931,0.528906182,0.377841302,,0.09150474,1.136243372,1.128824575,1.210166068,1.162481338,0.128835651,0.038069161,0.01296641,,0.020999417,0.01026689,0.012129541,0.025210275,0.037375941,0.019652874,0.011638294,0.013110592,0.023796436,0.046104611,0.032408589,0.014321578,0.02675714,0.017797513,0.996778565,0.981391919,0.020349055,0.094640805,0.985873145,,1.121996946,1.44537888,,0.999350463,0.901128469,0.025456312,0.015780043,1.436102165,0.028811192,0.05090496,,0.713890794,,0.02177456,1.222584608,0.024656203,0.00983722,,1.503165397,1.44647406,0.951525683,0.138368069,0.783968041,1.114133783,0.302243135,0.021381093,,1.042461615,2.415286046,0.986791652,0.039333219,0.824104162,1.25060921,0.680678983,0.026214736,,0.200572604,0.03859816,0.943776091,0.026392258,0.178909759,0.760159434,0.849808731,0.569358086,1.034327176,0.38391441,0.996254169,,,1.496262025,0.979439066,1.451837322,1.096696787,0.969974301,1.012220796,0.023001905,0.013457332,0.010310917,0.026969283,0.030556886,0.049233956,0.022672219,0.022017712,0.028873311,0.989516997,0.661017754,0.009450468,0.476670679,0.445272144,0.396484533,1.176891046,1.676571917,0.031113116,0.893981144,1.403276735,1.843524878,0.01403642,1.272060359,1.156172607,0.286777969,0.0307295,0.865448271,1.347284065,,0.036888972,1.359194332,1.213343128,0.692234276,0.980313189,0.789458063,0.57914638,1.097698022,1.011509404,0.989415227,0.967332534,0.027347009,1.05932107,0.05979728,0.044362925,,0.025846433,0.152304793,0.049070172,0.678820508,1.330414377,0.304006457,0.731220593,,0.963164722,1.094875052,1.216513048,0.941955669,0.059795102,1.201937194,0.494372509,1.203013218,1.303169238,0.760197735,1.202483362,1.241048453,,0.731441998,1.159051328,1.512443563,1.402365532,1.175004909,2.645283918,1.143434446,2.370295077,0.986744186,0.389803511,1.18243361,0.187861751,1.108176196,1.117647878,1.14769418,1.189747518,1.004582681,1.104400918,1.102511417,1.389284986,0.932070555,1.175331343,1.132101496,1.154491794,1.252995191,1.065787698,1.073671532,,,0.987150749,0.044992187,0.115354135,0.964101284,1.25781809,0.039180544,0.03296807,1.197136493,0.877077801,0.271062636,1.144516314,1.124071489,1.174218324,1.136874766,0.857258336,1.025184539,1.004668473
K,Ratio of Enrichment,Replica 1,0.091144839,0.200557722,0.691139451,1.190201702,1.136437564,,1.251537303,1.604438513,0.067731486,0.690913622,1.094697486,,0.026487395,1.097926341,0.116403278,0.986196801,0.011237035,0.407130754,1.158400143,0.818266794,0.961208544,1.508640634,0.027795944,1.173385002,1.163731736,0.017631297,0.014552537,0.132340246,0.010336013,0.837031308,0.012518689,1.218973442,1.231873133,1.594851658,,0.25393376,0.162197046,0.05723934,1.069191753,0.092634945,0.198292207,0.007910684,0.005129363,0.06109709,0.011468556,0.007812415,0.006269222,0.012769084,0.013313291,0.042425994,0.017589355,0.024644313,0.025072205,1.03169111,1.07337237,0.026771916,0.018452636,1.103621242,0.36801497,1.103371261,1.312337477,0.952065172,1.459276841,1.133742815,0.043695466,0.007530485,0.604781437,0.197333001,0.007157972,1.226201899,0.759029708,1.143960733,0.029351728,1.097919022,0.008695797,0.015819177,1.582622501,1.706211243,1.268466085,0.755180214,0.043013729,0.848230732,0.917497816,1.08765972,0.008054165,1.315254777,0.708453534,0.928606955,0.914673668,0.00640137,0.752803696,1.064520798,1.242300212,0.018902632,1.068849688,0.276112149,0.009699392,0.998915482,0.008350289,0.150794356,1.105779338,,0.751182505,1.302148257,0.320020333,1.168340686,1.038247693,0.963928104,1.08969179,1.210274855,0.963370974,0.410996762,0.729897804,0.024834342,0.005510744,0.023941764,0.006289051,0.053846816,0.002604903,0.006964128,0.074666025,0.01991152,0.051328199,0.36436028,2.04332223,0.010029676,0.533283341,0.522309564,0.279794065,0.93407361,1.057513107,0.013955565,0.708948182,,1.625613074,0.02570907,2.78716495,1.294014201,0.339402668,0.037305491,0.838506679,0.826741425,1.309305365,0.040007712,1.248111601,0.868185532,0.742703718,1.283089787,0.656853636,0.313126608,1.03562117,,0.759211356,,0.06857098,0.923673081,,0.071244246,1.40646559,0.020907453,0.216021641,0.199018743,0.876648591,0.804600532,0.170973944,0.834524582,0.980856584,0.837508182,1.030866692,1.062406171,1.113962212,0.080786053,1.22820224,0.716928898,1.361175938,1.848120505,1.226578057,0.808835135,1.492045715,1.202186804,0.685557941,0.844486075,1.149708483,1.675764532,1.101611534,1.395690997,1.023017467,1.590503773,0.600719854,0.067925833,0.994591177,0.059718308,0.6179654,0.819163437,1.153974163,1.144504944,0.920053527,1.295963752,1.344468244,1.247752652,0.93255789,1.301340971,1.02475211,1.305130999,1.095176441,1.25359512,1.106156413,1.26436933,1.441956588,,0.041342471,0.427485863,0.719768683,1.249891321,0.080344544,0.047917638,0.891001525,1.123414953,0.127372953,1.081098051,,,0.708797331,1.151742915,0.926316283,1.160643836
STOP,Ratio of Enrichment,Replica 1,0.01996506,0.040929192,0.013912265,0.015019353,0.043322866,,0.019921406,0.015148015,0.011331521,0.237284243,0.026461405,0.094617023,0.014631498,0.021054322,0.024199746,0.01793529,0.044778475,0.028026449,0.041999821,0.130869881,0.087383057,0.035291773,0.095180773,0.221658121,0.111985482,0.024662721,0.127755318,0.123156685,0.00454063,0.014980795,0.006125824,0.011452259,0.040111461,0.031716297,0.127967962,0.030381613,0.0363797,0.031073414,0.018750973,0.150803279,0.033779297,0.013566632,0.024099928,0.039062074,0.020349055,0.023379159,0.007253742,0.03052803,0.019302764,0.155079423,0.032695243,0.017280248,0.040035583,0.035793722,0.023102286,0.021888659,0.138240956,0.027546817,0.03115814,0.03046451,0.034260117,0.037245233,0.027431942,0.044143319,0.034562123,0.057944313,0.01606567,0.028369586,0.043289232,0.019549172,0.021033424,0.01310119,0.015097611,0.013545455,0.01491461,0.017227052,0.013614556,0.009170584,0.007987107,0.007840731,0.023091581,0.04438332,0.112181187,0.011606879,0.054320195,0.013585757,0.071034101,0.006358551,0.055524801,0.059214757,0.052136847,0.072577956,0.04971971,0.068396735,0.038136889,0.060275724,0.012132077,0.026332504,0.007081418,0.067101417,0.017523026,0.147207247,0.060345546,0.011565053,0.07117881,0.03512017,0.052210352,0.025740566,0.055191478,0.05693573,0.015128967,0.011362524,0.017222663,0.019360558,0.01253543,0.013868935,0.036990366,0.030543912,0.041834156,0.005263965,0.035429523,0.021574369,0.014390115,0.016694826,0.014613512,0.011885323,0.01079174,0.082040819,0.018449581,0.156926647,0.012590774,0.024313357,0.104711747,0.083848095,0.11995514,0.012325192,0.012330122,0.023622422,0.098218212,0.110977209,0.135236527,0.006116781,0.026313918,0.018998325,0.022125881,0.071367008,0.006964128,0.015241301,0.049538348,0.01497515,0.065109609,0.076680075,0.102371933,0.131834021,0.024731367,0.018311879,0.063431276,0.033228852,0.108161605,0.073457009,0.165604104,0.075415047,0.656004958,0.070041789,0.356618361,0.066852179,0.04814501,0.025083745,0.068630317,0.081593936,0.107162053,0.071110068,0.041671829,0.08398957,0.048121384,0.019704962,0.071574133,0.12204776,0.058660708,0.050082629,0.087913664,0.172668067,0.251887465,0.124219753,0.042475141,0.247363466,0.116140515,0.047326725,0.045049392,0.077794501,0.064527132,0.170555579,0.271013954,0.075100328,0.051865532,0.066821103,0.03683424,0.060255433,0.142962478,0.110390538,0.030339387,0.086066503,0.074298622,0.070058307,0.081523193,0.155083655,0.099310206,0.037975939,0.042161672,0.129739244,0.070625529,0.069670446,0.222559907,0.027176038,0.079194972,0.039046654,0.110132424,0.699916457,0.065402899,0.145350712,0.143425425,0.186285324,0.123164594,1.148640713,1.001823287,1.012522343
Trp,99% Confidence ,Replica 1,0.526782907,0.168228776,0.041399815,0.042188426,0.016339982,,0.085799135,0.027740305,0.52452675,0.553689789,0.053878156,,0.061731832,0.082387989,0.023379405,0.023258874,0.035848174,0.032938469,0.030382816,0.022502715,0.046069598,0.047780273,0.095428439,0.031030379,0.028758521,0.59805361,0.263498009,,0.311579704,0.2326003,0.279353653,0.021731849,0.017526431,0.021077364,0.018396129,0.249608929,0.06149274,0.317932243,0.147184007,0.114635646,0.540959396,0.025442679,0.530117145,0.534914831,0.288890644,0.59805361,0.59805361,0.527432885,0.092839854,0.031162729,0.171070798,0.26746067,0.201339351,0.089660795,0.03217873,0.26746067,0.062381093,0.023901242,0.03054927,0.0598111,0.068228616,0.033793365,0.025114053,0.031633764,0.244723444,0.534914831,0.031233705,0.163996843,,0.035704351,0.054433644,0.2326003,,0.127956467,0.567363331,0.56434685,0.089706399,0.067503312,0.062878739,0.56434685,,0.0397301,,,0.301660525,0.117295466,0.050219173,0.06502893,0.052068359,0.129373766,0.032731372,0.02988515,0.036066304,0.166104994,0.026660303,0.147625693,0.071062426,0.026356852,0.056655558,0.042160195,0.042836167,0.037579521,0.04365211,0.021414986,0.070650156,0.029649858,0.024959646,0.200273326,0.021012772,0.062771164,0.09855619,0.063204227,0.073549311,0.130914983,0.325829347,0.026472644,0.54304278,0.376233497,0.277868445,0.259628631,0.534622842,0.139448601,0.218509893,0.061139002,0.07361833,0.521738012,0.241522382,0.54304278,0.02270929,0.033755155,0.063657682,0.248281861,0.044681887,0.033689427,0.029348386,0.320059998,0.032004958,0.028453633,,0.030632685,0.021432422,0.078210955,0.026777561,0.053623554,0.032369063,0.023279355,0.287354731,0.028873033,0.029111572,0.032409428,0.035985713,0.058307614,0.035601914,0.038461073,,0.023282047,0.600485499,,0.033702288,0.108174402,0.600485499,,0.10516623,0.055365619,0.569670402,0.038996405,0.050088352,0.084286159,0.045138983,0.062363396,0.304506916,0.379782962,0.09968676,0.065838876,0.04864381,0.066988724,0.045420485,0.197034193,0.058007685,0.076017502,0.050142491,0.062544964,0.262078538,0.031875131,0.026703004,0.0394745,0.02321589,0.045437117,0.065294219,0.214380811,0.053824334,0.112457566,0.051793732,0.032652828,0.045873884,0.026433792,0.039330672,0.080769258,0.04106186,0.044606648,0.173622317,0.036065402,0.035200226,0.032549613,0.044999092,0.036347032,0.036961588,0.161946573,0.152380096,0.041492557,0.55594124,0.128899629,0.03453648,0.027749267,0.346692758,0.32307945,0.066654359,0.106506131,0.026524353,0.046512697,0.028291055,0.08124292,0.041967969,0.034192951,0.015492789,0.080471276
Phe,99% Confidence ,Replica 1,0.182215105,0.0212206,0.014770018,0.012615764,0.00740564,0.097909285,0.016952508,0.025972292,0.026782442,0.019612838,0.040526643,0.039327017,0.020167769,0.024504595,0.009548906,0.00945521,,0.022941376,0.015721916,0.017845582,0.019070025,0.026233589,0.042434043,0.019143796,0.026605902,0.076537361,0.030774887,0.0700822,0.145316164,0.139474493,0.184566651,0.009114778,0.008890052,0.009727664,0.009715848,0.05559782,0.024275682,0.123815078,0.12466326,0.014632804,0.241572288,,0.034936856,0.276849425,0.142482779,0.062665525,0.066823286,0.032248149,0.102915955,0.015541061,0.024870539,0.052894064,0.120086788,0.033570316,0.015964501,0.049806174,0.020377714,0.017389501,0.015449653,,0.045743683,0.013503644,0.014416338,0.02583289,0.1529752,0.310914129,0.014262492,0.021657493,0.145590536,0.020886005,0.024555651,0.162307951,0.229001808,0.019492508,0.054552032,0.114026239,0.074062528,0.033813899,0.018226368,0.020215368,0.56434685,0.033467795,0.080528722,0.090426441,0.064770708,0.037028624,0.019704945,,0.022404419,0.028873206,0.022394257,0.011534521,0.021597243,0.020472682,0.020586154,0.019923209,0.073016902,0.016121596,0.076411892,0.008442397,0.01912898,0.011245398,0.021774054,0.013360089,0.01320742,,0.011944518,0.041656824,0.009761435,0.014655049,0.028724778,0.02620602,0.051417811,0.210688808,0.035817742,0.01382859,0.220302092,0.311497797,0.018783003,0.030815247,0.538083294,0.028388392,0.020462215,,0.019235268,0.107989618,0.258942924,0.162984074,0.012343868,0.012923203,0.045019769,0.08691911,0.019976998,0.015399051,0.021135138,0.084626118,0.015305683,0.010927285,0.011727417,0.016195267,0.010047049,0.022379596,0.014590166,0.013327631,0.02244644,0.010760667,0.063005565,0.017673529,0.015959816,0.025209334,0.014206964,0.020388181,0.017841343,0.052620261,0.548165332,0.017584075,0.543159049,0.569670402,0.043604293,0.017866547,0.09215913,0.539665942,0.105079014,0.042474002,0.33309144,0.024410677,0.014684854,0.023101651,0.014268688,0.029362011,0.048516358,0.319225325,0.02271919,0.013694144,0.017305542,0.069219592,0.028222601,0.026038301,0.020494904,0.031276885,0.033225532,0.035230631,0.049298049,0.030717837,0.010388687,0.015909976,0.013306072,,0.039732173,0.017870397,0.022049417,0.018966436,0.023763694,0.018801714,0.023575164,0.011912417,0.014332195,0.032651418,0.011400842,0.027973184,0.084548773,0.030123772,0.01209303,0.011780185,0.033441269,0.012110734,0.018355017,0.025859734,0.053997721,0.01873276,0.600485499,0.086806514,0.016561121,0.025640542,0.123504437,0.338721652,0.02097205,0.153501347,0.018217277,0.048977826,0.019369286,0.026154641,0.040886326,0.0184573,0.011846305,0.050034455
Tyr,99% Confidence ,Replica 1,0.118592721,0.020340423,0.020119434,0.023128736,0.010270954,,0.026241845,0.018265625,0.03643709,0.024563464,0.038648154,0.090237242,0.085880563,0.026556457,,0.014846481,0.01869923,0.01892302,0.016652829,0.02226194,0.013284616,0.029536226,0.055025014,0.015198526,0.017375283,0.250801583,0.097122541,0.357407437,0.062572019,0.149706973,0.204692904,0.01254459,0.013015128,0.014912983,0.01746595,0.031738662,0.028385767,0.083826739,0.078273437,0.024497048,0.260326974,0.020080669,0.216740148,0.246781852,0.075664334,0.103142919,0.166683182,0.223576193,0.031023345,,0.091212934,0.324341587,0.139132164,0.027866138,0.032743473,0.316461401,,0.016413912,0.016126348,0.017202865,0.049642001,0.024177588,0.018527656,0.022244531,0.143730933,0.185266374,0.016161893,0.027125721,0.307696653,0.030528783,0.028548791,0.526216142,0.226046775,0.01846163,0.357407437,0.051755733,0.100071814,0.049284032,0.026602301,0.032026761,0.259629465,0.034312801,0.035633723,0.072528725,0.086124378,0.044792115,0.038626029,0.075685975,0.033374931,0.118238468,0.022057454,0.018096959,0.015532524,0.055488156,0.0252064,0.033474498,0.076310965,0.021182492,0.080361373,0.020554179,0.017820207,0.01417356,0.018834339,0.018695198,0.018802279,0.016548576,0.014467055,0.092029493,0.014525099,0.013825102,0.032030022,0.033547241,0.031671756,0.103234167,0.080160491,0.028051938,0.528558705,0.23136367,0.039137296,0.308665766,0.317974825,0.065219802,0.123156842,0.02240637,0.028974897,0.088374574,0.132058775,0.083246964,0.019324593,0.019370426,0.061164869,0.21722223,0.018779135,0.014771042,0.019915459,0.138472905,0.019308352,0.01510896,0.021566029,,0.012914006,0.017061951,0.014555932,0.045972486,0.026960498,0.014025407,0.17616542,0.021107605,0.016275127,0.031143598,0.020367141,0.037038729,0.022857443,0.037263856,0.13980107,0.021789203,0.316485006,0.600485499,0.026282377,0.042381021,0.304506916,0.569670402,,0.044424936,0.224486045,0.018174227,0.025511369,0.028284613,0.022054405,0.025970006,0.040071033,0.251439107,0.020910699,,0.038442688,0.071052878,0.023538251,0.034891852,0.021997177,0.025106969,0.028465213,0.026900433,0.039894764,0.025676654,0.016256376,0.024254323,0.016391487,0.017009787,0.04250103,0.023118004,0.022569735,0.038751214,0.023353564,0.016109399,0.024975178,0.020474353,0.014921789,0.035014242,0.019708058,0.02975931,0.034504571,0.028547678,0.018188964,0.017487008,0.028910819,0.016149001,0.012715405,0.0253207,0.122878045,0.031738697,0.600485499,0.100109928,0.018255619,0.022201254,0.537089883,0.268548831,0.023788552,0.067427374,0.017127213,0.029964249,0.017026207,0.024973724,0.036973865,0.014787361,0.010254954,0.023127362
Pro,99% Confidence ,Replica 1,0.172807731,0.024002531,,0.018459175,0.008335423,,0.015051405,0.01864831,0.056283496,0.023996342,0.023268905,0.063782883,0.04918658,0.018055482,0.117820015,0.016087778,0.071246461,0.07373871,0.052009859,0.010864116,0.009230915,0.017733785,0.061047376,0.020330799,0.047568857,0.052398288,0.244156254,0.100994638,0.057001418,0.010556845,0.203150714,0.058131891,0.011182352,0.009828221,0.010668555,0.016607676,0.096711262,0.059378801,0.055115315,0.049290132,0.162312724,0.101897756,0.240642704,0.208288366,0.100369406,0.059898495,0.125139529,0.05056034,0.131514603,0.127151577,0.101945037,0.113264026,0.062397847,0.163087602,0.086925339,0.047617065,0.207846032,0.032887362,0.066575939,0.03394446,,0.012188377,0.047203312,0.009863888,0.011886965,0.164292187,0.015831438,0.188453033,0.122014311,0.031281781,0.166431447,0.089862845,0.112218229,0.060288072,0.057272102,0.171269945,0.096372767,0.320059998,0.018703532,0.051379409,0.067791016,0.133093485,0.104467748,0.063360693,0.145102696,0.060591484,0.042264798,0.594873959,0.030087422,0.083961654,0.012012132,0.010873595,0.013850481,0.080690362,0.042939547,0.041956964,0.024169244,,0.019880275,0.012734712,0.012958043,0.025962159,0.013547197,0.012143831,0.013123067,0.010902882,0.011606772,0.012196314,0.012445508,0.008809841,0.017508272,0.022986988,0.031028371,0.11751325,0.084492441,0.08512829,0.520012326,0.209972998,0.165307934,0.166336581,0.14296681,0.522482863,0.151475189,0.522482863,0.06456347,0.165307934,0.183231972,0.146401519,0.015331649,0.01611187,0.081373386,0.143795816,0.163984693,0.011889193,0.111244486,0.20257951,0.050509022,0.021512315,0.125515557,0.167602102,0.029033377,0.011910633,0.012076845,0.11186371,0.012855193,0.011443578,0.056893389,0.01201979,,0.092931364,0.017193013,0.018134399,0.060516106,0.071037569,0.121375558,,0.529577471,0.073966859,0.10652817,0.254767429,0.175560685,0.379784339,0.55594124,0.379782962,0.112453201,0.012393123,0.017514871,0.022450066,0.059352745,,0.022857338,,0.013705156,0.038338743,0.014746322,0.024476639,0.020182518,0.020437633,0.014767069,0.01875622,0.014739677,0.02363783,0.02711643,0.019983109,0.012896909,0.047389911,0.012899281,0.082405654,0.151145037,0.213051642,0.10445519,0.019232334,0.014015951,0.010175208,0.014141617,0.013561416,0.010993137,0.017205682,0.015807232,,0.017833508,0.014427642,0.213470692,0.012512626,0.258779912,0.010261086,0.009272784,0.076838105,0.026259073,0.019493431,0.160957753,0.174919491,0.067690019,0.044176799,0.162968977,0.166340429,0.131696329,0.085704658,0.120517282,0.161018783,0.01149809,0.019226891,0.021952145,0.009773963,0.008002144,0.015058074
Met,99% Confidence ,Replica 1,,0.074787111,0.03936874,0.022916202,0.014932815,0.14639061,0.020021419,0.149273597,0.034235444,0.033205207,0.043853721,0.040370511,0.037227011,0.015733985,0.064707643,0.016531688,0.037341777,0.034193667,0.022476635,0.020051979,0.021954495,0.019817259,0.038558446,0.016704459,0.015105978,0.103858943,0.046545685,0.06620639,0.144909847,0.064888838,0.321770734,0.025411087,0.021615007,0.015830477,0.01561782,0.048273238,0.027861039,0.126912694,0.021517286,0.02510681,0.240642704,0.018584254,0.02502457,,0.141096115,0.242813311,0.044660893,0.039701835,0.027879946,0.021981265,0.049756337,0.023963462,0.23902852,0.033800025,0.024616662,0.025184323,0.026832348,0.024087142,0.021694869,0.022180375,0.025455758,0.023524091,0.023642735,0.022305045,0.135592228,0.21811261,0.024264978,,0.311579704,0.097271943,,0.029731901,0.056876091,0.024584855,0.023010158,0.343452557,0.025648352,0.045243038,0.059670652,0.034459826,0.041424289,0.042500332,0.045544583,0.031118759,0.087302185,0.042128545,0.032776997,0.03376344,0.038014738,0.023356736,0.033012716,0.021751419,0.019407705,0.02275335,0.01974999,0.020703764,0.06635959,0.018491463,0.046901444,0.016992367,0.028677952,0.025174191,0.016585187,0.013455525,0.026391085,0.020676483,0.01890811,0.031941666,0.015834,0.036708148,0.021486152,0.027167109,0.021504224,0.100105468,0.024230262,0.016659238,0.35550929,,0.021522662,0.046609697,0.335555961,0.035108551,0.022404562,0.03224014,0.018790524,0.114853623,0.153808059,0.314778892,0.020802119,0.029897426,0.019631337,0.045629173,0.029498967,0.018743544,0.024137105,0.032630972,0.023714382,0.017908077,0.021659241,0.016371559,0.017565213,0.02220678,0.019103096,0.021030018,0.019626272,0.017995735,0.022745135,0.035242982,0.019900222,0.02151129,0.026482593,0.028160369,0.030957474,0.023377934,0.55594124,0.025891929,0.569670402,0.050925397,0.036394081,0.022313831,0.066862827,0.316485006,0.059223005,0.032089595,0.095470903,0.017641066,0.023238766,0.05032085,0.021716822,0.026475016,0.035901596,0.033346981,0.038181829,0.045301344,0.02782176,0.041611622,0.038150317,0.041096149,0.023058499,0.065710843,0.026589416,0.034077448,0.026897149,0.026258505,0.023050898,0.024497616,0.017706455,0.019196402,0.042858532,0.030795325,0.033659141,0.022694085,0.029069455,0.016403878,0.025564093,0.01981331,0.019835697,0.031274589,0.024436272,0.018169811,0.02371066,0.021157971,0.029829569,0.019137758,0.031473657,0.021057128,0.017305022,0.017728091,0.044782679,0.030809125,0.379782962,0.03415474,0.017529497,0.021945393,0.082387983,0.32890636,0.035931156,0.034748536,0.014887692,0.027741319,0.020005522,0.027366655,0.026550904,0.018665235,0.014091216,0.028013672
Ile,99% Confidence ,Replica 1,0.041274679,0.017873087,0.015315022,,0.006944205,,0.016473477,0.018249734,0.01839919,0.016820066,0.017081894,0.02003931,0.011375044,0.038248764,0.025453508,0.010014742,0.043547373,0.015398056,0.012317795,0.014269523,0.008119457,0.010557332,0.014262659,0.010537951,0.009910418,0.059476221,0.015625315,0.024904875,0.085761406,0.015439796,0.135409131,0.011798949,0.010404284,0.009405788,0.00924297,0.063194913,0.068198244,0.081240976,0.008806447,0.01525788,0.172185363,0.032709353,0.014469527,0.187833867,0.113162241,0.035656319,,0.013562171,0.032822838,0.013923947,0.011823727,,0.046941189,0.014419793,0.016789596,0.011053631,0.0183155,0.013910803,0.015169329,0.012384987,0.027821091,0.0132526,0.02050501,0.032619265,0.084256106,0.114666264,0.011109144,0.020837338,0.086271849,0.043682315,0.014379466,0.037770644,0.053669669,0.013532849,0.017271008,0.015735661,0.150675638,0.034975974,0.01796417,0.046564963,0.024636529,0.026369756,0.020381288,0.02330451,0.15477729,0.021462148,0.018297847,0.02208176,0.028630106,0.015111988,0.013098202,0.00985824,0.009128424,0.014637164,0.013323281,0.015414449,0.039480547,0.011650467,0.054570596,0.008057553,0.013308682,0.010023745,0.009953272,0.01244603,0.012408647,0.009648123,0.010355244,0.016291618,0.010032003,0.019673094,,0.014213535,0.015143821,0.051272749,0.020308575,0.010592063,0.239651689,0.188847228,0.013018347,,0.239092345,0.053795572,0.009399143,0.023429646,0.012985921,0.095136304,0.096809918,0.204937435,,0.017114434,0.013922161,0.011674325,0.02332393,0.009777483,0.01175038,,0.011237734,0.010072321,0.010410109,0.013102382,0.01055541,0.012240371,0.013524281,0.010542756,0.012958661,0.011033844,,0.020506265,0.013746321,0.018583625,0.014439177,0.020517909,0.017053312,0.014910344,0.316485006,0.024012539,0.147188179,0.532272664,0.01867201,0.014984954,0.102436692,0.086458146,0.027466683,0.024820411,0.163570963,0.011956008,0.016861309,0.023635971,0.012916775,0.014103207,0.026968613,0.034548439,0.012004807,0.033880742,0.016038402,0.031145002,0.016194564,0.021434589,0.013362331,0.019355819,0.017547697,0.01949627,0.019587344,0.017147828,0.010841056,0.016987843,0.011207469,0.013765248,0.029395161,,0.014913871,0.011584212,0.015851473,0.008691486,0.017607935,0.01141765,0.010123306,0.022518787,0.011228882,0.01242309,0.014973359,0.018150584,0.014845371,0.010144375,0.26457004,0.010486089,0.014864297,0.010714369,0.024881452,0.017767758,0.150916157,0.092132041,0.010200207,0.010682991,0.019245925,0.251821902,0.01546924,0.021868461,0.009851419,0.017362244,0.011224539,0.015709234,0.022664491,0.011056815,0.008489524,0.014664814
Leu,99% Confidence ,Replica 1,0.037399765,0.012579715,0.009576565,0.007946896,0.004884769,0.196234758,0.009097297,0.014927859,,0.011925042,0.02135356,0.014454561,,0.008511825,0.019688808,0.00630118,0.022883032,0.010506478,0.008156469,0.00865424,0.008934429,,,0.010143631,0.009377525,0.021661574,,0.0287255,0.03657448,0.015984956,0.082934206,0.005840604,0.005765201,0.005602198,0.006161102,0.051447837,0.017198463,0.05200403,0.010290913,,0.089903527,0.013160592,,0.156250806,0.073191759,0.093368172,0.007732569,,0.021373474,0.006647096,0.008159905,0.009858607,0.05723618,0.010025548,0.007613269,,0.010458266,0.008039759,0.007861046,0.009095283,0.014557867,0.008373358,0.008049717,0.010016067,0.081989954,0.109768109,0.007123085,0.013478236,0.082143367,0.031402075,0.009784189,0.015614947,0.126687146,0.009270165,,0.097407422,0.074424788,0.013353088,0.012435191,0.011646428,,0.01602584,0.032155382,,0.145718918,0.02001889,0.011008807,0.027711268,0.01365243,,0.015692038,0.006756633,0.009424692,,0.009608403,,0.032051222,0.008506374,0.035255954,0.006610082,,0.007089861,0.010186606,0.006428143,0.007925807,0.007466415,0.007722778,0.009000616,0.006281228,0.018240398,0.010698239,,0.014756467,0.020262818,0.010388984,0.006883032,0.112976214,0.157847471,,0.011049139,0.139309409,0.037174511,0.006009031,0.013948713,,0.065235989,0.106526322,0.08833042,0.007404698,0.009789885,0.020906008,0.011704087,0.031545935,0.008140897,,0.009875482,,0.006515068,0.006576445,0.008015894,0.006998421,0.011135406,0.007165023,,0.009948956,0.007023381,0.024489203,0.009869725,0.008011199,0.011586041,0.008751791,0.011762092,0.023819842,0.015626674,0.14263085,0.010176835,0.152754554,0.198433996,0.015436098,,0.059026242,0.13845502,0.03142414,,0.023562785,0.011455051,0.009987174,0.01439376,,0.011849874,,0.02860171,0.009462684,0.02003952,,0.020707069,0.01327538,0.012242654,0.011147491,0.01588493,0.011072268,0.013818461,0.026464552,0.015335425,0.007005765,0.010119924,0.008210916,0.010957001,0.019463766,0.0098741,0.009659805,0.007528249,0.008263764,0.008865967,0.009718821,0.007361055,,0.015013365,0.007288127,0.015286557,0.015446009,0.011982292,0.010667837,0.007072475,0.047906433,0.007614148,0.011636457,0.006994441,0.011618492,0.009909914,0.244627274,0.100609535,0.007948412,0.010952744,0.013612399,0.144958153,0.010965884,0.033417728,0.00831337,,0.008714959,0.012745677,,0.009710934,,0.014273952
Val,99% Confidence ,Replica 1,0.056015922,0.024086053,0.011511381,0.013204956,,0.089081824,0.022458852,0.019524553,0.031423996,0.019226076,0.018888324,0.031991602,0.010261713,0.021419534,0.038293988,0.00971913,0.041906464,0.013483107,0.010114871,0.010800194,0.008599819,0.011436655,0.01445068,0.009848662,0.00850932,0.010658088,0.015519525,0.015949204,0.083407407,0.01364479,0.171070798,0.00779489,0.010009503,0.009526394,0.010750084,0.067118279,0.128661764,0.047925417,0.00877772,0.016253996,0.086564727,0.025042289,0.015398643,0.087712869,0.053284064,0.023031374,0.013514443,0.013504363,0.021971323,0.013335645,,0.017275711,0.011713873,0.021621681,0.011411992,0.008887151,0.018814302,0.01111041,0.016970264,0.012621599,0.021731518,0.012927617,,0.013425712,0.020388023,0.090089631,0.012287028,0.021327022,0.118141318,0.020516069,0.013497412,0.021483813,0.061312533,0.015156095,0.027117804,,0.07955719,0.04054455,0.024890616,0.023764472,0.022132233,0.018039393,0.024324957,0.029418479,0.035664623,0.019915451,0.021985906,0.031402075,0.024573534,0.013985199,0.014436053,0.012715513,0.008924527,0.01374278,0.0133351,0.011595593,0.035567048,0.010522051,0.032621194,0.009818032,0.012318332,0.011164456,0.010090838,0.012696207,0.013898218,0.009809699,0.013119415,0.012915923,0.008947171,0.012313327,0.011120143,0.019503885,0.013096892,0.049035442,0.019677993,,0.062410714,0.069389453,0.01095459,0.013036919,0.117444404,0.016692319,,0.015551384,0.013547036,0.057300992,0.124474253,0.075067783,0.013391628,0.014225607,0.012158965,,0.016931101,0.00851456,0.010140246,0.009961408,0.011671175,0.010353832,0.012081603,0.012049986,0.008783174,0.01199907,0.016440489,0.014308621,0.010785795,0.011727417,0.015032954,0.01600973,0.012861678,0.015029694,0.01502288,0.016357169,0.011827944,0.013351889,0.078043791,0.012392088,0.132343224,0.169183888,0.014105331,0.017541423,0.062761467,0.07622602,0.026628626,0.02281476,0.124777268,0.009635406,0.014562067,0.021550791,0.013135045,0.012052597,0.02110278,0.012170066,0.013780832,0.032703874,0.015780434,,,0.026131431,,0.01845503,0.019447482,0.023369627,0.018959959,0.014766466,0.010516975,0.01522037,0.009236417,0.013037026,0.022211516,0.01633772,0.016255515,0.014055607,0.017663064,,0.014711981,0.014616938,0.012694477,0.019011796,0.012257442,0.01157709,,,0.01362138,0.012394167,0.121631399,0.012793976,0.010782507,0.011098429,0.01607188,0.019208322,0.045138983,0.063761485,0.008800207,0.010480396,0.011093415,0.03657691,0.018710046,0.030483297,0.008695968,0.016293726,0.010241335,0.014070903,0.016076854,0.008751208,0.00704108,0.015290722
Ala,99% Confidence ,Replica 1,0.345288326,0.015847287,0.016484209,0.032027576,0.010705358,,0.020746816,0.015272087,0.03049129,0.03479711,0.018177558,0.029348327,0.013887266,0.012074598,0.076126132,0.014062314,0.100181309,0.016805783,0.011903293,0.023709447,0.010864703,0.019996832,0.02317026,0.012946074,0.010662529,,0.045358583,0.016852196,0.04084955,0.011925364,0.042792358,,0.017623756,0.013443315,0.01371054,0.015888747,0.023115756,0.046800994,0.017520196,0.067073456,0.085864687,0.066330419,0.133784858,0.132764583,0.167827141,0.017941959,0.046995658,0.041870711,0.011087118,0.019010029,0.015983266,0.072098767,,0.046454917,,0.034133753,0.034647531,0.013443622,0.018332712,0.018769915,0.028631861,0.020337101,0.022355598,0.016111078,0.050374434,0.017756068,0.015461103,0.023069727,0.081824971,0.026450526,0.018705222,0.02276784,,0.029088725,0.028458206,0.021317111,0.033744395,0.024460106,0.044473769,0.021304587,0.044396554,,0.02950455,0.078149178,,0.018802523,0.040272455,0.041249653,0.024081489,0.017672558,0.014315498,0.016137119,0.010537666,0.032337576,0.020005751,0.026882887,0.013670625,0.012802696,0.019919652,0.015328242,0.014791287,0.015119199,0.014475852,0.01400081,0.016272791,0.014845556,0.014318233,0.018568951,0.015325446,0.008883597,0.013583779,0.019804928,,0.018113873,0.024773179,0.017851706,0.108619202,,0.031579757,0.030704963,0.019155097,0.01573235,0.014971827,0.015954742,0.016076314,0.071327166,0.022687428,0.045419377,0.014639816,0.017428904,0.016977376,0.016495229,0.021032098,0.010650682,0.0121949,0.022092767,0.013569653,0.013381936,0.015279949,0.041565842,0.010694354,0.013226347,0.013698947,0.050106773,0.012307327,0.013360672,0.019848341,0.019467143,0.016516421,0.014999925,0.024896781,0.021484888,0.014503262,0.015300522,0.059480271,0.013377111,0.314436416,0.062568469,0.017902204,0.062465437,0.079989751,0.139086217,0.029524195,0.025864993,0.054397078,0.01288097,0.02011951,0.058250561,0.017558617,0.013391333,0.022958957,0.01467222,0.022229242,0.062567268,0.018876878,0.024965069,0.021633885,0.029553281,0.014875892,0.023578198,0.027702313,0.048319906,,0.017588095,0.016488587,0.023744411,0.009901839,0.020339295,0.019529296,0.0211543,0.020048618,0.019927347,0.029899541,0.011124249,0.01885549,0.018706499,0.02286894,0.022614425,0.019875444,0.016719351,0.01563876,0.016636719,0.01392409,0.019257854,0.016746947,0.014735974,0.011918243,0.023283247,0.017587949,0.023618938,,0.013888119,0.010625599,,,,0.026175382,0.035824724,,0.020976607,0.012513986,0.0182586,0.017872126,0.010267031,0.008109288,0.0175984
Gly,99% Confidence ,Replica 1,0.171143072,0.022025525,0.016653868,0.030370062,0.011539425,,0.02224604,0.012501933,0.183560718,0.033640585,0.020523435,0.048127577,0.073454963,,0.117978076,0.025039785,0.308834263,0.016704839,0.013408404,0.016876903,0.015019348,0.018577797,0.062116001,0.014089612,0.011350784,0.019326959,0.084630138,0.127876145,0.137347466,0.015653077,0.029174751,0.012623827,0.013598291,0.012119466,0.013840147,0.03540708,0.023471865,0.047779577,0.021691876,0.079365313,0.062214443,0.08646476,0.314114202,,0.067850171,0.019234241,0.136621221,0.11333049,0.012404786,0.019281614,0.046121116,0.206352785,0.012338449,0.025383792,0.012781295,0.08053275,0.058881181,0.012238775,0.018114893,0.036040531,0.026325469,0.015172121,0.022930869,0.016628702,0.059776813,,0.019012184,0.13688363,0.051287775,0.025649073,0.045631378,0.034804098,0.045111822,0.024628264,0.213511671,0.046762526,0.050805063,,0.026381408,0.034986812,0.182432638,0.023021787,0.024274294,0.54304278,0.016472934,0.01850578,0.033263558,0.128986811,0.02118244,0.137761893,,0.015635718,0.011155329,0.09486633,0.015345765,0.034418087,,0.013810913,,0.014775971,0.0125766,0.023760264,0.013367053,,,0.014825235,0.01747884,0.017637214,0.012781584,0.010060704,0.022427362,0.026314138,0.015762016,0.014852915,0.024840198,0.082859327,0.074245863,0.024747904,0.126237983,0.322617183,,,0.096871386,0.020742009,0.103063899,0.0717297,0.02773347,0.017119479,0.015508568,0.018202553,0.019742996,0.077195053,0.018686999,0.010263768,0.049674023,0.099667603,0.016761653,0.012717487,0.069504787,0.186835245,0.009800915,0.015473639,0.020894175,0.114289763,0.012870994,0.014245876,0.041911197,0.017019132,0.020333235,,0.019590271,0.022376915,0.013160086,0.024618396,0.060881718,0.015361238,0.251821902,0.062328051,0.017591931,0.317748491,0.061629335,0.066628976,0.049479707,0.040345127,0.079948407,,0.02056665,0.043688511,0.018226926,0.01727836,0.021553068,0.015279064,0.019940976,0.126191983,0.018686896,0.032287442,0.022029547,0.040630321,0.015384471,0.027113945,,0.0308681,0.019658021,0.016380905,0.012831625,0.01636785,0.010416548,0.114307427,0.028975176,0.024821207,0.02108434,0.021444992,0.029486442,0.010655927,0.016172612,,0.019104027,0.023112271,0.018733401,0.017865776,0.020467802,0.018047342,,0.017491318,,0.015322209,0.013533935,0.026638672,0.018744038,0.020747947,0.019229266,0.016059503,0.010878682,0.012341034,0.012532246,0.017194235,0.033624306,0.040409026,0.009504503,0.016523536,0.011445875,0.018518956,0.017554304,0.010699513,0.009295507,0.018890964
Cys,99% Confidence ,Replica 1,0.229001808,0.032612451,0.015901518,0.03025821,0.010420481,,0.021414069,0.016766492,0.199355622,0.040347332,0.027717599,0.042023298,0.026971172,0.015263618,0.040838012,0.015561415,0.054286296,0.035341323,0.017935955,0.023446723,0.022779176,0.044306414,0.037715267,0.016686065,0.017041654,0.021539394,0.021059766,0.021967788,0.092366779,0.017182727,0.091975005,0.017513727,0.014318335,0.012975172,0.016004413,0.033714642,0.047894302,0.131614682,0.017907806,0.02644164,0.20424999,0.025919384,0.155100399,0.071884314,0.21967782,0.017526084,0.031281295,0.057064214,0.014264132,0.019628425,0.018594611,0.042909535,0.012774817,0.034802321,0.017105496,0.020599085,0.025684489,0.02022817,0.023384061,0.017726744,0.044206383,0.017233767,0.029212534,0.019333326,0.059619478,0.05277353,0.017099939,0.028724993,0.0700822,0.029857314,0.029325006,0.029011647,0.03612542,0.023140268,0.073079852,0.04224963,0.034628522,0.025389752,0.027290484,0.031377997,0.070465501,0.032032949,0.039354338,0.095695851,0.047161653,0.038422913,0.026530381,0.055156487,0.030093483,0.05933513,0.025655095,0.018739004,,0.032022624,0.019000576,0.024167843,0.035101156,0.022112997,0.025703781,0.014116405,0.019678587,0.016576384,0.022744647,0.01941275,0.027651248,0.017276263,0.018303505,0.021252183,0.014432648,0.019347359,0.021650995,0.036086739,0.018800269,0.021359148,0.021920729,0.026722564,0.227784309,0.024210892,0.023315729,0.033144386,0.034612547,0.019630087,0.017565157,0.030511028,0.025272632,0.068718214,0.03602387,0.021179128,0.020750403,0.024277536,0.036246411,0.019083731,0.021485553,0.01548038,0.021312396,0.018673261,0.022819704,0.014177339,0.02034839,0.022954127,0.013505223,0.024778501,0.021629143,0.03685564,0.021569694,0.015502867,0.035846458,0.02549131,0.021332566,0.024000583,0.020935007,0.031244486,0.026558698,0.038963057,0.034538644,0.019786184,0.424609994,0.072223608,0.026578523,0.025897317,0.065293725,0.315391728,0.053114149,0.041284912,0.190645732,0.02277221,0.024739559,0.032419597,0.022344578,0.026168084,0.062019133,0.023352193,0.02286962,0.030445191,0.031102357,0.051117688,0.03359379,0.04042969,0.026330818,0.049668694,0.030013,0.029539808,0.063858629,0.032256091,0.021685972,0.02620571,0.016391142,0.031731573,0.034610908,0.025319173,0.02472983,,0.030917333,0.023125043,0.028516531,0.017685619,0.015076683,0.034236031,0.021364002,0.028904215,0.070101214,0.042612279,0.015257642,0.018117907,0.025021826,0.014425727,0.019638666,0.025235666,0.022354081,0.035942246,0.033598046,0.022097056,0.019111222,0.028113746,0.018747444,0.030869433,0.034418122,0.121849702,0.017618885,0.037943905,0.022949558,0.033591997,0.061374356,0.020322652,0.013873493,0.032465564
Ser,99% Confidence ,Replica 1,0.183876604,0.012426506,0.010138867,0.012898705,0.006510042,0.196266729,0.013116715,0.008564994,0.037635954,0.018545594,0.014182755,0.013401035,0.013898633,0.010233672,0.070312743,0.008475822,0.053286228,0.01413031,0.008737541,0.010929206,0.008946,0.016687903,0.036144094,0.008698014,0.011150796,0.015713665,0.040151221,0.015620487,0.049486921,0.007695398,,0.008444647,,,0.009715353,0.01187182,0.014021175,0.031977232,0.012357317,0.026667614,0.141911362,0.056958242,0.050896116,0.067319151,0.114318748,,0.183262129,0.072873217,,0.013319907,0.012581462,0.106979977,0.009080146,0.016652629,0.011538624,0.073946029,0.02649532,0.009770317,0.012149082,0.014227794,0.018464112,0.010298513,0.017644984,0.010421561,0.039847942,0.036593659,0.011506412,0.019926633,,0.015529823,0.031856788,0.015826828,0.021434081,0.015576712,0.104776781,0.023140914,0.021047413,0.016526795,0.020193516,0.014353759,0.092418751,0.018943927,0.024566972,0.195223286,0.014773583,0.01819961,0.015004225,0.050669533,0.016855004,0.045268497,0.01187974,0.009302465,0.009756097,0.023191291,0.010618278,0.022388949,0.011471772,0.009220037,0.016640001,0.008789717,0.010927958,0.0102197,,0.009617433,0.009660125,0.010527064,0.010177769,0.010534055,0.010146656,,0.010745656,0.014179185,0.011797754,0.018655805,0.014570652,0.040000432,0.105470144,0.015120807,0.048624664,0.101552163,0.037366658,0.010833477,0.017670528,0.016486686,0.016169623,0.046269618,,0.01132309,0.011458704,0.011752765,0.016534362,0.01105474,0.012610177,0.008218719,0.013078042,0.041748388,0.011043872,0.009657879,0.020137176,0.041805741,0.007660786,0.012211641,0.010220157,0.052041752,0.012344659,0.009378033,0.020497085,,0.01078936,0.012388593,0.013442663,0.017960603,0.013825834,0.017327114,0.020293107,0.011224309,0.178595578,0.015481441,0.016011678,0.059350662,0.083334883,0.28049021,0.029160503,0.01821332,0.095915463,0.01230657,0.013452603,0.020118268,0.012812921,0.014874525,0.028851371,0.012963918,0.014094049,0.019015523,0.015236584,0.024584396,0.015897232,0.022969095,0.012012524,0.020113662,0.018580087,0.018298834,0.018247589,0.01492806,0.010838275,0.014600499,0.009476548,0.014651494,0.020229838,0.013545639,0.016671938,0.011500643,0.017349437,0.009796095,,0.011005863,0.011352696,,0.012416687,0.015027629,0.019836393,0.014143373,0.009095567,0.010724188,0.013081621,,,0.01385923,0.009898164,0.018446213,0.014321441,0.010480517,0.009446014,0.011886663,0.01068705,0.013313882,0.018413838,0.034405196,0.008791938,0.017593409,0.010114225,0.014707047,0.01976417,0.008959322,0.00671054,0.017410447
Thr,99% Confidence ,Replica 1,0.056958242,0.012422065,0.016407052,0.012625333,0.009321663,0.078152569,0.014326695,0.016452561,0.028944518,0.016610954,0.016255523,0.023153855,0.010854409,0.014809618,0.061014614,,0.110080648,0.014595724,0.013238775,0.012908954,0.008623633,0.009076371,0.045558027,0.009475522,0.009344768,0.013447494,0.037952591,,0.053907405,0.013356123,0.039307421,0.009464003,0.012881717,0.011802498,0.012829677,0.012604144,0.120349466,0.061138242,0.008286146,0.028376392,0.147948414,0.02952327,0.076591702,0.208288366,0.101206627,0.014495417,0.037867556,0.047912309,0.011656234,0.014060655,0.013221984,0.022852528,0.011225741,0.018086523,0.01314669,0.023274248,0.02512508,0.012321938,0.017526433,0.015135512,0.020266672,0.011663685,0.016962775,0.014215011,0.070786818,0.179274006,0.017634772,0.02194975,0.018560288,0.022772958,0.021984458,0.015814357,0.030177116,,0.115719775,0.022920515,0.029261563,0.029028799,0.022232524,,0.039148429,0.022562592,0.021687168,0.043719944,0.043136062,0.016498076,0.025905324,0.035937744,0.019785318,0.024425344,0.014381374,0.011278774,0.008513055,0.018171538,0.013413626,0.016064649,0.026520866,0.01067741,0.024755738,0.012208446,0.01112949,0.012873208,0.009693614,0.015737236,0.013270237,0.012592244,0.013068772,0.01326945,0.011769309,0.008601053,0.0118734,0.018721835,0.014937044,0.038429338,,0.012774707,0.1769257,0.044853945,0.018362065,0.028670599,0.06878241,0.018036937,0.013405322,0.017678747,0.017871132,0.068325033,0.026983858,0.016577813,0.014126924,0.017803837,,0.012824951,0.017336423,0.010264767,0.011178287,0.018187414,0.01514004,0.01151988,0.017380469,0.021134893,0.01118602,,0.014298253,0.027406355,0.011580498,0.012985652,0.014216467,0.017025318,0.012970676,0.012643022,0.016556699,0.020762117,0.015601557,0.014480621,0.095136906,0.01281427,0.150382273,,0.015326387,0.052231223,0.089210714,0.548165332,0.033109302,0.02497445,0.151525897,0.012227782,0.017751739,0.039276087,0.013763865,0.013087461,0.020307771,0.016282992,,0.022014222,0.019396436,0.035651676,0.016796427,0.025808655,0.011978455,0.020340816,0.020350215,0.019962853,0.014880872,0.014917021,0.012678203,0.015166015,0.011758531,0.012808686,,0.018382326,0.022292096,0.014245532,0.017329586,0.009052313,0.015879494,0.014260116,0.014476941,0.028433766,0.014384296,0.013607726,0.018181864,0.015194256,0.013831371,,0.052889829,0.012526296,0.009613188,0.013097739,0.020415343,0.024188603,0.019422711,0.015714107,0.010971218,0.010018848,0.012469651,0.027363916,0.019339213,0.023058077,0.008482504,0.02213447,0.011675791,0.014214468,0.017784738,0.008928586,0.007958126,0.015972559
Gln,99% Confidence ,Replica 1,0.191534404,0.023551091,0.01494454,0.015912086,0.012320538,,0.017516359,0.022206101,0.112595543,,0.045375346,0.055784593,0.04190969,0.016823014,0.154010873,0.020208301,0.246781852,0.032457694,0.021433205,,0.013178859,0.043840151,0.072876015,,,0.537480448,0.213511671,0.038471579,0.037409462,0.026371732,0.140658811,0.012690972,0.015083945,0.012752612,0.014080893,0.028331936,0.021601265,0.0121307,0.023079696,0.021652156,0.138991984,0.147555627,0.13783205,0.33174213,0.18116498,0.229001808,0.209277951,0.066760265,0.014381779,0.020324735,0.072098538,0.101905956,0.113511524,0.017861011,0.020553467,0.119453298,0.045824521,0.016685817,0.023713473,0.02082434,0.025573229,0.018892327,0.030682174,0.01974705,0.03709592,0.315203043,0.01786588,0.044602524,0.211095298,0.022675856,0.041988563,0.033594897,0.034136242,0.020647016,0.077098793,0.128986811,0.025688791,0.038636511,0.034095915,0.029852279,0.116500688,0.029842352,0.050925981,0.110642038,0.109572366,0.02434418,0.026447165,,0.03431996,0.220302092,0.020318534,0.013613733,0.019331507,0.019928848,0.026987338,0.02058717,0.047083977,0.01481109,0.046554833,0.016995856,0.04289391,0.015294112,0.020848151,0.014030377,0.016832811,0.025763282,0.020514379,0.014643044,0.013344306,0.027141813,0.039981437,0.018683577,0.01579689,0.0625946,0.04334162,0.034382953,0.151325983,0.355507236,0.538083294,0.355507236,0.262097099,0.058263104,0.153671279,0.11345226,0.019801133,0.111404697,0.052918018,0.023196251,0.01717693,,0.046442177,0.175882957,0.025103506,0.017329329,0.033130756,0.311497797,0.021923255,0.016706602,0.037865166,0.0671451,,0.024661108,0.016822208,0.10567434,0.017474057,0.018835402,0.051233428,0.02614238,0.014133423,0.024033207,0.020848386,0.027573772,,0.032811271,0.304506916,0.019412836,0.225510305,0.108376001,0.026721642,0.210438844,,0.166340429,0.068106855,0.045156651,,0.0263643,0.024007989,0.031294725,0.020776495,0.021154561,0.048223895,0.036228953,0.020218533,0.040899702,0.027479101,0.04488395,0.028251356,,0.019855942,0.034989058,0.022331314,0.034055388,0.058631747,0.022030472,0.016498755,,0.019571392,0.030596578,0.047827785,0.068375339,0.018618481,0.037955196,,0.021607673,0.016971928,0.01727648,0.017687469,0.037926551,0.021674212,0.034272068,0.032408425,0.026787449,0.014683841,0.013012789,0.024955869,0.021025927,0.021176739,0.021504284,0.01664645,0.024775527,0.539665942,0.014575419,,0.023103508,0.163570963,0.528924845,0.019040107,,0.019148416,0.038332633,0.02092319,0.052687533,0.029268704,0.02056152,0.011614659,0.026316016
Asn,99% Confidence ,Replica 1,0.253735156,,0.02769817,0.023900912,0.014052044,0.124637355,,0.020088586,0.209585683,0.027211254,0.02154297,0.018528915,0.129086723,0.022977624,0.111858721,0.026300172,0.245344459,,0.017582577,0.02317729,0.009868256,0.017731655,0.080256644,0.016348491,0.014668845,0.185777058,0.189124928,0.053379377,0.097736493,0.048058369,0.071304388,0.021020026,0.016656512,0.014789499,0.018540609,0.026282144,,0.046456318,0.015103728,0.087642248,0.279353653,0.040378526,0.260326974,0.309774472,0.061834268,0.189124928,0.089507097,0.133804824,0.014856506,0.038950273,0.136175037,0.09043466,0.073095907,,0.029513496,0.146590822,0.056466483,0.022410663,0.028518081,0.025540214,0.051702054,0.018133729,0.036481347,0.023115781,0.125932013,0.136080371,0.021427593,0.111306025,0.081199848,0.037960165,0.095373303,0.041504029,0.531383898,0.03179692,0.16566538,0.077110432,0.040470917,0.083064599,,0.034311016,0.15010849,0.038903729,0.032908352,0.355507236,0.068186542,0.029279208,0.037931374,0.061234002,0.02884019,0.538083294,0.02236806,0.01546924,0.01522023,0.075169005,0.021336372,0.091364912,0.033806552,0.019199201,0.030859005,0.015365302,0.01754287,0.019429778,0.018138853,0.023776915,0.018973198,0.021216312,0.022074465,0.019399775,0.021208475,0.012964088,0.020340597,0.03106032,0.025798064,0.020748369,0.044082947,0.120745663,0.594873959,0.22238754,0.198295747,0.083016554,0.528558705,0.104051435,0.11997882,0.105334084,0.084078006,0.053223179,0.06918409,0.02898327,0.020997091,0.027098083,0.022348999,0.250823312,0.027618485,0.015373586,0.028831707,0.065395264,0.0230582,,0.060497475,0.054183714,0.014886874,0.019287015,0.020829574,0.12178288,0.019794189,0.019210948,0.032189274,0.027113582,0.024000695,0.024052021,0.025028926,0.033148147,0.035997941,0.027282687,0.088362838,0.024140581,0.128272146,0.13978045,0.027959417,0.548165332,0.031729827,0.338721652,0.047345507,0.039076248,0.217622148,0.017300691,0.034307365,0.040107125,0.023469917,0.023266804,0.032430531,0.047273359,0.023149978,0.028830827,0.032004094,0.067788127,0.029277804,0.032429919,0.018201632,0.02974018,0.034788219,0.032716255,0.029562012,0.020006078,0.018232385,0.036164555,0.016634781,0.040129099,0.038806727,0.03376781,0.031990713,0.022685775,0.03155711,0.015134912,0.025566264,0.029266701,0.019468907,0.04188819,0.024740406,0.021685972,0.024216925,0.031142595,0.018396522,0.019840963,0.019919814,0.019917698,0.017181701,0.027511797,0.028376192,0.030704026,0.569670402,0.042461103,0.037918582,0.021165821,0.20447238,0.224486045,0.032555115,0.050788712,0.076420293,0.040258737,0.018231236,0.019631259,0.033907409,0.015033035,0.012065344,0.02188711
Asp,99% Confidence ,Replica 1,0.209585683,0.02414917,0.037062578,0.029925602,0.01776944,,0.025855495,0.021474065,0.26746067,0.064188972,0.025678172,0.040303242,0.17989267,0.017464543,0.103927769,0.028654757,0.321770734,0.018293826,0.017597922,0.024173765,0.013955744,0.033268743,0.304651907,0.01797703,0.014535741,0.241572288,0.553689789,0.317932243,0.146388303,0.028733666,0.223576193,0.016481688,0.018697435,0.016656512,0.019318871,0.019438814,0.059572673,0.01721641,0.091038677,0.159842895,0.082263928,0.177871347,0.534914831,0.084943967,,0.126186392,0.187261448,0.2326003,0.015737137,0.142684814,0.087137754,0.567363331,0.081640665,0.033920275,0.04444439,0.148805175,0.064693623,0.022707866,0.032055988,0.028402505,0.040969076,0.020498392,0.02736043,,0.038438964,0.047353604,,0.21967782,0.153785715,0.05818549,0.157363041,0.337349522,0.098666397,0.051436497,0.531383898,0.042238775,0.067208772,0.02697012,0.027776503,0.079393437,0.54304278,0.042042074,0.02871108,,0.248281861,0.028497066,0.042890971,,0.037733039,0.245469813,0.022163843,0.021293037,0.017302822,0.317974825,0.02931208,0.150675638,0.070215338,0.018320382,0.060689673,0.019020887,0.018741927,0.029995323,0.020803564,0.020108945,0.023624679,0.020860731,0.023395365,0.110010499,0.018396324,0.052130963,0.172558234,0.066793082,0.053448618,,0.17416814,0.073785538,0.081623284,,0.188847228,0.594873959,0.087105766,0.054193105,0.156940014,0.224844987,0.084222597,,0.325829347,,0.056851584,0.036289885,0.133698915,0.079172473,0.028135061,0.015217443,0.20360464,0.250823312,0.028410023,0.016555911,0.311497797,0.119817789,0.014199749,0.020881151,0.023032317,0.224844987,,0.019401798,0.098175596,0.025624556,0.030895912,0.021450293,,0.032094751,0.023441833,0.040010503,,0.021869734,0.533544575,0.600485499,0.032534305,,0.379782962,0.084977191,0.056108264,0.277976009,0.600485499,0.018265781,0.034046869,0.04612754,0.024925878,0.023728562,0.53511158,0.32307945,0.019912238,0.233744778,0.035273761,0.043603819,0.026771283,0.046191119,0.019956571,0.02508959,0.028059803,0.043517249,0.042360489,0.033569125,,0.035120062,0.016197917,0.638046582,0.037972668,0.136508098,0.027447714,0.55594124,0.030341063,0.014786323,0.02868916,0.021290647,0.021663899,0.047551379,0.023039994,0.02730246,0.024846601,0.029183079,0.017053735,0.024800135,0.022946575,0.021546645,0.025601996,0.226966688,0.186020739,0.032062959,0.166340429,0.01817952,0.077543895,0.015760354,0.127703871,0.102173379,0.03111312,0.058300342,0.217622148,0.219000204,0.014730174,0.027357399,0.040567536,0.015399651,0.013013836,0.020383841
Glu,99% Confidence ,Replica 1,,0.025175982,0.027114515,0.028121439,0.012005653,,0.034487996,0.038177333,0.263498009,0.02997708,0.031633557,0.030099671,0.241926275,0.018519171,0.21811261,0.025729581,0.307074358,0.027054538,0.025094006,0.018605689,,0.044782542,0.121010539,0.016636191,0.011478064,0.12090021,0.279353653,0.067175155,0.246781852,0.19250262,0.17889764,0.018733149,0.020596907,0.018266525,0.021835913,0.242813311,0.126738447,,0.035939572,0.056560476,,0.253735156,0.252163964,0.526216142,0.100181309,0.250420008,0.537480448,0.226046775,0.020370611,0.098878084,0.131047056,0.213478217,0.147453604,0.024524076,0.030649858,0.166947583,0.106673789,0.019654521,0.031437916,0.029683341,0.037386813,0.023230375,0.035060547,0.022097964,,0.163087602,0.027369086,0.197629522,0.253735156,0.052256823,0.104607519,0.02333579,0.288890644,0.113637227,0.132705184,0.042830925,0.06635913,0.03560742,0.044966371,0.040272455,0.538083294,0.03012635,,0.594873959,0.100105468,0.035190973,,0.254208521,,0.325827463,0.019968777,,0.016166596,0.153808059,0.027401713,0.077797567,0.056732046,0.01748001,0.098502705,,0.033351301,0.025506168,0.014805485,0.018223466,0.024189776,0.025377406,0.025534798,0.039562522,,0.115560009,0.127977764,0.03151485,0.03724527,0.093139865,0.133697621,0.317974825,,0.152065071,0.322617183,0.205255709,0.538083294,0.322617183,0.105033404,0.170983865,0.030409624,0.035752256,0.258942924,0.039461811,0.031673813,0.044137369,0.03014479,0.30516443,,0.014986181,0.084492441,0.523982175,0.032611121,0.025514924,0.128846884,0.091673913,0.015946847,0.024584005,0.028222128,0.262097099,0.020262264,,0.085647567,0.041956166,0.025599922,0.021894813,0.033166175,0.035309173,0.028364132,0.04402141,0.08444624,0.036972976,0.083944136,0.379782962,0.030809171,0.290065999,0.137769021,,0.044713028,0.043090989,0.146783084,0.020467351,0.031876299,0.056771618,0.026092413,0.02297135,0.201236134,0.251439107,0.031330867,0.233745657,0.032717909,0.036654966,0.028448033,0.059352745,0.019161672,0.037006068,0.033248986,,0.034503564,0.034132932,0.023064265,0.029313122,,0.115604153,0.060149904,0.096047517,0.029258966,0.136905537,0.035735371,0.030243459,0.021499323,0.036957565,0.03228104,0.043541755,,0.021482233,0.023944701,0.033400628,0.025828146,0.021140931,0.023802849,0.026567939,0.041661473,0.180453977,0.338721652,0.036736664,0.543159049,,0.018659612,0.020094835,0.531219655,0.543159049,,0.040338175,0.074695633,0.037873517,0.025330519,0.035838333,0.034013736,,0.014485108,
His,99% Confidence ,Replica 1,0.209277951,0.014561439,0.013326247,0.021795423,0.009894801,,0.017301934,0.017252269,0.091756628,0.019651615,0.020443997,0.023863193,0.053765715,0.014886931,0.014741583,0.013465629,0.070570275,0.022204808,,0.027720505,0.013610148,0.018665101,0.084899061,0.017865978,0.017931233,0.144335036,0.133784858,0.051817215,,0.050226772,0.166795831,0.013519227,0.013543427,0.015080311,0.01474666,,0.036030298,0.058293533,0.04433457,0.027488864,0.156294692,0.020032707,0.143134284,0.540959396,0.092595852,0.089163437,0.33174213,0.055748256,0.017469943,0.014614545,0.089163437,0.085872686,0.122152763,0.01892552,0.023109101,0.114249941,0.022884869,,0.021363235,0.015664758,0.02067953,0.018563863,0.021324044,0.019933995,0.26746067,0.08048987,0.015203478,0.072313381,0.114666264,0.028354328,0.035427651,0.050364385,0.321770734,0.018818327,0.058783338,0.062171197,0.06446862,0.05555022,0.023575587,0.030779135,0.074834273,0.027735582,0.027466238,0.163124979,0.307192303,0.024122789,0.023866072,0.081479956,0.024514942,0.208718254,0.019951154,0.01330657,0.01502423,0.050433169,0.020101465,0.035457126,0.025658078,0.016069056,0.035680721,0.012316566,0.018709034,0.014562741,0.021896288,0.013060257,0.02045912,0.017347208,0.016428123,0.016716416,0.014888628,0.011814355,0.018567104,0.024507757,0.028656738,0.094058153,0.038657846,0.103059504,0.198295747,0.525377664,0.520405261,0.208471419,0.175882957,0.239959244,0.15007007,0.036677895,0.034590465,0.088221503,0.093249434,0.024755514,0.021682054,0.018264764,0.049670322,0.186265869,0.016747104,0.016531103,0.029051421,0.24630338,0.01518187,0.014179599,0.016845821,0.037060132,0.013709258,0.017280858,0.015036553,0.095382785,0.019169108,0.01364489,0.052201039,0.0167548,0.014747817,0.019883909,0.018416286,0.039976285,0.025810782,0.073658555,0.075416471,0.017066389,0.328901349,0.304506916,0.022161482,0.233745657,0.062185174,0.290065999,0.073748946,0.044792391,0.085708049,0.025594625,0.021728139,,0.018796015,0.021064649,0.037585446,0.036065402,0.014796966,0.025810446,0.034064396,0.062572618,0.025350292,0.021880573,0.017708165,0.025765797,0.022360156,0.026626277,0.032319252,,0.014616136,0.023699664,0.017793915,0.021390661,0.034200859,0.0819172,,0.07932845,0.015429607,0.013192534,0.016749686,0.016076023,0.015263664,0.030602763,0.017636487,0.02627926,0.021214785,0.028032547,0.016442616,0.016818826,0.018808749,0.01523862,0.014163791,0.01622143,0.025821367,0.029657373,0.328901349,0.01661435,0.015294414,0.020422923,0.177828331,0.251821902,0.019214805,0.053147238,0.020605984,0.030006472,0.0161001,0.020250735,0.047809588,0.01672485,0.011956845,0.017624813
Arg,99% Confidence ,Replica 1,0.125327317,0.022437034,0.011241978,0.012017708,0.007103934,,0.014768331,,0.156294692,0.018639978,,0.020963453,0.093282431,0.013289129,0.020181589,0.010115983,0.177404993,0.014404912,0.009751416,0.011409438,0.013369885,0.015685139,0.073130936,0.01162144,0.010790681,0.163222768,0.09216383,0.023484391,0.015764501,,0.055025014,0.010506735,0.011431959,0.010573485,0.01002709,0.039880541,0.077014943,0.082768054,,0.08930043,0.186428337,0.125392624,0.149772157,0.093045958,0.115035241,0.143904333,0.151294503,0.153785715,0.050431162,0.069338126,0.087505773,0.182979451,0.104588022,0.015284501,0.012867292,0.11545813,0.065663522,0.01108705,,0.01285544,0.018065547,,0.016426357,0.014835305,0.091038677,0.153785715,0.015500758,0.161588629,0.05549942,,0.03884417,,0.106923401,0.014773231,0.109122854,0.335555961,,0.023637093,0.018790354,0.018648151,0.135625293,0.024872432,0.026818532,0.121863916,0.121068636,,0.017592464,0.0549498,0.018293167,0.311497797,0.01593932,0.010343453,0.014817221,0.124998032,,0.020098378,0.030511265,0.0147598,0.038366463,0.017552615,0.016419721,0.011555074,0.013270924,0.009826527,0.013336754,0.013970294,,,0.009325001,0.013286179,0.021765456,0.019775737,0.013409474,0.027541306,0.249468174,0.144816518,0.131327845,0.149731333,0.169662985,0.524628697,0.126489887,0.098502705,0.11162166,0.029109511,0.013067855,0.139080112,0.02185823,0.024533975,0.021965765,0.013469577,0.022391285,0.151637151,0.014641566,0.010634179,0.015282275,0.152753698,0.012278215,0.010852112,0.032154346,0.238837283,0.009066261,0.016461045,,0.078619099,0.013136862,0.010714949,0.125010935,0.014076173,0.016203282,0.020935693,0.01400562,0.016693523,0.017041259,0.019523399,0.268548831,0.013975451,0.064691229,0.225510305,,0.256607003,0.050480043,0.569670402,0.043991972,0.031416695,0.051854147,0.016373554,,0.025797421,0.012898993,0.015320526,0.024110222,0.122969271,0.015031153,0.034083185,0.016483544,0.029404641,0.02265699,0.019642214,0.01522143,,0.018439335,0.020020606,0.02280267,0.016147307,0.012938763,0.014997286,0.010911279,0.017846143,0.023141847,0.196912057,0.01540329,0.057285481,0.014009649,0.014443104,0.014317516,0.01078767,0.011499561,0.02047336,0.013330372,0.017897849,0.022093487,0.018960216,0.00980432,0.010221993,0.015489653,0.012148609,0.017573846,,,0.015788578,0.253189836,0.10652817,0.010729311,0.013627345,0.21068768,0.245718978,0.018041508,0.038917316,0.037084544,0.018056971,0.01147137,0.022931426,0.019195146,0.012597781,0.008294939,0.018303773
K,99% Confidence ,Replica 1,0.095656025,0.027336743,0.035094048,0.025823303,0.013203093,,0.025575115,0.0585245,0.086807592,0.033511083,0.03071527,,0.082217426,0.020218823,0.060946699,0.021302766,0.263498009,0.023219673,0.02026168,0.023602227,0.014123536,0.019209912,0.186428337,0.014587576,0.017086901,0.150303869,0.357407437,0.139233162,0.082263928,0.019716528,0.316461401,0.027242976,0.021832215,0.0250734,,0.040990983,0.082692793,0.0553731,0.013714835,0.130918859,0.10532075,0.15148097,0.537480448,0.312324266,0.185266374,0.59805361,0.241241831,0.154422768,0.140658811,0.088166023,0.54594539,0.313162769,0.237079974,0.03578267,0.025562952,0.255567267,,0.016737869,0.029512602,0.024110114,0.035810695,0.019106676,0.033829059,0.038225361,0.076830823,0.305458605,0.027885425,0.081305529,0.526216142,0.037245164,0.041645485,0.023309131,0.272555671,0.036967214,0.33174213,,0.033543433,0.046071195,0.065871082,0.032893347,0.538083294,0.047237225,0.031822182,0.030353214,0.308665766,0.027654175,0.025632727,0.036888627,0.02905601,0.532070865,0.021684372,0.017482513,0.019558773,0.23136367,0.022052189,0.040739263,0.070574805,0.026217559,0.134219956,0.032527162,0.029542106,,0.013776112,0.021636858,0.024530679,0.022285632,0.02128853,0.037371479,0.016214608,0.019652884,0.024370438,0.033286762,0.044889546,0.258942924,0.56434685,0.245469813,0.075023057,0.538083294,0.195189079,0.376233497,0.335555961,0.218509893,0.240287944,0.061864068,0.030463734,0.188863158,0.049853303,0.037610917,0.031775392,0.028183852,0.02451327,0.205253489,0.035115769,,0.024365727,0.317974825,0.033747983,0.018654,0.046402552,0.104617089,0.01821658,0.023278197,0.018276309,0.115053172,0.021041012,0.022354277,0.082844431,0.031849701,0.037414019,0.028876611,0.034756781,,0.08350543,,0.338721652,0.034962814,,0.180453977,0.025096203,0.539665942,0.123785483,0.102022884,0.047929162,0.051544082,0.172598025,0.02547065,0.033046826,0.052327263,0.025280856,0.024513444,0.02341616,0.268548831,0.029866487,0.084739868,0.031094689,0.07527504,0.022793036,0.038044712,0.021471642,0.041611622,0.028840676,0.040090107,0.023106332,0.038179422,0.024603316,0.027891154,0.016205536,0.023317917,0.073108484,0.262078538,0.042715387,0.533544575,0.028458717,0.032791463,0.030861125,0.028454126,0.021453612,0.066477766,0.023525362,0.021077514,0.02688249,0.025904938,0.026325578,0.017357611,0.022560219,0.03702485,0.019024229,0.020694908,0.025466699,,0.600485499,0.078128001,0.022980403,0.024197573,0.33309144,0.346692758,0.030918131,0.054546471,0.05553831,0.041092744,,,0.034850363,0.014227799,0.012840447,0.028803979
STOP,99% Confidence ,Replica 1,0.255567267,0.133784858,0.075889242,0.146180283,0.042311454,,0.312324266,0.196232343,0.203643411,0.066617721,0.246027347,0.068624633,0.127030396,0.145590536,0.063402824,0.134898118,0.11194564,0.159842895,0.124223098,0.057987692,0.056849145,0.529068407,0.075570668,0.042645072,0.060223704,0.172807731,0.08467268,0.204465815,0.242715671,0.130897323,0.207433891,0.087349612,0.099808055,0.10536417,0.059147779,0.169603852,0.184211335,0.070017465,0.101206627,0.064095962,0.111154586,0.207433891,0.136627086,0.253735156,0.203848936,0.345288326,0.52298165,0.152284804,0.095316096,0.065948347,0.525275582,0.33174213,0.147184007,0.066575939,0.189124928,0.152447631,0.064781451,0.107265763,0.169603852,0.150303869,0.272555671,0.154422768,0.190656425,0.181773399,0.099993978,0.553689789,0.096198196,0.179032235,0.136080371,0.163087602,0.521897345,0.223576193,0.220851795,0.145055736,0.540959396,0.355507236,0.320059998,0.266038692,0.23136367,0.311497797,0.322617183,0.211059629,0.119787532,,0.325827463,0.249088637,0.096575549,0.301659564,0.097055772,0.129579299,0.188119443,0.06603891,0.072580406,0.101217164,0.21722223,0.120257492,0.244040061,0.118033962,0.19507112,0.049775339,0.114019659,0.076017123,0.1769257,0.160729555,0.066587406,0.123973179,0.148014069,0.12178288,0.070465501,0.080275414,0.218509893,0.266038692,0.171889004,0.166060009,0.528558705,0.145102696,0.114853623,0.227784309,0.077204159,0.54304278,0.22238754,0.164993876,0.135060444,0.224844987,0.244040061,0.20435903,0.522090439,0.160729555,0.167602102,0.061877504,0.530111058,0.207180989,0.094576322,0.071714448,0.064256026,0.198295747,0.169197127,0.158880544,0.044208301,0.052789848,0.0540007,0.314778892,0.120269173,0.099917837,0.15095484,0.06820717,,0.200268929,0.110127254,0.179366253,0.160496631,0.139601744,0.081960529,0.105874333,0.55594124,0.539665942,0.108681056,0.379782962,0.548165332,0.095540004,0.062647207,0.146783084,0.074784391,0.088555788,0.051348087,0.180453977,0.328901349,0.424609994,0.200167128,0.358861169,0.424609994,0.569670402,0.55594124,0.078425103,0.304506916,0.379782962,0.358861169,0.063382053,0.196912057,0.537089883,0.251440948,0.153501347,0.290065999,0.219272231,0.139558685,0.068697721,0.072711169,0.33309144,0.569670402,0.207192786,0.268548831,0.105345626,0.062413246,0.196912057,0.206439252,0.185697241,0.125146398,0.600485499,0.111421184,0.280493089,0.328901349,0.533544575,0.184228876,0.215319079,0.251821902,0.070898858,0.101325402,0.158005607,0.168913946,0.150262467,0.214380811,0.097295299,0.038536975,0.28049021,0.312178609,0.328903568,0.099778033,0.076918983,0.127825146,0.088593332,0.067349998,0.120919595,0.135487624,0.014640384,0.009396408,0.02169989
Trp,Variance,Replica 1,0.000110017,9.23E-07,0.008109498,0.015427881,0.005034109,,0.030165757,3.50E-05,1.36E-05,0.000476332,0.002165931,9.21E-06,0.001849953,0.001057541,0.008341725,0.012220351,0.046588312,0.186630923,0.12917941,0.023689197,0.125356542,0.088500223,0.007642564,0.026681595,0.044783522,7.38E-05,4.10E-05,0.00034093,1.22E-05,1.49E-05,0.000106369,0.015309764,0.013659708,0.003592746,0.012949834,5.15E-06,0.028146226,5.83E-05,2.42E-05,9.61E-05,0.000124245,0.071919585,4.01E-05,1.75E-05,6.65E-06,2.40E-05,2.76E-05,3.41E-05,0.000133038,0.017003354,1.59E-05,2.70E-05,2.85E-05,0.041849498,0.01174007,8.13E-06,0.04091127,0.002887079,0.035964714,0.058052589,0.079398032,0.049650798,0.097746537,0.028744877,2.04E-05,5.63E-06,0.104405705,0.151835505,1.06E-05,0.004229077,0.06080484,1.08E-05,,0.025053978,0.000645617,0.000330079,0.031333463,5.629093202,0.172393189,0.006424927,0.025154848,0.104588013,,0.093344856,0.023939983,0.042696666,,,0.49381943,0.00053046,0.029950886,0.060685015,9.31E-05,0.000198177,0.02469099,0.000138838,1.39E-05,0.033933664,1.07E-05,0.000104038,0.057824511,0.047049547,0.012836278,0.004621077,0.00028306,0.17155326,0.01317373,6.52E-05,0.033328528,0.000163786,5.10E-05,0.03893892,0.005164293,6.47E-06,6.08E-05,0.027449432,2.56E-05,error,5.22E-05,0.004742621,2.11E-05,0.005196968,2.03E-05,0.327466786,0.012256993,8.92E-06,0.000207801,3.36E-06,0.044018028,0.059325092,0.021101974,8.52E-06,0.0289287,0.266627095,0.143255484,1.69E-06,0.07018896,0.019121658,,0.040717312,0.023773068,0.154000148,0.029625147,0.047440618,0.15857053,0.047518277,0.067902178,0.056848442,0.179568383,0.008425261,0.006470929,0.012853721,0.007855063,0.00356963,0.000280936,0.00288166,8.50E-05,0.00025356,0.012191042,0.00042107,0.000652823,0.000892387,,0.018758114,2.69E-05,0.001694151,0.011356259,0.049499547,0.008585811,0.020103357,0.108526466,0.0112225,0.039194493,0.030698845,0.082796842,0.038346966,0.172032203,0.08520423,0.00635549,0.032796983,0.008790091,0.008304771,0.507420912,0.008887031,0.0050877,0.015726041,0.013519427,0.024037484,0.060725002,0.53250497,0.039372723,0.002212168,0.018704464,0.027828743,0.013000567,0.010978972,0.007002288,0.01683512,0.010737263,0.034145469,0.039610186,0.041326544,0.016984007,0.009605462,0.013177397,0.006584073,0.004811506,0.001053601,0.002577346,0.012116322,0.000182273,0.000459362,0.005904685,0.006922954,0.00069715,3.39E-05,0.036056263,0.002107656,0.008030245,0.01143367,0.006416052,0.01339898,0.01638309,0.006997489,0.002057563,7.242008169
Phe,Variance,Replica 1,7.50E-06,0.004751424,0.001141573,0.00234274,0.000762875,0.014164127,0.004753525,0.018302291,0.006063612,0.000708376,0.016596726,0.069633291,0.005477151,0.002227657,0.001516506,0.001592272,,0.017746569,0.002456862,0.003193305,0.00511353,0.020764641,0.009698543,0.013961953,0.012362976,0.000463246,0.00340863,3.50E-05,5.07E-06,2.74E-06,6.11E-06,0.003032911,0.002650632,0.001374211,0.001945032,3.58E-05,0.002318145,2.12E-06,8.85E-06,0.004416844,4.86E-06,,0.000638398,0.000475468,3.73E-06,3.18E-05,3.71E-05,0.004347281,2.79E-06,0.003308103,0.000232061,0.013923986,2.13E-06,0.012838716,0.003980025,0.000124651,0.01306763,0.006606459,0.005309696,,0.010599102,0.002790405,0.011239198,0.008993874,4.03E-06,5.15E-05,0.004658983,0.00380115,6.12E-05,0.001707848,0.010818643,0.000174888,9.80E-06,0.01156704,0.0074139,0.000148251,0.004846036,0.004711637,0.014186919,0.005872584,2.72E-05,0.269461673,0.473314782,,0.024155585,0.118180716,0.034543258,,0.025234407,0.026625201,0.012000528,0.004644415,0.014129555,0.00302715,0.058259551,0.00678924,3.91E-07,0.012154324,3.63E-06,9.12E-05,0.007014577,0.005736754,0.005528784,0.014684252,0.000182573,,0.009257684,3.49E-05,0.006475449,0.001519468,0.01065401,0.002260447,0.001842532,2.14E-06,0.006629408,0.00288792,3.06E-06,1.40E-05,0.003010149,0.017843585,1.80E-06,0.000606672,0.001343403,,0.003255942,2.63E-06,1.26E-05,3.19E-06,0.012972485,0.005098842,0.052332881,7.13E-06,0.006153682,0.016339075,0.014758383,9.13E-05,0.006885102,0.00331111,0.005709409,0.003130398,0.003976397,0.028768563,0.004316785,0.004151595,0.024682251,0.001878158,0.02183674,0.011039219,0.01214362,0.009169048,0.001319011,0.001450067,0.00152322,0.000735189,4.03E-05,0.001364592,1.16E-05,9.41E-05,0.018757713,0.001838071,0.000519469,0.000495407,0.005243739,0.010890665,0.152311553,0.002693252,0.001232702,0.002324343,0.001122044,0.00444393,0.011964406,0.000979835,0.004093093,0.002234337,0.001905356,0.034010723,0.002569083,0.004689689,0.005503084,0.008984409,0.000332363,0.003619409,0.033962863,0.005617066,0.001136159,0.012343166,0.001715194,,0.005181996,0.001889323,0.002211725,0.000738702,0.006699117,0.005853057,0.007104756,0.000990359,0.001488789,0.007417085,0.001281206,0.008946121,0.208628155,0.017077653,0.001409307,0.001337643,0.007927452,0.001433267,0.002079607,8.08E-05,0.002002222,0.004682497,2.15E-05,0.008313223,0.00258434,0.006260489,0.000220646,0.000180031,0.00342798,0.071696852,0.001836759,0.001914596,0.004123382,0.005975712,0.07002349,0.001846891,0.000746721,0.003509968
Tyr,Variance,Replica 1,4.87E-06,0.001257142,0.001219391,0.005965603,0.001257213,,0.005476781,0.000812144,2.38E-06,0.010445771,0.02686105,3.27E-05,2.02E-05,0.000369989,,0.008115623,0.013380039,0.00384615,0.00603765,0.014561941,0.003262409,0.005935612,0.004159811,0.008197546,0.008400701,1.03E-05,0.000483176,1.00E-05,6.44E-05,5.32E-06,2.61E-05,0.00720735,0.003066315,0.003566491,0.010855208,0.000182789,0.000417999,7.58E-06,4.13E-06,0.014547377,6.60E-06,0.010641258,9.08E-05,0.000385209,2.36E-05,1.08E-05,1.38E-05,8.84E-06,1.28E-05,,1.16E-05,2.16E-05,8.38E-06,0.008717756,0.025101688,1.58E-05,,0.005106702,0.017223932,0.005693803,0.153280384,0.009524627,0.034931649,0.005569648,3.45E-06,1.56E-05,0.004592427,0.000214784,3.08E-06,0.001871956,0.00402226,2.94E-05,2.36E-05,0.014357158,0.001481246,0.000627304,0.092750051,0.004166995,0.013509003,0.009168561,5.24E-06,0.260190447,0.024216895,0.125383357,0.007994448,0.116333614,0.025615371,0.159648723,0.008307751,0.000518236,0.008847974,0.011662154,0.005890652,0.000463559,0.013162977,0.001903029,3.02E-07,0.018437524,9.69E-06,4.49E-05,0.013127255,0.006167675,0.016891413,0.014820618,0.001946968,0.009472708,0.01251761,2.16E-05,0.015518404,0.001740868,0.011359915,0.002104938,0.00628596,6.69E-06,0.001964949,0.017918268,3.29E-06,1.05E-05,0.000658992,0.000121547,7.69E-05,0.002878318,1.30E-05,0.032069018,0.002886969,1.42E-05,2.93E-05,0.000195596,0.027034679,0.040597945,0.036047318,3.23E-05,0.0157659,0.014663976,0.027218616,2.75E-06,0.011757114,0.008483908,0.014622676,,0.002997126,0.00544168,0.014639462,0.003839233,0.006530635,0.018470089,3.05E-05,0.016126591,0.002381675,0.002200279,0.000964273,0.003222141,0.003559965,0.001363379,1.06E-05,0.002652823,0.000114291,0.000171329,0.005015142,0.001485456,0.008869629,0.000234239,,0.117131763,0.257012786,0.002462637,0.003148818,0.003245329,0.00350616,0.008763451,0.021020313,0.00011613,0.002510552,,0.01550429,0.025314274,0.004991464,0.005553434,0.004218879,0.006737038,0.003358401,0.00378779,0.0200225,0.002534804,0.001691632,0.011391071,0.00271315,0.003511382,0.007266215,0.005731377,0.004026903,0.001839839,0.00621136,0.00247733,0.003070424,0.002495661,0.001940705,0.019272331,0.001811615,0.008726992,0.031072537,0.007159357,0.002988256,0.004336774,0.003009054,0.002823632,0.001029023,0.000313884,0.000864338,0.007886234,3.84E-05,0.006847551,0.002037859,0.005297994,4.03E-05,3.21E-05,0.004800932,0.258803377,0.004072983,0.006527672,0.002513192,0.004539158,0.016326032,0.001990565,0.001282675,0.004819883
Pro,Variance,Replica 1,8.74E-06,5.76E-05,,0.00070585,0.000393256,,0.001881434,0.003783742,0.000138308,0.000921164,0.010583058,2.03E-05,1.15E-05,0.002136257,1.39E-06,0.000198592,6.23E-06,9.17E-06,6.23E-06,0.00203792,0.001272657,0.001863813,5.50E-05,0.001281579,6.94E-05,5.72E-05,5.85E-05,7.50E-06,1.62E-06,7.76E-05,8.88E-06,5.16E-06,0.001873092,0.003876761,0.004620972,0.001708653,3.46E-06,7.77E-07,8.90E-06,1.70E-05,7.68E-06,2.62E-06,3.45E-06,1.30E-05,4.08E-06,0.000182882,1.09E-05,2.94E-05,2.13E-06,1.01E-05,2.14E-06,7.47E-06,3.49E-06,2.14E-05,1.52E-05,2.09E-05,8.87E-06,0.000705796,2.37E-05,0.000665372,,0.004649436,0.001691823,0.004424439,0.002958494,3.10E-06,0.009954616,5.43E-06,4.56E-06,0.000236061,1.04E-05,1.04E-05,5.10E-05,4.52E-05,0.000152157,2.91E-06,4.91E-05,2.59E-06,0.017672608,6.64E-05,1.66E-05,1.94E-05,0.020380251,0.000296638,1.13E-05,0.000621651,0.011020025,1.94E-05,0.006559045,1.05E-05,0.000480582,0.002802794,0.005771571,6.64E-05,1.84E-06,1.68E-06,2.10E-06,,5.01E-05,8.73E-05,0.000243366,0.000214022,0.002774964,0.000238583,0.001124052,0.002132971,0.002970518,0.000332153,0.007926027,0.005414549,0.000265393,0.000924544,3.42E-06,3.93E-06,6.14E-06,1.14E-06,6.08E-06,7.36E-06,4.84E-06,3.11E-06,1.98E-06,1.05E-05,7.46E-06,1.38E-05,1.52E-05,4.45E-06,4.37E-06,8.02E-06,0.023538906,0.015233811,1.01E-05,6.50E-06,8.78E-06,0.01086522,2.68E-06,4.53E-06,5.08E-05,0.002736843,2.64E-06,9.20E-06,0.000704264,0.010108603,0.003630949,4.08E-05,0.005314581,0.008475917,0.007835775,0.009062951,,2.49E-05,0.002102904,0.002426525,0.000943803,2.60E-05,0.00183171,,4.51E-06,0.000484399,3.84E-05,1.44E-05,4.03E-05,1.58E-05,0.000125797,6.87E-05,1.40E-05,0.001178724,0.000645823,0.001371404,4.12E-05,,0.001552983,,0.000715466,0.000256316,0.00202044,0.007903339,0.009822491,0.003369167,0.002831608,0.002689906,0.001486787,0.004962681,0.006618963,0.024883373,0.002913442,0.000266864,0.002361631,0.008866527,0.008855225,1.88E-05,0.00761473,0.003864956,0.002073214,0.001676473,0.001356935,0.001932977,0.001805423,0.003010761,0.001577155,,0.004455851,0.0015618,1.15E-05,0.002143914,2.24E-05,0.001093317,0.000405462,0.00098687,0.010237343,0.001700786,2.40E-05,1.28E-05,1.80E-05,1.95E-05,1.25E-05,1.71E-05,2.39E-05,0.003207755,9.45E-06,6.67E-05,0.001753181,0.004861059,0.002098519,0.000949213,0.000349771,0.001168742
Met,Variance,Replica 1,,2.70E-05,0.001856558,0.007994384,0.007840095,0.008970432,0.026418118,0.006856378,0.207318651,0.137104282,0.039273572,0.009475667,1.07E-05,0.009109815,4.29E-05,0.023336024,0.002260198,0.018309375,0.005303781,0.009550756,0.018256435,0.020408833,0.033128116,0.006605852,0.009791141,3.79E-06,0.016273334,0.025275051,3.41E-05,3.32E-06,5.31E-06,0.018608339,0.007585687,0.006374226,0.023646789,0.005906101,0.018541279,4.42E-06,0.004441801,0.016537773,2.93E-05,0.007428827,0.024811903,2.80E-05,1.13E-05,2.09E-05,0.007768958,0.001793267,0.001099187,0.01062474,0.006403593,0.011933368,4.43E-06,0.014103145,0.001660648,0.006740008,0.009318988,0.005407703,0.012875688,0.008197822,0.108716422,0.023042118,0.004424937,0.016329517,3.12E-06,6.34E-05,0.018537476,,2.13E-05,0.001702539,,0.006165646,0.538106011,0.00934889,0.005941923,0.000382337,0.024311074,0.120500652,0.013317992,0.011999202,0.008115874,0.030812592,0.04797329,0.025413224,0.000407678,0.075573231,0.016063463,0.113502646,0.044592452,0.094931976,0.004987383,0.007074814,0.012764543,0.002538562,0.036018374,0.019245495,2.14E-06,0.013178949,1.25E-06,0.004054728,0.024539831,0.01892088,0.009019671,0.021155528,0.0040117,0.024962003,0.020246364,0.001077905,0.003928821,0.002171383,0.011810377,0.118701893,0.014514527,0.002779042,0.057673684,0.078933833,0.00017223,1.05E-05,0.029196554,0.124579084,4.11E-06,0.012093546,0.001722429,0.01642405,0.014821123,2.39E-05,0.00012668,6.05E-05,0.014377342,0.017775111,0.021841546,0.00227632,0.044301156,0.014671013,0.050565621,0.004963735,0.0374471,0.018997674,0.000552468,0.017402821,0.014022051,0.114559365,0.015363445,0.022510076,0.023980755,0.028738405,0.004925392,0.029571004,0.016422792,0.005941367,0.003227502,0.007672513,0.008884858,0.0030553,0.001968951,0.002837654,3.69E-05,0.005678866,0.005627785,0.004179171,5.61E-06,0.17063398,0.010371,0.008333613,2.01566163,0.001882731,0.004236973,0.037813358,0.002300302,0.005240354,0.004971577,0.008811988,0.00548627,0.00583534,0.00172851,0.007294864,0.015873635,0.00382581,0.008228597,0.015180008,0.001486781,0.005601221,0.003931464,0.006133133,0.005437421,0.007007166,0.00304813,0.011218079,0.030707873,0.007277832,0.009248592,0.003426824,0.005997444,0.002873706,0.005147308,0.002346049,0.001936573,0.021289701,0.003963953,0.004444034,0.007754302,0.019052166,0.003995861,0.002133764,0.010176216,0.004609985,0.002041767,0.001608041,0.00937643,0.006002716,0.000183874,0.031277788,0.001600848,0.003138529,0.007098986,7.81E-05,0.031976402,0.007840367,0.002446068,0.010546907,0.007059274,0.007973801,0.013704299,0.003693338,0.000990471,0.004471189
Ile,Variance,Replica 1,3.71E-06,0.000186522,0.00087647,,0.000856132,,0.000411615,0.007360508,0.006130611,0.003042042,0.014164783,0.00039052,0.005075512,7.14E-06,1.41E-05,0.001003497,3.83E-05,0.004427485,0.001604766,0.00304082,0.001406159,0.001988412,0.007549485,0.002640098,0.001567592,8.95E-07,0.00631359,0.002325508,5.48E-06,2.27E-05,8.39E-06,0.002204614,0.001630116,0.001632515,0.003872966,2.99E-06,3.98E-05,1.95E-06,0.001964494,0.005226683,1.28E-06,0.000350919,0.005343728,1.26E-05,1.96E-06,0.000373089,,0.000618268,0.000158098,0.002610267,0.004035007,,4.62E-05,0.002009498,0.005546821,0.002663722,0.00610754,0.009160492,0.006581746,0.009176293,0.022475869,0.005790985,0.005476148,0.016018193,3.54E-06,4.26E-06,0.004317981,0.001066608,6.04E-06,1.72E-05,0.002978229,0.001700924,4.78E-05,0.001432465,0.007120146,0.007284017,3.68E-05,0.008250256,0.018983358,0.002817725,0.020281399,0.003363766,0.020380619,0.046674038,6.27E-06,0.021751757,0.007711764,0.017542379,0.017627999,0.009327216,0.004112615,0.002234321,0.002721356,0.003974181,0.006895316,0.002098787,1.37E-07,0.002681341,2.87E-07,0.000116929,0.003663661,0.00504714,0.002646309,0.000859697,0.001225318,0.005000402,0.003162339,0.000865054,0.004463356,0.000537479,,0.001123618,0.003798292,1.37E-05,0.002276275,0.00459029,2.05E-06,7.13E-06,0.00674171,,5.52E-06,0.000111362,0.002466729,0.012256253,0.004371107,3.18E-06,2.66E-05,1.77E-05,,0.005287889,0.010395252,0.004726454,0.006327029,0.005099694,0.005219854,,0.00452714,0.003938328,0.00583102,0.002133822,0.005146368,0.005619916,0.004253832,0.007067703,0.004794113,0.00233924,,0.021081063,0.005872984,0.002942397,0.001213411,0.003437072,0.000956113,0.001188095,7.09E-06,0.000479437,8.46E-05,3.80E-05,0.003564088,0.001217764,0.000266952,0.021906025,0.010546752,0.007455586,0.000364141,0.000551797,0.001012363,0.000515334,0.000638748,0.001581391,0.002656861,0.000573054,0.000902695,0.000726648,0.001832226,0.003140946,0.002307944,0.003690718,0.000701533,0.002717674,0.001762341,0.001555307,0.022242245,0.001185253,0.000822169,0.003229782,0.000752217,0.002149628,0.004229809,,0.002432975,0.002324119,0.001154151,0.000636663,0.002800037,0.001207694,0.000757724,0.008528302,0.001960152,0.001337581,0.001242776,0.00186094,0.0031583,0.00080708,1.49E-05,0.001199376,0.000287864,0.001481995,0.00300868,0.00206496,2.70E-05,0.002775935,0.000702069,0.000972329,0.000431542,9.81E-05,0.002247392,0.002623602,0.000833337,0.003222399,0.001205942,0.001376533,0.007383149,0.000916714,0.000510445,0.001704086
Leu,Variance,Replica 1,4.20E-06,0.000775118,0.00042776,0.000314504,0.000164129,1.477885248,0.003145217,0.001853357,,0.00321334,0.003014473,0.000719145,,0.001181907,3.00E-06,0.000767472,5.01E-05,0.00162214,0.001594883,0.001070871,0.001316585,,,0.001773996,0.001619528,0.001373545,,0.000613914,6.47E-06,3.06E-07,1.50E-06,0.001069034,0.000999202,0.000692931,0.001322711,5.80E-06,0.002097189,1.40E-06,0.000828353,,1.73E-06,0.002295967,,1.00E-05,1.16E-06,1.20E-06,0.000700331,,5.05E-05,0.001292709,0.000819248,0.002066009,7.19E-07,0.004529022,0.001204718,,0.003982942,0.001090561,0.001553822,0.001041626,0.001802004,0.001173986,0.000809586,0.001399132,2.11E-06,1.26E-06,0.001651545,0.002079168,1.89E-06,7.17E-06,0.001493541,0.001038656,1.68E-06,0.00154234,,1.62E-05,6.71E-06,0.009926398,0.004012478,0.002718362,,0.003272675,0.022307514,,7.68E-06,0.009788326,0.004494807,0.024384217,0.007030599,,0.001601284,0.001703328,0.002309603,,0.003797189,,6.31E-07,0.002589604,7.46E-08,0.000225829,,0.003144125,0.002844792,0.001998258,0.000430176,0.002935368,0.000410431,0.00087789,0.002416587,5.36E-05,0.004473653,,0.001048004,0.00078617,0.002949722,0.001506791,1.27E-06,2.52E-06,,0.004093665,9.53E-06,4.46E-06,0.00106125,0.007002556,,9.25E-07,3.97E-06,3.84E-06,0.002838829,0.004222948,0.033213021,0.001058959,0.000180025,0.004935106,,0.004506108,,0.002022674,0.000905036,0.001645705,0.002056001,0.00970523,0.001923603,,0.004493219,0.002139034,0.045997126,0.00283414,0.000906165,0.000936121,0.000311605,0.000860473,0.00100866,0.001223437,0.000192682,0.000441492,3.02E-05,0.000429051,0.002128645,,3.46E-05,0.000472534,0.008201879,,0.013143415,0.000888224,0.000446284,0.000439872,,0.000604092,,0.000345788,0.000599521,0.000439753,,0.002578965,0.001532881,0.001334942,0.000958056,0.001743325,0.000429037,0.000854562,0.007024869,0.002535454,0.000416366,0.001588765,0.000462627,0.002268516,0.00157225,0.000712469,0.000974351,0.000752697,0.000496204,0.000589846,0.000890879,0.000347595,,0.002634515,0.000536926,0.001578208,0.001558084,0.001123829,0.00107261,0.000436912,0.000102211,0.00050132,0.000319857,0.000221813,0.000305828,0.001005462,2.21E-05,1.65E-05,0.000364465,0.001030076,0.000304881,1.36E-05,0.000609274,0.010390625,0.000519013,,0.000647928,0.001236693,,0.000598556,,0.000811786
Val,Variance,Replica 1,1.07E-05,2.63E-05,0.001526691,0.00159307,,0.021379702,0.001550918,0.004616749,0.000988913,0.001171818,0.003359832,6.54E-05,0.000843029,3.95E-05,1.54E-06,0.002423942,1.94E-05,0.006848454,0.002736619,0.00260287,0.001584819,0.002216105,0.003719552,0.002562887,0.000706736,0.001322346,0.006226979,0.009054301,4.20E-06,8.36E-05,6.57E-06,0.001517268,0.00156513,0.002327735,0.002479217,2.34E-06,6.41E-06,1.74E-06,0.001472819,0.002214475,6.60E-06,0.000288286,0.005607221,2.92E-05,7.35E-06,0.004058704,0.002776885,0.002444171,0.002582149,0.003304643,,0.005856493,0.001176584,0.005219609,0.001389915,0.001645815,0.007756953,0.001747951,0.00357724,0.009154199,0.025775249,0.008280251,,0.001656691,0.004815948,1.82E-05,0.003233963,0.006284083,4.12E-06,0.003345059,0.002403544,0.001746486,0.000691217,0.010494124,0.001487341,,0.003231214,0.005459736,0.009943963,0.004750284,0.032975791,0.00239812,0.010812468,0.016055256,0.000151033,0.008201631,0.010701384,0.014662039,0.003768708,0.004961034,0.004943212,0.003644341,0.003577905,0.009959786,0.008062033,0.003695039,2.83E-07,0.009669724,4.19E-07,0.00038926,0.003024727,0.008867388,0.005036972,0.001348035,0.002557482,0.002803979,0.004605562,0.000565527,0.009429858,0.000716315,0.005828314,0.002888321,0.002534904,4.13E-05,0.028319501,,1.33E-05,4.24E-05,0.005506913,0.004126285,1.01E-05,0.001966209,,0.013393867,0.006803847,1.18E-05,4.79E-06,1.62E-05,0.004125155,0.006353476,0.008193831,,0.007384601,0.004033381,0.003179205,0.002386936,0.009790364,0.003203622,0.004703693,0.004969236,0.004031692,0.008640779,0.004398195,0.006152939,0.005097785,0.002543742,0.00716806,0.007841031,0.006741942,0.003706577,0.000367142,0.002526659,0.001038884,0.001028925,1.97E-05,0.000778489,8.80E-06,9.95E-05,0.001732571,0.003900371,0.000354002,0.00187991,0.010237611,0.004608162,0.000366505,0.000434233,0.001486053,0.00079161,0.001318509,0.001371509,0.002665139,0.00092327,0.001554452,0.000696932,0.00218847,,,0.00570078,,0.004346593,0.001496725,0.002863515,0.002386748,0.001326629,0.001229837,0.002273896,0.00074036,0.002558106,0.003544356,0.001281988,0.002423522,0.001521562,0.002732529,,0.001168901,0.00105307,0.001859032,0.004903418,0.001360284,0.000889337,,,0.002758191,0.001058653,2.00E-05,0.001099369,0.000370698,0.001310559,0.000668074,0.002636317,0.000311423,0.001614135,0.000489511,0.000680821,0.001395634,0.000235288,0.002656695,0.003564868,0.000593537,0.001674062,0.000871132,0.00145901,0.001901628,0.000479319,0.000367408,0.001108109
Ala,Variance,Replica 1,5.97E-05,3.22E-05,0.001002901,0.00026486,0.000620178,,0.003020812,0.001408678,0.00378891,0.010601658,0.007956032,0.000428159,0.001441957,0.00274279,1.11E-05,0.00494421,1.35E-05,0.002393761,0.007141424,2.10E-05,0.001978106,0.003316789,0.007566478,0.002949422,0.003536052,,0.003097617,0.007693312,2.60E-05,0.000447638,3.28E-05,,0.009670079,0.005940853,0.013220985,0.001213531,0.000879018,4.75E-06,0.002181106,0.005660963,5.74E-06,1.65E-06,3.06E-05,1.41E-05,2.10E-05,0.007803191,0.001323086,0.002052577,0.00091418,0.006177972,0.002854989,0.000201206,,0.017680316,,0.000224251,0.012639758,0.004026763,0.003938124,0.015716583,0.006867837,0.004270998,0.003277585,0.009874291,4.64E-05,0.006072303,0.003672382,0.017474144,1.21E-05,0.002567688,0.009158984,0.003338706,,0.008128407,0.003086133,0.002872631,0.013001822,0.014064998,0.026814253,0.009434018,0.011797478,,0.088207774,0.075472423,,0.017111393,0.02430686,0.231093289,0.018291074,0.009975549,0.006285251,0.006608545,0.005638394,0.029541594,0.028450473,0.003562327,0.000938196,0.004185218,0.000188111,0.000673238,0.007603557,0.005524429,0.004744354,0.009240549,0.019484862,0.007335317,0.005092351,0.022010456,0.011955047,0.00289329,0.010796298,0.005780608,,0.036677499,0.011490626,0.005105318,2.64E-05,,0.003474014,0.026854202,0.017658481,0.016498309,0.005317101,0.011592867,0.010905466,3.14E-05,0.024960406,0.000236672,0.013299344,0.015289421,0.01032138,0.010036431,0.006943564,0.008310141,0.010672188,0.006146588,0.007425833,0.009017051,0.007158055,0.000196316,0.00313536,0.010179131,0.003143292,0.00030215,0.004842217,0.007081532,0.013345765,0.018861153,0.014709191,0.006995144,0.000684549,0.004799979,0.000952265,0.000233288,0.016863247,0.001590298,1.20E-05,0.030588737,0.001253224,0.000713849,0.000275185,0.000416908,0.011769112,0.008652535,0.043074121,0.000600553,0.004776585,0.005857021,0.003349749,0.001950049,0.0015581,0.001881512,0.00300711,0.002574015,0.002492618,0.005880229,0.002384348,0.005700821,0.002815405,0.004400111,0.002186828,0.005002534,,0.003088946,0.001993832,0.004240467,0.000781573,0.015508236,0.002675432,0.003397745,0.003919927,0.002116278,0.00670866,0.000990824,0.003122858,0.001884665,0.002539438,0.005819325,0.003059489,0.002772261,0.001968293,0.002977899,0.002239603,0.00280777,0.00192038,0.002118147,0.001109649,0.00267438,0.004009088,0.008532728,,0.002518582,0.000917947,,,,0.005167277,0.028118704,,0.002540767,0.00126933,0.003650797,0.003358386,0.000720711,0.000471253,0.001570476
Gly,Variance,Replica 1,4.94E-06,7.11E-06,0.000289459,0.000206366,0.000379257,,0.004380106,0.000928353,3.27E-06,0.003013707,0.008309645,3.71E-05,2.80E-06,,8.47E-06,0.000467822,1.03E-05,0.002356813,0.000456417,0.000229352,0.002368805,0.00270829,6.82E-05,0.004397569,0.003124223,0.001531952,7.03E-05,1.35E-05,0.000260984,8.06E-06,0.000576208,0.001233364,0.002398115,0.002439845,0.006428805,0.000223547,0.003874925,8.65E-06,0.000241503,6.96E-06,2.50E-05,2.84E-06,6.45E-06,,1.19E-05,0.006076242,1.44E-05,1.69E-05,0.001490681,0.004301605,0.000130258,1.45E-05,0.001340338,0.019512802,0.002809948,2.32E-06,0.000555298,0.005004439,0.027688703,0.007657074,0.027520891,0.004253388,0.015147814,0.002772526,1.65E-05,,0.007969381,0.001131073,6.81E-05,0.002872411,0.002257163,0.001098635,0.021204208,0.007911039,3.26E-06,0.003473433,0.005243987,,0.012115852,0.018944892,1.89E-05,0.011843229,0.008588605,0.000120185,0.006745794,0.020031889,0.035166747,0.001819871,0.003858889,9.02E-05,,0.005379442,0.003049021,0.0008052,0.013580697,0.000943476,,0.007078384,,0.000211374,0.012605056,0.000564562,0.001940246,,,0.010729211,0.009715822,0.005811423,0.016241307,0.002669343,0.00947483,0.006153701,0.015159875,0.009470955,0.057063596,1.85E-05,5.96E-05,0.023699724,5.83E-06,4.00E-06,,,6.08E-06,0.003458272,1.04E-05,8.66E-06,0.006215487,0.008351996,0.006126804,0.014912933,0.014265889,1.07E-05,0.013741714,0.005077855,7.93E-06,3.77E-06,0.018372432,0.008510979,6.28E-05,2.70E-05,0.004056489,0.024008769,0.014745294,3.49E-05,0.004758372,0.004206663,0.006938835,0.005968327,0.012890664,,0.001738095,0.002332163,0.000878824,0.000190096,0.015906542,0.000822496,2.87E-05,0.018780028,0.001414763,2.32E-05,0.001773508,0.000952714,0.004514832,0.003436878,0.013207226,,0.002436322,0.017527995,0.00311494,0.0025806,0.001860919,0.001259998,0.002126667,0.000632864,0.003407175,0.004937709,0.004410676,0.005162168,0.003464901,0.00693525,,0.004423785,0.004712048,0.00306687,0.002242661,0.003659828,0.000863991,0.040617435,0.005402153,0.022583732,0.004154233,0.002650454,0.008563337,0.001696967,0.001819798,,0.009332638,0.005477543,0.003002191,0.002148647,0.003244574,0.002966354,,0.001966164,,0.002064082,0.001447837,0.003907238,0.001481063,0.005183529,0.003512179,0.000816673,0.000941712,0.000958136,0.001068447,0.003689924,0.003950802,0.011758747,0.001003744,0.00304208,0.001373689,0.003109754,0.002943373,0.000870664,0.000407749,0.00149153
Cys,Variance,Replica 1,3.79E-05,0.00015607,0.004570897,0.000408967,0.00178007,,0.030596766,0.003518819,4.15E-05,0.001390352,0.006123239,0.00992909,0.00871908,0.002207897,5.06E-05,0.003350094,0.000128912,0.011349093,0.024028946,0.002652003,0.012921198,0.002045078,0.0094929,0.014860681,0.005583744,0.012571954,0.066549145,0.010947798,0.000149373,0.002689117,0.000188319,0.007437666,0.004765879,0.002794675,0.015377343,0.006781119,0.013353027,3.09E-06,0.002691852,0.003011014,1.43E-05,0.003659521,8.26E-05,0.000222891,1.46E-05,0.004109876,0.016583643,0.011807576,0.004375933,0.00300667,0.009082425,0.004156342,0.007699785,0.027982869,0.009744318,0.020422765,0.007554279,0.018716118,0.009583704,0.011824812,0.043752252,0.002096666,0.009028991,0.00597405,0.011117798,0.000175913,0.011141247,0.024297403,4.48E-05,0.00509362,0.015858522,0.000481523,0.001033466,0.014629413,0.107039017,0.125714567,0.012927786,0.005269115,0.046064553,0.009819675,0.067926286,0.031724651,0.008222213,,0.017402561,0.023656354,0.028953725,0.023059594,0.151786186,0.02666645,0.005003957,0.012747144,,0.061659965,0.014980258,0.155971934,3.70E-05,0.028972557,0.000721064,0.000506617,0.051562464,0.015958459,0.014200505,0.011038196,0.014157178,0.024569035,0.008036117,0.004818643,0.014145151,0.004296761,0.065616139,0.00057207,0.020939331,0.007771031,8.47E-05,0.059932757,4.76E-07,0.010194187,0.007149941,0.039830645,0.001086905,0.002818706,0.022684116,0.006048931,0.015041017,5.03E-05,0.005345884,0.016856554,0.087792332,0.006593159,0.184499427,0.024391601,0.065026415,0.006597973,0.030386203,0.019222807,0.007513703,0.01925966,0.00614395,0.072782155,0.006838917,0.129474443,0.007659982,0.016471019,0.026447353,0.007782835,0.066543476,0.044487393,0.010927334,0.010687561,0.003438959,0.004630586,0.001844307,0.001495751,0.017205364,0.002538511,7.39E-05,0.008099684,0.004054133,0.002548776,0.004715136,0.017530074,0.041357294,0.017206704,0.130491931,0.00153681,0.002749256,0.005782664,0.002371039,0.02173409,0.009244566,0.002210429,0.002935992,0.002996623,0.003316463,0.029356656,0.008170425,0.006972502,0.003864022,0.010874672,0.001291992,0.003329271,0.007028021,0.002700747,0.003433991,0.007071848,0.001997673,0.016114626,0.006889717,0.006851578,0.00667994,,0.006640988,0.003965328,0.008393437,0.001854645,0.003004756,0.004180164,0.00385645,0.00842942,0.170315572,0.009477274,0.001521687,0.003536267,0.003923956,0.002222531,0.004078091,0.006801181,0.000638608,0.010871885,0.013907087,0.006867972,0.002525052,0.002846746,0.005513614,0.004744398,0.006958867,0.033136857,0.001477978,0.029877553,0.002543802,0.004878474,0.433474512,0.003502165,0.001635828,0.012918927
Ser,Variance,Replica 1,3.12E-06,0.000216287,0.000512486,0.001031405,0.000939568,0.745892885,0.004726365,0.001795077,0.000702068,0.003873439,0.000645385,0.002506644,0.001157187,0.000201801,1.32E-06,0.001452084,7.49E-06,0.002743654,0.001068014,0.002178599,0.001336236,0.00176818,0.00015014,0.002568037,0.001334793,0.000393013,0.000185891,0.002705808,7.55E-06,0.000567647,,0.002363854,,,0.002692103,0.000945868,0.006603195,3.96E-06,0.000738707,0.000634134,7.69E-06,5.75E-06,7.84E-05,2.53E-05,3.83E-06,,5.83E-06,1.14E-05,,0.001718081,0.003016318,1.58E-05,0.001292315,0.005626806,0.001213826,3.83E-06,0.003842735,0.00142206,0.00206316,0.00220504,0.00216403,0.001531056,0.010326885,0.00134954,1.29E-05,0.000536646,0.001251899,0.003093531,,0.001327523,0.014669224,0.001012021,0.001293844,0.001990164,4.27E-05,0.002713052,0.001962534,0.008846938,0.006312888,0.006086309,0.004075247,0.008568963,0.021589994,0.00034823,0.00437014,0.013829764,0.012251635,0.001331956,0.00493275,0.000218889,0.000262658,0.00416101,0.000974069,0.002171532,0.000935643,0.000245515,0.000726921,0.002156676,0.000160157,0.000134135,0.003605582,0.003884789,,0.001782437,0.001893022,0.002539866,0.002359309,0.004719339,0.006721943,,0.003178757,0.001281054,0.004271085,0.004486065,0.010265024,4.42E-05,2.31E-06,0.001868264,3.48E-05,1.52E-05,0.000130777,0.004404424,0.000262868,0.002692253,0.004386545,3.03E-05,,0.006590504,0.004826703,0.004252601,0.006563976,0.001156713,0.006511527,0.00052273,0.001245103,5.00E-06,0.005160881,0.001120924,0.000443723,0.000111284,0.002075451,0.005634684,0.003135325,6.92E-05,0.0038204,0.001124687,0.058309419,,0.003107111,0.00257835,0.000683245,0.001664618,0.000428254,0.000216621,0.000903373,0.000817279,1.27E-05,0.001799663,0.001920413,5.86E-05,0.001097684,0.000139807,0.00307884,0.0018309,0.016756827,0.000791036,0.000852864,0.002212705,0.00085882,0.000940291,0.001838432,0.00085809,0.001247932,0.000761921,0.001783885,0.005217218,0.001841504,0.00667987,0.003006657,0.001505336,0.000838815,0.001858763,0.002277167,0.001128498,0.000904341,0.002803778,0.000622655,0.008396604,0.002554319,0.001019208,0.0020015,0.001115866,0.002096748,0.000706551,,0.000941482,0.001086632,,0.000887978,0.002541221,0.00505684,0.001166756,0.000976953,0.001064943,0.001893629,,,0.000805076,0.000489721,0.002561724,0.002065848,0.001440101,0.000409944,0.00095278,0.001354575,0.00203338,0.002435162,0.004973456,0.000635619,0.002750602,0.00068925,0.001318188,0.002908722,0.000581248,0.00024923,0.001997961
Thr,Variance,Replica 1,0.000126122,0.000710051,0.000721358,0.00129639,0.001808713,0.004912268,0.001981218,0.0025833,0.028508126,0.020103562,0.006646018,0.00042052,0.00196564,0.001911132,9.24E-06,,9.90E-06,0.007342948,0.00427202,0.002826849,0.000891125,0.002492721,9.50E-05,0.002206678,0.001333175,0.000934972,0.009006333,,0.00023711,2.33E-05,0.001455899,0.001813374,0.000734075,0.002710834,0.005086668,0.003970043,3.72E-05,2.86E-06,0.001199581,0.000620221,5.21E-06,0.000316092,1.90E-05,4.96E-06,1.79E-06,0.003123588,0.000784481,0.001956809,0.00214855,0.002146807,0.004667682,0.005166562,0.00156544,0.010992335,0.003402211,0.002151157,0.009271716,0.00529513,0.009522388,0.005885566,0.002584432,0.004214634,0.009651229,0.012116971,2.12E-05,1.66E-06,0.004139472,0.004190407,0.004005567,0.002767517,0.002205998,0.003638085,0.000680014,,4.56E-05,0.002734443,0.016695984,0.017938532,0.006058031,,0.013633987,0.009289024,0.018178842,0.018335481,0.000680757,0.006426724,0.017850992,0.033364748,0.015456229,0.020201412,0.005155105,0.003836398,0.008300101,0.01582879,0.006857182,0.002072302,1.34E-06,0.008554385,8.08E-06,0.000642706,0.005782137,0.002440237,0.004555068,0.000690331,0.003090953,0.002059097,0.003660582,0.00544024,0.015157261,0.002802178,0.008469552,0.004888205,0.003391919,0.003719679,,0.005469753,3.67E-06,0.000199128,0.005961083,0.003607213,7.70E-05,0.009878056,0.007362267,0.018467714,0.02453241,2.87E-05,0.030129516,0.016946265,0.012222707,0.025048615,,0.007671707,0.02086245,0.003367801,0.004023203,0.003244391,0.004190291,0.004781611,0.002810629,0.003953396,0.006367877,,0.004233803,0.000739188,0.004372734,0.0091465,0.006152237,0.010180666,0.006521481,0.000838996,0.002227603,0.001693694,0.000751206,0.000430451,0.000343629,0.000778904,1.84E-05,,0.001625446,0.000204726,0.001367174,0.000578694,0.002750783,0.008345702,0.012670458,0.000487449,0.002429675,0.014253258,0.001375117,0.001289662,0.002547139,0.001112866,,0.000894967,0.002330231,0.002272358,0.003669196,0.004422359,0.001031804,0.003690236,0.001326813,0.002326777,0.002613963,0.000832802,0.001570625,0.003932063,0.000855917,0.00415149,,0.001751755,0.003045674,0.001871296,0.002571216,0.00074282,0.00304768,0.001928659,0.001032724,0.005830651,0.002934258,0.001202536,0.001109857,0.001954121,0.002232933,,0.000233257,0.001147639,0.00047462,0.001374799,0.001912282,0.007650278,0.003732418,0.001922754,0.000778574,0.001000064,0.002126419,0.000708068,0.002162708,0.004816001,0.000619634,0.005270768,0.001611401,0.00206313,0.002008476,0.00068546,0.000460058,0.001098508
Gln,Variance,Replica 1,1.71E-05,1.78E-05,0.003716121,0.003940955,0.00234759,,0.000705499,0.011075585,0.000108633,,0.004781858,0.002053449,0.000202298,0.003324733,8.93E-06,0.001506077,1.15E-05,0.004419529,0.002953464,,0.002444539,0.014330093,0.000226106,,,5.18E-06,3.01E-05,0.015185568,6.03E-05,0.000109238,3.65E-06,0.004386897,0.004683912,0.006328179,0.00804468,0.003144937,0.011707966,0.001018469,0.002882202,0.006320883,6.19E-05,1.73E-05,2.79E-06,8.55E-05,3.83E-06,9.57E-06,8.32E-06,9.49E-05,0.00136098,0.007289285,8.15E-05,6.81E-06,7.86E-06,0.01788659,0.012676886,1.04E-05,0.010921706,0.005313665,0.01171184,0.013451347,0.025320135,0.003896213,0.013170023,0.004343975,0.017104897,2.53E-05,0.010175439,0.004863299,1.41E-06,0.002877967,0.000348868,0.004091587,0.00649799,0.005735468,0.003693269,0.000325218,0.029957564,0.087164279,0.011745713,0.04292028,0.000281512,0.085990787,0.033541396,0.358294116,0.0001635,0.022648748,0.010309737,0.127244489,0.025606125,3.62E-05,0.033292048,0.002331666,0.005158302,0.00511167,0.016593695,0.001692435,2.71E-06,0.006159617,1.18E-05,0.001078941,0.041216849,0.013596378,0.034118774,0.006302438,0.006752541,0.008077641,0.015203132,0.011259148,0.001227954,0.004276529,0.011770777,0.008130517,0.004865194,0.020136799,0.010912968,0.000494944,5.14E-06,6.63E-06,2.13E-05,4.37E-06,2.92E-05,0.000182886,6.93E-06,0.009400435,0.013713415,1.02E-05,0.001026692,0.007341004,0.020131745,,0.059763598,1.37E-05,0.00887059,0.02856501,0.024466946,7.87E-06,0.018284721,0.01172737,0.002326102,7.93E-05,,0.028569949,0.01451089,2.57E-05,0.02062365,0.006433736,0.032851095,0.012441052,0.002702493,0.008125014,0.002004444,0.003063381,,0.002754182,0.000500071,0.00112425,6.71E-05,0.059356611,0.008759358,2.25E-05,,0.096222795,0.012836791,0.00285144,,0.003791911,0.003264831,0.003623805,0.002117645,0.001861567,0.012210967,0.003572204,0.002059199,0.001335866,0.003076728,0.006108195,0.011107504,,0.004507205,0.006549681,0.001152642,0.004792728,0.016536484,0.004489158,0.001997798,,0.005278251,0.017662488,0.010157512,0.00695676,0.001774573,0.003374094,,0.002860022,0.001723567,0.004251511,0.00177178,0.009992702,0.005248831,0.001419569,0.008430018,0.002661826,0.002377638,0.001620542,0.007936985,0.004566305,0.003751925,0.000198032,0.004564951,0.003128291,5.09E-05,0.004677176,,0.002504143,3.66E-05,5.88E-06,0.002151808,,0.002281434,0.00969843,0.005148045,0.008107363,0.007333575,0.002515223,0.000803653,0.004595634
Asn,Variance,Replica 1,0.000229099,,0.001850878,0.003782398,0.003249897,0.049025938,,0.019327227,0.000292025,0.017441805,0.000648683,0.004733866,9.13E-06,0.002685582,1.62E-05,0.005110015,9.53E-06,,0.001319454,0.007602088,0.002825477,0.008775801,3.25E-05,0.003594461,0.003337666,6.86E-05,5.09E-05,0.005237258,6.84E-05,1.74E-06,0.000226089,0.002608521,0.005626353,0.006349922,0.006919575,0.00414681,,3.93E-05,0.002126993,1.37E-05,1.97E-05,0.002521831,8.81E-06,2.13E-05,0.000147947,1.50E-05,9.36E-05,2.84E-05,0.0045814,0.002407342,4.32E-05,0.000819636,0.001247366,,0.005440055,2.66E-05,0.031118855,0.005053494,0.013588661,0.007210561,0.047692292,0.01455193,0.087715893,0.008295437,1.03E-05,1.75E-05,0.00765421,0.000360127,2.95E-05,0.005683776,0.022387505,0.008060861,1.21E-05,0.005694558,1.23E-05,0.016904884,0.086206834,0.012241215,,0.010871859,0.000773018,0.047370722,0.046468295,3.15E-05,0.005544881,0.027381181,0.550623835,0.974386226,0.017014815,1.07E-05,0.014662896,0.006014647,0.012450462,0.009651053,0.036780201,2.70E-05,1.04E-05,0.026507479,0.000124352,0.000308202,0.017765622,0.010470761,0.00397241,0.001235034,0.002256941,0.025712394,0.014158053,0.033739806,0.012588698,0.009840533,0.008713935,0.038090877,0.050667165,0.00912297,0.000339425,8.14E-06,9.07E-06,3.94E-05,4.69E-06,1.86E-05,0.000128743,5.88E-05,8.59E-06,3.92E-06,0.000321616,0.000140757,0.002965033,0.02265847,0.009878196,0.021668795,0.047675586,3.56E-06,0.015776189,0.005986958,0.002407382,3.89E-05,0.021958514,,0.000442329,0.000345169,0.010982975,0.013220465,0.012357234,6.79E-05,0.004945052,0.005479996,0.001301858,0.011162254,0.007656258,0.012606345,0.003023808,0.006133174,0.004934555,0.000616279,0.013484361,0.006187563,8.81E-06,0.029562269,0.003592072,0.000229155,0.005793134,0.002400295,0.011461727,0.026345807,55.93113716,0.000793658,0.001193465,0.003490235,0.004417511,0.007392617,0.003472255,0.001226515,0.003486088,0.003086174,0.004819864,0.051695529,0.004601851,0.011737636,0.007273725,0.004995339,0.004519805,0.004126963,0.003308711,0.001841479,0.002331939,0.009225386,0.002403332,0.015094055,0.012625982,0.013840912,0.001319089,0.006514769,0.008214465,0.003221058,0.001916105,0.00707285,0.003007923,0.008284487,0.00667987,0.00707532,0.002505078,0.004809081,0.003267627,0.006826763,0.003462493,0.003590309,0.001737297,0.003978959,0.005352217,0.004529413,3.16E-05,0.010848098,0.0042176,0.000930585,3.22E-05,8.54E-05,0.005070523,0.007091265,6.32E-05,0.01994814,0.002645829,0.00245572,0.016731879,0.001313471,0.00061875,0.003575081
Asp,Variance,Replica 1,9.92E-06,0.002538177,0.001086363,0.016190017,0.000834084,,0.007571734,0.010442352,9.21E-06,0.000400474,0.021335343,0.000520932,6.96E-06,0.001608823,2.68E-05,0.005120605,1.19E-05,0.007049931,0.003430307,0.009891511,0.004951658,0.005196737,6.03E-06,0.006809389,0.010007654,1.51E-05,8.06E-06,8.34E-05,2.04E-05,3.38E-07,5.96E-06,0.006657328,0.016306512,0.010148926,0.010532099,0.001493868,0.000158671,0.004017405,5.27E-05,7.38E-06,0.000138,3.55E-06,,8.95E-05,,1.40E-05,5.56E-06,1.17E-05,0.003519992,2.92E-05,7.23E-05,2.41E-05,0.000361049,0.027767253,0.018330503,1.27E-05,0.002154745,0.008323394,0.017258406,0.000490105,0.010953884,0.039330172,0.026165315,,0.000971306,0.000491955,,1.36E-05,2.75E-06,0.000418363,0.000254359,1.68E-05,9.52E-05,0.004226297,2.54E-05,0.006132604,0.004564676,0.000602133,0.003007163,0.022477305,6.59E-05,0.005285742,0.020410946,0.000236345,1.05E-05,0.02548121,0.042197097,8.08E-05,0.098675801,9.41E-06,0.001979894,0.012833063,0.012953498,2.63E-05,0.02981714,5.68E-06,1.13E-06,0.014811132,6.51E-07,0.000196045,0.005931229,0.002859171,0.030137395,0.002554822,0.009339227,0.016337012,0.014025988,0.000445387,0.015854835,0.053887884,1.15E-05,0.003054767,0.000989016,,0.002288363,0.000186218,7.95E-05,1.80E-05,0.000100115,4.82E-06,0.00126126,0.000213015,8.23E-05,1.51E-05,0.000161033,,4.00E-05,,0.002753306,0.022708006,0.015604457,2.01E-05,0.005883182,0.008311102,2.72E-06,3.73E-06,0.012558321,0.010928705,1.56E-05,6.70E-05,0.013595716,0.013567204,0.056824387,3.78E-06,,0.004247805,0.041926601,0.024062997,0.037873193,0.014966117,,0.008750416,0.002153262,0.000285289,,0.00352823,1.61E-05,0.000587666,0.000777693,0.00025931,0.000254679,0.00202541,0.018995573,0.002687592,0.000198448,0.00194104,0.006491641,0.029563897,0.005056242,0.002366049,0.000209711,4.51E-05,0.002845743,0.000158514,0.00520904,0.011985121,0.004236535,0.013655929,0.004851351,0.006792429,0.002287821,0.006312917,0.003247435,0.006904926,,0.007366622,0.001655986,0.012098975,0.0083189,0.016205299,0.007171512,0.000296436,0.00753547,0.001836801,0.003805735,0.002754348,0.004268359,0.009651341,0.003694425,0.010911443,0.003792513,0.005262373,0.001161837,0.003723963,0.003434804,0.004050009,0.001606727,1.72E-05,3.60E-05,0.144039697,6.36E-05,0.002463436,0.001632854,0.003064716,0.001236505,0.000129815,0.003853861,0.035034244,3.06E-05,0.000187999,0.002415514,0.003224397,0.008251781,0.001869658,0.000761691,0.002951694
Glu,Variance,Replica 1,7.29E-05,0.000868788,0.002998609,0.015023394,0.006734515,,0.034520788,0.102226205,1.25E-05,0.003034501,0.012416718,0.000490106,1.00E-05,0.005374914,7.41E-06,0.012907902,7.99E-06,0.015730485,0.005551041,0.00892672,,0.00184632,6.12E-05,0.004890821,0.003723322,4.57E-05,1.54E-05,0.001422806,1.90E-05,2.18E-06,1.32E-06,0.028506266,0.008949282,0.023218116,0.005877816,1.17E-05,6.63E-05,,0.001965265,0.00110945,,1.06E-05,1.15E-05,1.46E-05,2.32E-05,3.89E-05,1.24E-05,1.28E-05,0.005916064,0.000377329,6.21E-05,8.03E-06,7.83E-06,2.92E-05,0.005830906,3.62E-05,0.000703213,0.006209221,0.01535655,0.050126306,0.051145513,0.000588003,0.024197124,0.003732251,,0.000121376,0.005655356,0.000697066,3.84E-06,0.001814798,0.001343561,0.004813655,3.91E-05,0.035530199,1.35E-05,0.020413993,0.016235329,0.13276009,0.247837354,0.028626436,2.92E-05,0.001282101,,3.82E-05,5.93E-05,0.051515553,,0.002376594,,8.30E-06,0.122862727,,0.00996299,0.003719126,0.001302074,8.59E-06,4.99E-06,0.04414169,2.62E-06,,0.038215079,0.002637661,0.018816849,0.011563146,0.012074274,0.014908465,0.03334658,0.008689446,,0.000140222,0.001980204,0.002025347,0.06727361,0.002131515,0.00078667,6.89E-06,,0.00129777,1.26E-05,5.55E-06,7.43E-06,6.65E-05,1.37E-05,8.36E-05,0.08936108,0.005897076,5.15E-05,0.014300028,0.069241191,0.014548129,0.007938943,3.35E-06,,0.013612097,9.75E-05,3.15E-05,0.091622572,0.029669889,0.000198606,1.21E-05,0.013797881,0.079321286,0.027477075,0.000509152,0.033884664,,0.256487543,0.059795109,0.011519645,0.002834193,0.003573824,0.005183713,0.00456047,0.000398357,0.007413737,0.005080146,0.000212605,8.74E-05,0.001812353,4.11E-05,3.51E-05,,0.021132217,0.03326446,0.000423174,0.002539832,0.004226544,0.007416687,0.005284337,0.003115711,0.006882543,6.39E-05,0.003737758,0.000427751,0.011476935,0.00705832,0.016418217,0.040295468,0.002945576,0.010301574,0.005376415,,0.00378096,0.017962401,0.003705443,0.002815188,,0.332727091,0.067537905,0.005255599,0.006224331,0.004493588,0.006051121,0.001063132,0.002681883,0.00840356,0.007861277,0.008957472,,0.005327882,0.00274888,0.007577761,0.005692984,0.003963494,0.004696001,0.005194791,0.002198183,7.49E-05,5.15E-05,0.01054899,6.60E-05,,0.001062469,0.00278334,6.54E-05,7.37E-05,,0.031837485,0.000273734,0.007159537,0.003435099,0.012293014,0.007484628,,0.0005825,
His,Variance,Replica 1,7.41E-06,0.005646391,0.001615211,0.006266456,0.001438694,,0.006761921,0.005927026,0.000190338,0.005583356,0.019069129,0.000816382,8.03E-06,0.004339423,0.002017036,0.008413755,2.26E-05,0.002510278,,0.003385735,0.001455303,0.010992279,2.96E-05,0.004718661,0.001715446,2.15E-05,1.80E-05,0.000514952,,0.001579577,7.23E-06,0.013199791,0.00809078,0.009001852,0.008527402,,0.007506593,5.66E-06,5.48E-05,0.006343788,1.57E-05,0.019763578,3.09E-06,1.06E-05,4.39E-06,9.39E-06,0.000102038,0.00033683,0.000312245,0.006014478,3.33E-05,4.03E-05,3.50E-06,0.004671763,0.011262768,1.55E-05,0.004715084,,0.002606875,0.008984385,0.00052468,0.002985107,0.006447618,0.007007035,5.51E-06,4.97E-05,0.002917291,0.0016868,8.27E-05,0.01908512,0.004107803,0.002142174,5.40E-06,0.00633456,0.000892219,0.007165579,0.000493011,1.903175223,0.005598755,0.015675676,0.007393341,0.057911966,0.026960583,0.006368311,4.54E-05,0.00202695,0.02038364,0.220213071,0.012327752,6.08E-05,0.016591532,0.00628257,0.006826109,0.000625209,0.008592395,0.000208047,2.54E-05,0.007392536,1.57E-06,0.000503901,0.010469205,0.010730342,0.017292007,0.006188241,0.002631927,0.016443431,0.006767365,0.000464876,0.015927612,0.00351674,0.012525436,0.017306798,0.004111068,7.17E-05,0.01326252,4.69E-05,8.17E-06,4.89E-06,3.18E-06,0.000101002,4.57E-06,1.33E-05,3.02E-06,0.021003519,0.003874162,8.24E-06,8.70E-05,0.060554805,0.075383513,0.014135456,0.016607862,4.02E-06,0.012405975,0.008977885,0.032301791,4.27E-06,0.008501031,0.009013732,0.01668816,0.000663486,0.003562327,0.007529069,0.007945321,8.70E-05,0.009670813,0.011999561,0.032123621,0.008831335,0.010766561,0.036385395,0.001815124,0.00674069,0.005216959,0.000379674,0.021366079,0.001780762,4.15E-05,1.07E-05,0.002786819,1.32E-05,0.001890114,0.009209011,0.008234141,0.01374048,0.003350858,0.001652635,0.001563326,,0.00311495,0.002990076,0.007117588,0.000500244,0.002086464,0.001779313,0.006776066,0.046809451,0.003224243,0.002054752,0.004795076,0.003405705,0.001243568,0.001448854,0.014316725,,0.001001788,0.004322615,0.006185013,0.004975499,0.003830178,0.02810622,,0.000532419,0.00170764,0.002104783,0.002810223,0.002627821,0.001636426,0.007846192,0.00211292,0.004429397,0.008745886,0.003007859,0.001552302,0.002148028,0.00505069,0.002993155,0.001023283,0.002087368,0.008320912,0.013572834,6.72E-05,0.003147744,0.001706511,0.003513288,4.04E-05,3.44E-05,0.002106732,0.003317341,0.001482287,0.004637722,0.001742291,0.003057286,0.082535424,0.002433475,0.000892169,0.002926669
Arg,Variance,Replica 1,3.07E-06,1.58E-05,0.000698374,0.000655576,0.000842694,,0.005412738,,3.52E-05,0.0031172,,0.001011979,5.58E-06,0.001567119,6.72E-05,0.003032063,4.03E-06,0.00832649,0.001985806,0.003214658,0.002193566,0.006814603,8.44E-05,0.00266284,0.00273859,8.33E-06,6.79E-05,0.001608398,0.000197881,,3.33E-05,0.001704258,0.001554821,0.001715916,0.00201332,5.54E-05,1.72E-05,1.42E-06,,3.83E-06,4.88E-06,3.21E-06,8.38E-06,2.32E-05,3.57E-06,3.47E-06,3.17E-06,5.43E-06,7.86E-06,6.12E-06,2.76E-06,7.43E-06,2.57E-06,0.003496571,0.00243434,4.74E-06,9.69E-05,0.00161638,,0.004008989,0.014121721,,0.00280529,0.001729515,5.27E-06,3.22E-06,0.010080959,1.38E-05,1.21E-05,,0.005878038,,1.05E-05,0.006911665,1.75E-05,5.28E-06,,0.043319902,0.017285414,0.010395917,0.000528605,0.008296707,0.048023091,0.008804298,7.58E-06,,0.009019158,1.188509863,0.005765013,2.18E-05,0.004932225,0.004471355,0.002194975,6.11E-06,,8.47E-05,3.60E-06,0.002429459,2.95E-06,3.35E-05,0.002183607,0.001809762,0.001516294,0.003073883,0.000315633,0.003251399,,,0.009604795,0.003412721,0.033124776,0.015967678,0.005866854,0.013480517,6.46E-06,1.35E-06,1.77E-06,7.19E-06,1.42E-05,4.84E-05,4.86E-06,4.17E-06,4.17E-06,0.036720755,0.001409422,6.32E-07,0.001389095,0.001105763,0.000712366,0.004904991,0.046809513,5.17E-06,0.003313069,0.006021049,0.036914664,2.12E-06,0.006073511,0.003080479,0.000448109,1.62E-05,0.001231768,0.012009111,,1.01E-05,0.010679911,0.004316203,0.042667683,0.003085483,0.003142792,0.001801887,0.001661027,0.00125235,0.001829796,0.002546531,7.23E-06,0.001372378,1.73E-05,0.000103175,,4.88E-06,6.59E-05,4.78E-05,0.007469334,0.012542573,0.000335604,0.000518296,,0.003027182,0.001438297,0.002720999,0.003043925,2.44E-05,0.002061326,0.000417296,0.002728179,0.018652068,0.002210187,0.002968861,0.002428976,,0.000734594,0.002867098,0.009664906,0.005263938,0.001270767,0.019020929,0.00085488,0.033005466,0.003397258,0.001990598,0.003383398,0.000167727,0.001658602,0.002133487,0.001791033,0.001226932,0.00080156,0.003260049,0.001197252,0.003098995,0.004148792,0.003084234,0.001188154,0.000866155,0.00374423,0.000885052,0.001342981,,,0.001822161,3.46E-05,0.000100854,0.000689616,0.002283091,5.34E-06,8.39E-06,0.002768874,0.004375365,7.95E-05,0.002511761,0.001125364,0.002760602,0.004954181,0.000689728,0.000386507,0.001934213
K,Variance,Replica 1,0.000263997,0.000126832,0.001219598,0.0081568,0.003494963,,0.009385092,0.087769995,0.000199793,0.004268481,0.02763854,,6.93E-06,0.005764355,6.37E-05,0.003785517,1.09E-05,0.00057835,0.007069177,0.002798017,0.001593447,0.018779654,4.79E-05,0.003949236,0.00450957,1.28E-05,2.71E-05,0.000336421,4.40E-06,0.003686771,6.36E-06,0.008364762,0.014597051,0.021763286,,0.000820401,0.000264131,1.79E-05,0.005227383,9.33E-05,0.000883102,6.17E-06,4.61E-06,0.000207503,5.28E-06,6.46E-05,6.97E-06,1.32E-05,6.34E-06,2.54E-05,1.36E-05,2.48E-05,1.91E-05,0.010959395,0.00922604,2.11E-05,2.55E-05,0.006408538,0.000755179,0.021633861,0.030235449,0.0042733,0.048179666,0.012662614,1.95E-05,4.38E-06,0.002274064,0.001115619,7.86E-06,0.043669357,0.010947525,0.019388684,0.000125461,0.02419955,6.36E-06,1.38E-05,0.073883499,0.299218379,0.069662013,0.021694326,0.000495692,0.02819531,0.026894624,0.041242408,2.70E-06,0.035969268,0.010145263,0.045377069,0.013196796,7.67E-06,0.010802953,0.010023398,0.021188886,1.77E-05,0.019969097,0.00073335,9.86E-07,0.007586188,9.21E-07,6.99E-05,0.025594429,,0.003505835,0.036733373,0.000752652,0.013750223,0.016180657,0.026420669,0.009325924,0.011126026,0.018797053,0.003105137,0.01580555,7.12E-05,5.60E-06,2.08E-05,5.29E-09,7.28E-05,2.37E-06,1.37E-05,0.000236192,3.97E-05,5.48E-05,0.003140307,0.147593572,5.76E-06,0.019371041,0.017522317,0.001561016,0.021389025,0.023453446,6.95E-06,0.010353673,,0.073690872,1.11E-05,0.718486602,0.012507568,0.001004365,3.04E-05,0.003976963,0.009951595,0.025495649,4.95E-05,0.015652205,0.006262193,0.073259425,0.033592128,0.009674665,0.001064177,0.009448354,,0.008889069,,5.06E-05,0.00457606,,0.000130237,0.012894613,5.31E-05,0.000798585,0.001037326,0.014462568,0.009408504,0.000475698,0.001310383,0.004534746,0.00587142,0.003364535,0.003388477,0.006280868,0.000187471,0.007490355,0.008126135,0.018175697,0.165305679,0.008047169,0.003924846,0.009319013,0.010266243,0.001907822,0.004708201,0.010671935,0.024011261,0.00384016,0.011781747,0.002332998,0.013961311,0.0285983,0.000155899,0.007963854,6.09E-05,0.001551938,0.001945213,0.005927608,0.009488833,0.003570113,0.017473835,0.005734546,0.006265666,0.005632889,0.007324267,0.003779753,0.002955463,0.005506513,0.014378471,0.002195139,0.005301931,0.008013637,,5.66E-05,0.002359583,0.000838446,0.004267689,0.000114059,7.03E-05,0.004543032,0.010660444,5.38E-05,0.012725628,,,0.003256,0.001707375,0.000782314,0.004576201
STOP,Variance,Replica 1,1.43E-05,1.37E-05,4.21E-06,7.29E-06,6.53E-06,,8.64E-06,9.22E-06,1.31E-05,0.000661791,6.91E-05,0.000112236,4.60E-06,7.09E-06,2.79E-06,4.54E-06,4.27E-05,1.74E-05,2.15E-05,0.00011912,2.71E-05,3.03E-05,0.000131653,0.000234987,6.63E-05,1.36E-05,0.00023542,0.000259106,1.08E-06,4.93E-06,2.50E-06,2.46E-06,1.12E-05,9.07E-06,9.43E-05,2.32E-05,4.02E-05,4.84E-06,3.13E-06,0.000102923,1.10E-05,6.04E-06,1.11E-05,2.06E-05,4.74E-06,2.02E-05,5.15E-06,1.80E-05,6.03E-06,0.0001605,1.63E-05,1.42E-05,1.98E-05,3.71E-05,6.70E-06,6.33E-06,0.0001939,1.34E-05,2.46E-05,1.02E-05,6.20E-05,3.20E-05,6.49E-05,4.19E-05,1.40E-05,5.98E-05,6.07E-06,4.58E-05,2.35E-05,1.22E-05,2.17E-05,4.27E-06,2.04E-05,7.26E-06,1.98E-05,1.74E-05,1.57E-05,1.10E-05,5.29E-06,6.46E-06,6.01E-05,0.000125471,0.000440148,8.08E-05,0.00010779,2.92E-05,7.00E-05,4.41E-05,4.51E-05,7.28E-05,4.09E-05,3.07E-05,1.41E-05,6.14E-05,4.55E-05,6.52E-05,6.80E-06,1.10E-05,1.69E-06,1.69E-05,3.99E-06,0.000286639,5.85E-05,4.24E-06,3.20E-05,2.13E-05,6.29E-05,1.14E-05,1.70E-05,1.86E-05,9.66E-06,3.46E-06,1.38E-05,5.42E-06,6.37E-06,2.99E-06,3.21E-05,2.03E-05,1.09E-05,2.78E-06,3.29E-05,5.76E-06,2.38E-06,1.01E-05,4.28E-06,1.90E-06,1.01E-05,7.54E-05,7.70E-06,0.000230217,1.05E-05,8.98E-06,0.000145298,3.91E-05,0.000152902,5.76E-06,2.55E-06,6.26E-06,4.80E-05,7.46E-05,7.51E-05,2.63E-06,8.56E-06,4.31E-06,1.17E-05,3.05E-05,1.82E-05,4.70E-06,3.97E-05,4.20E-06,4.05E-05,8.43E-05,8.02E-05,0.00018196,7.27E-06,8.47E-06,3.58E-05,3.75E-05,0.000259556,3.31E-05,0.00016102,0.000178985,0.005090165,5.27E-05,0.000638201,6.53E-05,2.90E-05,9.99E-05,9.89E-05,0.000131607,0.000210701,9.12E-05,5.06E-05,3.43E-05,7.67E-05,0.000105168,0.000227773,8.11E-05,3.60E-05,7.94E-05,0.000248024,0.00037842,0.005560318,0.000144068,1.57E-05,0.000376368,5.66E-05,2.77E-05,0.000803359,7.01E-05,0.000106354,0.000155675,0.000465784,4.55E-05,7.11E-05,3.29E-05,1.83E-05,0.00015502,8.65E-05,0.000189041,5.25E-05,7.14E-05,4.42E-05,2.29E-05,0.000117902,7.62E-05,4.43E-05,1.00E-05,1.59E-05,0.000347599,4.72E-05,2.61E-05,8.09E-05,2.08E-05,5.20E-05,2.96E-05,0.000106022,0.011195111,2.53E-05,0.000191632,0.000106711,0.000366519,0.000260561,0.002590183,0.00048085,0.002123622
Trp,P Value,Replica 1,0,0,0.519661215,0.274724146,0.029559426,,0.907372518,0,0,0,0,0,0,0,0.210960881,0.000416399,0.000122534,0.011040239,1.80E-07,5.12E-07,0.000864692,0.11193639,3.55E-07,0.036391898,0.174240699,0,0,0,0,0,0,0.010058359,0.004107873,0.034294542,0.02087957,0,0.381739734,0,0,0,0,0.000132176,0,0,0,0,0,0,0,0.819036245,0,0,0,0.214638724,0.001346469,0,0.392397528,1.60E-08,0.028892484,0.172037706,0.79493893,0.04203552,0.090812648,0.068658768,0,0,0.019719518,0.677258649,0,5.14E-08,0.452126939,0,,0.381864391,0,0,0.173279411,0.169574617,0.706030979,1.83E-05,0.026352546,0.758472507,,0.335281747,0.022789978,0.200876969,,,0.062119238,0,0.335789255,3.44E-05,0,0,0.169570184,0,0,0.053055098,0,0,0.045064856,0.638028131,0.001505526,4.07E-06,0,0.241182661,0.727682947,0,0.617369529,0,0,0.490051628,7.47E-08,0,0,0.191816113,0,,0,2.38E-09,0,3.07E-06,0,0.970690235,0.002090085,0,0,0,5.91E-05,0.000129609,0.006968224,0,0.586111606,1.78E-15,0.051199877,0,0.013272543,0.165116682,,0.183336939,0.003723742,0.240876555,0.966221306,0.898462976,0.01090979,0.052563837,0.247597747,0.137992971,0.024190142,0.000640153,0.078829819,0.078829819,0.916298145,0.011551926,5.08E-09,0,0.104071697,0,0,0.0566728,0,0,0,,0.147736004,0,0,0.36724842,0.407905441,3.08E-05,1.59E-06,0.016365864,1.23E-07,0.28221339,0.063190314,0.040775464,0.132822597,5.82E-07,3.22E-07,2.20E-06,0.672248315,0.617007948,0.005422798,0.85402483,0.156528677,0.35345007,0.00168576,0,0.952863381,0.000395569,0.006417766,3.70E-07,0,0.174907665,7.02E-08,0.721822673,0.00065214,0.634621843,0.755473301,0.366254007,0.521288096,0.064777698,6.87E-10,1.33E-05,4.60E-08,0.392050735,0.086030583,6.38E-05,0,0,0.060885668,0,0,0.526148436,0.463616383,0,0,0.000918746,0,0.187981307,0.070166874,0.178222591,0.194944367,0.162245357,0.032941778,3.59E-06
Phe,P Value,Replica 1,0,0.141121758,0.075861863,0.001304579,0.003593909,0.001053581,0.516729814,1.92E-05,0.019438854,0,0.015181218,0.001388398,0.130411899,0,0.746097618,1.33E-15,,4.86E-09,0.616971717,0.079975973,0.070813076,0.000297284,0.261512858,0.000774705,0.836386784,0,1.58E-08,0,0,0,0,0,8.27E-12,5.15E-11,1.08E-06,0,1.67E-14,0,0,0.024529538,0,,0,0,0,0,0,0.163171791,0,0.008496012,0,0.47613886,0,0.434400289,0.758017179,0,4.25E-05,0.00035097,0.227713509,,0.655465364,0.000799122,3.60E-08,0.299661931,0,0,0.000127193,0.010418957,0,3.14E-07,0.599293672,0,0,0.001572055,9.93E-06,0,7.26E-07,0.000113195,0.006443873,0.000327912,0,0.003587307,0.071251812,,0.071361752,0.304821118,0.000285898,,0.613667407,0.968328244,0.819046284,0.019434883,0.089427971,1.24E-05,8.73E-12,0.343882564,0,0.16135325,0,0,0.496332553,0.009160766,0.001480084,8.60E-07,0,,6.13E-07,0,3.56E-07,0,0.465167245,9.88E-14,0,0,5.72E-05,0.247710858,0,0,6.02E-07,0.735337473,0,0,0,,1.62E-08,0,0,0,0.000195086,0.52396373,0.365029888,0,0.000891749,6.08E-06,0.10399381,0,0.222974241,0.008416804,0.000825293,0.022594966,0.298738889,0.0036619,0.004728889,0.879377455,0.025692473,0.032153143,0.118456897,0.476424178,0.058650418,0.012490116,0.998386278,1.06E-06,0.001531155,0,0,0.173244355,0,0,0.287111863,0.235536902,0,0,3.46E-07,0.009118751,0.065835159,0.000296082,0.501990128,2.22E-10,0.307032442,0.007254115,0.002392908,0,0.703587857,1.13E-06,0.12264317,0.690801974,0.010962157,0.365717955,0.00169786,0.147092844,0,0.001461306,0.259636502,0.472282446,0.074515974,0,2.39E-05,,0.000292562,0.388867238,0.530838113,0,1.92E-07,0,0.000443807,1.42E-08,0.03099268,0.469094497,1.10E-07,0.028032205,0.00097536,0.022268013,3.48E-05,2.68E-05,0.013640636,0.008267927,0.007922716,0,9.95E-06,0.001059874,0,0.824582912,0.000713155,0.050897157,0,0,0.134398875,0.86849658,0.001308191,1.30E-13,0.122353104,0.038876836,1.97E-07,0.006806516,0.06438363,6.38E-10
Tyr,P Value,Replica 1,0,0,0.000227893,0.000150776,0.574718372,,0.633315991,0,0,0.034585142,0.19795262,0,0,0,,6.66E-16,0.000574762,0.000209219,9.04E-07,0.011362312,1.59E-05,0.424894009,3.20E-09,6.93E-08,0.00507288,0,0,0,0,0,0,2.70E-05,0.266903978,0.325099567,3.58E-11,0,0,0,0,0.000370767,0,6.12E-05,0,0,0,0,0,0,0,,0,0,0,0.708549489,6.45E-06,0,,0.44206381,0.004298494,0.644422744,0.000716663,0.000809841,0.048199545,0.762192779,0,0,0.454544252,0,0,0,0.002756569,0,0,0.004057235,0,0,0.147583703,7.23E-10,0.725390007,0.000930604,0,0.05607348,0.559055987,0.781961772,1.70E-05,0.319696698,0.020600374,0.937242181,0.013416482,0,0.873480774,0.00191405,0.535472258,0,0.011625816,0,0,7.45E-09,0,0,0.003080196,0.883915038,0.67699032,0.142929189,1.31E-14,0.059929014,0.006341946,0,0.255368739,7.53E-13,0.878566531,0,6.29E-06,0,0,0.905075193,0,0,0,0,0,9.33E-15,0,0.000515,1.69E-13,0,0,0,0.09747773,4.56E-08,0.292502482,0,0.560293065,1.14E-05,0.00166387,0,0.610643627,0.0286853,0.905243573,,0.003855349,0.055400642,0.059315971,4.23E-10,0.289689904,3.23E-09,0,0.380659732,2.60E-14,4.44E-16,0,0.004195206,0.089486475,0,0,0.084928404,0,0,0.000277577,0,4.62E-07,0,,5.15E-09,0.032764362,0.703243273,0.020148559,0.000108876,0.663859415,0.271229216,0.569221233,0,0.000713931,,0.049842955,0.001823524,0.019131573,0.208812852,0.148389131,0.248037506,0.332156772,0.015132117,9.81E-09,0.002802752,0.303624901,0.000641758,0.041792198,2.85E-05,0.942084587,0.321411046,0.740969269,0,2.48E-06,1.82E-12,8.24E-06,0.191015602,0.721771134,7.32E-07,0.263230933,0.262868668,9.40E-07,0.024634494,2.36E-11,5.58E-09,6.50E-06,2.15E-09,0.072660335,0,0,0.870606797,0,0.002001284,0.625752581,0.003758819,0,0,7.59E-07,0.000664618,8.85E-05,0.430694717,1.34E-08,0.590561599,0.589994827,0.000141722,0,0.002118658
Pro,P Value,Replica 1,0,0,,0,0,,6.66E-08,0.241539121,0,0,0.409415942,0,0,0.009099067,0,0,0,0,0,0.000941146,0.001968827,1.04E-09,0,6.66E-16,0,0,0,0,0,0,0,0,0.381877897,2.22E-15,2.11E-12,4.50E-06,0,0,0,0,0,0,0,0,0,0,0,0,0,0,0,0,0,0,0,0,0,0,0,0,,5.02E-06,0,5.21E-08,0.028725255,0,0.001280047,0,0,0,0,0,0,0,0,0,0,0,1.45E-07,0,0,0,0.031971087,0,0,0,0.059626447,0,0.012803989,0,0,0.267832239,0.692846403,0,0,0,0,,0,0,0,0,1.03E-06,0,0,0.003085481,0.177565916,0,1.13E-05,9.58E-06,0,0,0,0,0,0,0,0,0,0,0,0,0,0,0,0,0,0,5.88E-07,0.000187961,0,0,0,7.82E-07,0,0,0,4.89E-09,0,0,0,2.11E-07,0.620019884,0,0.954391961,0.018089111,0.000119544,0.009546539,,0,0.000165188,0.390381615,0,0,0,,0,0,0,0,0,0,0,0,0,0.103452283,0,0,0,,0,,2.31E-05,0,5.51E-05,1.94E-12,2.00E-14,0.025002619,6.64E-08,0.887878422,0.492533129,0.005386492,2.37E-07,0,0,0,0,0.038226758,2.46E-06,0,0.041254527,1.77E-11,1.11E-05,0,0.007594399,8.68E-14,3.02E-12,0.306692482,0.637064159,,4.07E-07,5.17E-06,0,2.31E-14,0,1.44E-12,0,0,0,0.001890765,0,0,0,0,0,0,0,1.78E-15,0,0,0,0.073037587,0.024325054,0,0.652195012,0.236811439
Met,P Value,Replica 1,,0,4.67E-06,0.000604699,2.10E-06,1.12E-05,0.003186735,7.01E-08,2.03E-09,4.06E-05,2.75E-07,0.737539844,0,0.467562537,0,3.54E-06,2.22E-16,0.000858053,0.848225468,0.001793385,6.02E-06,0.000187087,0.004145907,0.003552438,5.94E-09,0,0.063016219,0.337376329,0,0,0,0.056279213,0.051229923,0.14011071,2.00E-15,0.000675745,0.830043919,0,0.04761956,1.19E-10,0,0.775712541,3.50E-05,0,0,0,0.031484621,0,0,5.16E-05,4.09E-05,0.302964464,0,0.041202651,0,0.099169278,0.496180514,0.241558413,0.004346737,0.001519765,0.000118172,3.73E-11,0.003729331,0.056534399,0,0,0.141057384,,0,0,,0.112764207,0.01972698,0.71767458,0.408086368,0,0.597395428,0.056936644,0.055317137,0.187542465,0.00080202,0.544390364,0.591840045,0.8467125,0,0.000111547,0.118087094,0.000137955,0.270892539,3.90E-05,7.78E-07,0.849659229,0.379937959,3.13E-11,0.002044322,1.90E-05,0,0.056944066,0,6.66E-05,0.009562784,0.042723192,0.078714468,5.64E-06,2.59E-07,0.018358562,0.2511829,0,0.000216494,0,0.900322228,0.088478112,0.215578486,2.44E-15,0.001613815,3.38E-09,0,0,0.548727415,0.020560398,0,0.075360472,0,0.328379913,0.95503112,0,0,0,0.135968976,0.033484166,0.012444023,0,0.133694961,0.002402455,9.97E-08,8.03E-06,0.067389383,0.000314723,0,0.059063146,0.013067744,4.47E-07,0.727452157,0.023066785,0.100441443,0.010174089,7.78E-06,0.766740525,0.993290664,0.002930345,0.313863297,0.031422459,5.39E-05,0.001184496,0,0.000641237,0,0.019657865,0.000295497,0.204476755,0,0.000751318,0.203750356,0.024537967,8.64E-11,0.000639555,0.131709264,0.689007633,7.78E-05,0.406713116,0.040818229,0.003808756,0.708234775,0.410742637,2.21E-06,0.004928647,0.92575368,3.67E-11,4.10E-07,0.827463292,8.88E-16,0.414116984,0.313714351,0.031897278,8.19E-07,0.002565735,4.32E-12,1.55E-05,0.791199879,0.34814897,0.15825925,0.285356842,0.065003507,0.200421083,0.084515584,0.044396825,0.733762914,0.264643128,0.072786547,0.000852278,0.001138899,1.44E-08,0.195181252,0.035795181,0.088871654,0.727800468,0.292702649,4.13E-08,0.490265173,0.704655566,0,2.96E-10,0.335912942,8.26E-06,0.040687344,0,0,0.003492862,5.22E-05,0.004146339,5.27E-05,0.036166516,2.19E-06,0.000514664,0.940082847,0.306734399
Ile,P Value,Replica 1,0,0,0.68645382,,7.33E-15,,0,0.008160282,0.518185358,0.216683588,1.46E-06,0,3.99E-11,0,0,0.851386788,0,0.000226923,0.04985281,2.93E-07,1.11E-07,1.33E-09,3.48E-10,1.48E-09,0.634293151,0,0.215984465,1.18E-05,0,0,0,0.346017411,0.086210542,1.01E-07,0,0,0,0,0.178845059,0.000685513,0,0,0.002924553,0,0,0,,0,0,0.521678464,5.86E-14,,0,0.00052461,0.038623051,0.000122748,0.193157259,1.69E-09,0.001996975,1.11E-12,5.03E-05,0,0.045986179,0.526802362,0,0,9.28E-11,0,0,0,0.016316394,0,0,0.000115386,0.098680128,0.903918803,0,0.003726444,4.32E-06,1.12E-13,0.018256879,1.32E-09,0.004031748,0.00118924,0,0.96355753,0.891991238,0.42369494,0.674418677,9.54E-09,0.011942402,0.410582226,0.429254493,0.757252354,0.000192799,1.49E-10,0,0.090545799,0,0,0.060090148,0.00852679,0.609021804,0,1.76E-11,0.014496454,0.005455085,0,0.209138888,0,,0,0.277516521,0,7.59E-11,0.07206742,0,0,2.01E-05,,0,0,0.000348112,0.370698316,0.181144749,0,0,0,,0.475898193,3.88E-06,0.000278321,0.00145013,1.22E-10,0.000810356,,0.023018198,0.000142745,2.27E-08,7.28E-06,0.027656634,0.121997876,0.794702117,1.78E-08,0.153270892,0.481650343,,1.89E-07,0.212313656,0.000634975,0.665682264,0.942342211,4.96E-09,0.004167864,0,0,0,0,0.001035097,0.683397166,0,0.973677034,0.342253026,0.008991516,0,2.51E-13,3.08E-11,0,0,0.014785253,6.24E-05,0,0.000663816,0,0.006388602,0.000149549,0.000370122,2.05E-06,0.314297769,0.001256062,0.029347738,0.000146266,0,2.27E-06,0.054177861,1.54E-08,0.000810228,3.26E-05,0.313745097,,0.706819444,2.98E-13,0.258800531,6.60E-07,0.006231395,0,0.027611824,4.89E-09,0,2.26E-05,0.538000694,0.000538125,0,0,0,0.03282799,0,0,3.17E-05,5.32E-05,0,8.22E-15,0.00149846,1.87E-07,0,0,6.58E-05,0.151938985,0.713176358,1.21E-11,1.46E-06,0.958911144,5.55E-15,3.19E-06,1.18E-07,0.047466813
Leu,P Value,Replica 1,0,0,7.09E-08,0,0,0.559713677,0,0.019095071,,2.22E-07,0.176268718,0,,0.033443757,0,0,0,0.975331034,1.35E-12,2.02E-08,5.42E-12,,,0,5.29E-10,0,,0,0,0,0,0,0,0,0,0,0.004918243,0,2.94E-11,,0,0.0101022,,0,0,0,0.34302533,,0,3.64E-11,0.000425503,0.005498036,0,1.30E-12,0.582574812,,7.10E-05,0.000232752,1.70E-10,0.10321355,0.043883168,2.69E-14,1.52E-05,0.174312779,0,0,1.54E-05,0.004490798,0,0,0.54872027,0,0,0.120273447,,0,0,0.002171984,0.061664553,0.026853859,,9.26E-05,0.660821284,,0,0.874326492,0.156805488,0.702649497,0.365263131,,3.30E-13,1.51E-05,0.146704231,,5.83E-07,,0,7.37E-08,0,0,,3.02E-14,0.744744343,0.000691989,0,3.21E-05,0,2.44E-15,2.98E-12,0,8.88E-06,,0,0,0.241485938,8.25E-05,0,0,,0.006663859,0,0,2.49E-06,0.004091305,,0,0,0,7.30E-05,3.73E-07,1.53E-05,0,0,2.12E-12,,9.49E-07,,1.29E-14,0.87071645,0.238985574,8.24E-09,2.29E-14,0.029932787,,2.36E-05,5.46E-07,0.000218705,0.010998979,9.03E-09,0,0,0.249813187,3.17E-10,5.10E-07,0,0,0,0,0.013725337,,0,0,0.566219076,,0,0.000891833,0.006251195,0,,0.000447972,,0,0.01414971,0,,0.36364961,0.598126439,2.91E-11,8.11E-06,1.91E-05,0,0.682716021,0.016486219,2.00E-10,4.39E-07,0,1.46E-05,0,0.436458736,7.87E-10,0,0,3.07E-12,0.001202957,8.30E-08,0.028433355,,0.009099846,0,0.283872087,3.97E-05,0.004324175,0,2.76E-13,0,1.58E-14,0,0,0,3.59E-13,0,0,0.039482295,3.03E-10,0,0,0.000595381,0.013453179,0.00767736,,0,0.44525258,,0.249713719,,0.110972359
Val,P Value,Replica 1,0,0,0.632709606,1.25E-06,,0.014943731,0,0.217908153,0,0,0.138575651,0,0,0,0,4.15E-07,0,2.11E-09,6.32E-10,0.001005804,3.29E-11,1.09E-09,0.002086704,0,8.77E-09,0.136071585,0.021322618,0.039627399,0,0,0,0.000151778,0.040086942,0,1.78E-15,0,0,0,0.725450373,0.015196873,0,0,0.48244246,0,0,0.291754431,0.014507445,0.811820355,0.00300444,0.005199944,,0.416903016,1.93E-05,0.041925116,0.696169871,0.065944849,0.347125379,0.086161228,0.928702633,2.89E-08,5.64E-05,0,,2.68E-05,0.395036546,0,8.63E-05,0.420407132,0,0.710683119,0.09207155,1.78E-10,0,0.000320837,0,,1.27E-12,0.000312809,0.065177862,0.001870423,0.168833113,1.09E-07,0.579306564,0.672596213,0,0.185110957,0.737782277,0.090528684,3.79E-05,0.232709111,0.826112495,0.036234844,0.000937257,0.045188793,0.000362113,0.391155216,0,7.72E-06,0,0,0.015199206,6.28E-06,0.002743255,0,0.247340097,0.468382139,0.821152061,0,2.22E-15,0,0.01200693,3.23E-10,0.00013509,0,0.007541323,,0,0,9.92E-10,0.390500847,0,8.32E-13,,0.006170453,0.193719632,0,0,0,0.213829449,0.00192497,0.000188957,,0.257470245,2.41E-11,1.75E-06,0.022611934,1.64E-12,0.001561186,0.087568709,0.330618519,1.65E-11,1.93E-05,0.178146345,0.933476543,0.000145946,0.825090705,0.751507438,0.000106729,0.077440816,0.126608788,0,3.88E-08,0.34089279,2.87E-07,0,5.00E-07,0,0,0.858669671,1.24E-14,0,0,0.858598042,0.022894897,0,2.11E-14,0.301450261,0,0.129692859,3.30E-09,0.860396048,0.000646598,2.77E-11,0,0.000934092,,,0.018495213,,5.80E-09,9.35E-07,0.119494571,0.002692981,0.096222099,8.91E-12,1.46E-05,0,0,0.530082192,0.087944877,7.65E-05,6.90E-06,3.08E-10,,0.002135903,0.000630653,3.98E-12,1.71E-09,9.27E-09,0.655771836,,,0,0.000597925,0,0.772129773,0,3.93E-06,2.34E-07,0.509641697,0,0,0.605699791,3.72E-11,2.60E-05,0,0.419567882,0.00041407,1.39E-05,3.48E-06,7.87E-11,0.000862914,1.07E-07,0.827673005,2.70E-06,0.160624761
Ala,P Value,Replica 1,0,0,7.06E-13,0,0,,3.33E-05,2.28E-12,7.16E-09,0.64355701,0.003284481,0,3.69E-11,0.004733601,0,5.92E-07,0,0.000946088,1.29E-10,0,9.97E-13,0.17027325,0.065532386,1.72E-07,7.20E-10,,1.23E-09,0.060807483,0,0,0,,3.55E-15,2.12E-08,0,0,0,0,0.001018701,8.26E-05,0,0,0,0,0,0.000112414,0,0,3.24E-09,0.859406944,0.432564777,0,,0.085499401,,0,0.120756043,1.03E-06,0.662507974,0.001906913,0.016879532,0.000905385,0.000319586,2.50E-10,0,0.77023351,0.897592341,0.007603501,0,2.81E-07,0.974432424,0.003544058,,0.739087311,5.01E-11,2.23E-08,0.642176966,0.340803553,0.194367923,0.88701289,0.000773712,,0.019490372,0.512691109,,0.819277784,0.053383946,0.213180937,0.045689455,0.754724672,0.827890787,0.19527434,7.58E-06,0.044226889,1.61E-12,1.03E-07,0,0.425473676,0,0,3.16E-07,0.351830272,0.139816513,0.06194559,2.05E-06,0.001657045,0.218591139,0.540200319,0.000622531,0.045967783,0.000101193,0.001396892,,0.001584277,0.634718436,0.080782356,0,,2.50E-09,0.192403723,0.015496748,0.104066097,0.840373186,0.023335457,0.072405965,0,0.1563993,0,3.14E-05,0.004383473,0.205779493,0.003248923,0.348828527,0,5.54E-13,0.573693848,0.060217774,0.00453409,0.558232134,0,1.04E-06,3.03E-05,0.000133445,0,0.008223836,0.000155973,0.06311567,0.000603823,0.014180445,0.308226065,0,0,1.68E-07,0,4.48E-08,6.19E-06,0,0.00029254,9.48E-08,0,0,0,0.689230402,0.007157949,1.05E-13,9.33E-10,4.80E-07,0.096842544,0,0.13089222,1.48E-09,0.086223813,0.033867308,2.54E-11,0.000105135,0.004595098,8.68E-12,0.486276789,0,0.000767916,3.46E-14,0.0104572,,0.66601863,1.13E-10,0.013588284,8.58E-05,0,0.270614346,0.155513136,0.052364715,0.59529479,0.481366663,0,0.040980501,0.150605201,0.055706171,0.000139333,0.017212213,2.40E-07,7.55E-06,0,3.98E-08,0.016495118,0.027992392,4.44E-16,1.34E-11,0.321998214,4.98E-07,6.08E-06,,1.85E-06,8.18E-08,,,,0.065210327,0.000148993,,0.003074293,8.52E-10,0.000117319,0.000592049,1.17E-10,0.010494972,0.60185335
Gly,P Value,Replica 1,0,0,0,0,0,,0.000231739,7.22E-12,0,5.27E-12,1.61E-07,0,0,,0,0,0,0.000139806,0,0,0.000648372,0.000213109,0,4.34E-09,0.063914263,6.88E-15,0,0,0,0,0,9.11E-06,1.86E-05,0.000714332,8.82E-08,0,0.131063461,0,0,0,0,0,0,,0,0.647039177,0,0,0.00250196,0.001082017,0,0,3.92E-10,0.000126652,0.109276201,0,0,6.77E-14,5.38E-11,0.170651737,0.000512312,0.001326578,0.131637972,0.024520507,0,,4.18E-07,0,0,3.40E-06,0,0,0.167433701,0.692268752,0,3.37E-11,6.89E-08,,0.655680301,0.284519495,0,0.089450572,0.028882341,0,0.362431886,0.082074043,0.01902552,0,2.95E-05,0,,0.243904656,0.854954196,0,0.663362763,0,,0.050322115,,0,0.001082168,0,5.73E-08,,,0.056664164,0.046157434,0.10558602,5.30E-12,0.834277771,0.47914535,0.036759901,0.00082213,0.018113844,0.000148631,0,0,0.663739856,0,0,,,0,1.58E-09,0,0,0.000351078,0.02369537,0.369090962,0.000194252,0.004056792,0,0.335126609,0.000146893,0,0,0.000625244,0.000694871,0,0,0.000843973,4.64E-05,0.827647818,0,0.35725107,0.977900909,5.01E-05,0.953623899,0.107116014,,0.066407676,0.454146801,3.08E-13,0,4.79E-07,1.93E-05,0,3.68E-06,2.76E-11,0,0,0,0.000371056,6.30E-09,0.660322057,,0.151413922,0.532153135,0.001372109,5.71E-05,2.98E-14,2.17E-06,0.494647852,0,0.010009103,0.62124924,0.600000265,0.041162846,4.66E-05,0.007128071,,0.043614602,0.000717027,2.97E-06,0,3.88E-12,0.230056093,9.59E-06,0.000289663,0,6.39E-06,0.000212346,0.839953945,0,0.059923525,,3.28E-11,8.37E-06,2.65E-11,1.12E-09,0.023666093,5.38E-06,,0.05624034,,0.00023191,0.04892947,0.314627497,0.124043925,0.600445187,4.93E-09,1.78E-15,0.929386003,0.006557938,0.737712515,2.60E-09,0.180152823,0.878513783,0,4.53E-05,8.88E-16,1.33E-08,0.1240562,3.80E-14,0.003970397,0.22874423
Cys,P Value,Replica 1,0,0,1.34E-05,0,0.00015493,,9.23E-05,0.391858525,0,0,0.046084674,0.000111006,0.083971519,3.27E-09,0,0.131176835,0,0.489177805,8.10E-14,0.015644526,0.001288027,0,4.96E-05,1.51E-11,0.553836938,0.009657754,0.167594977,0.006157169,0,0.010095876,0,9.67E-07,4.75E-10,0.000147173,1.89E-08,0.905921899,0.810676263,0,0.114619809,5.42E-05,0,2.77E-05,0,0,0,0.060755328,0.05444711,0.265375492,0.036458421,0.736767598,9.05E-05,2.67E-12,1.52E-05,0.000142502,9.08E-05,0.199235115,0.851658393,0.001454301,0.73509481,0.002411681,0.003071292,0.00289485,0.419527723,0.711406316,0.023774279,0,0.002140297,0.575527317,0,7.86E-05,0.398024661,0,0,1.19E-05,0.652844286,0.25090679,0.545264397,0.000260285,9.41E-05,0.021055469,0.64876749,0.365889184,3.88E-05,,0.024762279,0.668623057,0.00255235,0.014318023,0.005050846,0.595642672,1.16E-07,0.00056352,,4.35E-05,0.020815687,0.051010838,0,0.110450159,0,0,2.78E-06,0.127202061,0.772747328,0.773092639,0.744202738,2.40E-06,0.603618649,0.001776192,0.000995125,0.003872877,7.18E-05,0,0.251488112,0.789409904,0,0.000660745,0,0.491248853,0.137578246,0.718789904,0,6.80E-09,2.51E-05,0.000654131,0.99800271,0,9.42E-07,1.88E-05,8.41E-07,0.098392191,0.193593163,0.000379834,0.001945051,0.117213171,0.004973168,0.000530155,0.886136323,0.000104772,0.009232549,0.000310183,7.66E-07,0.000649737,0.146147268,0.12308398,0.021744731,0.000830259,0.09170266,3.26E-06,0.281568537,0.110014823,0.686575677,0.000259509,7.90E-06,0,7.57E-05,0.280771104,0,0.00049388,0.034416667,1.24E-07,8.62E-05,0.013505067,0.030411482,0.057057966,0.378454759,0,0.01970738,0.093245515,0.007267292,3.47E-07,6.44E-06,0.000385249,0.199583497,0.003378716,0.000137181,0.665198359,0.078981907,0.001012009,0.956444739,0.56504412,0,0.038885216,0.187219181,4.32E-11,3.76E-12,0.002241188,6.43E-08,1.40E-07,0.207556404,0.325681487,0.623137463,,0.008214178,0.000331662,0.18559508,0.081801305,7.91E-11,0.14711511,0.192142567,0.000297206,8.76E-08,1.58E-08,0.321532211,0.000358445,0.024086252,7.09E-08,0.213350359,7.47E-06,0,0.071231785,0.818079838,9.52E-08,0.449999393,0.18515475,0.052521701,0.508586076,0.009718848,0.231008632,0.841220283,7.00E-08,0.001635566,0.000346056,0.000340805,0.009230523,0.013041638,0.002782677
Ser,P Value,Replica 1,0,0,0.000899363,5.52E-10,0,0.573446555,1.05E-07,3.40E-07,0,0.00153058,0,0.005189953,0,0,0,1.60E-13,0,0.026350683,0.241422433,1.42E-10,1.75E-06,7.00E-06,0,0,0.006786892,0,0,0.198861167,0,8.01E-11,,0,,,0,6.66E-16,2.44E-06,0,0,0,0,0,0,0,0,,0,0,,0.004799583,5.80E-06,0,1.79E-05,0.045496811,0.000757349,0,3.27E-05,0.231352116,0.755033048,0.030589502,5.06E-07,0.008645707,7.32E-10,0.423808532,0,0,2.55E-05,7.66E-05,,5.11E-07,0.161720715,0,0,0.150575934,0,1.16E-12,1.78E-15,0.404510961,0.07909746,0.329871249,6.80E-11,0.358763944,0.590856032,0,0.084748959,0.849369436,0.006736049,0,0.966471606,0,0,2.12E-06,1.07E-14,1.64E-14,0,0,0,0.7209454,0,0,0.301360736,0.018256351,,4.44E-05,0.030850032,0.104380354,0.053643183,0.048374949,6.66E-16,,0.016287776,0,0.417167371,0.01628314,0.006062176,0,0,0.000538127,0,0,0,0.21507522,0,2.42E-08,0.016870838,0,,2.34E-07,0.000687265,0.349532106,0.522493427,0,0.343638206,0,7.55E-15,0,0.007251567,5.01E-05,0,0,9.96E-09,4.66E-06,0.563974856,0,0.008783156,0.003843838,5.62E-08,,0.349061868,0.029722274,0,0.812170218,0,0,5.00E-14,0.027467765,0,0.423254125,0.637018977,0,0,0,7.02E-06,0.221555484,0.336941454,0.739967511,1.38E-10,0.035949218,0.003126698,0.005407202,1.00E-12,0.001829179,0.318796565,0,3.22E-11,0.431558606,0.001039838,8.46E-12,0,3.63E-05,0,1.16E-05,5.17E-05,0.249378543,4.93E-14,9.63E-11,1.07E-05,0,0.000442983,0.594217442,0.000107247,0.003982329,0.620648481,2.62E-09,,3.06E-08,1.07E-05,,5.02E-10,0,6.88E-09,0.994725089,1.42E-10,0,2.06E-10,,,0.130942716,0.001090716,0.014772826,1.15E-12,4.71E-14,2.48E-08,1.02E-10,2.00E-15,1.70E-11,0.972294464,0.435398297,7.38E-07,0.001515935,0.000545354,0.202567497,0.013295906,9.09E-11,0.193141771,0.596388284
Thr,P Value,Replica 1,0,0,1.46E-10,3.16E-08,0,2.41E-10,0.000872309,0.694942631,0.010641392,0,7.67E-05,0,0.778170195,0.00041506,0,,0,2.72E-10,2.22E-16,0.000540247,0.000461061,0,0,0,0.132855227,0,0.048581473,,0,0,0,0.664711455,0,0.000774085,0,0.480477488,0,0,0.501988987,0,0,0,0,0,0,0.798736183,0,0,0.000171689,2.95E-08,4.54E-09,0.225346174,0.450468409,8.52E-07,0.012358268,7.22E-08,0.216934,5.69E-12,2.38E-06,0.017149344,0.000503139,1.04E-12,0.000975667,0,0,0,0.81085286,0.007173603,3.63E-05,0.000369665,3.28E-08,0.20613975,0,,0,9.80E-11,0.43098467,0.669926519,0.562172166,,0.009062903,0.935776483,0.411296326,0.128198899,0,0.187657313,0.311893113,0.551952123,0.152843525,0.003718966,0.284092563,0.008498709,5.13E-14,0.359084185,0.064410752,2.66E-15,0,2.23E-05,0,0,2.75E-05,5.27E-06,8.77E-09,0,0.002319753,0.000243698,0.227494871,0.320107144,2.11E-11,0.001917843,8.20E-08,0.002374909,0.001046234,2.18E-10,,0.159615372,0,0,0.266001186,4.12E-10,0,0.313570026,0.015803222,0.034649845,0.002945087,0,0.014991458,0.000233172,5.57E-08,3.99E-08,,0.038737581,0.001723147,0.000148178,4.84E-06,0.000220771,0.139060454,0.000105056,2.51E-09,0.000122157,6.36E-07,,0.016114991,0,0.077661928,5.33E-12,0.292150571,0.101269259,0.23031259,0,0.001457206,0.005793137,0.812837173,0,0,8.15E-08,0,,0.865139624,0,0,0,0.055348408,0.037251043,0.037428631,0,0.005329098,0.480672023,0.356588026,0.000481252,0.747785435,5.08E-07,,0,0.179641812,1.45E-08,8.88E-16,0.566390496,0.000545324,1.07E-06,7.95E-14,0.000723819,2.55E-08,0,0,2.22E-16,0.014442949,0,,0.915510578,0.323265333,0.001585305,0.022268017,3.83E-10,3.68E-08,4.45E-07,0.266964661,0.019780861,8.16E-10,0.096081108,0.021592123,5.19E-07,0.217078069,,0,0.702238013,0.134853991,0.246248769,0.19636117,0.000373156,2.30E-08,0.016005046,0.088985375,3.52E-12,0,0,0.213364434,5.79E-06,0.028198505,4.75E-05,0,0,0.493684518,0,5.04E-06,0.494936386
Gln,P Value,Replica 1,0,0,0.00033044,0.524477925,0.001658231,,0,0.619580744,0,,0.000125333,0,0,0.136779228,0,2.22E-16,0,0.194423646,0.257364307,,0.77170183,0.146760862,0,,,0,0,0.69669988,0,0,0,0.11524369,0.01996769,1.75E-10,7.64E-14,2.16E-05,0.386659602,0,0.000705547,0.373662711,0,0,0,0,0,0,0,0,3.72E-13,0.016617586,0,0,0,0.009473414,0.004130042,0,0.012649785,1.31E-05,0.002066955,0.216801224,5.08E-07,0.033670347,0.175252275,0.614926035,0.542134425,0,0.001793596,6.98E-06,0,0.000294607,0,0.00042964,0.007796836,0.771438677,9.41E-14,0,0.038646729,0.060544765,0.15931269,0.499761935,0,0.023477498,0.126608436,0.397934258,0,0.469346861,0.596062791,0.70561745,0.128471446,0,0.009867011,9.76E-06,0.032019513,2.12E-05,0.025716653,0,0,0.007041354,0,0,0.170677519,1.13E-06,5.96E-05,0.012797102,0.07129038,0.779999603,0.271201386,0.194168246,0,3.76E-06,0.015876593,0.063352294,0.079899899,0.245822997,0.013000742,0,0,0,0,0,0,0,0,2.55E-05,0.629864952,0,0,0.000109266,0.013706535,,0.845926895,0,0.29523177,1.42E-13,0.184133562,0,0.01368457,0.006684451,2.89E-15,0,,0.060370485,0.075213021,0,0.012013554,0.795086635,0.069475033,0.422611028,0.000105908,0.006831317,0.000255865,0.402234708,,1.85E-10,0,0,0,0.751003276,0.467483277,0,,0.709903611,0.008113421,2.84E-11,,0.017125283,0.534644386,0.002145118,0.002510902,0.00026744,0.249271784,0.000120414,0.998270217,0,0.057741316,0.000272158,0.003388613,,0.14988981,0.000355698,8.88E-16,0.996583606,0.596797709,0.950984983,0.003483122,,4.65E-13,2.09E-07,0.307614303,0.009032709,0.552602616,0.020869677,,0.73958308,0.000581502,1.01E-05,0.136526625,0.145646621,0,0,0.37405229,0.892573077,0.332283307,2.27E-08,0.003920866,5.88E-06,3.21E-12,0,1.73E-06,0.153152907,0,0,,0.097168048,0,0,0.110036886,,0.007039817,0.845444536,8.54E-08,0.612562725,0.05745207,0.049043185,0.456023034,0.124317122
Asn,P Value,Replica 1,0,,0.000823519,0.009296514,0.00024269,0.145604988,,1.27E-07,0,0.028517285,0,0.018656401,0,0.002001024,0,0.605458651,0,,9.42E-09,0.47724613,2.58E-06,0.000123776,0,0.002592081,0.49072829,0,0,9.42E-06,0,0,0,3.00E-05,3.90E-06,0.00677886,0.378869309,0.101461831,,0,0.00162834,0,0,0,0,0,0,0,0,0,0.006853007,0,0,0,0,,0.000315892,0,0.986479328,0.219550035,0.697988558,0.274855305,0.058028581,1.41E-10,0.000197006,0.544451976,0,0,0.043749535,0,0,0.013791587,0.040791471,0.000903684,0,0.260668659,0,0.012556776,0.064584324,0.003299538,,0.010844988,0,0.503250312,0.078607647,0,2.90E-08,0.592680939,0.04292366,0.038458519,0.687470772,0,0.506933895,0.368357509,0.020842798,0.000277501,2.94E-05,0,0,0.001113738,0,0,0.001512198,0.633848478,0.073819605,0,6.57E-13,0.000338842,0.013227962,0.004898615,0.722983613,0.000682605,0.217815562,0.089692987,0.521248189,0.555629142,0,0,0,0,0,0,0,0,0,0,0,0,1.47E-14,0.00110659,0.953727272,0.790693779,0.03052539,0,0.910753419,0.508937309,1.15E-14,0,0.155155111,,0,0,0.002429359,0.0202883,0.331412984,0,0.064082216,0.242963655,0,0.471862413,0.001966042,0.547013157,0.022673731,0.555589278,0.028609325,0,0.18124016,0.000112876,0,0.650003411,5.65E-05,0,0.667457042,0,0.304574228,3.91E-09,1.05E-07,0,0,1.67E-08,0.221123814,1.14E-06,1.18E-07,0,0.00220274,0.000570734,0.04116574,0.76952891,0.743163766,0.143674781,0,0.868204294,7.37E-05,0.019359542,9.59E-05,7.60E-09,0.007518226,3.55E-11,0.024390678,0,0.43006633,3.94E-11,0,0.000262932,0.835047267,1.46E-10,1.54E-09,0.00073002,0.127697267,0.042256483,8.46E-12,0.000179204,0.000585669,0.869947619,3.24E-06,9.47E-06,0.018138007,0.002856759,0.718939577,0.951721632,0.855192138,2.23E-07,0,0.000401417,0.769753273,0,0,0,0.289052138,0.381700173,0,0.000388678,0.035060042,0.137071506,0.005236321,0.872564626,0.006374368,2.06E-06
Asp,P Value,Replica 1,0,1.76E-10,0,0.001300676,0,,0.850521226,0.522168718,0,0,0.003833921,0,0,9.34E-09,0,0.000103655,0,0.714532248,0.161029748,0.070641903,9.10E-15,0.000109942,0,0.001532387,1.16E-06,0,0,0,0,0,0,0.008084697,1.02E-10,4.42E-09,0.00132871,0,0,0.181506928,0,0,0,0,,0,,0,0,0,0.273462817,0,0,0,0,0.064852558,0.000179892,0,0,0.988518146,0.868467558,0,0.447046431,1.78E-05,0.152800266,,0,0,,0,0,0,0,0,0,1.18E-06,0,9.02E-07,7.18E-10,0,6.08E-09,0.066147636,0,1.35E-05,0.107199775,0,0,0.455665963,0.53127485,0,0.110807805,0,0,0.003333533,0.047903585,0,0.618944838,0,0,0.300812162,0,0,0.012743679,1.58E-10,0.009218774,4.18E-11,0.406254627,0.009521593,0.235847327,0,0.002781099,0.224700431,0,3.57E-14,0,,0,0,0,0,0,0,0,0,0,0,0,,0,,4.00E-15,0.157364742,0.020457345,0,0.000589368,0.002380821,0,0,0.397948263,0.098360326,0,0,0.000677276,0.247826747,0.109699817,0,,0.595119211,0.164320106,0.33764858,0.752303056,0.683172857,,0.873898145,1.07E-05,0,,0.367167022,0,0,0,0,0,0,0.437046247,0,0,0.000610037,0.486529999,0.942330798,0.052498259,0.010816198,0,0,0.954955803,0,0.912065846,0.232021881,0.000372378,0.156117986,2.75E-08,0.036633316,0.004082239,7.99E-05,3.50E-08,0.067341625,,0.855312908,0.581189544,0.00189876,0.889255469,0.517273585,7.75E-06,0,0.076501799,0.844955737,0.146612836,0.000564445,0.018052965,0.014738264,0.051423496,3.28E-06,0.551784608,0.004710496,3.73E-06,0.000380398,0.381428167,4.20E-09,9.25E-13,0,0,0.035921358,0,0.702398778,0,1.90E-11,0,0,0.005445279,0.061776951,0,0,4.92E-06,0.372472296,0.349106914,0.00030385,5.07E-06,0.006220348
Glu,P Value,Replica 1,0,0,0.002186655,0.756538604,2.07E-10,,9.08E-09,0.000144244,0,1.15E-06,0.03724419,0,0,0.115990585,0,0.760904378,0,0.000111526,0.017373201,0.835874236,,0,0,0.000170308,6.91E-05,0,0,0,0,0,0,7.59E-09,0.029991223,4.72E-10,0.152327795,0,0,,0,0,,0,0,0,0,0,0,0,0.953866375,0,0,0,0,0,0.928634008,0,0,0.234439678,0.733640325,2.07E-05,0.032783428,0,0.011401583,0.018210081,,0,0.010125396,0,0,0,0,6.24E-05,0,0.254839322,0,0.017195434,0.00326175,0.713695489,0.174865322,0.624467878,0,0,,0,0,0.189467184,,4.19E-10,,0,0.005513318,,0.338134741,8.90E-12,0,0,0,0.000128268,0,,0.732792618,1.03E-09,0.045510133,0.454560786,0.795360415,0.234358783,0.004315756,0.004251203,,0,0,0,0.181918466,0,0,0,,0,0,0,0,0,0,0,0.000785112,9.99E-06,0,0.375554561,0.072248365,0.138494823,0.320956922,0,,0.002651063,0,0,0.004090103,0.014150443,0,0,6.34E-06,5.49E-05,0.633323393,0,4.69E-05,,0.831878626,0.061643818,0.151211493,1.31E-11,0.001616768,0.633414064,0.364858573,0,0.013726118,0.035909709,0,0,6.98E-12,0,0,,0.723779936,0.025622128,0,0.404096322,0.063097378,3.61E-08,0.321364582,0.002688362,1.25E-09,0,0.006300657,0,0.000105965,0.000158557,0.001262113,1.59E-06,0.023678606,0.00029609,6.46E-05,,5.10E-07,7.65E-10,0.001829586,0.010648287,,4.35E-06,3.79E-05,4.37E-08,0.131933867,3.01E-11,0.078504593,0,0.014164398,0.25816675,0.83496501,0.140680974,,0.000792471,0.507585124,0.237959549,0.032778257,0.078713586,0.000201579,0.536546427,3.04E-13,0,0,0.716598711,0,,5.20E-14,0.943854301,0,0,,0.001491439,0,0.27925995,0.299252324,0.00080149,0.757101385,,0,
His,P Value,Replica 1,0,0.021557435,0.015344699,0.309494488,0.664272305,,6.83E-05,0.011676801,0,0.690006874,0.107628168,0,0,0.242057974,0.227522829,3.20E-12,0,3.36E-07,,0.988263381,0.000442982,0.002034928,0,4.47E-08,2.86E-05,0,0,0,,0,0,0,8.50E-12,0,2.35E-14,,0.038667587,0,0,0.117166386,0,0.201081324,0,0,0,0,0,0,0,0.254276675,0,0,0,0.280198626,1.41E-07,0,0.000154182,,5.57E-06,0.000562711,0,0.438811933,0.43506561,0.004292836,0,0,0.919348045,0,0,0.000160114,2.98E-07,0,0,0.009154687,0,2.94E-06,0,0.000524873,0.185116062,0.162231691,3.32E-06,0.01829358,0.563760893,7.85E-07,0,4.09E-14,0.500193621,0.472489018,0.138195164,0,0.015473162,0.01529493,0.431496504,0,0.426442131,0,0,0.020551722,0,0,0.011750075,0.00396069,0.554708906,0.878751187,2.59E-09,0.003976092,0.121585092,0,0.016641222,0.272944729,0.191373973,0.602245607,6.34E-06,0,0.368596104,0,0,0,0,0,0,0,0,0.303663149,9.31E-09,0,0,0.017086554,2.29E-05,0.001239744,0.037933522,0,0.019022825,0.102309699,0.000456339,0,0.118825172,0.020349066,0.052489784,0,0.867527764,0.418521575,0.195085779,0,0.009372361,0.000381443,0.120070017,0.334946722,0.174676429,0.035464558,0.106563808,0.476417515,0.002607717,0,0.012737127,0.03447242,0,0,4.49E-06,0,0,1.91E-05,0.00990958,0.4176073,0,6.29E-07,1.64E-05,,0.077471368,0.000110947,0.741394578,0,4.03E-07,7.09E-12,0.003987264,0.000487332,6.39E-10,1.02E-06,0.000601552,0.000332423,0,0,0.004092872,,0.000294626,0.000441163,0,2.29E-06,0.071826402,0.666628546,,0,2.90E-06,0.000254649,4.24E-07,7.98E-07,0.000311291,0.00836021,0.682946586,0.396472184,1.22E-06,0.399925316,0.002184509,5.25E-07,3.01E-09,3.03E-10,3.53E-06,0.017376591,0,0.000511459,0,2.69E-09,0.179115317,0.007453568,0,0,0.237813567,2.15E-12,1.83E-10,0.010184563,0.008322186,0.003898447,0.000416183,0.000114109,0.005315613,5.52E-05
Arg,P Value,Replica 1,0,0,0.000149622,0,4.81E-05,,1.34E-11,,0,0.007748712,,0,0,0.010554571,0,4.44E-16,0,1.93E-08,0.003278182,8.88E-16,0.004941738,0.000237372,0,5.20E-06,1.33E-14,0,0,0,0,,0,0.000116778,0.000143461,1.14E-09,1.94E-05,0,0,0,,0,0,0,0,0,0,0,0,0,0,0,0,0,0,0.973823522,0.698652294,0,0,0.715604877,,0.024314004,8.98E-07,,0.991656093,0.013750986,0,0,1.48E-08,0,0,,0.000531221,,0,0.001150961,0,0,,0.00159988,1.69E-05,0.662129114,0,0.030439214,0.503341351,1.29E-05,0,,0.601706452,0.02005327,0.884486493,0,0.018326361,1.06E-05,2.94E-09,0,,0,0,0.253993791,0,0,2.56E-06,0.000656168,0,0.492962592,0,0.966416324,,,8.85E-11,0.735373012,0.001475573,0.371068823,0.712504962,0.868617634,0,0,0,0,0,0,0,0,0,0.972770036,7.77E-15,0,0,0,0,0.003792334,1.90E-05,0,0.071338922,1.14E-10,4.23E-10,0,3.43E-05,0.001427546,0,0,0.000185165,0.000105161,,0,2.00E-05,0.000165986,0.239438356,0.732251321,0.000480014,1.11E-15,0.001873761,0.674675648,0.772870631,0.440192126,0,0.040284334,0,0,,0,0,0,9.33E-05,3.09E-05,0,0,,0.426318437,0.001193913,1.99E-08,0.210963301,0,2.21E-09,0,1.67E-07,0.001778669,1.64E-08,5.64E-07,2.62E-11,,0,8.11E-05,9.55E-15,1.55E-15,6.25E-11,0,1.05E-10,0,0.797094883,0,2.71E-05,0,0.000545045,0.000870722,4.11E-06,4.13E-13,0.831621906,0.017006224,0.000120279,0,0.21338263,2.52E-05,4.99E-07,3.93E-12,1.48E-08,0.004616432,0.009729089,,,0.722975732,0,0,0.096401377,1.41E-13,0,0,4.81E-07,0.031027584,0,0.00014155,1.32E-06,9.82E-06,0.010118455,2.48E-10,0.105553003,0.881131726
K,P Value,Replica 1,0,0,2.22E-16,0.011217119,0.006802632,,0.001411916,0.004023225,0,1.38E-05,0.471376706,,0,0.131801031,0,0.828912578,0,0,0.024920989,0.000654713,0.30429164,6.75E-07,0,0.001039982,0.003830138,0,0,0,0,0.007362769,0,0.003618792,0.018210825,3.07E-08,,0,0,0,0.266039835,0,0,0,0,0,0,0,0,0,0,0,0,0,0,0.701940892,0.36513748,0,0,0.129161603,0,0.385996901,0.021764782,0.450432949,0.005034918,0.154005137,0,0,5.32E-13,0,0,0.166856424,0.030295703,0.207170356,0,0.432481255,0,0,0.003827597,0.055848236,0.194690967,0.150831619,0,0.432533295,0.672332775,0.575245954,0,0.039381511,0.011887069,0.816400732,0.491256591,0,0.034158186,0.458258811,0.045989504,0,0.554622276,0,0,0.977612127,0,0,0.42531286,,0.000135567,0.051205916,0,0.094575714,0.704346767,0.881186424,0.290037185,0.019540147,0.83490464,3.31E-13,0.062483476,0,0,0,0,0,0,0,0,0,0,1.38E-13,3.71E-05,0,0.012430072,0.007450902,0,0.700663543,0.635739748,0,0.01294703,,0.00168597,0,0.00013983,0.001550787,0,0,0.014781894,0.107527748,0.01762214,0,0.018093988,0.111280452,0.48420063,0.057897183,0.003346811,0,0.617483479,,0.005262874,,0,0.184650339,,0,2.36E-07,0,0,0,0.248912584,0.024859073,0,1.47E-07,0.747019837,0.015797025,0.489224643,0.165517703,0.057975204,0,0.00032211,0.000765106,0.000127893,0.00050363,0.000569245,0.000569704,5.08E-14,0.006722128,1.80E-14,0.00947126,0.051951508,1.07E-11,0.032205372,1.57E-07,0.537815136,3.02E-14,0.021287618,0,0.968854122,0,0,2.97E-06,0.007752452,0.047379583,0.114273885,0.001673622,1.34E-10,1.79E-05,0.292859857,9.05E-07,0.596839788,5.55E-15,0.092786824,0.003427312,0.003167743,5.79E-07,6.70E-13,,0,0,0,1.63E-07,0,0,0.059441623,0.110718099,0,0.334949263,,,4.01E-08,1.22E-06,0.001580934,0.001572874
STOP,P Value,Replica 1,0,0,0,0,0,,0,0,0,0,0,0,0,0,0,0,0,0,0,0,0,0,0,0,0,0,0,0,0,0,0,0,0,0,0,0,0,0,0,0,0,0,0,0,0,0,0,0,0,0,0,0,0,0,0,0,0,0,0,0,0,0,0,0,0,0,0,0,0,0,0,0,0,0,0,0,0,0,0,0,0,0,0,0,0,0,0,0,0,0,0,0,0,0,0,0,0,0,0,0,0,0,0,0,0,0,0,0,0,0,0,0,0,0,0,0,0,0,0,0,0,0,0,0,0,0,0,0,0,0,0,0,0,0,0,0,0,0,0,0,0,0,0,0,0,0,0,0,0,0,0,0,0,0,0,0,0,0,0,0,0,0,5.05E-07,0,0,0,0,0,0,0,0,0,0,0,0,0,0,0,0,0,0,0,1.69E-14,0,0,0,0,0,0,0,0,0,0,0,0,0,0,0,0,0,0,0,0,0,0,0,0,0,0,0,0,0,0,0,0,0,0,0.002720677,0,0,0,0,0,0.000113332,0.910818027,0.720861477
Trp,Sequencing Counts (Dim),Replica 2 ,28,90,1751,670,3181,0,363,920,59,53,517,12,411,464,1829,3084,373,849,1337,1906,475,152,136,1544,949,42,29,22,46,83,75,1475,1886,1937,1360,57,639,59,50,340,42,1464,12,6,55,41,2,15,129,916,29,26,44,444,1640,16,552,1822,564,834,1,773,63,1101,112,37,744,105,40,1041,241,69,28,127,2,104,105,454,243,51,3,841,0,6,157,275,57,0,182,90,745,962,814,27,602,565,294,1414,375,641,1250,812,878,1869,387,710,783,82,1095,770,155,637,753,31,10,1075,28,0,78,86,36,21,94,62,466,25,7,11,3467,536,28,88,392,1260,923,30,292,1039,,881,2203,404,1841,1161,420,1501,0,1350,825,917,1070,609,411,613,7,1549,48,3,538,108,26,11,2,401,109,689,597,67,563,64,0,35,262,273,120,69,117,59,793,270,307,218,75,1385,836,252,1674,658,78,49,162,125,952,490,538,1163,744,196,651,903,120,460,896,561,351,299,625,100,338,200,6,40,1269,1303,40,32,174,1,1261,899,855,126,678,728,4298,289
Phe,Sequencing Counts (Dim),Replica 2 ,175,2317,8461,8530,23176,136,2697,2483,1246,2396,735,863,2355,1087,9591,15415,,2449,5239,6343,3146,1658,1119,3062,2123,124,1431,193,251,415,224,13125,11481,14859,14003,480,834,297,183,6640,116,,822,14,250,308,383,2493,293,6281,1874,616,430,693,4886,796,3163,3155,3799,,958,7079,3381,1547,163,46,4253,1769,173,4135,950,204,180,2191,65,239,166,1554,2390,1935,28,600,133,23,360,462,1925,,811,1871,2019,5355,1857,1705,2765,1380,286,4194,561,7672,4308,4400,535,4095,4290,,4822,2194,5915,3267,1745,1309,929,138,420,6122,119,104,3170,746,36,1378,2998,,1274,252,51,607,3359,8388,162,211,1500,4289,2786,302,2784,8052,6952,3214,6737,3548,2916,4920,2277,6878,551,3702,2016,539,3878,1961,2455,751,78,2622,61,24,377,2095,147,27,85,520,80,1663,3111,1053,3690,1086,205,85,1509,4712,3686,127,1097,858,1858,846,1618,754,320,1004,7612,3353,4698,,1623,2244,1902,4094,2467,3147,1710,7144,6182,1115,6953,470,293,1220,5681,5951,1296,5656,2452,2336,2035,2493,40,398,4386,1224,220,112,1831,116,2468,783,4001,1118,101,2167,5232,799
Tyr,Sequencing Counts (Dim),Replica 2,51,1824,5373,4744,11456,0,3237,2426,105,1565,1551,310,263,1026,,6787,2180,2909,3766,2634,7803,2314,707,5016,2465,62,108,60,333,121,45,3177,5467,5287,3782,784,1524,369,310,1793,27,2598,51,41,344,148,103,145,2106,,248,35,94,2037,2494,249,,2791,1782,3263,785,2830,669,2062,93,85,3070,1616,121,1392,1354,137,82,3077,84,473,252,512,2187,414,7,998,816,111,476,85,1265,104,576,353,1081,4307,4768,455,2171,675,487,2954,313,2857,2803,3016,1602,3823,2076,3407,3475,268,1819,4157,1464,882,308,293,359,1824,51,45,800,111,104,464,365,1534,917,139,68,334,1787,1963,195,139,1407,2185,2753,126,2648,6162,1658,,5382,2602,2024,1688,2016,4419,140,2658,1370,641,2868,542,2117,1086,286,2200,100,11,1101,575,141,32,,370,87,1859,1511,849,1593,1671,881,148,1523,,793,126,1997,1306,3372,932,2414,1145,707,1415,3170,1527,2484,2334,413,991,1754,724,1142,2858,1102,2502,3902,699,3633,986,894,1066,3514,2018,1781,3116,5720,1975,482,569,37,394,3013,2107,72,118,1999,617,2530,631,5608,1352,623,3549,9862,2009
Pro,Sequencing Counts (Dim),Replica 2,173,2710,,2505,14000,0,3724,2836,554,2072,1760,457,853,3935,215,4169,280,508,621,8820,13929,2828,563,3970,710,539,55,374,866,8565,174,706,7898,9521,10187,3682,220,655,896,479,208,380,359,211,269,804,367,540,537,289,340,205,598,194,469,840,85,1563,370,1547,,6857,655,7047,5310,285,2827,141,296,2021,153,210,111,340,342,157,575,34,3094,820,258,64,271,185,242,192,1687,21,1080,284,4935,9268,4059,270,1477,2000,1882,,2508,3484,3579,3118,3263,5178,6614,8042,4680,4691,7583,9567,3795,2014,1579,171,390,259,153,135,195,323,170,153,248,105,382,389,70,355,4567,2634,405,423,220,6003,417,290,516,2985,487,345,2522,4881,6034,368,4867,5409,483,3947,,310,3607,3407,1205,872,424,,184,557,255,131,151,101,80,33,190,3992,2078,2052,565,,1250,,3778,1605,3261,1328,2482,2185,3561,2894,3884,1671,1911,2324,5256,732,6244,1343,183,103,582,3450,4733,8289,4458,5597,5012,2050,3701,,2303,4468,251,5589,171,8074,9225,1007,3069,2832,134,154,950,1425,267,164,143,366,407,186,8920,2487,2680,10924,18195,5170
Met,Sequencing Counts (Dim),Replica 2,,213,2994,2443,3212,125,814,109,1188,612,751,1367,511,1877,373,1774,1032,1273,2905,3090,3402,2886,1041,4254,7287,319,460,813,177,504,219,1825,2238,2456,3197,1070,714,265,1703,2755,50,2892,754,25,90,17,869,616,1215,2666,602,2033,113,1381,2712,2337,915,1931,1924,2510,696,2415,1294,1875,235,136,1680,,55,498,,1300,387,1356,1943,28,431,699,306,1761,377,602,156,535,507,579,461,466,1231,1436,1356,1973,2262,1750,1522,2531,422,1910,705,1006,2876,605,2783,2189,1932,2655,1995,325,1378,532,1427,421,2296,102,998,3225,83,14,1008,567,35,721,1199,1293,1366,320,50,138,1671,941,2843,677,389,2565,3066,1539,296,1571,1421,3016,1846,2003,908,3214,1907,1811,1897,1766,2113,1245,1152,1317,1188,1213,102,1124,56,581,614,1795,463,80,105,604,166,3032,942,253,1536,1799,1084,779,961,496,1465,369,403,619,1210,453,998,1698,2057,1640,2300,1441,2415,1649,421,657,928,978,962,3417,1446,2544,2913,444,1502,2433,2811,2219,1053,3543,884,2357,2124,2581,362,875,83,1120,3568,2117,526,52,833,856,3703,528,3401,1665,867,2435,5730,809
Ile,Sequencing Counts (Dim),Replica 2,603,2497,14131,,28245,,3527,3337,2572,3927,3879,3746,6895,1253,2020,13277,651,5036,6664,4436,15720,12373,5794,9203,8636,743,3331,2175,325,5590,237,5495,8809,12906,10973,531,321,526,8983,4252,214,2013,4093,73,378,577,,4002,1741,4218,8130,,689,3006,4764,8094,1989,4459,3596,5738,1736,7862,3213,1303,345,270,6570,2613,348,789,6120,1084,520,3956,2665,2835,258,1174,3456,1258,1517,490,2274,1774,194,2755,2335,1519,1117,4454,2516,9292,6788,6965,4835,3194,1286,7369,570,9437,8391,6182,7284,3977,6573,5569,5161,2922,5662,4459,,3678,3494,567,1811,7522,162,138,7265,,91,948,11428,2003,5622,249,225,189,,3309,3545,7102,1373,9274,7692,,7262,11160,8356,4257,6426,6446,3484,7828,5432,6843,,4249,4354,2476,4530,2207,3004,3798,195,2012,363,142,2688,4903,496,422,625,1391,117,5169,3568,1263,4496,4761,1572,1571,6258,1678,2767,1444,2894,1862,6139,2656,2908,3162,1818,3639,8570,2557,9089,4412,1183,,3523,5128,6350,11014,3300,8996,9294,2220,7521,4778,4421,2068,4191,9787,146,6504,4845,8165,2700,2382,305,467,6644,8510,3307,248,3344,2025,6531,2711,6191,5331,1903,8145,15974,3972
Leu,Sequencing Counts (Dim),Replica 2,985,6082,24010,16579,51456,34,9885,5666,,7594,3099,5431,,9104,4465,31394,3772,9373,18344,19004,17849,,,14393,17160,3217,,1610,2236,7976,637,30543,29289,29647,30676,612,4838,1399,10671,,470,4702,,160,733,359,13982,,2986,18559,13692,6658,1155,7588,11675,,5916,16955,16387,10644,4438,18665,12864,8486,759,212,13657,9153,465,1661,7778,3736,426,10911,,195,522,3819,8179,4757,,2164,739,,182,2200,6016,843,4272,,4916,21312,5038,,11145,,2444,14279,1056,14384,,14744,4998,13863,17080,17500,17099,12890,19820,4488,8455,,5243,4358,6840,18064,542,148,,5845,383,1308,27219,5651,,994,359,442,12555,9178,1982,5271,1508,12409,,15300,,23655,22204,9491,19977,10015,12812,,8392,17497,1640,11576,10731,4782,11474,6633,2225,3620,499,8714,178,180,4829,,1067,315,530,,2497,6056,10296,3947,,7718,,2293,13250,5397,,1852,4079,6407,9030,4097,7216,6834,1065,5206,20481,8755,14822,5885,2919,10222,10013,12219,18486,13014,8609,18716,,4059,17755,5451,5101,6570,11514,21744,1230,16925,8492,14939,10445,7320,172,674,12129,8151,8776,378,9326,687,12607,,13891,5760,,10787,,5637
Val,Sequencing Counts (Dim),Replica 2,461,1779,7226,3092,,130,2087,1960,1062,2267,3516,2488,6719,3118,985,10046,806,5275,7931,8383,17218,10991,5084,15017,11212,7459,3303,3284,435,9982,222,10253,8722,11811,8316,642,195,871,12942,3752,405,1517,3117,250,691,2177,6557,3433,3836,4596,,2280,6762,1537,7180,9315,3689,7975,4343,4148,1979,5623,,4169,2040,386,5925,1699,366,5824,4038,2466,463,2855,2336,,635,737,2203,921,1169,2924,1650,2372,632,2664,2159,1317,2074,5688,4814,7897,9429,4000,6121,5412,1060,6647,1643,10056,10472,5439,5922,4821,5617,10064,3744,5115,7772,7229,7789,1858,5428,851,2598,,390,441,8203,5310,192,2958,,3520,5076,928,73,453,9632,4515,5427,,3036,11116,13362,11051,5548,9530,7417,5390,10248,4465,3181,3419,7577,8328,3773,4179,3605,4964,4480,3986,6462,5151,484,5385,317,285,3822,2528,721,361,1466,1761,404,7991,3855,1578,4245,5850,3216,5220,7152,1693,3318,,,1907,,1965,2473,1867,3542,4634,7207,4003,14139,5168,1334,4027,3536,4639,2909,,5195,5526,5655,2747,7006,7756,,,6760,6776,373,6663,8753,6737,6262,2389,1177,724,12115,10413,6023,981,3356,1290,12140,4387,9788,4538,4346,11367,19796,4557
Ala,Sequencing Counts (Dim),Replica 2,75,2488,4407,624,9051,1,1190,2941,1546,1824,2306,1061,3713,8081,471,5548,317,3773,6123,1640,12415,3549,3172,8447,5972,,989,3645,1148,8159,1062,,5098,6564,4940,3166,1235,898,3678,1311,140,365,190,189,277,2151,915,789,9323,2782,5373,209,,1091,,1077,1059,6951,4458,2241,1170,3965,2729,4685,530,3397,3399,2117,201,3373,1981,1591,,1214,890,2011,257,573,570,2128,255,,610,119,,1772,830,1100,2716,3621,2990,3380,8541,225,2774,1270,4535,4868,2384,3049,5306,3898,6728,3026,2875,3496,4103,2901,5559,8612,5276,1969,,1786,1031,2414,210,,1728,1161,1979,2720,4923,3237,1537,463,1423,1277,4057,1366,5432,4189,2437,8291,9251,2968,3256,3327,3268,1158,10417,6347,2829,580,7948,5623,2085,2735,2581,2283,1685,1927,3928,4632,954,5218,138,687,3237,427,355,118,1218,1116,540,6577,2108,551,2107,4375,973,3349,1752,685,2876,1127,2896,548,3346,2060,951,703,,2479,4468,2113,9870,4481,1910,2674,2187,2186,1120,7306,3254,4592,1926,1514,3043,4591,3832,5348,3637,3640,2736,4088,7665,1350,2205,1103,,4587,6992,,,,636,595,,1501,7327,4096,3661,9794,16667,3580
Gly,Sequencing Counts (Dim),Replica 2,128,1323,3963,1387,7869,0,1897,6749,214,798,3287,247,392,,374,1422,189,4431,4497,4022,6218,2860,448,7969,6063,2130,148,272,248,3344,2071,5670,8677,5648,4142,1651,2996,645,3187,283,358,350,74,,397,2045,151,162,10650,2205,860,55,6497,1820,4197,307,544,4676,2830,994,1323,4229,1950,4665,478,,3108,216,347,2007,640,1339,791,2317,74,384,310,,1650,1160,80,1525,711,22,3940,2806,430,43,1111,171,,3506,6527,402,3186,885,,3515,,4224,4337,2257,4096,,,4564,5231,1616,4658,8969,2604,637,4336,2334,1587,237,288,1774,119,32,,,229,1262,371,500,1761,4279,4250,2796,2617,473,3819,10697,727,268,3138,3211,570,307,10041,3726,1007,162,3661,4418,604,1964,2121,,2920,1961,5694,2827,824,5303,128,709,2686,82,743,245,290,1153,426,,2525,344,1992,2402,1191,2547,2449,224,2572,605,1538,282,4119,1429,,1161,2076,3653,3748,2488,8142,636,726,782,1833,2997,543,6575,2419,,1691,2307,4338,4815,3726,3340,,3273,,4260,5280,888,2628,1172,3492,2860,6156,7109,5605,3326,1737,802,9734,3196,7031,3606,2552,9467,12027,3493
Cys,Sequencing Counts (Dim),Replica 2,112,752,5467,796,9621,0,1095,2309,35,1542,983,774,1663,3422,989,4811,603,1504,3678,4032,3185,533,808,3093,2031,3142,822,1447,478,3341,191,5063,7364,6251,3391,1732,589,298,2302,1924,80,1700,69,112,145,1759,490,421,3324,2309,4433,316,4639,2256,1913,1497,1295,1621,3319,2046,420,3692,995,2028,585,514,2693,507,295,1977,975,1082,1014,1783,493,529,1231,1472,656,125,296,618,215,35,436,673,2104,381,685,247,1492,3580,,1097,4641,904,804,811,799,3397,2498,2842,1011,3624,1065,1850,2515,2539,2519,3271,2407,949,1500,1184,1997,1151,16,1313,2013,565,447,2613,4125,766,1667,305,1498,2363,2626,1041,59,3226,2388,3964,3400,2899,2269,2506,2102,799,7751,2130,1391,794,1231,4054,342,2186,1327,595,3043,537,2172,830,1381,3584,49,374,945,1198,427,57,270,743,60,1132,2242,322,2156,846,134,1809,1264,1562,811,188,519,575,1473,627,686,869,567,1942,2819,1044,2331,1302,467,2081,481,,1289,1353,1951,2231,4669,537,2047,1304,88,1164,3546,2984,890,3264,1788,1505,2873,940,715,1947,1270,1368,2175,1290,1418,47,3734,1042,2359,1000,435,2320,4944,755
Ser,Sequencing Counts (Dim),Replica 2,165,7804,19984,6028,31848,53,6059,13519,447,4183,3508,4122,4720,9168,1133,14482,771,7542,13231,11549,14926,4053,960,15022,8932,4292,770,4335,1050,13751,,12989,,,13375,6535,5049,1601,7498,1809,237,525,491,247,358,,278,603,,4290,6933,351,13267,2911,6838,413,1500,9638,6102,3997,3700,10798,4116,8307,869,1173,6624,2218,,5885,1290,3847,2831,5667,218,1854,1839,3299,3730,4982,140,3131,979,105,2842,2146,3449,304,4980,819,6166,9770,9521,2073,5456,2951,5817,9437,2623,8311,6087,7893,,5002,5117,9210,9249,5741,11609,,5522,2805,7889,2923,4042,1054,286,4117,1135,267,665,6171,2461,2935,4344,1212,,8761,6337,5367,4177,5293,5660,13174,5898,794,7651,12864,2321,881,15524,7201,7750,1061,5600,11521,2949,,6370,5557,4195,4123,6607,4230,2726,8003,293,4395,4952,451,460,129,515,2913,367,7743,4397,1747,5686,4141,1356,4715,4973,3647,4680,624,3236,2366,5535,2477,2885,2270,3302,5428,10212,4320,12067,4519,2600,4806,3117,6350,2966,11013,,7623,7345,,7181,3863,2535,4747,9935,9138,5075,,,5725,8889,1829,4430,7771,10131,8023,8848,4337,2927,505,13578,2917,9842,3418,3899,12635,27332,2878
Thr,Sequencing Counts (Dim),Replica 2,309,5723,10570,5521,17661,156,3795,5925,1200,3354,4071,1642,7127,5249,899,,365,4118,6398,7521,19156,13674,914,12081,12305,4874,1510,,1051,6324,1871,7772,7707,8118,7402,3643,294,544,11962,827,263,2390,286,75,192,3332,1222,684,9120,3606,6518,1175,8255,4065,4631,2156,2098,7413,3731,3403,2868,7118,2006,4172,419,253,2310,1949,4697,3247,2511,3383,699,,384,1663,937,1135,4269,,608,1748,2815,1411,1251,4427,1661,1302,2107,3207,3251,7218,10145,2277,5006,2413,2174,6365,1179,3945,6162,4709,11829,3398,3912,4112,4459,3033,5584,13643,5927,2223,3747,601,,4231,156,609,4127,1532,597,3834,4489,2098,1934,800,1005,2574,3706,2340,,4433,3034,12920,7873,3250,2661,7600,2883,1768,10364,,3591,1628,5541,8613,3552,3759,2723,2068,2261,2075,4976,5252,568,4844,356,,3384,821,490,79,715,1559,185,5895,1823,419,5893,5466,2227,2973,,1766,2251,885,2748,1806,7495,2521,3058,2306,2567,3850,5820,3026,9519,6543,,2806,2319,4487,2275,11045,3785,4419,4081,882,3357,4221,5276,3948,2927,,1001,8001,10966,6626,3412,1085,2010,3734,7254,9870,5747,1928,1568,1348,13833,2255,6699,5343,2604,12734,16910,5174
Gln,Sequencing Counts (Dim),Replica 2,79,2380,3867,4523,9124,0,2223,858,81,,653,559,822,4755,445,2223,60,1386,2668,,5483,639,294,,,84,49,619,716,1862,227,2899,5444,5079,4891,1347,1261,4210,2282,1283,94,161,93,63,182,63,54,259,2557,3168,340,282,284,1311,3048,98,509,3754,2286,2584,1097,3878,1623,2552,1136,68,2485,610,65,1691,1246,1482,707,2894,194,88,1082,701,988,1867,86,603,203,156,221,1212,1464,43,1276,109,1318,5955,1928,3486,2516,1132,639,2323,430,2045,972,2611,5437,4201,707,2099,1888,3623,3115,885,479,1674,3380,623,550,437,124,33,22,78,70,309,176,74,3160,210,615,858,1601,,235,41,1321,3743,1042,391,2590,2689,1691,353,,3381,2243,160,1550,5791,373,2955,3134,2219,1518,920,,609,12,1812,54,91,1017,82,,125,2,1042,,1818,1987,1037,1785,1656,574,1003,2599,907,1529,435,1272,,1632,704,1979,1566,169,1077,3590,,3383,946,375,546,2742,1185,,1808,4058,2501,2658,863,1481,868,1138,2159,2312,6056,1198,3353,3576,1611,2240,1491,57,2813,,1613,94,158,2164,,2221,818,2869,455,839,2384,8235,1777
Asn,Sequencing Counts (Dim),Replica 2,20,,3996,2899,7505,74,,2303,67,1382,1825,1870,276,2040,391,3738,46,,3979,2399,6436,3898,194,6189,3597,152,100,425,403,967,332,2742,3605,3428,2641,2053,,873,3968,403,21,931,97,34,377,104,176,191,3833,756,155,176,623,,670,372,331,1744,1222,2079,546,3229,1005,1223,171,169,2115,107,233,873,404,483,68,699,138,556,769,76,,1345,100,31,1581,20,403,823,2172,222,1844,69,1885,2441,3340,289,1643,174,540,2429,764,1868,1353,1387,3044,634,945,1850,2599,1364,1822,6695,966,405,1369,1747,777,47,286,26,74,132,83,138,98,160,81,834,264,1495,708,939,1453,339,658,5650,1624,366,1804,,484,429,2509,1788,1610,96,1384,3190,563,1413,431,863,1417,1767,997,918,328,812,150,231,1208,19,775,10,135,820,68,3045,1191,444,2160,1727,236,812,2623,1058,1446,375,1238,924,2055,1329,740,450,1305,2310,3684,930,2211,1742,349,866,1264,1718,766,3377,1125,1271,2670,466,1611,1340,1416,830,1514,1813,1562,2246,3971,1646,1202,278,16,762,1263,1854,40,198,920,786,541,543,4096,1766,342,4877,8259,1943
Asp,Sequencing Counts (Dim),Replica 2,37,1377,1626,1755,5180,0,1426,1825,27,336,1138,573,231,2472,239,921,184,2696,5312,2062,7456,1051,34,6389,3176,52,57,35,63,1292,120,2883,4124,2558,1684,1409,233,2592,292,46,207,146,23,151,,112,73,87,4068,139,165,64,395,1442,2602,122,143,2222,1888,1842,402,1857,590,,612,1101,,34,171,919,141,104,215,1120,86,594,135,1366,1105,540,7,476,2110,0,51,1113,877,35,1784,63,1904,1885,2239,292,1259,142,308,1571,289,2243,1229,840,2295,951,1986,2893,2061,32,3051,1387,40,365,549,,67,225,199,26,108,70,157,143,54,79,65,,42,,765,1895,339,214,848,2631,221,88,1253,3064,20,220,5013,909,1443,128,,4079,396,638,817,1394,,490,986,549,,1941,109,22,1205,63,88,182,57,79,67,1615,609,306,1208,1785,51,170,2318,153,781,488,1391,284,2399,1574,771,435,740,885,,1005,4226,199,649,243,1070,53,730,3783,946,1054,1077,738,2066,1541,1625,1212,2932,1638,2670,2486,1731,35,230,292,67,1870,770,3143,96,164,1068,679,101,149,4308,1457,884,3327,6606,1349
Glu,Sequencing Counts (Dim),Replica 2,11,1204,2232,1632,5701,0,1329,775,67,940,594,1254,230,3373,122,925,37,1563,2133,2010,,920,128,4733,3754,191,28,399,63,263,229,2703,2465,2241,3877,315,62,,988,668,,94,72,49,105,61,23,126,1581,189,127,60,72,790,2688,250,250,2475,596,1082,812,1252,1249,1525,,166,1283,25,31,368,102,943,44,262,35,795,277,414,191,633,49,304,,10,255,429,,67,,56,1578,,2422,58,1509,398,282,1555,64,,971,544,4234,2030,1127,1390,2028,1062,,276,104,380,154,235,63,31,,119,102,42,169,19,220,64,1384,498,122,760,1050,982,728,202,,5614,147,103,503,1766,220,230,5077,681,1931,132,2532,,114,983,1463,892,1272,1305,983,621,337,794,180,66,713,48,89,,245,219,145,2080,1130,201,1034,1167,172,59,725,38,818,448,808,921,1985,972,573,,674,1247,2258,1233,,173,185,225,792,177,716,1420,1749,718,1140,459,,1633,1316,1416,1245,2734,1369,1137,1212,223,40,615,38,,2849,2020,172,40,,128,358,674,1443,1341,448,,5314,
His,Sequencing Counts (Dim),Replica 2,162,3812,5022,2379,9143,0,4033,2837,104,2088,1759,1383,275,3806,5549,5210,335,2256,,4471,6100,2895,223,4789,4358,220,124,681,,732,321,5418,5679,5890,3658,,1293,515,769,1523,110,1025,248,19,311,152,150,259,3788,3728,636,137,306,2464,2591,229,1505,,2088,3640,785,4627,1907,3722,163,205,3050,387,728,2069,688,486,65,3677,182,280,281,889,1982,646,196,416,701,1,225,1607,2009,81,2112,181,1517,4694,2821,741,2345,1031,2140,4611,740,3023,3590,3248,1651,3275,4165,3383,5059,2412,3260,5093,1271,1711,2188,254,1425,222,152,61,70,61,270,134,231,415,1297,312,459,2022,1732,2465,468,93,2933,3228,2389,298,4916,3812,4310,1109,5210,3517,3123,483,3054,3553,701,3692,2436,1505,3239,631,1099,165,403,3501,77,40,1421,54,468,66,229,367,244,2109,1724,,2461,2587,650,1403,5504,1745,901,388,3210,1338,1827,1295,2651,1578,924,,4217,2613,2640,1786,1004,370,,565,4145,4883,2417,3810,3091,1143,1895,1288,1657,1353,2942,3299,2513,4344,3695,3404,1883,721,71,2279,2553,2292,82,107,2407,926,1815,1146,4827,2410,259,2853,8301,2806
Arg,Sequencing Counts (Dim),Replica 2,235,2777,14889,4488,23524,0,4550,,122,2597,,2390,494,7054,2999,11501,312,6258,10820,9303,7973,3618,774,8235,11050,236,351,1206,3797,,944,12535,14279,11517,11596,1041,391,504,,375,235,138,122,122,278,215,294,326,694,403,216,231,343,5921,6208,305,330,8453,,6747,2231,,5099,4956,282,188,3678,153,429,,729,,68,4885,173,111,,1765,2843,2755,93,1056,730,347,167,,3510,133,1694,71,2408,7819,3512,246,,2591,1869,3890,989,5041,3614,7198,4161,6582,3783,7155,,,9637,6417,2604,1919,4435,1606,173,253,228,265,240,85,304,447,246,766,4037,452,1828,1547,1634,7566,1635,316,4322,8695,4777,176,4845,10121,1231,215,12748,4708,,346,3593,9050,238,7074,3547,2585,5612,4848,3103,2736,292,4995,402,52,,172,466,31,957,809,297,5130,,1549,6185,3716,776,204,4380,1541,4009,652,1110,2760,4213,,2294,3118,1844,2325,7065,5870,7761,2996,2005,184,2697,400,5631,6010,5321,5567,7442,2459,5376,3475,1687,4199,6399,9343,3451,7383,6319,,,3325,146,288,7898,4502,329,174,3050,561,2275,3333,6855,4303,2411,6966,16122,3231
K,Sequencing Counts (Dim),Replica 2,80,1379,3639,2742,7076,0,1932,779,56,773,647,,149,5252,538,2620,49,2516,3023,2340,8076,3731,153,5057,5422,111,37,363,289,3214,109,2624,2048,1880,,368,319,501,2444,235,125,158,43,25,110,55,41,77,95,310,74,45,58,1466,1999,120,36,2669,835,1298,937,3043,708,1782,282,54,1413,188,69,942,678,1215,21,1123,65,51,348,257,333,1130,3,10,735,336,204,1041,392,350,1020,61,1303,3371,2127,49,769,848,473,2861,242,1436,1243,,2966,2267,418,1366,1523,726,2270,2791,1705,618,306,52,24,45,16246,54,96,47,61,52,31,224,1367,179,359,338,591,543,1206,31,646,,777,41,220,1760,531,127,2874,1428,2119,111,1662,2994,96,661,627,681,1101,,275,,56,815,,70,1306,75,225,81,188,227,90,2429,1479,386,1988,1844,1411,115,1807,233,929,494,1136,1580,2633,785,1124,483,1284,1014,2400,1787,1982,2835,118,44,649,84,1087,787,621,1198,1938,398,1933,1465,1088,1583,1931,2742,1623,628,2823,2187,1065,,21,268,2668,2705,69,59,762,726,866,547,,,1281,4323,6403,1364
STOP,Sequencing Counts (Dim),Replica 2,59,237,178,144,876,0,161,33,54,333,124,265,195,225,504,325,97,223,165,491,758,120,193,623,495,143,206,35,184,201,48,283,345,306,572,130,172,570,296,560,174,147,107,82,202,85,77,122,356,458,185,59,194,60,180,107,262,185,105,112,70,104,76,126,232,33,200,83,179,102,118,125,55,114,43,23,39,60,88,13,70,56,153,10,47,28,216,0,241,249,105,448,348,216,75,156,55,121,42,508,32,333,76,224,451,87,40,150,403,313,55,71,102,80,51,244,188,50,329,53,40,56,209,86,73,309,53,119,69,468,40,238,332,801,443,103,66,179,558,544,805,56,87,171,125,469,47,120,124,61,118,158,272,142,57,63,236,25,63,253,264,66,308,155,271,96,87,37,25,79,26,28,33,260,129,17,46,264,120,53,82,143,21,141,197,296,303,61,7,104,49,281,295,75,55,138,117,38,231,79,33,79,202,126,58,465,196,158,147,67,20,238,581,111,81,27,150,175,170,165,346,161,79,4100,14657,2390
Trp,Sequencing Counts (High),Replica 2,29,101,214,91,387,0,62,319,175,96,44,9,61,50,188,320,51,88,136,228,43,18,61,153,120,11,8,15,24,47,41,159,205,188,130,27,67,63,33,94,26,138,11,7,53,25,10,8,30,116,15,14,41,45,181,14,66,240,45,84,2,96,4,178,35,36,96,9,13,90,14,19,13,21,2,48,27,107,51,18,0,136,0,2,22,52,4,0,36,22,133,146,166,4,130,106,126,219,110,152,251,142,143,339,62,101,169,15,133,134,29,123,140,29,9,206,20,0,30,9,50,17,77,17,149,38,4,8,572,82,5,96,68,186,167,32,62,200,,155,355,87,263,205,63,297,0,222,137,154,180,88,82,97,14,245,61,1,81,5,26,15,0,46,78,100,67,9,134,10,0,5,64,31,8,6,20,7,130,19,52,43,5,225,119,40,254,85,9,1,26,15,121,47,76,167,122,19,97,134,14,48,144,106,43,50,96,17,44,19,12,14,214,193,20,30,24,0,181,166,133,13,87,110,600,37
Phe,Sequencing Counts (High),Replica 2,146,285,903,940,2900,10,344,343,179,264,119,109,252,118,1185,1715,,288,631,689,339,184,146,331,235,25,162,33,142,261,119,1386,1336,1719,1649,78,218,189,66,758,73,,133,4,200,98,135,378,128,771,323,75,312,77,542,104,346,411,479,,126,810,404,201,100,12,519,236,90,527,112,48,99,273,20,45,59,287,373,354,8,86,27,3,67,87,421,,133,259,376,1004,342,311,571,226,236,784,161,1621,810,807,124,796,953,,960,421,1249,716,291,234,187,127,83,1085,107,90,500,138,44,312,652,,230,302,20,600,724,1491,31,149,292,928,437,86,562,1528,1394,603,1331,601,631,895,486,1311,90,749,426,126,641,264,367,123,48,384,74,7,112,423,30,39,10,56,7,277,509,158,557,143,53,17,185,685,523,17,124,145,280,147,275,102,35,171,1142,451,677,,240,404,248,821,394,494,261,1076,929,136,957,54,24,127,783,866,168,851,329,438,349,346,26,74,628,132,42,99,262,15,349,101,498,210,5,279,698,140
Tyr,Sequencing Counts (High),Replica 2,57,246,623,530,1258,0,397,335,125,148,184,109,92,254,,791,220,272,411,301,890,303,101,567,284,50,12,30,78,67,24,345,599,576,405,94,169,255,91,184,31,274,49,26,153,91,72,89,319,,43,30,78,286,325,152,,306,205,352,92,339,76,272,76,61,368,208,82,200,164,37,45,391,19,96,45,95,348,62,9,393,211,16,93,21,231,18,136,57,201,761,825,101,416,105,384,570,104,543,465,543,335,736,410,498,604,83,373,750,261,199,55,151,66,293,56,34,178,30,124,115,150,306,160,99,35,67,294,310,43,169,288,364,412,132,515,1038,294,,921,448,396,291,373,733,25,499,259,125,400,92,276,168,102,359,156,24,188,78,16,36,,64,12,321,229,158,239,256,119,33,229,,165,13,270,190,548,152,362,146,89,191,436,190,398,362,57,169,237,137,169,365,189,352,579,115,475,140,117,146,524,269,238,430,828,290,84,63,42,56,387,287,88,125,307,73,389,93,799,196,84,496,1408,312
Pro,Sequencing Counts (High),Replica 2,189,705,,313,1742,0,546,332,81,246,196,86,312,486,155,469,79,80,225,986,1689,327,84,439,118,139,23,156,283,1203,89,284,1006,1131,1196,447,117,354,275,67,135,230,220,123,203,97,222,193,329,195,216,138,265,80,170,246,45,182,137,191,,755,95,771,833,179,411,83,178,271,91,143,66,103,90,115,106,28,533,157,98,22,47,35,198,40,267,15,190,75,857,1552,761,50,431,576,589,,570,762,768,523,575,1112,1333,1575,932,984,1294,1708,680,383,389,97,164,173,122,127,188,281,172,170,281,142,200,367,104,119,718,405,188,186,188,1167,236,211,96,533,467,352,516,820,1214,188,896,983,64,837,,122,579,515,214,207,55,,178,107,207,175,182,133,39,73,186,552,432,316,215,,231,,535,234,481,170,361,319,506,612,587,232,211,366,761,142,806,238,23,133,96,501,702,1155,696,654,686,313,525,,315,679,306,779,234,1109,1311,146,403,352,134,178,271,235,338,200,53,53,414,157,1136,389,354,1690,2745,742
Met,Sequencing Counts (High),Replica 2,,78,380,307,432,7,97,60,137,77,99,184,218,264,45,253,115,156,270,274,422,325,107,461,797,110,48,92,51,127,121,209,249,317,335,154,79,151,213,280,21,380,97,18,74,16,94,56,148,329,103,271,62,186,320,253,107,257,219,304,81,265,138,190,129,93,157,,24,79,,174,40,155,248,23,67,129,49,270,46,141,26,99,120,78,85,57,194,203,230,281,352,287,288,440,157,359,343,175,465,107,476,414,348,456,397,70,238,101,235,58,437,26,159,619,98,14,172,78,37,123,186,191,225,83,9,58,251,208,516,138,78,396,417,229,49,256,246,446,339,363,165,549,341,312,312,300,369,244,171,176,201,166,35,224,68,215,98,255,188,16,19,74,47,510,134,40,218,290,167,94,110,65,207,61,49,86,165,62,151,255,284,213,305,190,347,257,48,115,90,167,145,478,161,343,339,68,192,353,355,315,166,588,115,357,318,341,42,139,59,167,522,276,61,41,94,129,529,57,469,245,122,454,805,99
Ile,Sequencing Counts (High),Replica 2,748,346,1510,,3281,,494,449,300,506,539,578,842,274,335,1518,122,593,764,533,1703,1337,665,1091,1047,312,397,269,147,764,133,767,1224,1410,1193,187,98,264,1174,523,136,289,554,47,250,68,,480,265,514,964,,135,372,552,1047,207,495,476,676,225,899,400,168,146,206,806,337,175,142,680,149,119,540,318,455,48,192,548,210,256,111,479,293,138,500,462,242,220,696,457,1580,1288,1085,984,562,892,1441,453,1962,1428,1097,1389,691,1237,1111,1024,650,985,848,,648,631,133,585,1231,163,146,1269,,105,184,1939,341,923,270,390,240,,632,636,1282,229,1741,1229,,1267,2007,1567,811,1160,1137,692,1263,1077,1226,,765,726,507,920,318,411,571,158,364,188,99,440,745,111,67,92,216,35,766,558,213,714,689,236,273,891,258,439,205,414,244,932,335,433,607,219,438,1363,435,1338,597,174,,486,770,911,1505,468,1257,1365,292,1024,663,638,257,662,1396,157,951,801,1148,344,349,138,71,920,1147,489,70,447,347,1031,376,877,754,255,1187,2355,615
Leu,Sequencing Counts (High),Replica 2,762,858,2646,2306,6213,1,1165,644,,942,352,757,,1061,965,3565,876,1098,2069,2040,1944,,,1567,1839,425,,251,404,1669,389,3212,3251,3217,3320,194,581,926,1408,,340,472,,102,537,277,1643,,471,2305,1779,819,698,997,1358,,840,2084,1971,1334,541,2199,1600,1020,537,108,1696,1062,272,296,1006,493,272,1359,,68,163,702,1381,875,,677,118,,106,448,1106,141,853,,883,3564,1120,,1976,,1082,2497,967,2620,,2522,975,3406,3049,3034,3309,2371,3727,920,1394,,1243,854,1405,3181,499,177,,933,387,390,5041,975,,678,184,461,2110,1582,323,1129,367,2625,,2445,,4501,4065,1883,3437,1623,2435,,1513,3107,291,2226,2053,902,1855,992,354,537,112,1332,215,33,794,,243,51,82,,414,979,1519,642,,1123,,365,2003,921,,388,595,886,1244,643,1177,998,128,812,2977,1228,2258,901,457,1388,1398,1683,2574,1858,1232,2735,,535,2535,780,695,919,1781,2993,186,2393,1236,2228,1598,1013,168,288,1668,1183,1301,311,1387,102,1900,,1979,786,,1580,,805
Val,Sequencing Counts (High),Replica 2,512,704,795,368,,8,392,236,165,309,423,423,806,682,390,1096,151,576,944,979,1938,1261,579,1718,1226,898,402,359,156,1243,121,1240,1065,1371,898,147,115,455,1630,420,176,262,347,109,214,271,785,465,486,571,,252,965,203,838,1101,462,949,521,482,230,678,,542,256,214,677,244,189,693,603,310,63,354,320,,126,116,357,158,216,529,243,405,178,442,406,222,346,936,894,1252,1668,689,1108,967,740,1224,726,1781,1610,883,1011,917,880,1848,665,1189,1398,1480,1535,330,961,225,462,,120,249,1438,948,149,575,,644,824,389,25,239,1439,647,1079,,555,2121,2021,1843,840,1656,1392,1087,1627,805,562,566,1443,1378,576,670,645,820,632,526,965,804,259,919,212,94,554,367,131,64,185,225,96,1193,651,229,656,871,469,728,1025,229,447,,,276,,299,346,260,546,665,1033,584,2080,733,198,579,505,690,393,,703,741,770,393,932,1058,,,942,957,203,923,1294,898,840,325,171,88,1661,1515,917,167,535,175,1739,592,1232,633,627,1889,2858,693
Ala,Sequencing Counts (High),Replica 2,46,401,492,83,1100,0,153,406,184,206,259,122,467,906,148,707,79,403,686,436,1359,482,321,998,706,,108,401,162,1009,138,,539,731,521,430,174,300,538,164,60,185,64,107,166,229,109,104,1089,366,641,24,,129,,138,139,771,517,286,143,419,329,550,85,427,419,244,62,408,239,241,,148,152,360,61,157,132,357,78,,114,28,,325,123,215,428,593,587,636,1420,52,500,183,917,824,452,537,817,621,1162,589,432,578,815,514,979,1663,842,408,,261,181,399,145,,333,220,297,488,869,515,265,173,283,212,562,204,890,744,474,1455,1378,537,481,579,550,229,1562,1100,474,118,1349,924,346,405,456,468,278,336,618,723,154,739,143,100,531,60,56,28,189,128,97,1002,282,88,327,653,147,534,204,108,394,168,417,67,509,354,135,125,,367,614,338,1400,655,257,396,284,321,146,980,510,637,269,170,430,650,544,785,533,490,342,553,1100,229,343,150,,684,1087,,,,88,81,,273,1015,506,510,1404,2329,494
Gly,Sequencing Counts (High),Replica 2,71,521,568,148,1181,0,234,784,125,89,369,108,277,,235,204,142,481,451,634,773,396,64,891,700,298,38,71,39,569,258,620,994,660,553,227,456,213,392,174,133,201,39,,175,281,79,86,1180,291,107,41,889,213,509,187,58,610,355,153,141,518,240,546,118,,394,37,104,263,85,153,142,284,41,80,46,,304,213,23,556,96,21,619,445,65,9,179,33,,667,1073,68,617,120,,666,,645,774,355,683,,,814,897,299,940,1500,461,124,704,457,356,57,172,325,95,28,,,95,233,82,210,307,602,645,495,478,112,629,1920,191,182,531,742,139,121,1622,660,180,37,700,652,131,296,373,,414,275,875,551,140,791,154,139,409,149,121,51,45,145,109,,340,48,283,335,199,421,348,61,330,95,306,36,572,200,,164,303,516,533,370,1152,91,96,107,286,391,107,990,344,,240,328,599,639,465,472,,447,,550,781,208,375,161,490,362,810,971,763,422,255,130,1340,467,995,471,338,1335,1725,533
Cys,Sequencing Counts (High),Replica 2,75,115,621,119,1206,0,141,437,18,237,108,113,165,389,216,571,149,166,412,453,335,62,121,302,244,355,80,177,60,366,20,541,816,674,331,207,55,110,341,205,68,187,106,24,121,251,69,70,384,282,547,32,603,266,204,178,180,192,353,254,66,443,115,217,78,80,337,69,89,249,116,165,126,184,51,98,165,244,118,20,39,121,31,5,79,78,341,64,105,39,245,559,,314,785,147,168,151,153,643,406,535,306,597,223,281,477,468,487,620,451,169,282,219,389,197,18,218,369,102,87,447,659,161,280,76,239,383,384,163,13,622,419,702,557,462,422,513,404,131,1368,369,261,114,187,665,60,322,239,115,457,67,362,131,243,561,43,44,134,200,103,5,36,112,17,198,340,47,353,129,30,248,161,209,145,31,80,90,202,75,115,132,94,224,402,132,326,172,82,233,67,,188,194,225,335,707,90,295,164,6,149,447,444,115,428,233,207,545,129,115,283,166,181,284,146,249,2,539,134,301,128,59,350,724,99
Ser,Sequencing Counts (High),Replica 2,150,921,2070,731,3627,5,672,1603,115,514,486,494,637,1022,416,1677,182,813,1751,1307,1577,461,168,1656,1098,621,90,480,195,1942,,1475,,,1545,777,745,431,933,246,209,244,120,112,241,,222,151,,597,909,89,1557,415,809,150,183,1098,698,440,419,1308,544,958,176,173,803,298,,701,160,535,348,701,39,358,401,572,592,887,25,540,162,25,543,398,635,31,838,133,1026,1624,1653,426,904,457,1106,1845,537,1523,1262,1287,,944,1175,1552,1610,1188,2020,,1043,620,1393,566,795,260,269,803,415,111,155,1080,490,562,788,420,,1531,985,837,723,1035,1120,2502,1034,196,1447,2353,467,204,2941,1224,1541,336,980,2001,486,,1068,1048,639,644,962,750,412,1294,355,673,776,283,69,34,71,465,56,1218,763,241,883,590,248,733,663,593,668,131,498,338,804,347,452,310,472,720,1333,560,1693,591,336,680,482,909,493,1519,,1142,1046,,1033,510,328,741,1344,1352,703,,,800,1284,233,629,1311,1432,1088,1183,641,400,64,1978,474,1283,526,570,1791,3833,396
Thr,Sequencing Counts (High),Replica 2,107,628,1039,605,2214,18,416,759,137,407,506,278,893,647,213,,122,462,756,824,2174,1624,130,1252,1358,699,156,,125,877,289,1064,832,914,763,508,132,346,1601,152,163,360,81,52,126,422,153,125,1027,450,848,127,829,411,537,241,288,968,449,401,282,858,247,468,80,174,278,241,538,334,326,428,87,,73,353,140,194,658,,134,296,510,241,228,833,276,229,294,539,598,1177,1637,469,902,390,674,1280,334,750,1019,878,1993,599,668,690,979,503,980,2543,981,385,627,117,,750,139,100,845,260,134,836,877,296,335,218,186,471,532,382,,768,470,2308,1183,617,452,1264,520,337,1759,,698,427,972,1424,612,605,469,377,340,302,799,866,118,724,281,,567,134,97,21,102,259,36,888,277,77,881,892,421,467,,260,314,151,356,245,955,450,454,368,447,643,826,482,1369,1003,,412,336,555,366,1590,581,677,540,114,454,600,744,549,412,,148,1144,1730,866,524,123,286,569,1005,1373,732,257,225,196,1857,317,833,726,352,1923,2315,695
Gln,Sequencing Counts (High),Replica 2,66,364,464,528,1105,0,513,82,20,,99,68,137,541,102,257,38,153,346,,593,67,36,,,80,6,80,110,306,83,325,619,583,558,167,152,546,388,167,24,48,49,33,124,24,41,46,316,413,55,73,106,205,355,44,75,502,302,272,157,440,200,300,147,36,262,65,54,200,164,191,90,345,50,11,196,136,176,323,11,104,33,23,45,220,290,7,201,68,228,912,314,525,409,208,160,370,137,440,278,420,877,759,251,350,322,637,600,198,93,322,621,109,92,101,81,34,26,84,92,79,90,13,662,80,120,141,283,,43,57,251,573,189,142,442,469,260,68,,526,486,27,319,1042,69,506,552,387,265,130,,91,3,271,33,11,146,83,,12,0,162,,258,270,121,278,302,85,138,436,154,218,69,192,,266,110,288,259,33,140,514,,538,172,54,92,330,180,,270,598,378,381,103,194,126,164,345,321,872,156,447,511,258,296,160,64,348,,194,105,217,293,,318,124,416,55,97,351,1278,253
Asn,Sequencing Counts (High),Replica 2,28,,459,303,812,8,,289,14,147,174,240,73,234,89,452,25,,446,269,722,483,58,713,436,94,20,65,105,211,51,337,358,372,299,245,,120,501,158,15,125,41,21,128,26,52,48,466,116,46,45,114,,86,150,46,189,145,234,84,368,112,121,113,43,251,30,66,112,39,65,32,97,25,105,122,15,,246,14,8,265,16,79,122,337,43,386,54,367,416,562,56,382,65,135,449,187,311,246,223,562,104,195,327,486,237,290,1113,152,61,214,289,180,25,157,36,96,50,99,33,72,31,24,173,36,243,81,176,264,225,102,948,336,149,373,,123,73,463,315,298,39,282,496,85,259,76,184,188,241,166,164,57,125,81,35,246,40,112,1,17,104,15,527,196,64,313,243,29,152,380,142,213,76,203,122,284,173,129,62,166,341,557,145,333,338,67,125,162,246,132,523,126,169,327,68,226,182,213,104,232,234,196,305,535,300,168,41,17,106,151,294,17,86,144,127,160,99,561,269,40,655,1279,248
Asp,Sequencing Counts (High),Replica 2,23,181,214,191,603,0,156,227,35,44,158,63,100,378,132,174,98,292,563,248,852,129,17,623,326,30,23,19,25,473,55,360,459,295,214,177,53,317,71,9,39,108,17,64,,48,60,63,497,62,59,28,67,159,286,69,42,231,242,278,41,190,70,,89,159,,17,77,94,30,36,25,118,39,78,27,242,194,87,24,94,308,0,27,184,159,16,259,76,326,329,363,56,236,83,236,254,178,440,244,119,345,155,346,419,399,6,520,249,11,82,87,,7,105,66,21,109,36,69,18,46,33,20,,8,,120,329,65,76,117,543,121,90,235,554,10,84,826,179,276,95,,600,111,122,154,297,,78,160,105,,301,166,45,202,65,106,25,6,24,28,254,96,49,163,301,13,46,289,30,119,99,204,38,324,222,86,64,90,149,,156,855,27,90,35,137,32,86,531,117,161,162,87,252,220,344,195,430,217,373,390,276,33,55,54,37,260,101,419,74,86,146,71,131,37,575,196,130,465,972,198
Glu,Sequencing Counts (High),Replica 2,6,146,300,209,644,0,155,78,20,109,62,171,102,394,48,126,20,154,225,236,,104,11,491,448,109,12,66,15,105,98,298,337,261,360,63,33,,131,69,,64,27,42,48,33,10,46,216,20,41,39,49,84,270,63,41,366,78,122,97,155,142,150,,34,156,10,21,53,21,128,8,28,10,148,47,81,39,79,52,59,,1,61,67,,14,,24,281,,641,7,299,99,77,278,64,,161,94,748,398,160,210,363,199,,43,11,74,45,33,14,12,,36,31,30,145,9,107,24,208,87,32,103,150,249,123,143,,841,83,77,109,310,79,67,867,139,312,50,499,,21,200,255,194,134,194,138,103,134,156,132,36,132,64,87,,46,43,28,581,166,37,152,157,19,23,97,15,116,69,90,106,273,123,87,,107,158,325,185,,31,35,36,117,31,111,180,229,80,167,58,,223,174,187,190,389,211,138,179,53,36,73,29,,431,264,169,47,,17,86,108,160,164,55,,781,
His,Sequencing Counts (High),Replica 2,93,493,562,286,1031,0,401,348,24,219,186,209,165,429,639,546,52,221,,458,741,320,74,498,487,114,14,126,,88,130,569,620,673,418,,157,163,103,184,71,113,103,22,149,64,71,39,463,432,108,29,96,302,327,152,184,,250,408,190,582,199,462,69,41,391,80,100,229,99,59,53,484,86,49,59,178,301,110,34,55,112,0,79,257,331,4,400,71,227,767,544,144,430,184,445,802,309,553,624,771,311,569,700,636,786,512,586,845,215,401,369,53,272,64,146,71,59,55,263,86,134,65,361,246,261,400,309,429,60,130,599,546,375,231,928,648,832,197,836,591,541,165,588,583,136,638,383,307,494,79,126,27,63,525,71,48,214,107,87,3,29,67,42,322,234,,431,375,90,221,750,264,142,61,419,211,290,149,389,216,219,,583,350,345,214,100,48,,93,543,652,326,587,409,125,239,168,240,179,434,472,336,562,520,456,242,92,63,285,362,330,96,114,368,161,261,126,661,293,42,441,1200,422
Arg,Sequencing Counts (High),Replica 2,155,543,1480,584,2759,0,630,,190,323,,336,262,903,390,1382,163,698,1221,972,824,410,97,905,1219,149,57,165,529,,179,1334,1619,1238,1276,156,78,353,,217,154,98,104,64,197,159,182,165,253,104,122,134,238,729,799,167,47,947,,770,263,,627,541,171,118,455,92,115,,149,,46,668,86,129,,377,450,517,64,168,111,51,170,,658,31,281,66,420,1319,681,133,,441,493,580,288,997,602,1098,773,1322,676,1345,,,1707,1138,407,405,868,288,210,260,240,161,210,108,221,244,305,157,671,527,274,347,260,1137,315,261,745,1557,823,152,905,1829,255,179,2138,818,,93,615,1573,59,1151,656,506,863,725,435,411,174,733,118,25,,229,183,44,141,130,63,706,,222,875,566,118,144,541,240,612,99,168,407,605,,359,446,259,319,1052,786,1035,433,281,18,396,182,741,898,707,764,1048,380,758,469,244,606,1022,1304,666,974,832,,,411,151,82,1055,642,265,218,442,55,405,533,854,545,327,1024,2364,480
K,Sequencing Counts (High),Replica 2,28,512,394,313,791,0,200,79,6,85,91,,91,520,103,234,25,292,325,265,876,502,24,517,665,89,10,41,57,416,43,259,276,227,,48,51,159,283,36,31,64,31,24,95,30,42,43,50,64,36,17,44,152,258,67,22,355,100,156,102,377,101,197,83,52,167,22,54,110,110,163,16,125,33,44,63,41,48,202,5,41,121,61,176,182,65,88,159,66,280,584,369,35,165,161,202,525,107,246,290,,560,392,78,224,249,145,349,449,291,142,52,13,46,43,18846,64,73,42,45,60,63,37,285,198,67,55,120,92,283,42,110,,130,46,34,314,127,93,490,283,458,46,302,502,13,99,116,148,148,,36,,44,134,,109,195,104,44,14,52,64,35,367,209,48,300,290,198,71,280,23,146,71,179,236,405,118,160,57,167,145,356,256,286,397,21,30,103,61,133,128,58,168,294,58,264,193,180,201,285,349,173,100,402,275,161,,33,31,403,363,87,22,99,85,165,72,,,196,612,909,215
STOP,Sequencing Counts (High),Replica 2,40,133,126,121,693,0,90,17,21,92,79,63,122,136,276,196,42,145,125,195,204,61,45,160,162,89,58,29,101,123,40,134,174,143,157,104,70,298,156,120,103,86,60,81,164,58,54,84,224,99,122,46,115,33,160,90,52,137,75,38,54,77,51,72,135,38,117,41,97,105,71,54,22,67,47,24,26,70,82,27,59,52,42,11,41,17,71,0,95,193,82,208,261,179,72,107,84,116,35,221,34,121,64,190,220,90,30,120,163,202,44,68,133,90,41,215,137,42,138,33,41,52,283,63,45,290,51,49,68,175,48,267,227,443,161,86,97,159,236,185,302,57,74,88,116,206,44,118,94,90,86,67,113,83,88,88,154,52,85,118,85,16,44,33,78,95,112,21,34,85,15,26,27,126,137,14,54,40,76,79,80,40,33,140,147,101,205,73,11,91,68,156,82,94,91,90,158,22,142,60,48,89,168,140,93,211,173,205,200,23,36,230,243,95,110,39,82,28,183,119,102,50,24,531,2123,353
Trp,Functional Score ,Replica 2,-0.956438124,-0.991278431,-0.029478123,-0.07648328,-0.027100747,,-0.17683657,-0.481908037,-1.411221123,-1.197634499,0.124089375,-0.82227456,-0.115966244,0.022233372,0.045560092,0.041895773,-0.080977591,0.040759145,0.049700172,-0.020110363,0.097200297,-0.025362852,-0.595203432,0.061218565,-0.044953046,-0.373769878,-0.401057877,-0.779610148,-0.663174099,-0.696468102,-0.681562113,0.024717559,0.021384016,0.070469389,0.076627067,-0.621125817,0.035075808,-0.969717727,-0.763214397,-0.38477566,-0.736317912,0.082778635,-0.905248795,-1.003608874,-0.925521767,-0.729953051,-1.564710258,-0.680548195,-0.313491039,-0.045654424,-0.66197065,-0.679583096,-0.911149053,0.048399401,0.014638638,-0.885345026,-0.021950331,-0.061908511,0.152191582,0.053108664,-1.163309717,-0.037527963,0.208100244,-0.151114687,-0.440536798,-0.929722564,-0.054123579,0.104067887,-0.464339713,0.119549727,0.280088165,-0.389510775,-0.616949876,-0.168389243,-0.941460968,-0.445580132,-0.195034918,-0.15282926,-0.104262947,-0.334319183,,0.010966785,,-0.363981336,0.066143356,-0.058992384,0.327500647,,-0.079984679,-0.174488623,-0.031988302,0.03860843,-0.089477833,0.007165496,-0.114608144,-0.053871682,-0.41195991,0.030213744,-0.24770702,-0.155027867,-0.082408977,-0.022946178,0.007935181,-0.038068993,0.013437006,0.066143356,-0.114085385,-0.052832433,0.135176433,-0.020904325,-0.057046306,-0.066141452,-0.049547751,-0.750466146,-0.73548899,-0.062264325,-0.635863685,,-0.368384866,0.180337819,-0.919953197,-0.689554272,-0.692824578,-0.226112715,-0.284744228,-0.957875233,-0.557105934,-0.647675769,0.003286295,0.034161094,-0.064472513,-0.816538726,-0.020805594,0.05090933,-0.037532595,-0.806538205,-0.108708831,-0.064244567,,-0.02546276,0.013318766,-0.114044211,0.06543642,-0.026747296,0.042037591,-0.075916317,,0.00420989,-0.000540304,-0.005277094,-0.077139454,-0.01221848,-0.152333029,-0.051438968,-1.136555658,-0.050108835,-0.953382297,-0.482272134,-0.030220821,0.444818129,-0.85024892,-0.979882777,,0.085983677,-0.705704457,-0.013880711,0.096785217,0.001331248,-0.228077284,-0.061878504,,-0.040383256,-0.240679326,0.088397857,0.301319202,0.178822528,-0.091964914,0.049206783,-0.0663125,0.291883739,-0.082563103,-0.149286735,0.287335343,-0.061788936,-0.00515088,-0.05544256,-0.032051554,0.036340745,0.066897132,0.66826502,-0.062641428,0.058063108,0.044039787,0.163696483,-0.002724647,-0.008497343,-0.066520306,0.153079024,-0.025339115,-0.023043047,0.069370125,0.127238976,-0.057566473,-0.128248767,0.057187153,-0.077143471,-0.038548919,-0.091120906,0.030949742,0.161830846,-1.134245576,-0.404161899,-0.078043511,-0.021818853,-0.554547757,-0.822665398,0.002380427,,-0.008238294,-0.11766199,-0.043510171,0.121507837,0.039292879,-0.031181641,0.004555,0.037368381
Phe,Functional Score ,Replica 2,-0.863021472,-0.032047337,0.030058234,0.01615472,-0.038885986,0.172482385,-0.047688741,-0.082323545,-0.099833138,0.015690789,-0.152246196,-0.044612745,0.028360758,0.021249948,-0.033475995,0.012105925,,-0.012529341,-0.022544478,0.022333706,0.02552699,0.012258138,-0.058274495,0.024131597,0.013600386,-0.252831797,0.003477019,-0.179824805,-0.694737843,-0.740361633,-0.667612528,0.034735015,-0.007431301,-0.004858952,-0.012576692,-0.154637232,-0.359486068,-0.745583212,-0.500646544,0.000784228,-0.741422381,,-0.151806327,-0.433305479,-0.844767614,-0.44564203,-0.489634895,-0.122717479,-0.58275599,-0.030733534,-0.178449808,-0.029474838,-0.802337834,0.010283795,0.013137193,-0.059391478,0.019003632,-0.056762623,-0.04252313,,-0.061959376,-0.000211401,-0.019270102,-0.056105361,-0.730109272,-0.370918028,-0.028300082,-0.067441546,-0.658810068,-0.047155407,-0.014661369,-0.316509394,-0.682806842,-0.037676823,-0.436973529,-0.057660563,-0.332057412,-0.046001806,0.027243458,-0.041777747,-0.253528749,0.062542221,-0.092806112,0.048045134,-0.051353187,-0.055851,-0.11920874,,0.004852575,0.079097786,-0.049475807,-0.052104601,-0.044686437,-0.040561011,-0.094197256,0.006013521,-0.695661202,-0.050867433,-0.23777745,-0.10393474,-0.053381606,-0.042595189,-0.14536456,-0.067833533,-0.125767475,,-0.078179817,-0.062416677,-0.103699485,-0.119955282,-0.00167339,-0.031992028,-0.083706562,-0.743015095,-0.076875159,-0.027655718,-0.732995243,-0.716486972,0.022768992,-0.047374645,-0.86502183,-0.134397935,-0.116631146,,-0.036285774,-0.85741868,-0.378901316,-0.773921413,-0.112718428,-0.028893632,-0.066411872,-0.628285505,-0.068844554,-0.11432992,0.025126306,-0.235245412,-0.084329988,-0.057289393,-0.081232205,-0.052518528,-0.074797076,-0.008145506,-0.114466058,-0.039011038,-0.108579143,-0.059229237,0.005942254,-0.085231254,-0.104275493,-0.14905376,-0.068781785,0.019913717,-0.025366325,-0.065986892,-0.641121001,-0.016429767,-0.933530077,-0.336144099,-0.324484486,-0.155814669,-0.165756739,-1.007513321,0.060527896,0.114123366,0.180485697,-0.072489102,-0.064423303,-0.027643646,-0.029408582,0.02892891,-0.265790875,-0.161320854,0.060240284,-0.013005015,-0.002551367,0.012223217,0.094986258,-0.079371613,-0.02901922,-0.091413977,-0.081257819,0.016686459,0.105350761,-0.082563103,-0.026577823,0.020591636,-0.009198988,,-0.020911707,-0.106047836,0.033749353,-0.152655612,-0.054038766,-0.046449477,-0.034597534,-0.028291113,-0.027334189,0.062088004,0.010815757,0.085914206,0.228193102,0.130778679,0.010175091,-0.013391049,0.035923696,-0.02788578,0.021504678,-0.123652732,-0.085024993,0.006857214,-0.66603977,-0.121976867,-0.006436068,0.115493992,-0.135229256,-0.796919478,-0.006571304,0.025745308,-0.001262968,0.037324039,0.054308739,-0.124865031,0.415854433,0.039328374,0.024293907,-0.095106776
Tyr,Functional Score ,Replica 2,-0.989321583,-0.072134024,-0.006040172,0.010044095,0.017737772,,-0.030588324,-0.082173197,-1.016852234,0.081465651,-0.016705558,-0.488813482,-0.486822081,-0.335789801,,-0.008202044,0.053686529,0.086990887,0.020107164,-5.01E-05,0.001194543,-0.059162478,-0.098200566,0.004973983,-0.003638232,-0.848872329,-0.002941243,-0.644005432,-0.313234786,-0.686188463,-0.672615655,0.02217654,0.018538637,0.020990101,0.02832711,-0.022299828,0.012496758,-0.781237429,-0.410820457,0.046244043,-1.000438828,0.034719405,-0.924258938,-0.746658745,-0.590380121,-0.731155608,-0.786858625,-0.73042101,-0.122370367,,-0.184623832,-0.875532454,-0.860898816,-0.089487977,-0.057028452,-0.727660261,,0.017946186,-0.003243255,0.025063528,-0.012456511,-0.020437587,0.000628178,-0.062433517,-0.854310792,-0.798369969,-0.020689358,-0.051991318,-0.773338638,-0.099780141,-0.025847861,-0.377189537,-0.683018416,-0.045994673,-0.30463887,-0.088162014,-0.034704698,-0.049264185,0.018790596,0.042689834,-0.881617026,-0.374551351,-0.192308866,0.05083624,-0.07170339,-0.179427029,-0.041243529,-0.027010122,-0.153288023,0.00976689,-0.04920321,-0.026399305,-0.017289974,-0.126932345,-0.061809856,0.02741821,-0.675876408,-0.064726338,-0.301833429,-0.058167993,0.000826191,-0.034650902,-0.09984917,-0.06366634,-0.07493591,0.055816018,-0.019333696,-0.271696869,-0.09129323,-0.035473122,-0.030737001,-0.13318287,-0.033992498,-0.491759211,-0.046077434,0.014581078,-0.819195902,-0.658762382,-0.127231568,-0.215979656,-0.855007745,-0.17455095,-0.393603802,-0.07941827,-0.021823647,-0.632203557,-0.493492465,-0.083862334,0.004206068,0.022014617,-0.126297179,-0.863550179,-0.090652098,-0.001101405,0.045506444,-0.799080036,-0.068183376,-0.005604252,-0.028324507,,-0.012465985,-0.015326393,-0.070880094,-0.016092178,-0.046647063,0.001018336,-0.03781854,-0.052853512,-0.056213006,-0.070401749,0.004803414,-0.08199091,0.033879364,-0.040819094,-0.403848159,-0.063426441,-1.0425972,-1.178717164,-0.083575773,0.014926752,0.083023576,-0.900658423,,-0.091020422,-0.00515088,-0.088033714,-0.031623458,-0.121114803,-0.02720237,-0.036229908,0.017605492,-0.203567273,-0.028189151,,-0.169499987,0.121507837,0.018070599,-0.014034486,-0.061473593,-0.063869923,-0.026729721,0.042908549,0.047654489,0.018492176,0.01089459,0.053837319,-0.055438244,-0.041363052,0.00655875,-0.083125904,0.018240839,-0.128513228,-0.021562413,0.043001896,-0.085479536,0.000966045,-0.021959448,-0.068043185,0.032925724,-0.003828154,0.031293559,0.011874316,-0.024130864,0.024221065,0.023048524,0.009445056,-0.011107442,-0.017718022,-0.093608311,0.102471084,-0.904606582,-0.00625036,0.040550569,0.014880815,-0.936854184,-0.875174295,-0.037172631,0.074100703,-0.03755004,-0.020687176,-0.004220663,-0.012474201,0.017730829,0.003999008,-0.005018755,-0.042010931
Pro,Functional Score ,Replica 2,-0.979770703,-0.356908574,,-0.038804106,-0.036490209,,-0.107983155,-0.010469829,-0.108717026,-0.016783352,0.010812507,-0.218085977,-0.505107464,-0.033543896,-0.799744087,0.006987414,-0.393895231,-0.140965891,-0.501166381,0.009935147,-0.025283636,-0.005116089,-0.117423756,0.014425353,-0.163615236,-0.354043726,-0.568235847,-0.562523488,-0.456245464,-0.089154343,-0.651488572,-0.546431072,-0.046730124,-0.016410154,-0.011306049,-0.026111252,-0.668090241,-0.674504511,-0.429032277,-0.089976129,-0.754294204,-0.723777236,-0.729170667,-0.707817554,-0.819466612,-0.024939535,-0.72353364,-0.495346239,-0.728937918,-0.770959161,-0.744801752,-0.770098915,-0.588461338,-0.558337242,-0.501549754,-0.408740174,-0.66750625,-0.008625951,-0.510975454,-0.033999088,,0.01647038,-0.104891643,0.019238186,-0.137231159,-0.739919308,-0.104428194,-0.712391003,-0.72107449,-0.069557056,-0.716773682,-0.775060769,-0.717007746,-0.424284201,-0.363448971,-0.64425611,-0.046258963,-0.695980449,-0.01549862,-0.062156656,-0.359930367,-0.321577487,-0.021878459,-0.060839123,-0.692003452,-0.101978973,0.020965312,-0.636847922,-0.025224892,-0.202819365,-0.018857656,-0.002976838,-0.052152046,-0.050078792,-0.244407994,-0.23861544,-0.274703508,,-0.135796227,-0.119054063,-0.110776189,-0.003925621,-0.025316395,-0.111050723,-0.083450683,-0.070982022,-0.078311275,-0.100858683,-0.011187047,-0.030771196,-0.032513817,-0.05855278,-0.170942515,-0.533695175,-0.403499548,-0.604116801,-0.680982393,-0.752525573,-0.763119276,-0.718558798,-0.7840194,-0.824570687,-0.83310669,-0.909517088,-0.498437621,-0.753704565,-0.949881857,-0.305482984,0.0242971,0.033752661,-0.44627518,-0.422780105,-0.710857444,-0.067807058,-0.532129349,-0.641118919,-0.050411671,-0.031072032,-0.760761679,-0.787665753,-0.090193835,-0.004479975,-0.082710911,-0.487828546,-0.044199017,-0.038571923,0.09588208,-0.105617361,,-0.375029168,-0.05609602,-0.030041725,-0.100509001,-0.226501585,0.033335792,,-0.83589077,-0.135412512,-0.759876116,-0.975600288,-0.931099156,-0.969264143,-0.541050135,-1.191491452,-0.841032776,0.008663723,-0.168485003,-0.038339468,-0.431263585,,-0.117716219,,-0.001688968,-0.014781457,-0.019427828,0.041388256,-0.013467964,-0.015168971,-0.003195421,-0.175781459,-0.029921665,0.006434504,0.105815011,-0.047993348,-0.011222158,-0.139256155,0.038644379,-0.099499632,0.042319287,-0.960789835,-0.069480303,-0.012637825,-0.021712867,0.005509466,-0.043981269,0.081835532,0.013164924,-0.034626691,-0.002443886,,0.013139933,-0.032276618,-0.936141409,0.005307921,-0.986127642,0.011739413,-0.003027301,-0.012841489,0.030975179,0.054761878,-0.85024892,-0.912958656,-0.306066632,-0.068272609,-0.952483806,-0.936197394,-0.421750801,-0.014528723,-0.857645841,-0.776850642,0.044570838,-0.044993292,0.028350652,-0.039862526,-0.028906373,-0.007412835
Met,Functional Score ,Replica 2,,-0.506932745,-0.045491311,-0.041293744,-0.070603943,0.282121495,-0.019574495,-0.683802223,-0.00476448,-0.043656577,-0.063355064,-0.071530003,-0.572066771,-0.090306698,-0.027181758,-0.096362928,0.009847108,-0.03097636,0.089592643,0.110025431,-0.035489547,0.006359601,0.044789842,0.023215855,0.019386908,-0.480352383,0.036026928,0.002754857,-0.404069839,-0.344109982,-0.684602721,-0.001263158,0.011425581,-0.052887929,0.037657061,-0.10080278,0.012174137,-0.697809075,-0.039516709,0.050806582,-0.57060805,-0.060542261,-0.052806339,-0.802092516,-0.856968661,-0.915906863,0.02237681,0.096423665,-0.028432458,-0.033374799,-0.176444266,-0.066986625,-0.682345124,-0.071788915,-0.013919255,0.023312688,-0.011211083,-0.066343489,0.001422423,-0.025288039,-0.009697456,0.017481549,0.029191314,0.051761121,-0.681739825,-0.777139927,0.086696991,,-0.586334069,-0.144162934,,-0.069146042,0.039355716,-0.000771563,-0.048202816,-0.695177686,0.026722344,-0.046436733,0.012870596,0.034760694,0.130509319,-0.149754072,-0.007686216,-0.048018289,-0.154505684,0.0892291,-0.046749093,0.13022912,0.022560127,0.069786533,-0.009205815,0.066804048,0.028474783,0.005569582,-0.0565432,-0.019522665,-0.350408528,-0.053506536,-0.466384407,-0.020418025,0.011990009,-0.028249,-0.012426363,-0.056134269,-0.035037963,-0.01424916,-0.078240084,-0.114592808,-0.017036297,-0.059101114,0.003630522,0.078687029,-0.058866291,-0.191476692,0.017632698,-0.062398948,-0.850704439,-0.778954684,-0.01206788,0.080141525,-0.802757598,-0.012385306,0.029366733,0.050642971,0.003508406,-0.194813125,-0.053386911,-0.404660776,0.043613708,-0.124240419,-0.038171777,-0.089495157,-0.083316878,0.031974144,0.087031806,0.04764232,-0.001535185,0.008272332,-0.018024743,0.050727183,-0.04344515,-0.037669752,-0.03942775,-0.01180895,-0.031880845,-0.015766367,0.004377079,-0.009685518,-0.021566874,-0.071889815,-0.02287211,0.022756995,-0.079524784,0.012376623,-0.389753407,-0.150505805,-0.933891043,-0.419146475,-0.055163263,-0.003454415,-0.459510536,-0.161936983,-0.117031071,0.058991113,-0.305528291,-0.076443856,-0.004689845,-0.053725979,-0.003167796,-0.058243205,-0.039034175,0.066135391,0.089338091,0.029429033,-0.001281198,-0.071509593,0.060989421,0.004776284,0.013917876,0.010448354,-0.031313483,-0.027574273,0.009008654,0.035329436,0.026562103,0.028670747,-0.008196687,-0.043673833,0.088806921,-0.094935147,0.160884409,-0.083702901,-0.029711175,0.003577662,0.101896992,0.019426794,0.083326324,-0.038067726,0.042134827,-0.012406987,0.047849563,-0.002993134,-0.049028617,-0.07056295,0.033866933,-0.031073264,-0.026101621,0.028232502,0.080670161,-0.052566977,-0.70307941,-0.02485187,-0.015849513,0.033879364,0.08227434,-0.748137713,0.095224876,-0.029791321,-0.005502535,0.113128227,0.009785959,-0.018755779,-0.000115525,-0.121194673,0.001878053,0.060144853
Ile,Functional Score ,Replica 2,-1.034975498,-0.08365871,0.029606566,,-0.006584109,,-0.088160241,-0.070769389,-0.008950061,-0.051924224,-0.084676661,-0.130138594,-0.028465114,-0.281878978,-0.161694637,0.000240546,-0.215682636,-0.012752853,-0.001070885,-0.021554906,0.023663249,0.024737804,-0.00159306,-0.015531691,-0.025277222,-0.565030017,-0.018158283,-0.03446065,-0.597701995,-0.077387806,-0.691278619,-0.08653214,-0.084468497,0.019974428,0.022061777,-0.488958971,-0.427716221,-0.642488269,-0.057868417,-0.031733331,-0.745166323,-0.099157902,-0.073267723,-0.751867238,-0.762202814,-0.015599551,,-0.020823019,-0.124602014,-0.027688293,-0.015645946,,-0.234865992,-0.034526037,-0.005775919,-0.053424972,0.040264875,0.012781542,-0.063643808,-0.012930383,-0.054932726,9.85E-05,-0.037085184,-0.052949837,-0.568850541,-0.824213754,-0.03046692,-0.05251224,-0.643535306,-0.197923698,0.012497805,-0.080872604,-0.302408139,-0.076945496,-0.018791718,0.015186587,-0.052235875,0.006467604,0.020505246,-0.002353564,-0.006913353,-0.135590539,-0.102857354,0.002513214,-0.631484851,-0.03815835,-0.075686549,0.018034278,-0.074115746,0.026923159,-0.038548847,-0.009616614,-0.057265284,0.028367785,-0.087729016,-0.024674318,-0.620153118,-0.070331307,-0.679276326,-0.096907384,-0.009995329,-0.028195088,-0.059413487,-0.01913668,-0.053703224,-0.079047942,-0.076690715,-0.126447465,-0.019603097,-0.058320362,,-0.025193904,-0.035942994,-0.150470083,-0.288443245,0.006973097,-0.781619075,-0.803342535,-0.021321882,,-0.840786049,-0.067913719,-0.008655235,-0.010556045,0.005537881,-0.814051403,-1.017429176,-0.88246055,,-0.060252828,-0.033075602,-0.035600815,-0.00190871,-0.052587657,0.017384288,,-0.020816506,-0.033926586,-0.052137816,-0.059088551,-0.035625317,-0.025582102,-0.077233993,0.013148626,-0.076372227,-0.032343965,,-0.034562045,-0.001252007,-0.090552398,-0.158126578,-0.009457644,0.013153449,-0.027653024,-0.759131424,-0.108210563,-0.565055859,-0.694257136,-0.064684792,-0.032190388,-0.201604534,-0.053725979,-0.020163338,-0.04222361,-0.330439406,-0.021312539,-0.044786396,-0.078071553,-0.051376555,-0.011039401,-0.027489411,-0.090891865,-0.003900011,-0.037788121,-0.051120169,-0.0033432,-0.006199901,0.031568498,-0.031764756,0.048368376,-0.023568953,-0.133764668,0.068029861,0.068823206,-0.051897903,-0.081421437,-0.018327301,0.018097889,-0.018876089,,0.009642512,-0.027031203,-0.007197672,0.014035108,-0.002378778,0.004316671,-0.017314592,0.030075988,0.015543578,0.007201744,-0.009840192,0.054629372,-0.049065332,-0.004618085,-0.881691853,-0.015443794,-0.068813848,0.001602864,0.044006036,-0.01666319,-0.506687478,-0.034773346,0.008189593,0.019953462,-0.020501763,-0.303111643,0.023289241,-0.084671481,-0.048705221,0.007195709,-0.001700167,-0.00105875,0.021913057,-0.01396479,-0.018904754,-0.040413071
Leu,Functional Score ,Replica 2,-0.830044187,-0.09111915,0.016268338,-0.084842998,-0.023357028,0.420266868,-0.012974605,0.002631004,,-0.03524314,0.002671552,-0.085923821,,-0.008124866,-0.276343152,0.003272162,-0.30758364,-0.010359245,0.006179481,0.027658881,0.02135714,,,0.021497895,0.028369178,-0.062841977,,-0.135038228,-0.198810591,-0.262235022,-0.727488241,0.036614698,0.013167232,0.023008554,0.024141355,-0.44327448,-0.021299941,-0.762333489,-0.06199235,,-0.801018456,0.056466024,,-0.746709796,-0.806439318,-0.82902506,-0.011645848,,-0.139780146,-0.035659822,-0.05527621,-0.031633522,-0.722857428,-0.060217934,-0.007245122,,-0.093933817,-0.031152266,-0.021745044,-0.03965428,-0.027823204,-0.012745306,-0.036323735,-0.021545361,-0.791311658,-0.649531772,-0.035643623,-0.006202721,-0.708907789,-0.19298532,-0.053378891,-0.062283138,-0.746908439,-0.036955723,,-0.323498493,-0.274386146,-0.043594498,-0.006578816,-0.043832037,,-0.274506393,0.016265144,,-0.545041423,-0.088195758,-0.043562181,-0.003626037,-0.079476138,,-0.033505194,-0.002318906,-0.126065282,,-0.027751946,,-0.425192547,-0.02174718,-0.740736156,-0.039444077,,-0.012155809,-0.069342261,-0.16939019,-0.030682742,-0.017991369,-0.065733658,-0.043708049,-0.05325773,-0.090877247,0.003766092,,-0.153979201,-0.0713297,-0.091697686,-0.024760666,-0.743090434,-0.856426587,,0.017752659,-0.783461022,-0.253801995,-0.046634312,-0.016018225,,-0.612899748,-0.489252159,-0.797213114,-0.004506028,-0.01552669,0.008384227,-0.109906708,-0.165666713,-0.104412423,,0.017383272,,-0.058379806,-0.041627651,-0.076585456,-0.014656251,0.011265659,-0.057908939,,-0.035045759,-0.028389819,-0.028617008,-0.063000107,-0.060788961,-0.054746916,-0.058976108,-0.025236702,-0.05243756,-0.021858836,-0.202865949,-0.034673663,-0.932057974,-0.11881652,-0.066440651,,-0.208380001,-0.063056785,-0.04201748,,-0.070267958,-0.059031638,-0.01926,-0.061799913,,-0.013289088,,-0.052637556,-0.029806,-0.082551608,,-0.171881726,-0.014523748,0.008760955,0.010467976,-0.046278509,-0.062883219,-0.014890241,0.068401407,-0.043526416,-0.01273893,0.002656872,-0.033147555,-0.035431287,-0.045331538,0.016762316,0.004674512,0.010591395,0.005912879,-0.004983997,-0.006057917,-0.015061,,0.029464151,-0.004979628,-0.006105811,0.015151837,0.003797766,-0.039789662,0.010921244,-0.030846138,-0.000740844,-0.013407485,-0.023925495,-0.035032327,0.008468072,-0.840059725,-0.481412783,0.011267768,-0.012179649,-0.021371735,-0.765641087,-0.022763217,-0.023700082,-0.028487817,,-0.004055282,0.014512534,,-0.016122611,,-0.005227909
Val,Functional Score ,Replica 2,-0.986983132,-0.539043973,0.016826855,-0.017588752,,0.244730618,-0.215674145,-0.022925266,-0.133930027,-0.076574325,-0.022203761,-0.172376737,-0.020728381,-0.281617875,-0.539425377,0.020545185,-0.215269229,0.020003348,-0.017307601,-0.009040039,0.007068542,-0.001291258,0.001733844,-1.29E-05,0.019573936,-0.022269331,-0.027252541,0.019309404,-0.49698715,-0.036867438,-0.67870723,-0.024185601,-0.028373444,-0.006351725,0.024961543,-0.302379856,-0.71289619,-0.659681958,-0.041763597,0.009093733,-0.580214819,-0.179461576,0.011390685,-0.582067357,-0.43309608,-0.037272638,-0.019868858,-0.073643601,-0.04460861,-0.036049938,,0.014307726,-0.096105968,-0.063210257,-0.008809348,-0.014239299,-0.03960519,-0.017198017,-0.020875455,-0.007067191,-0.007576391,-0.02300412,,-0.055776732,-0.040811738,-0.685738766,0.000354735,-0.099418662,-0.654996203,-0.017248784,-0.115918155,-0.041441452,-0.078184955,-0.035395043,-0.078723216,,-0.077929654,0.022481416,0.010882325,-0.014488611,-0.046412358,-0.036769022,0.052161879,-0.011739321,-0.229532374,0.000747766,-0.053662025,-0.006534075,-0.001744483,0.004535297,-0.047983837,0.020757216,-0.02679223,-0.015374679,-0.036832527,-0.031207748,-0.622969074,-0.044255127,-0.424420594,-0.027293652,0.034134956,0.010397744,-0.011415501,-0.058378585,0.025859037,-0.042981934,-0.028708909,-0.145431041,-0.034056424,-0.090254833,-0.073694923,-0.028963582,-0.02722413,-0.201916578,-0.0293437,,-0.268320692,-0.531094526,-0.022865367,-0.030856606,-0.669165142,-0.067928438,,-0.041573257,0.010419047,-0.401680238,-0.319207525,-0.50168291,0.046572665,0.06451139,-0.077577498,,-0.041265461,-0.059629647,0.041259289,-0.001176598,0.040683189,-0.019030438,-0.052492332,-0.083754899,0.020184625,-0.035150135,-0.026445283,0.00180801,-0.058845527,0.002205336,0.036990359,0.015770864,-0.03188543,0.002842246,1.70E-05,0.028944473,-0.024600642,-0.043841264,-0.5790925,-0.082574623,-0.675864124,-0.370074615,-0.011802976,-0.012643305,-0.110938337,-0.101700333,0.047689234,0.042487182,-0.227857707,-0.024443039,-0.078082632,-0.012787023,-0.039554805,-0.023323327,-0.01450096,0.005033624,-0.006726718,0.017753592,0.019899863,,,-0.011479509,,-0.033172698,0.003359756,0.005203963,-0.038529227,-0.007394093,-0.006774749,-0.014593602,-0.017982587,-0.002284517,-0.022690853,-0.008266811,-0.005396417,-0.022941423,0.018624705,,0.018114328,0.022090099,0.015449444,-0.006255955,0.025603366,0.014726015,,,0.005448539,-0.00038226,-0.586522727,0.008016583,-0.020169238,0.024731777,0.021961102,0.015507122,-0.013552128,0.0628462,0.012592077,-0.013208139,-0.033006078,-0.082373427,-0.053121743,0.016231969,-0.006436779,0.019279855,0.049680298,0.004916801,-0.009722966,-0.070930853,-0.009798702,-0.032568708
Ala,Functional Score ,Replica 2,-0.730966969,-0.149208872,0.010325118,-0.067615001,-0.026330459,,-0.051839948,-0.081952665,-0.018107414,0.004762844,0.007355129,-0.003677058,-0.041459155,0.008663201,-0.439705724,-0.047011822,-0.340084367,0.029439848,0.008898213,-0.366468981,0.019124035,-0.074791105,0.052759686,-0.014080836,-0.014416975,,0.018525093,0.016610585,-0.092183334,-0.033903744,-0.056581802,,0.033990007,0.011526354,0.035055623,-0.074854631,-0.091413649,-0.465787363,-0.106975915,-0.039858575,-0.575540018,-0.6469175,-0.471125702,-0.695260218,-0.719612218,0.030497693,-0.019216738,-0.063225124,-0.009109227,-0.061099774,-0.018400375,-0.009443025,,-0.015706996,,-0.050493462,-0.060934214,0.013281629,-0.006182551,-0.048046851,-0.029941451,0.034105021,-0.023233288,-0.011462349,-0.148741694,-0.041237621,-0.032777887,-0.003916412,-0.433065935,-0.024572314,-0.023772409,-0.12257146,,-0.028789902,-0.175096888,-0.032339916,-0.157052566,-0.21770182,-0.144914913,-0.004157075,-0.266433436,,-0.052074502,-0.156431638,,-0.042919433,0.048717996,-0.070811911,0.023104199,0.006513083,-0.072218748,-0.053772151,0.000138224,-0.145967441,-0.035174036,0.061383917,-0.084935585,-0.007750169,-0.05717594,-0.025104515,0.033365724,0.018501722,-0.016429388,-0.068497815,0.043772577,0.002375486,-0.077224211,-0.027717488,-0.024923389,-0.064848254,0.017821349,-0.095790759,,0.055576644,-0.024362081,0.002355742,-0.618565577,,-0.064381138,-0.057344063,0.044113852,-0.033170521,-0.025950328,0.019026424,-0.016204085,-0.352204424,-0.078150275,4.73E-05,0.079181318,0.04596164,0.006411128,-0.028657191,-0.068246276,-0.023333788,0.047850699,-0.036796099,0.051200107,-0.01989006,-0.005363518,-0.075841335,0.044988799,-0.017942021,-0.003481202,-0.08887081,-0.008842394,0.0051451,0.000552272,0.050091177,-0.026523336,-0.091063263,-0.068345362,-0.092239601,-0.047361866,-0.043872027,-0.059401471,-0.00164141,-0.865651047,-0.015142279,-0.065542411,-0.001068175,-0.051457762,-0.231375429,-0.0420326,0.08870668,-0.106457837,-0.033272444,0.022706234,-0.055646673,-0.041692641,-0.024466823,-0.030704984,-0.053216647,0.082715795,-0.049671199,0.012568451,-0.024732274,-0.009031867,0.05962394,-0.032802279,-0.08589254,-0.003779422,-0.101628544,,-0.02114215,0.011390955,-0.05480534,-0.00219288,-0.015398215,0.020120889,-0.021249509,0.035616871,-0.017680415,0.033325317,0.022012871,-0.04576039,0.007320056,0.003961324,0.098295975,-0.000848769,-0.001541632,-0.00276464,-0.017163109,-0.016580341,0.020273104,0.052285957,0.018197457,-0.007298478,-0.080537021,-0.042668599,0.014986918,,-0.024046295,-0.04204571,,,,0.006606218,0.013475238,,-0.110680914,0.00802698,0.05758459,0.005414372,-0.006788393,0.004358829,0.009528463
Gly,Functional Score ,Replica 2,-0.686863882,-0.536991335,-0.098112574,0.02904557,-0.117947554,,-0.03342203,-0.006782314,-0.708677397,0.008990917,0.007790351,-0.583315503,-0.790884294,,-0.740000057,-0.099102005,-0.817666618,0.022493494,0.05685245,-0.139396541,-0.036235647,-0.083262207,-0.099258235,0.00984876,-0.004145725,-0.087923765,-0.355195244,-0.360400503,-0.14273167,-0.172623496,-0.037636578,0.019418601,-0.000671133,-0.009400657,-0.067316076,-0.080563791,-0.124287468,-0.4609626,-0.031850435,-0.730703336,-0.512453073,-0.701047996,-0.665901791,,-0.586400956,-0.080139883,-0.661415464,-0.66762371,0.013843038,-0.062592465,-0.038118557,-0.815216081,-0.077860632,-0.010668164,-0.025614451,-0.72661712,0.02738105,-0.057225697,-0.040437414,-0.12996456,0.029506538,-0.029920699,-0.032430094,-0.01015294,-0.335297376,,-0.044957104,-0.180034335,-0.419622449,-0.059586033,-0.066907948,-0.00062663,-0.196824913,-0.030523496,-0.687352792,-0.09985422,0.045653968,,-0.044926452,-0.043707418,-0.244226666,-0.34100764,0.088692907,-0.759210625,0.024555338,0.020362655,0.038777172,-0.118189032,0.01289033,-0.069735366,,-0.05853211,0.004990148,-0.00987937,-0.066277723,0.087246835,,-0.056767735,,0.036924384,-0.030736618,0.02383347,-0.001280243,,,-0.030452561,-0.013362911,-0.046775801,-0.084067384,-0.002422449,-0.027402027,-0.069643846,0.01030367,-0.071151904,-0.130300484,-0.162958914,-0.555597966,-0.042429673,-0.68159015,-0.721916183,,,-0.398175365,-0.046010182,-0.125449814,-0.402802702,-0.020917156,0.072481296,0.03958909,-0.027383519,-0.040949935,-0.154787223,0.004056096,-0.0330867,-0.199290464,-0.611273262,-0.007735819,-0.142943215,-0.167273242,-0.375685841,0.012659203,-0.02752638,-0.032186835,-0.142132586,-0.060703785,0.05173966,-0.116484131,0.042272652,-0.024602254,,-0.002316244,0.00221779,-0.037049473,-0.140391823,-0.081734584,-0.024137266,-0.930274276,-0.143870727,-0.033315981,-1.108436164,-0.063544225,-0.172004652,-0.04511418,0.048905686,-0.259744003,,0.019981337,0.001198568,-0.003403653,0.004721952,-0.074097773,-0.068932306,-0.003374258,-0.28790769,0.040935,-0.048138144,-0.149581898,0.038476668,0.006820097,0.002820863,,-0.001395608,-0.01507568,-0.000610134,-0.003525828,-0.023099487,-0.001132086,-0.007871606,0.026459386,0.011826962,-0.044092632,0.033778506,-0.146457835,-0.028174617,-0.003712519,,-0.003091998,-0.003642584,0.009301495,0.026551919,0.053132521,-0.000839256,,0.013970386,,0.038454327,-0.020502855,-0.220697547,-0.00515088,0.010691405,0.002248484,0.046885022,0.030331945,0.014147334,0.015556396,0.045911895,-0.017715011,-0.06141439,0.010797912,-0.015355826,-0.001242203,0.03335532,0.027158158,0.000342502,-0.006988518,-0.034122596
Cys,Functional Score ,Replica 2,-0.768255397,-0.127536448,0.002886691,-0.117643093,-0.03974551,,-0.052605026,-0.218921059,-0.658404343,-0.128899409,0.015883658,-0.107435407,0.060763839,0.002375027,-0.28150307,-0.016196712,-0.335424886,0.014516987,0.00878584,0.007536117,0.036024117,-0.010206561,-0.118357221,0.068263774,-0.021923005,0.004974714,0.067879059,-0.030040753,-0.0433344,0.018406519,0.02895395,0.029391386,0.01372611,0.025541314,0.068447321,-0.019805825,0.084729859,-0.50987891,-0.112652037,0.030045121,-0.871355659,0.016114396,-1.126825771,-0.27947453,-0.863174252,-0.096609686,-0.092806761,-0.164852506,-0.004630975,-0.028961453,-0.033098378,0.047029386,-0.055667063,-0.013722843,0.029674186,-0.017732357,-0.085500757,-0.015974749,0.031222287,-0.036137005,-0.140516613,-0.021034088,-0.006001688,0.028254783,-0.068803725,-0.135871469,-0.039417765,-0.078009726,-0.422726518,-0.042415026,-0.018559619,-0.125831061,-0.037299442,0.043815775,0.04001896,-0.04852495,0.092681734,0.000821756,-0.035438304,0.007935181,0.096472918,-0.072191258,0.056182037,0.03091098,-0.039337564,0.15451326,0.010803538,-0.007019856,0.033800316,0.018023424,0.00490816,0.027188904,,-0.236170804,-0.007442518,0.008661867,-0.10002854,-0.050078792,-0.062244595,-0.056343769,0.00966412,-0.054013685,-0.260419275,0.003955511,-0.100678757,0.038856007,-0.057303738,-0.044916062,-0.065614941,-0.056949545,-0.052046142,-0.030629417,-0.053737136,-0.046854143,-0.068975358,-0.013257841,-0.828642468,2.40E-05,-0.042617492,-0.03724594,-0.070169697,-0.012525219,0.017307108,-0.102615051,-0.004821707,-0.177604904,0.017396546,0.010835555,0.055526377,0.025186834,-0.134771486,-0.06436237,-0.023561403,-0.02741259,0.006343224,0.018256692,-0.04885121,-0.090427423,-0.063137205,0.004938032,-0.025813734,-0.018087588,-0.052943166,0.062333731,0.03847846,0.005834561,-0.026049482,0.052265079,-0.035225672,-0.066654902,-0.027266712,0.050825776,-0.072597145,-0.049835036,-0.096396996,-0.045170095,-0.794132978,0.074842891,-0.003309671,-0.073725258,-0.23425315,0.169056236,0.019625485,-0.030120469,-0.311531594,-0.09397122,-0.031633584,-0.01841281,-0.064888875,-0.034891726,-0.205826475,0.011983275,0.043497387,0.022387079,-0.103823389,-0.073248119,-0.040459248,-0.046852171,0.011676193,0.069417859,-0.076190362,-0.033195212,-0.071714862,0.086895763,-0.004842705,0.046443646,0.003503315,0.027739713,-0.096921253,0.099840611,0.003043599,,-0.015138928,-0.007710265,0.08697309,-0.027344553,-0.030704984,-0.07651903,-0.009582494,0.049029262,0.283780994,0.041249381,0.048758005,-0.023249102,0.03680302,0.031616927,0.03395314,0.010413739,-0.128632473,0.010840112,-0.058221266,-0.013324516,0.032311512,0.027119253,0.033227897,0.094671465,-0.095490129,0.428504681,-0.010007905,0.03910486,0.043283746,0.041065046,0.014222274,-0.029355369,-0.016164928,0.030162468
Ser,Functional Score ,Replica 2,-0.90019947,-0.013611222,0.043157084,-0.025466033,0.002020594,0.046530125,0.013283533,-0.015569302,-0.353249912,-0.031306574,-0.083422331,-0.020466599,-0.071953155,0.011174005,-0.506654449,-0.005279959,-0.315387906,0.025696794,-0.063262028,0.004660518,0.03452765,0.002197504,-0.185563504,0.016089805,-0.031288004,-0.102191797,-0.011336904,0.013884831,-0.211211673,-0.091471922,,0.003192253,,,-0.004219951,-0.016882546,-0.110660239,-0.371914825,-0.036600894,-0.075719304,-0.886981381,-0.609167111,-0.330924492,-0.599038287,-0.769888943,,-0.843965784,-0.341196326,,-0.085290971,-0.059311151,-0.347358674,-0.011099927,-0.095915201,-0.01471697,-0.502521954,-0.028861037,0.001748423,-0.00011959,0.016381592,0.004067476,-0.024871262,-0.062930732,-0.003582735,-0.248936091,-0.111277353,-0.025293744,-0.07034587,,-0.017705279,-0.036177996,-0.085041814,-0.031647184,-0.034097114,-0.198606622,-0.065217006,-0.117940441,-0.018282042,0.020124006,-0.029675738,-0.03781854,-0.015997966,0.001196391,-0.162242404,-0.060453759,-0.047652117,-0.044314089,0.20632206,-0.005184806,0.009113009,-0.000274901,0.00024239,-0.018653511,-0.092169679,0.001550905,0.030697006,-0.05816971,-0.070211769,-0.090452084,-0.042117733,-0.095747096,0.008567692,,-0.054969549,-0.140119466,-0.005703086,-0.019797156,-0.094928501,-0.019600023,,-0.055311412,-0.123686196,-0.026012176,-0.0662515,-0.072944839,-0.171715827,-0.752388827,-0.069306957,-0.342338573,-0.398905765,-0.147537017,-0.022188722,-0.078393855,-0.061395126,-0.03781658,-0.319038936,,-0.021493219,0.02930666,0.027832554,-0.017476761,-0.070361869,-0.07551175,-0.057594628,-0.022943595,-0.172223337,-0.055826673,-0.041275975,-0.082967611,-0.144425679,-0.056505915,-0.009490508,-0.077568492,-0.280019754,-0.02217548,-0.018801254,0.003710872,,-0.00355569,-0.054643647,-0.033305743,-0.044205842,-0.013612486,-0.099207917,-0.03006737,-0.059071025,-0.933480419,-0.035578235,-0.045565895,-0.648144228,-0.02900409,-0.275798246,0.007673708,-0.053753582,-0.037040024,-0.04713715,-0.089852113,0.00925113,-0.04161043,-0.004311156,-0.113155515,-0.042121289,0.024572276,-0.061674342,-0.005058082,-0.17364223,-0.037838471,-0.005701084,-0.012618113,0.002809935,-0.045646424,0.013810982,-0.005807906,0.026796937,0.03389013,0.036709473,0.002583187,0.032886722,0.03782287,-0.001248102,-0.039939775,-0.006243703,-0.071291724,0.009975732,,-0.025950724,-0.003966789,,-0.008344236,0.028736251,0.037279321,-0.043895102,0.018380002,-0.020511277,0.007965811,,,0.004203163,-0.010105694,0.043796609,-0.002791913,-0.077512363,-0.000669801,0.017286504,0.023452473,-0.020206092,0.013645464,0.043912526,-0.013733178,-0.061474272,0.034460631,-0.037811711,-0.015495644,-0.0018733,0.00283497,0.010674123
Thr,Functional Score ,Replica 2,-0.482208779,0.017895437,0.065810069,0.018481961,-0.039709067,-0.014118354,0.018193022,-0.049263743,-0.000401502,-0.025960785,-0.036285978,-0.170780789,-0.039618299,-0.0325828,-0.316857679,,-0.466709675,0.008166366,-0.014191726,0.018652832,0.003495784,-0.016269228,-0.09588777,0.042882156,0.015578654,-0.098318612,0.04314542,,-0.018295417,-0.083681896,-0.130919704,-0.078045903,0.025068323,0.006831117,0.045108407,-0.086233151,-0.594591547,-0.745166323,-0.06816596,-0.206962809,-0.734198105,-0.119877489,-0.39549395,-0.78367332,-0.759120759,-0.044517523,-0.04032048,-0.204731241,0.006775849,-0.038069827,-0.055965145,0.023251481,0.056466024,0.053283158,-0.006117768,0.00937136,-0.079697812,-0.057537301,-0.022307218,-0.013220762,0.065175434,-0.022812778,-0.032597007,0.008225782,-0.224524883,-0.779278435,-0.022580194,-0.034454863,-0.000779887,0.04569207,-0.055410971,-0.044045613,-0.038681302,,-0.222851963,-0.106321297,0.045340269,-0.012687151,0.032866555,,-0.123416385,-0.008313745,-0.037394898,-0.012190936,-0.040410034,-0.053701718,-0.000149474,-0.024959642,0.075727601,-0.004779468,-0.04393508,0.008531361,0.013137463,-0.093131895,-0.034867674,0.012071581,-0.270577226,-0.082501744,-0.231652861,-0.058203332,0.002415019,-0.049721648,-0.005604535,-0.025456597,-0.011601745,-0.004012456,-0.120672956,0.000989841,-0.023417986,-0.04946063,0.002026575,-0.017941932,-0.002826772,-0.069756919,,-0.027811035,-0.729014549,0.003852965,-0.090381214,-0.009361928,-0.131339058,-0.117711887,-0.070003833,0.070929592,-0.018078474,-0.215044789,-0.047251445,-0.041743485,0.063689709,0.007722522,,-0.017851843,0.03057283,-0.031005242,0.044044886,-0.057641475,-0.009446797,-3.14E-05,-0.035455462,-0.059623397,-0.008795599,,-0.067845223,-0.19810304,-0.023216956,0.002562521,-0.01552669,0.014061258,-0.015462901,-0.040216114,-0.027969444,-0.013851561,-0.056143379,-0.067651426,-0.169236801,-0.025038349,-0.747667785,,-0.074720267,-0.064363636,-0.148614524,-0.282320251,-0.006363147,-0.071400903,-0.14419787,-0.028385708,-0.032606139,-0.116818657,-0.025097948,-0.063147792,-0.127228786,-0.046762592,,-0.018943005,0.004602382,-0.083472987,0.036787288,0.01653755,0.044320998,-0.102284742,-0.022274322,-0.053732953,-0.091531507,-0.073280343,-0.002531484,-0.052805559,-0.008196818,-0.03595619,,-0.017507826,-0.011839611,0.057071479,-0.057246059,-0.008597213,-0.036675388,-0.035785081,0.027775183,0.036660308,0.018233214,-0.003295138,0.000232321,0.006215526,0.000824031,,-0.02132442,-0.005693307,-0.04835248,0.033266716,-0.036921752,0.093713951,-0.004069468,-0.033510184,0.007976491,0.00626157,0.044422431,0.02419349,-0.007910943,-0.013760523,0.021754332,0.001250182,0.054887868,0.016341276,0.018316321,-0.029359212,0.013262744,0.021322337
Gln,Functional Score ,Replica 2,-0.863915484,-0.126490315,-0.021016364,-0.009031365,-0.024810639,,-0.304964282,0.075825383,-0.34205722,,-0.124038457,-0.029351448,-0.164627759,0.002136757,-0.303337125,-0.005201067,-0.745166323,0.014350526,-0.054897,,0.024176157,0.035075808,-0.034668533,,,-0.920400139,-0.059769125,-0.055215537,-0.129607051,-0.157795165,-0.506166042,0.008311152,0.002455724,-0.001680863,0.000957913,-0.035947005,-0.023843557,-0.054717462,-0.172441205,-0.057079906,-0.355195244,-0.41903018,-0.665254556,-0.663732049,-0.77536745,-0.527853327,-0.823112562,-0.194776558,-0.03401904,-0.05708277,-0.153636835,-0.356729855,-0.514728305,-0.136504499,-0.008214373,-0.596384748,-0.112263731,-0.068044925,-0.063015141,0.035549062,-0.098336997,0.003256915,-0.033123052,-0.012339693,-0.054683548,-0.668063261,0.034823492,0.027983401,-0.86161617,-0.015303343,-0.061934587,-0.052635044,-0.048383103,-0.018335466,-0.35583274,0.107290747,-0.037889333,-0.06805966,-0.03072272,-0.017568358,0.097363583,-0.0173937,0.004564923,0.044491796,-0.09159235,-0.03868153,-0.076411444,-0.01552669,0.022791085,-0.575231136,-0.017760754,0.035730672,0.00864431,0.042862266,0.009588345,-0.044022532,-0.178589172,0.018399781,-0.283284226,-0.112101113,-0.235890273,0.014169346,0.013197461,-0.036078094,-0.329766229,-0.001526827,-0.011367413,-0.024306607,-0.06393994,-0.129526629,-0.068977683,-0.063599251,-0.043414876,-0.023532345,-0.004339093,-0.144442669,-0.594942941,-0.791728972,-0.850018039,-0.810941736,-0.896907299,-0.188661159,-0.488858553,-0.037132179,-0.100384772,-0.361498464,-0.070713673,0.004029176,-0.026980804,,-0.045453029,-0.920574432,-0.058425506,0.035789732,-0.038487834,-0.340037782,-0.011484362,-0.020918732,0.033509591,-0.066255837,,0.028756333,-0.115111454,-0.012812341,-0.092953776,-0.034239687,-0.048648882,-0.01290317,-0.025118692,-0.020971241,-0.092898649,-0.001835638,,-0.026696304,-0.297406951,-0.025740738,-0.638897224,0.050474334,-0.008552126,-0.855481447,,0.151484793,,-0.043026221,,-0.002996162,0.015890948,0.081162908,-0.043314265,-0.111782858,-0.022925001,0.009818684,-0.075343346,-0.08133077,-0.00515088,-0.053245565,-0.030021862,,-0.063092943,-0.0457302,-0.013839231,-0.069455883,-0.146124024,0.034492035,-0.006479368,,-0.052068446,-0.110917401,-0.012035481,-0.078800486,0.068726253,-0.032824567,,-0.025097676,-0.018947524,-0.030114296,-0.007106797,0.071073073,0.031533131,-0.013569622,-0.010081787,-0.054343763,0.006651845,-0.008792634,0.033874777,0.024456351,-0.005636328,-0.055479157,0.028071331,0.117899301,-0.90014079,0.056795217,,0.068600445,-0.898069571,-0.987678914,0.017500565,,-0.006712039,-0.032399587,-0.012057696,0.063946479,0.084767165,-0.018776922,-0.04125968,-0.004417274
Asn,Functional Score ,Replica 2,-1.084551967,,-0.002066666,0.03870345,0.024095292,0.001276379,,-0.040721319,-0.273525197,0.030412152,0.078125438,-0.050618336,-0.366053171,-0.001867216,-0.300552237,-0.024382166,-0.680548195,,0.008546078,0.008101017,0.008350954,-0.034959908,-0.419697228,-0.003199378,-0.025444413,-0.733622933,-0.251048767,-0.128802703,-0.358869888,-0.281120366,-0.131476547,-0.031588109,0.061015372,0.022516909,0.003992821,-0.019017757,,-0.081185105,-0.04310552,-0.535646695,-0.799354206,-0.070921834,-0.570504449,-0.736080333,-0.473447139,-0.345590551,-0.414875561,-0.345033928,-0.026717148,-0.128977961,-0.417183527,-0.352727655,-0.205429997,,-0.052078293,-0.547871191,-0.088430388,0.022600792,-0.017075093,0.00635511,-0.13072751,0.001236829,0.009768585,0.061566728,-0.762192705,-0.350780522,-0.016585927,-0.394352343,-0.395995728,-0.051350581,0.068860463,-0.073305789,-0.617653757,-0.085677865,-0.206551375,-0.056741975,0.019117852,-0.085624947,,-0.041887905,0.061843376,-0.210063056,-0.003950013,-0.684684767,-0.073478273,0.048572831,0.029731324,-0.070113925,-0.100225522,-0.673366381,-0.06878549,-0.010912961,-0.005265734,-0.069354563,-0.145816415,-0.353400552,-0.178098281,-0.046167476,-0.168578466,-0.000919632,-0.039313347,0.014000781,-0.045561232,0.004360652,-0.094439912,-0.026876899,-0.051147706,-0.019644758,0.018566717,0.000138109,0.022977331,0.040161059,0.026180056,0.001813933,-0.144731492,-0.508801254,-0.519110615,-0.918001674,-0.891325724,-0.360030183,-0.855091289,-0.162549717,-0.64585646,-0.071790201,-0.256963159,-0.096827822,0.081178128,0.009332768,0.160227562,-0.052802609,-0.038965324,-0.601261451,0.02887723,-0.00390514,-0.095220037,-0.389521897,-0.094888403,,-0.18532786,-0.012278855,-0.045417222,-0.025465103,-0.04693829,-0.391024466,-0.088680176,0.028984813,0.039973122,-0.042796233,-0.027635319,-0.108688712,0.025962793,0.014193368,-0.072750253,-0.103335661,-0.09338139,-0.039069276,-0.583870028,-0.035926277,-0.159819188,-1.167669331,-0.01181964,-0.00515088,0.038652327,0.044713375,-0.204890046,-0.08881278,-0.067517428,-0.011936869,-0.011932194,0.000670171,0.05376021,-0.123695394,-0.011722512,0.020627078,-0.019328361,-0.159300413,-0.065917322,0.027521907,0.008586291,0.034139943,-0.092993625,0.007565858,0.044113719,-0.019933655,-0.03011523,-0.044395535,-0.028657814,-0.138634806,-0.136105512,-0.011124078,0.040816549,-0.006916307,-0.087952639,-0.040570248,0.099006054,0.024897742,0.061132358,-0.017087843,0.001913184,0.01575503,-0.02843022,0.049974427,-0.036402599,0.038125793,0.050208552,0.016246289,0.019946172,-0.111531661,0.00323626,-0.023471817,-0.875803024,0.004641321,0.070913694,-0.051107381,-0.485831945,-0.489504516,-0.046092974,-0.060060377,-0.322125495,-0.112872452,0.012814279,-0.033694047,0.076956633,0.021375662,-0.040335452,0.043009232
Asp,Functional Score ,Replica 2,-0.738497562,-0.06124599,-0.061634197,0.020771088,-0.007766564,,0.018296466,-0.037060531,-1.052356627,-0.06283591,-0.085157199,0.014298729,-0.579076034,-0.126390551,-0.684371328,-0.218761059,-0.668900828,0.023213586,0.032944055,-0.022393404,0.000379667,-0.031921459,-0.646679921,0.069169449,0.046604706,-0.705601504,-0.552860985,-0.681267226,-0.545227423,-0.505350399,-0.604766904,-0.038446281,0.011624824,-0.004033032,-0.046417249,-0.041594245,-0.301527865,-0.029485932,-0.329641139,-0.25173162,-0.221039962,-0.811053081,-0.813431154,-0.57060805,,-0.576050184,-0.856929003,-0.80222664,-0.028819732,-0.592766777,-0.497179935,-0.586746113,-0.173618253,0.014894167,0.016805144,-0.695309684,-0.412997997,0.040829807,-0.050055722,-0.120878671,0.04525682,0.047572875,-0.018430183,,-0.10617791,-0.102237154,,-0.646679921,-0.596498546,0.046658957,-0.275004367,-0.484637542,-0.014553874,0.034232543,-0.601041956,0.100327519,-0.086348082,-0.028056791,-0.024315542,0.011832962,-1.293059505,-0.076323587,0.056175504,,-0.506480148,0.001739167,-0.038468246,-0.446210275,0.058424506,-0.859842393,-0.013056892,-0.021383566,0.010691968,-0.064877261,-0.052587657,-0.546826295,-0.66353066,0.011671915,-0.568944336,-0.071974523,-0.077505014,0.068215129,0.043474562,0.007723716,-0.020569353,0.059736838,-0.066288128,-0.079984679,-0.010862043,-0.033792242,-0.232197501,-0.132521251,0.01900496,,0.175287826,-0.449060597,-0.301833429,-0.68814727,-0.782939065,-0.493058431,-0.42365893,0.110725489,-0.710011134,-0.403632362,-0.274467245,,-0.079984679,,0.024003464,-0.019086314,-0.064356205,-0.331188822,0.079659296,-0.093950858,-0.518157231,-0.788659992,-0.052821257,-0.036496608,-0.488390122,-0.362402799,0.003943478,-0.074216433,-0.061233031,-0.650054928,,0.053139242,-0.227986359,-0.061929871,-0.055395406,-0.108023135,,-0.054479565,-0.061626867,-0.133533682,,-0.041398841,-1.032249038,-1.156077798,-0.075506732,-0.863716494,-0.930655257,0.004473769,0.096505568,-0.339047875,-0.475790007,-0.047629744,-0.049802523,-0.05842364,0.018479978,-0.077776382,-0.268775459,-0.285977489,0.053309613,-0.148440379,-0.034687842,-0.159207432,-0.017459021,0.018372622,0.018657134,-0.00043627,0.100070903,-0.020820475,0.062627564,-0.077701547,,-0.042381187,-0.15648806,0.010361287,0.005681657,-0.013978307,0.041035054,-0.633778499,0.076355193,0.00214155,0.055833832,-0.035374862,-0.028685006,0.076093527,0.062725108,-0.005713984,-0.176451172,-0.057713934,-0.016984055,0.026738265,0.004053057,-0.046281494,-0.053521559,-0.825065374,-0.231870973,-0.120519551,-0.594976414,0.005901065,0.030057681,0.02443258,-0.737877879,-0.571099125,0.012687982,0.1276345,-0.96270863,-0.249638995,0.02403185,0.019997089,-0.019161594,0.003949459,-0.01816709,-0.017836542
Glu,Functional Score ,Replica 2,-0.693676484,-0.026491788,-0.070513977,-0.049791805,0.005305239,,-0.009503019,0.053251178,-0.423911056,-0.007516287,0.036810874,-0.077254426,-0.589513903,-0.009427261,-0.539066618,-0.07717507,-0.679183561,0.063708434,0.034485133,-0.011988035,,0.003446535,0.10674432,0.042197892,-0.018671306,-0.698706309,-0.583526121,-0.162765829,-0.329018941,-0.543932808,-0.574114508,0.015521071,-0.077829738,-0.008393918,0.09018557,-0.245235329,-0.670625757,,-0.065410047,0.041655639,,-0.775588874,-0.520455655,-0.875244699,-0.603950247,-0.677630659,-0.591582405,-0.506823395,-0.077849672,0.024394386,-0.45399888,-0.756302689,-0.77572816,0.029584198,0.055881804,-0.345426963,-0.160701334,-0.111872016,-0.060720176,0.004830849,-0.020642214,-0.035413627,0.001460428,0.064414744,,-0.257865825,-0.027579437,-0.556110086,-0.775588874,-0.103377258,-0.263175562,-0.075622191,-0.222519882,0.02282348,-0.412421914,-0.050040953,-0.012385306,-0.072587757,-0.093383001,0.122424807,-0.804508788,-0.069884352,,0.066143356,-0.160438895,0.024704712,,-0.111018913,,-0.41607232,-0.030188497,,-0.201887559,0.113139919,-0.076518393,-0.176349439,-0.217237934,-0.031909868,-0.778954684,,0.000315595,-0.018388608,-0.026344351,-0.071780016,0.06768683,0.040964209,-0.032284087,-0.052568645,,0.024251195,0.179463766,-0.070756295,-0.248037597,0.067991421,-0.137548961,-0.377554143,,-0.263879643,-0.266541372,-0.634865593,-0.712647974,-0.466643678,-0.466954554,-0.358561053,0.043232217,-0.023297574,-0.202701956,0.087204185,0.064904873,-0.183692675,-0.008192085,-0.629381557,,0.045302282,-0.531849139,-0.653316036,-0.116369328,-0.023902646,-0.335913218,-0.245587527,-0.011574235,-0.090063031,0.012090007,-0.360030183,-0.073940722,,-0.052587657,-0.088294696,-0.020952861,-0.117266065,0.125686587,-0.023391649,0.001075671,-0.071748136,-0.450697427,-0.14466936,-0.715987592,-0.589720139,-0.11907082,-0.974066896,-0.840433937,,-0.127650376,-0.147303652,-0.142230786,-0.296630919,-0.018392591,-0.120005137,-0.018788268,0.019727412,0.096505568,-0.446799816,0.021383882,-0.455119888,-0.003556161,-0.040471277,0.100782525,0.086896812,0.010663641,0.045973733,-0.03372355,,-0.05267543,0.045762368,-0.008979818,-0.02745368,,-0.109259994,-0.132133359,-0.059395238,-0.021287515,-0.099361116,-0.042307592,0.045715112,0.031882337,0.100381973,-0.017168441,0.04488073,,0.013592692,0.027376513,0.027966387,-0.034800168,-0.003878454,-0.038997255,0.064252712,-0.020631625,-0.229325174,-0.805086761,0.072691799,-0.734610206,,-0.030461058,0.032784259,-0.842629523,-0.919487506,,0.015616159,-0.232775867,-0.056696704,0.103692832,0.061175855,0.057220545,,-0.017715491,
His,Functional Score ,Replica 2,-0.701419213,-0.053538272,0.009336451,-0.022099885,0.006182269,,0.060535544,-0.03072788,-0.311510762,0.036938987,0.033249467,-0.121665832,-0.720137363,0.006101698,-0.003047661,0.037828266,-0.135927747,0.06660064,,0.047652927,-0.026206692,0.014434568,-0.464339713,0.041164047,0.009901463,-0.656857861,-0.007659619,-0.210085633,,-0.023596609,-0.549890502,0.036924382,0.02010735,0.000353593,0.000146629,,-0.026975093,-0.442750055,-0.070192693,-0.02461488,-0.752404732,0.014478835,-0.561074924,-1.003608874,-0.622644109,-0.567750839,-0.61823051,-0.123920701,-0.029043415,-0.005912932,-0.173092298,-0.272980286,-0.439557802,-0.030457524,-0.043121059,-0.763948122,-0.029776578,,-0.020434218,0.008508007,-0.326209758,-0.04141047,0.039060679,-0.035737998,-0.569928015,-0.246697238,-0.049821705,-0.258985141,-0.081197473,0.013621773,-0.101380104,-0.028895089,-0.85357345,-0.061202068,-0.617214206,-0.025627017,-0.10399325,-0.081446952,0.038971196,-0.011748432,-0.023411224,0.096367339,0.015920469,,-0.326175266,0.016419065,0.003649794,0.478990411,-0.056760486,-0.374384096,0.045192615,0.007556276,-0.064472513,-0.068711375,-0.042692402,-0.031481822,-0.09728716,-0.019557512,-0.400090274,-0.041562336,-0.019332195,-0.154607743,-0.054534157,-0.019170808,-0.004695684,-0.053386911,0.02945419,-0.106181231,-0.033938496,0.000948015,-0.008085594,-0.14926333,-0.006422575,-0.101620679,-0.060353969,-0.241184383,-0.761522465,-0.84438561,-0.705282532,-0.734372551,-0.767568034,-0.587248507,-0.543125973,0.023375045,-0.223955619,-0.675921586,-0.534140861,-0.075668674,-0.030942094,-0.020012845,0.109999537,-0.923753584,-0.089357779,-0.007544059,0.02474241,-0.668561344,-0.055080548,-0.009654812,-0.064811276,-0.029394477,0.015458771,-0.004675326,-0.017911634,-0.313356203,-0.063761021,0.005660776,-0.06805966,-0.016795081,0.024046364,-0.089119044,-0.033937231,0.049757307,0.088855789,-0.070783615,-0.047179106,-0.026567509,-0.815253259,-0.928535635,-0.028929352,-1.145260882,-0.121547377,0.428504681,0.040711754,-0.114295349,-0.090358986,-0.034599109,0.016271432,,-0.09402988,-0.011978502,0.006349802,-0.048410233,0.01511826,-0.030754743,-0.049098053,-0.049733012,0.03359179,-0.048940916,-0.051537671,0.087547305,-0.01726475,0.012537766,-0.225776529,,0.008765311,0.022285563,0.032989201,0.070326804,0.14953496,0.032797554,,-0.068627921,0.032128451,0.023901756,0.019234378,-0.038274825,0.027666425,0.109343524,0.048169351,0.033235598,-0.011910463,0.027144888,-0.019522229,-0.0062026,0.023044901,0.037568355,0.001003553,0.022363637,0.040004962,0.041845683,-0.798716603,0.051984564,-0.002421068,-0.009111039,-0.918322284,-0.877645942,-0.035120116,-0.091576023,-0.00872436,0.107034614,0.012943514,0.064250111,-0.064500487,-0.039801751,-0.010454512,-0.027910586
Arg,Functional Score ,Replica 2,-0.76120045,-0.233006449,0.061010735,-0.056144254,-0.010770965,,-0.08308694,,-1.133219859,-0.036779697,,-0.089957288,-0.66642398,-0.048922887,-0.05603314,-0.021371624,-0.660128703,0.010842878,0.00589289,0.039295784,0.043997371,0.003754448,-0.041444161,0.017340549,0.015739157,-0.742271015,-0.155203483,-0.07873164,-0.08582915,,-0.220323458,0.031362115,0.003871081,0.027001242,0.016845145,-0.118316035,-0.243598858,-0.786989215,,-0.704310288,-0.75839854,-0.793447425,-0.872441169,-0.662884594,-0.792202868,-0.810774381,-0.733638537,-0.64637578,-0.503766681,-0.354733719,-0.694139156,-0.705632257,-0.78302261,-0.03205453,-0.05129275,-0.680464565,-0.098983114,0.008996371,,0.000909282,-0.013644696,,-0.031547102,0.020115682,-0.72470664,-0.739867964,-0.034278589,-0.721494321,-0.371079784,,-0.253076864,,-0.773223349,-0.077653362,-0.639177596,-0.843949585,,-0.109003918,0.021203754,-0.052664622,-0.617702787,0.018314913,0.037390669,0.050192896,-0.786664256,,-0.052141486,-0.151783972,0.00060849,-0.747470287,-0.020974033,-0.006185094,-0.066804211,-0.512619026,,-0.010334178,-0.200516371,0.047248512,-0.243684703,-0.075307816,-0.000863506,0.037487264,-0.048165103,-0.081959497,-0.031328746,-0.0531984,,,-0.027351005,-0.027921841,0.026642065,-0.103757426,-0.070781923,-0.033219771,-0.862907305,-0.790784448,-0.80118356,-0.563062685,-0.721091703,-0.882418307,-0.640741117,-0.516440507,-0.872148975,-0.091723083,0.000111835,-0.845558564,0.044597932,-0.130278835,0.018622514,0.043988947,-0.064303499,-0.696052662,-0.015667329,-0.03208818,-0.015417591,-0.715479818,-0.05050454,-0.036042218,-0.095911172,-0.699571862,-0.00360485,-0.019090793,,-0.210063056,-0.012665092,-0.019148858,-0.175983266,0.009477125,-0.04626701,-0.070989591,-0.037354907,-0.025278936,0.002614671,-0.027423307,-0.62591848,-0.017070074,-0.319201385,-0.536629797,,-0.97424251,-0.44503334,-1.000298377,-0.019866577,-0.057642578,-0.179535675,0.010798606,,-0.007387354,-0.001130259,-0.033314697,-0.03382581,-0.699423454,0.057676304,-0.043420471,-0.034264795,-0.033491484,-0.031330262,-0.019388781,-0.007720069,,-0.045259752,-0.006124634,0.001492378,0.011796562,-0.023328123,0.022727446,0.024546639,-0.010623739,0.002495348,0.148575723,-0.017530658,-0.508909268,0.030264014,-0.0248564,0.026058703,0.012033816,0.000901489,-0.039756754,0.000295145,0.019132777,-0.011284002,-0.009882139,-0.053766193,0.004816587,-0.136041196,0.029231516,0.030049556,,,0.057238193,-0.864823928,-0.306557051,0.023837465,-0.00466833,-0.756458026,-0.94790493,-0.011791165,0.154807858,-0.101162938,-0.054482884,0.054078149,0.046778133,0.016827042,-0.017746241,-0.016555852,-0.022538151
K,Functional Score ,Replica 2,-0.490509947,-0.511433133,0.023533748,0.000448123,0.009906624,,0.042544158,0.049988023,-0.002325877,0.015033236,-0.091642289,,-0.728240869,0.062484359,-0.22521561,0.106780349,-0.653395949,-0.006789903,0.026498012,0.003783152,0.023010309,-0.070713588,-0.144518672,0.04856457,-0.030409467,-0.846009136,-0.388618999,0.000995351,-0.239480244,-0.053962543,-0.540536106,0.063448247,-0.071720135,-0.024169031,,-0.060765214,-0.148797334,-0.443950718,-0.005823989,-0.131762921,-0.341127796,-0.550991416,-0.801282265,-0.924086872,-0.878102061,-0.681467824,-0.951801801,-0.690648522,-0.664748974,-0.258959078,-0.631597559,-0.52648762,-0.822665113,0.041551256,-0.053000107,-0.689777694,-0.731350621,-0.065870648,-0.021680575,-0.022533356,0.019786443,-0.035004618,-0.097587155,0.014001471,-0.412128991,-0.925223769,-0.015179966,-0.018332131,-0.835872665,-0.010541887,-0.153273394,-0.070223762,-0.826506452,0.010468383,-0.650264475,-0.715507466,-0.039525626,0.013774453,0.058399416,-0.032109144,-0.975249329,-1.375813481,0.003051716,-0.040844731,-0.715006081,-0.022558278,-0.001356323,-0.181209932,0.027097638,-0.812901213,-0.111776514,-0.017916035,-0.018699558,-0.634577838,-0.111544058,-0.058475364,-0.410059728,-0.042933654,-0.425651405,-0.013465977,-0.147455031,,-0.055285948,-0.017247049,-0.052128878,0.005438607,0.006817225,-0.080582058,0.033719643,0.014153252,-0.011741519,-0.141429844,-0.012683508,-0.189129149,-1.057241552,-0.759432544,-0.843425578,-0.852117896,-0.660714709,-0.730650004,-0.648090965,-0.840550755,-1.083417855,-0.001769606,-0.098633461,-0.822650742,-0.052559562,0.006311006,-0.087986982,-0.009896868,-0.149980421,-0.90903306,-0.011748432,,-0.003864798,-0.82835954,0.026634815,-0.030939304,-0.1589616,-0.64425611,-0.011031382,-0.076627502,-0.114060603,-0.399132769,-0.038918409,-0.003766432,0.075238861,0.043752084,-0.047666879,-0.117215277,0.020009128,,0.027579819,,-0.746560483,-0.067547239,,-1.041473922,-0.025286267,-0.991418258,-0.145462384,-0.100459313,-0.295096868,-0.302827233,-0.443828693,-0.02998936,-0.001317977,0.05115884,-0.029567801,-0.047516397,0.001671452,-0.641972977,-0.041103479,0.146970103,-0.04783715,-0.010388665,-0.048743932,-0.025285564,-0.037706455,-0.028821081,-0.004764497,0.074479714,0.034470378,-0.006859862,-0.022006743,-0.007090239,-0.01016035,0.003043599,-0.108969029,-0.686188748,-0.052610114,-0.712267326,0.06069908,-0.062901485,0.176036347,0.001789214,-0.031868413,-0.01697646,0.01366958,0.029055934,-0.069897692,0.045094098,-0.01996032,0.044450537,0.120903894,-0.054109699,-0.004227012,0.049577539,-0.030867992,,-1.042855267,0.080384817,-0.029825251,0.021494204,-0.950272168,-0.427914472,0.034167848,0.079020584,-0.131278351,0.027797197,,,-0.035892864,-0.001519549,-0.002634209,-0.048722654
STOP,Functional Score ,Replica 2,-0.774399025,-0.691278619,-0.791913273,-0.866169399,-0.839755513,,-0.68993702,-0.659454209,-0.537502925,-0.384506862,-0.746658745,-0.320170168,-0.738450295,-0.723447073,-0.680294933,-0.72227253,-0.580845282,-0.755046434,-0.821306695,-0.541084207,-0.372198695,-0.649349037,-0.312791395,-0.352099547,-0.457270674,-0.736432102,-0.393696778,-0.861054631,-0.681930639,-0.728852875,-0.863174252,-0.617630189,-0.644808347,-0.61188239,-0.380966035,-0.844966747,-0.552860985,-0.660149654,-0.663950612,-0.273872398,-0.714605886,-0.709685055,-0.691807878,-0.936164628,-0.851201842,-0.776650719,-0.788555768,-0.780181588,-0.740617779,-0.277944708,-0.761253142,-0.834396955,-0.715123346,-0.6847504,-0.890458798,-0.866701083,-0.242490963,-0.811419752,-0.79615546,-0.475769175,-0.829668353,-0.81164638,-0.769606762,-0.699708449,-0.706977306,-1.00187689,-0.709384457,-0.637822589,-0.676401131,-0.953989562,-0.722048659,-0.579213744,-0.549350503,-0.711959254,-0.97966532,-0.797052906,-0.605603462,-0.845388426,-0.748465361,-1.087953609,-0.705282532,-0.747065539,-0.221235234,-0.818463225,-0.720309171,-0.567147872,-0.297802825,,-0.37604092,-0.668565103,-0.672156173,-0.446298296,-0.654223594,-0.697561236,-0.761345739,-0.615848806,-0.961518409,-0.760704331,-0.700794107,-0.418037457,-0.804890418,-0.340435123,-0.704852963,-0.707633318,-0.467705523,-0.79359521,-0.6557995,-0.682405231,-0.386628902,-0.589142166,-0.683021711,-0.760339213,-0.893712084,-0.829807382,-0.685195551,-0.724123095,-0.641946027,-0.704052236,-0.402549038,-0.575645709,-0.789547757,-0.747065539,-0.91032372,-0.644712301,-0.570678741,-0.751440167,-0.762408131,-0.396191977,-0.772660451,-0.352522209,-0.857241399,-0.828790087,-0.614144435,-0.521944781,-0.340233586,-0.701030441,-0.945137654,-0.727650918,-0.405762651,-0.311300713,-0.353614518,-0.78657408,-0.709102903,-0.49163383,-0.746636883,-0.422239143,-0.750621085,-0.771685987,-0.659217141,-0.946728147,-0.713546677,-0.479523426,-0.469878274,-0.618120531,-1.037524346,-0.994418465,-0.665346258,-1.163868043,-0.979441309,-0.519989306,-0.359789358,-0.244911218,-0.009353762,-0.183563333,-0.311348742,-0.845724978,-0.959393389,-0.608656112,-0.981527834,-0.881847906,-0.617334744,-0.818649933,-0.764536806,-0.536531717,-0.876281849,-0.768578873,-0.919192469,-0.035278266,-0.652923308,-1.022262266,-0.839590851,-0.300852042,-1.042855267,-0.847168804,-0.72347384,-0.384690264,-0.68090205,-0.927661143,-1.035885497,-0.792553723,-0.991334292,-0.595284862,-0.296145383,-0.947733776,-1.067377031,-0.665447725,-0.98024032,-0.616970708,-0.639512789,-0.731637166,-1.010945851,-0.901704826,-0.770423797,-0.895834718,-1.053904664,-0.507639606,-0.796185844,-0.963031479,-0.983571276,-0.392013009,-1.100787923,-0.835431466,-0.472198166,-0.782977424,-0.982453589,-1.007513321,-0.589166368,-0.060816659,-0.882160605,-0.708818827,-0.321269546,-0.345367771,-0.339047875,0.037084628,-0.011241282,-0.02014959
Trp,Ratio of Enrichment,Replica 2,0.110550797,0.102028516,0.934376436,0.838526361,0.93950534,,0.665523553,0.329679515,0.038795279,0.06344034,1.330728246,0.150565489,0.765656116,1.052527308,1.110606195,1.101274981,0.829893589,1.098396511,1.121244102,0.954749935,1.250835783,0.943272444,0.253978274,1.151379692,0.901668618,0.422892635,0.39713862,0.166107733,0.217183036,0.201155494,0.208179465,1.058565069,1.050470874,1.17616808,1.192963254,0.23926225,1.084116135,0.107221597,0.172498611,0.412310448,0.183519446,1.209981234,0.124380187,0.099172469,0.11870752,0.186228844,0.027245184,0.208666055,0.485857556,0.900213613,0.217785695,0.209130273,0.122701804,1.117890849,1.034281217,0.130213189,0.950713518,0.867144529,1.419683654,1.130078635,0.068657863,0.917216876,1.614731226,0.706131057,0.362629559,0.117564834,0.882828655,1.27077273,0.343289316,1.31689069,1.90584758,0.407839443,0.241573963,0.678595159,0.114429772,0.358442806,0.638212171,0.703348782,0.786569411,0.463106436,,1.025573488,,0.432532419,1.16451036,0.872986678,2.125693513,,0.831793114,0.669131349,0.92899141,1.092970474,0.813808398,1.016636028,0.768054178,0.883340856,0.387293395,1.072046797,0.565318216,0.699797092,0.827162854,0.948536007,1.018439374,0.916074949,1.031423461,1.16451036,0.768979239,0.885457186,1.365137612,0.953006088,0.876907317,0.858733782,0.892179518,0.177637173,0.183870057,0.866434377,0.231279061,,0.428168914,1.514739039,0.120239401,0.204383451,0.202850192,0.594137939,0.519105669,0.110185581,0.277264371,0.225073431,1.007595676,1.081835165,0.862040136,0.152567234,0.953222766,1.124370209,0.917207093,0.156121169,0.778558355,0.86249271,,0.943055473,1.031142687,0.769052148,1.162616333,0.940270269,1.10163466,0.839621755,,1.009740764,0.998756677,0.987922566,0.83726039,0.972257987,0.704152899,0.888302802,0.073020423,0.891027616,0.111331408,0.329403239,0.9327799,2.78495466,0.141172817,0.104741122,,1.218943784,0.196922592,0.968543853,1.24964086,1.003070015,0.591456374,0.867204446,,0.911206363,0.574540534,1.225738585,2.001332286,1.509463196,0.809161267,1.119971014,0.858395634,1.958320357,0.826869356,0.709109436,1.937917759,0.867383316,0.988209718,0.880151513,0.928856117,1.087278362,1.166533276,4.658702957,0.865682368,1.14304442,1.106725169,1.457795088,0.993745907,0.980624313,0.857984997,1.422587616,0.943324002,0.948324461,1.173194788,1.340414065,0.875857649,0.744305509,1.140741267,0.837252647,0.915063181,0.81073532,1.073865135,1.451546143,0.073409865,0.394310282,0.835519305,0.951001379,0.278902394,0.150430051,1.005496185,,0.981209413,0.762672365,0.90466925,1.32284158,1.094694357,0.930718526,1.010543469,1.089854146
Phe,Ratio of Enrichment,Replica 2,0.137081399,0.928865136,1.071662994,1.037898107,0.914353252,1.487587035,0.896006705,0.827325585,0.794633486,1.036789975,0.704293701,0.902375416,1.067482486,1.050146641,0.925814557,1.028267064,,0.971562309,0.949413761,1.052770498,1.060539845,1.028627516,0.874430919,1.057137787,1.031811553,0.558686533,1.008038268,0.660960026,0.20195851,0.181818624,0.21497476,1.083265756,0.983034363,0.988874205,0.971456387,0.70042682,0.437032699,0.179645684,0.315757341,1.001807383,0.181375081,,0.705007396,0.368718154,0.142965875,0.358391722,0.323865812,0.753845803,0.261362942,0.931679342,0.663055974,0.934383502,0.157638454,1.023961894,1.030711669,0.872184817,1.044728957,0.877480304,0.906727671,,0.867042975,0.99951335,0.956598946,0.87880929,0.186161868,0.425678752,0.936914408,0.85616694,0.219376414,0.897107719,0.966804428,0.482492543,0.207583657,0.916902542,0.365617076,0.875667916,0.465524549,0.89949384,1.064739726,0.908285231,0.557790676,1.154894254,0.807595496,1.116979324,0.888478274,0.879324149,0.759960921,,1.011236123,1.199769413,0.892327327,0.886942364,0.902222312,0.910833487,0.805012723,1.013942953,0.201529579,0.889472585,0.578392363,0.787164066,0.884338219,0.906577238,0.71554251,0.855394526,0.748570185,,0.835257114,0.866130481,0.787590583,0.758655687,0.996154292,0.928983439,0.824695146,0.180711131,0.83777007,0.938305544,0.184928888,0.192093658,1.053826201,0.89665496,0.136451455,0.733841157,0.764484798,,0.919844099,0.13886133,0.417925321,0.168297857,0.771403441,0.935634802,0.858199245,0.235350159,0.853405516,0.768546379,1.059561834,0.581774374,0.823512151,0.876416624,0.829407189,0.88609742,0.841788375,0.981419074,0.7683055,0.914090009,0.778790881,0.872510703,1.01377658,0.821804938,0.786546689,0.709489937,0.85352887,1.04692053,0.943264903,0.859039448,0.228496209,0.962875715,0.116538634,0.461164535,0.47371323,0.698530432,0.682721,0.098284873,1.14955008,1.300538959,1.515254901,0.846273805,0.862137821,0.938331625,0.934526064,1.068879899,0.542261941,0.689730048,1.148789041,0.970498759,0.994142482,1.028544809,1.244475233,0.832968133,0.935364279,0.810188403,0.829358273,1.039169662,1.274532051,0.826869356,0.940637259,1.048556016,0.979041299,,0.952989889,0.783343356,1.080809996,0.703630065,0.883001079,0.898567121,0.923426781,0.936933758,0.939000474,1.153687013,1.0252169,1.218748814,1.691192725,1.35138371,1.023705627,0.969636491,1.08623476,0.937808618,1.050762772,0.752224143,0.822195333,1.015914629,0.215754682,0.75513245,0.985289676,1.304649919,0.732437791,0.159617507,0.984982911,1.061073107,0.997096133,1.089742877,1.13320567,0.750127295,2.605280166,1.09478383,1.057532948,0.803328591
Tyr,Ratio of Enrichment,Replica 2,0.102489274,0.846965999,0.986188259,1.023396895,1.041688265,,0.93199091,0.827612046,0.096193952,1.206328673,0.96226445,0.324478942,0.325970215,0.461540907,,0.981291316,1.1315833,1.221774023,1.047386965,0.99988469,1.002754324,0.872644834,0.797626243,1.011518856,0.991657654,0.141621005,0.99325042,0.226983646,0.486144318,0.205973589,0.212512434,1.052389581,1.043610972,1.049518506,1.067399784,0.949948741,1.029192845,0.1654865,0.388310865,1.112356617,0.099899007,1.083226821,0.119053197,0.179201341,0.2568147,0.185713892,0.163358364,0.186028288,0.754448559,,0.653696513,0.133188751,0.137753038,0.81378939,0.876943367,0.18721461,,1.042188282,0.992559944,1.059408683,0.971725252,0.954030838,1.001447481,0.866096897,0.13985861,0.159085293,0.953477923,0.887173747,0.168523846,0.794730461,0.942219611,0.41957583,0.207482553,0.899508616,0.495862345,0.816277802,0.923198951,0.892762243,1.044216606,1.103290386,0.131335755,0.422132363,0.642230806,1.124180996,0.847806243,0.661565686,0.909403184,0.93970141,0.702606198,1.022743881,0.892887596,0.941023989,0.960970433,0.746565051,0.867341535,1.065168244,0.210922831,0.861536461,0.499075868,0.874645381,1.001904187,0.923313313,0.794604152,0.863641812,0.841519318,1.137145451,0.956458881,0.534937607,0.810413693,0.921566921,0.931671905,0.735897166,0.924714146,0.322285517,0.899337216,1.034144147,0.151636621,0.219400503,0.746050855,0.60816349,0.139634346,0.669035327,0.404013798,0.832878651,0.950990881,0.233236461,0.32100185,0.824399397,1.009731879,1.051997281,0.747657719,0.136914619,0.811610959,0.997467133,1.110469013,0.158825402,0.854705747,0.987178635,0.936861718,,0.971704056,0.965325119,0.849414961,0.963624475,0.898158401,1.002347557,0.916603392,0.885414212,0.878591493,0.850351048,1.011121661,0.827959494,1.081133598,0.910292377,0.394595239,0.864119008,0.090657304,0.066264792,0.824943543,1.034967594,1.210663854,0.125701823,,0.810922925,0.988209718,0.816518983,0.929772169,0.756632858,0.939285527,0.91996243,1.04137103,0.62579592,0.937153754,,0.676861814,1.32284158,1.042486882,0.968200972,0.868013354,0.863237061,0.940308321,1.103846155,1.115975061,1.043499333,1.025403015,1.131976261,0.88016026,0.909152941,1.015216692,0.825798513,1.042895609,0.743852406,0.951563087,1.104083439,0.821335254,1.002226877,0.95069356,0.854981692,1.078762208,0.991224084,1.074715614,1.027718834,0.945952078,1.057355588,1.05450471,1.021986257,0.97474846,0.960023751,0.806105138,1.266108964,0.12456425,0.985711084,1.097869119,1.034858127,0.115650048,0.133298636,0.917967634,1.186043734,0.917170252,0.953482715,0.990328635,0.971685673,1.041671613,1.009250581,0.988510406,0.907797682
Pro,Ratio of Enrichment,Replica 2,0.104768155,0.439634156,,0.914525657,0.919411203,,0.779860358,0.976180596,0.778543663,0.962092099,1.025209229,0.605221048,0.312530593,0.92566982,0.158582739,1.016219242,0.40374278,0.722826572,0.315379615,1.023140196,0.943444515,0.988288885,0.763090846,1.0337734,0.686095805,0.442543813,0.270249036,0.273827154,0.349747433,0.8144148,0.223106092,0.284163915,0.89798664,0.962919199,0.974302801,0.941648346,0.214738423,0.211590171,0.372364031,0.812875195,0.176078284,0.188896001,0.186564639,0.195966775,0.15154213,0.944192323,0.189001983,0.319634583,0.186664651,0.169449713,0.179969226,0.16978569,0.257951859,0.276479387,0.315101337,0.390175348,0.215027374,0.980333964,0.308336222,0.924700115,,1.038652761,0.785431576,1.045293347,0.729069351,0.182003899,0.786270182,0.193913925,0.190075223,0.852006571,0.191966885,0.167856913,0.191863452,0.376457366,0.433062949,0.226852667,0.898961384,0.201381491,0.964942377,0.866649206,0.436585827,0.476894719,0.950870865,0.869282381,0.203234086,0.790716911,1.049458602,0.230755509,0.943572136,0.626874545,0.957507852,0.993169015,0.886845475,0.891089257,0.569628888,0.577277407,0.531247002,,0.731482218,0.760231634,0.774861015,0.991001653,0.943373354,0.774371351,0.825181185,0.849215629,0.835004326,0.792759247,0.974569808,0.931598551,0.927867969,0.873870784,0.674617316,0.292620552,0.394912111,0.248818805,0.20845754,0.176796811,0.172536397,0.191179448,0.164429827,0.149771546,0.146856546,0.123163752,0.317367447,0.176317506,0.112232372,0.494899501,1.057540723,1.080818229,0.35786961,0.377763414,0.194599874,0.855446674,0.293677484,0.228497305,0.890406515,0.930953455,0.173475569,0.163055047,0.812467814,0.989737498,0.826587986,0.325215663,0.903235467,0.915014713,1.24704487,0.784120195,,0.421668183,0.878828191,0.933164643,0.793397812,0.593606182,1.079781275,,0.145918122,0.732128794,0.173829661,0.105779062,0.117192777,0.10733364,0.287706627,0.064344073,0.144200652,1.020149269,0.678445549,0.915504602,0.370455814,,0.762577138,,0.996118559,0.966537132,0.956251593,1.099988781,0.96946478,0.96567509,0.992669274,0.667142397,0.93342265,1.014926294,1.275895222,0.89537848,0.97449102,0.725677813,1.093060948,0.795243939,1.102349442,0.109448588,0.852157159,0.97131965,0.951233493,1.012766824,0.903688448,1.20735652,1.030777487,0.923364788,0.994388547,,1.030718173,0.928374882,0.115840011,1.012296934,0.103245791,1.027399648,0.99305362,0.970864253,1.073928033,1.134388663,0.141172817,0.122191598,0.494234852,0.854530151,0.111561975,0.115825079,0.378659799,0.967099764,0.138788716,0.167166542,1.10807929,0.901585063,1.067457646,0.912299579,0.935607354,0.983076161
Met,Ratio of Enrichment,Replica 2,,0.311219826,0.900551779,0.909298041,0.849955242,1.914791517,0.95592871,0.20710843,0.989089338,0.904364326,0.864261041,0.848144786,0.267875645,0.812256699,0.939330106,0.801008403,1.022932809,0.931158559,1.22911535,1.288324991,0.921532068,1.014751265,1.108638209,1.054911083,1.045651364,0.330862553,1.086492989,1.006363453,0.394393874,0.452782901,0.206727036,0.997095697,1.026657493,0.885344046,1.090578825,0.7928613,1.028428579,0.200535343,0.913026307,1.12410423,0.268776906,0.869876781,0.885510389,0.157727523,0.139005293,0.12136491,1.052874991,1.248600963,0.936628874,0.926030309,0.666125001,0.85706424,0.207804466,0.847639302,0.968457898,1.055146319,0.974515871,0.858334386,1.00328062,0.94343495,0.977918235,1.041073876,1.069525919,1.126577623,0.208094296,0.167055229,1.220947503,,0.259218463,0.717525048,,0.852813286,1.094852756,0.998224988,0.894946727,0.201754074,1.0634629,0.898593488,1.030079149,1.083329812,1.350545809,0.708346786,0.982457527,0.89532706,0.700639013,1.228086903,0.89794742,1.34967474,1.053319506,1.174320205,0.979025908,1.166283276,1.067762792,1.012907023,0.877923755,0.9560428,0.446263607,0.884083863,0.34167688,0.954073811,1.02799265,0.937024615,0.97179271,0.878750795,0.922490785,0.967722503,0.835141212,0.768081301,0.961531914,0.872768144,1.008394624,1.198635205,0.873240177,0.643462598,1.041436269,0.86616584,0.141024822,0.166358623,0.972595195,1.202656286,0.157486163,0.971884586,1.069958006,1.123680828,1.008111122,0.638538187,0.884327416,0.393857594,1.105639912,0.751206923,0.915858168,0.813775935,0.82543546,1.076401127,1.221889142,1.11594379,0.996471347,1.019230315,0.959345973,1.123898736,0.904804704,0.916917471,0.913213346,0.973175237,0.929221297,0.964347665,1.010129558,0.977945115,0.951553313,0.847442391,0.948697793,1.053797089,0.832674406,1.028908188,0.407611654,0.707121749,0.116441812,0.380937323,0.880717726,0.992077467,0.347127855,0.688752228,0.763781137,1.145489501,0.494847874,0.838602482,0.98925933,0.883637261,0.992732417,0.874493921,0.914041313,1.164489003,1.228395144,1.070111505,0.99705428,0.848184648,1.150772356,1.011058498,1.032566132,1.024349959,0.930436024,0.938481524,1.020959827,1.084749443,1.06307059,1.068244701,0.981303422,0.904328394,1.226893656,0.803646122,1.448386303,0.824702097,0.933875163,1.008271895,1.264436406,1.045747402,1.211508106,0.916077622,1.101881337,0.971836067,1.116476441,0.99313175,0.893246622,0.850035474,1.081102654,0.930950813,0.941669229,1.067167282,1.204121085,0.885998575,0.198116474,0.944382933,0.964163056,1.081133598,1.208577042,0.178592118,1.245159184,0.933702839,0.987409872,1.297562325,1.022788789,0.957732491,0.99973403,0.756493719,1.004333739,1.148536636
Ile,Ratio of Enrichment,Replica 2,0.092262348,0.824786018,1.070549038,,0.984953869,,0.816281133,0.84963151,0.979602623,0.887310818,0.822855051,0.741073709,0.936558448,0.522541782,0.689136674,1.000554031,0.608579562,0.97106242,0.997537233,0.951579537,1.055998374,1.058614417,0.996338562,0.964868901,0.943458449,0.272251313,0.959051032,0.92371788,0.252521293,0.83678174,0.203573564,0.819346986,0.823249551,1.047066892,1.052111522,0.32437026,0.373494129,0.227777977,0.875248919,0.929536972,0.179818213,0.795869933,0.844757928,0.177065015,0.172900873,0.96471815,,0.95318452,0.750581724,0.938235166,0.964615096,,0.582282861,0.923578817,0.986788504,0.884249918,1.097147138,1.029867947,0.863686621,0.970665552,0.881185361,1.000226883,0.918152489,0.88521785,0.2698668,0.149894689,0.932251477,0.886110249,0.22722949,0.633981087,1.029195325,0.830094232,0.498415868,0.837634399,0.95765324,1.035586992,0.886674309,1.015003649,1.048347456,0.994595377,0.984207447,0.73182874,0.789119265,1.005803667,0.233622759,0.915886484,0.840066083,1.0423997,0.843110027,1.063954753,0.915063332,0.978100286,0.876465278,1.067499758,0.817092047,0.944769103,0.239798732,0.850488984,0.209278047,0.800004842,0.977247731,0.937140943,0.872140617,0.956892874,0.883683561,0.833589158,0.838125946,0.747399039,0.955865755,0.874338572,,0.943639466,0.9205704,0.707179913,0.514703066,1.016185741,0.165341139,0.157274193,0.952090251,,0.144282597,0.855236606,0.980267863,0.975986825,1.012833088,0.153443536,0.096066247,0.131080911,,0.870456699,0.926668495,0.921295999,0.995614677,0.885956386,1.040840753,,0.953198815,0.9248545,0.886874534,0.872793391,0.921244024,0.942796362,0.837078153,1.030738804,0.838740806,0.92823093,,0.923502244,0.997121298,0.811797299,0.694821778,0.978458378,1.030750251,0.938311365,0.174127985,0.77945211,0.272235114,0.202182175,0.861618883,0.928559232,0.628630525,0.883637261,0.954633481,0.907353232,0.46726214,0.952110733,0.902014677,0.835465359,0.88843047,0.974901186,0.938664924,0.811163004,0.991060095,0.916667594,0.88895511,0.992331552,0.985825617,1.075396202,0.929469715,1.117810993,0.947176789,0.734911989,1.169579806,1.171718283,0.887364596,0.829045876,0.958677862,1.042552392,0.957467214,,1.022451018,0.939655797,0.983563328,1.032844896,0.994537635,1.009989063,0.960915962,1.071706803,1.036438596,1.016720882,0.977596883,1.134042609,0.893171112,0.989422804,0.131313128,0.965064201,0.853465857,1.00369755,1.106639164,0.96235833,0.311395636,0.923053033,1.019036156,1.047016347,0.953889871,0.497609149,1.055089354,0.822864865,0.893912025,1.016706754,0.996092873,0.997565107,1.051751299,0.968356362,0.957404017,0.91114381
Leu,Ratio of Enrichment,Replica 2,0.14789579,0.810738599,1.038169673,0.822539954,0.947639102,2.631884754,0.970566718,1.006076497,,0.922055069,1.006170434,0.820495454,,0.981465717,0.529245102,1.007562887,0.492511483,0.976429192,1.014330491,1.065758687,1.05040587,,,1.050746362,1.067503181,0.865282705,,0.73276003,0.632687725,0.546720021,0.187288779,1.087964432,1.030782963,1.054407665,1.057161541,0.360350824,0.952138351,0.172848857,0.866977147,,0.158118084,1.138848682,,0.179180277,0.156156721,0.148243254,0.973540788,,0.724802786,0.921170831,0.880488706,0.929750624,0.189296495,0.870526641,0.983455872,,0.805501184,0.930781481,0.951163017,0.912737135,0.937943754,0.971079294,0.919763699,0.95160045,0.161691929,0.224113609,0.921205193,0.985819216,0.195475445,0.641231251,0.884343746,0.866396844,0.17909834,0.918426227,,0.474789938,0.531635354,0.904493608,0.984965874,0.903999027,,0.531488176,1.038162038,,0.285074635,0.81621438,0.904560916,0.991685501,0.832767681,,0.925752313,0.994674751,0.748057047,,0.938097663,,0.375670811,0.95115834,0.181661897,0.913179015,,0.972398301,0.852428064,0.677032957,0.931788312,0.9594197,0.859540496,0.904257148,0.884590498,0.811190308,1.008709455,,0.701488893,0.848536053,0.809659309,0.94458128,0.180679786,0.139178904,,1.041723974,0.164641372,0.557439841,0.898184773,0.963788577,,0.243837362,0.324151354,0.159509622,0.989678128,0.964880012,1.019492951,0.776413882,0.682862537,0.786298735,,1.040838319,,0.874218905,0.908599198,0.838329104,0.966815822,1.026279511,0.875167257,,0.922474226,0.936720837,0.936230946,0.864967706,0.869382791,0.881562453,0.873019395,0.943546479,0.886262635,0.95091383,0.626807307,0.923264925,0.116934329,0.760647566,0.858142378,,0.61889931,0.86485483,0.907783992,,0.850613052,0.872907775,0.956621197,0.867361392,,0.969864163,,0.885854598,0.93367128,0.826891242,,0.673159957,0.967110842,1.020377692,1.024396242,0.898920928,0.865200538,0.966295059,1.170580828,0.904635411,0.971093551,1.006136425,0.926514978,0.9216557,0.900883145,1.039351185,1.010821596,1.024687399,1.013708013,0.988589521,0.986147965,0.965915199,,1.070198039,0.988599468,0.98603922,1.035504134,1.008783027,0.912452652,1.025465948,0.931437808,0.998295597,0.969599796,0.946399505,0.922502758,1.019689794,0.1445241,0.330055685,1.026284496,0.972344923,0.951980966,0.171537436,0.948935695,0.946890845,0.936509492,,0.990705828,1.033980943,,0.963556952,,0.988034457
Val,Ratio of Enrichment,Replica 2,0.103042614,0.289038721,1.039505653,0.960309551,,1.756833557,0.608591462,0.948581682,0.734632221,0.838350591,0.950158897,0.672393123,0.953392253,0.522856035,0.288784994,1.04844387,0.609159149,1.04713662,0.96093143,0.979399686,1.016409093,0.997031183,1.004000302,0.999970381,1.046101767,0.950015452,0.939177022,1.045464773,0.318429174,0.918612946,0.209552463,0.945832863,0.936756157,0.985481043,1.059159931,0.498448328,0.193688488,0.218936435,0.908314825,1.021159855,0.262896728,0.661513062,1.026575004,0.261777697,0.368895978,0.917756274,0.955281005,0.844027115,0.902384008,0.920343739,,1.033493445,0.801482478,0.86454926,0.979920068,0.967744476,0.91284031,0.961173929,0.953069443,0.983858878,0.982706002,0.948409465,,0.879474533,0.910307796,0.206186978,1.000817142,0.795392218,0.221311406,0.961061581,0.765740901,0.908988832,0.835247233,0.92173262,0.834212674,,0.835738378,1.053128621,1.025374057,0.967189091,0.898643923,0.918821138,1.127617688,0.973331276,0.589478033,1.001723278,0.883767395,0.985067351,0.995991235,1.010497625,0.895398088,1.048955867,0.94017299,0.965217796,0.918686792,0.93066258,0.238248912,0.903118779,0.376339156,0.939088122,1.081770057,1.024230593,0.974057285,0.874221362,1.061351009,0.905770278,0.936032852,0.715432984,0.924578045,0.812353707,0.84392738,0.935484116,0.939238465,0.628179012,0.934665689,,0.539112383,0.294378084,0.948712521,0.931415357,0.214207591,0.85520762,,0.908713005,1.024280835,0.396569913,0.479504266,0.315004741,1.113198634,1.160142643,0.836416327,,0.90935726,0.871706637,1.09966218,0.997294451,1.098204424,0.957126987,0.886150869,0.824603362,1.047573791,0.922252551,0.940924371,1.004171775,0.873281929,1.005090889,1.08890592,1.036981154,0.929211486,1.006565975,1.000039219,1.068918204,0.944929393,0.903979821,0.263576993,0.826847423,0.210928797,0.426506235,0.973188625,0.971307394,0.774571767,0.791224392,1.116064345,1.102775685,0.591755486,0.945272364,0.835444045,0.970986019,0.912946221,0.947712639,0.967161588,1.011657777,0.984630495,1.041726211,1.046887135,,,0.973913737,,0.926461341,1.007766126,1.012054647,0.915104673,0.983118587,0.984521604,0.966955299,0.959439098,0.994753516,0.949093824,0.981144987,0.987651171,0.948546392,1.043817816,,1.042591855,1.052180138,1.036213973,0.985698385,1.060726371,1.034489328,,,1.012624752,0.999120202,0.259105883,1.018630282,0.954620512,1.058599726,1.051867657,1.0363516,0.96927692,1.155702891,1.029418756,0.970044954,0.926816853,0.827230566,0.884867525,1.038082736,0.985288062,1.045393644,1.121192793,1.011385682,0.977860794,0.84931569,0.977690281,0.927750704
Ala,Ratio of Enrichment,Replica 2,0.185794576,0.709236581,1.024059329,0.855825061,0.941173176,,0.887483019,0.828032409,0.959163373,1.01102721,1.017080034,0.991569003,0.908951782,1.020148044,0.363324158,0.897404367,0.456999404,1.070138152,1.020700231,0.430061949,1.045018634,0.841799949,1.129170922,0.968097645,0.967348638,,1.043578427,1.038988128,0.808754419,0.924903144,0.877845723,,1.081409068,1.026895745,1.084065749,0.841676824,0.810189015,0.342146922,0.781671153,0.912307878,0.265741867,0.225466747,0.337967001,0.201715737,0.190716287,1.072747949,0.956716495,0.864519664,0.97924367,0.868760819,0.95851657,0.978491315,,0.964479506,,0.890238839,0.869092067,1.031054516,0.985865001,0.895268181,0.933380126,1.081695496,0.947909142,0.973952218,0.70999993,0.909415556,0.927303956,0.991022667,0.368921585,0.944991029,0.946733165,0.754099304,,0.935858303,0.668194832,0.928239583,0.696542201,0.605756636,0.716283731,0.990473646,0.541460231,,0.887003836,0.697538787,,0.905900642,1.118711225,0.849548327,1.054639904,1.015109945,0.846800785,0.883543322,1.000318322,0.714549894,0.922201796,1.151818149,0.822364614,0.982312862,0.876645605,0.943833712,1.079855696,1.04352227,0.962876553,0.854087145,1.106044439,1.005484744,0.837097006,0.938172097,0.944227426,0.861294643,1.041888752,0.8020644,,1.136518851,0.945448592,1.005439036,0.240676908,,0.862221528,0.876306306,1.106913929,0.926465984,0.941997331,1.044783785,0.963376205,0.444422027,0.835313931,1.000108897,1.200000199,1.111633536,1.014871666,0.936144325,0.854581966,0.947689812,1.116479361,0.918763854,1.125123271,0.95523437,0.987725992,0.83976673,1.10914621,0.959528722,0.992016276,0.814946671,0.979845508,1.011917485,1.001272461,1.122254039,0.940755279,0.810842935,0.854387012,0.808649642,0.896681344,0.90391579,0.872164749,0.996227647,0.136253903,0.965734444,0.859919087,0.997543458,0.888264361,0.586981712,0.907752387,1.226610506,0.78260418,0.926248582,1.053673927,0.879737949,0.908463241,0.945220597,0.931740591,0.884674182,1.209806169,0.891925954,1.029362757,0.944643033,0.979418118,1.147159853,0.927251878,0.820554553,0.991335316,0.791355193,,0.952484352,1.026575642,0.881443865,0.994963434,0.96516549,1.047420065,0.952248925,1.085467617,0.960106887,1.079755231,1.051993051,0.899993991,1.0169979,1.009163012,1.253995491,0.998047545,0.996456554,0.9936544,0.961251192,0.962541933,1.047787237,1.127939893,1.04279144,0.983335055,0.830735901,0.906424011,1.035110986,,0.9461363,0.907724986,,,,1.01532766,1.031514263,,0.775031022,1.018654668,1.141785675,1.012545091,0.984490676,1.010087111,1.02218255
Gly,Ratio of Enrichment,Replica 2,0.205653506,0.29040806,0.797787864,1.069167061,0.762171045,,0.925929604,0.984504456,0.195579172,1.020918133,1.018099797,0.261026438,0.161851119,,0.181970062,0.795972374,0.152171521,1.053157911,1.139862457,0.725443274,0.919950274,0.825539376,0.795686088,1.022936699,0.990499532,0.816725725,0.441371977,0.436113466,0.719893628,0.672011189,0.916987515,1.045727674,0.998455853,0.978586778,0.856414327,0.830684696,0.751125546,0.34596917,0.929286364,0.185907394,0.307288938,0.199045335,0.215823241,,0.259178543,0.831495909,0.218064282,0.214969225,1.032388213,0.865779972,0.915970407,0.153032587,0.835871212,0.975734893,0.942726139,0.187664826,1.065077108,0.876545173,0.911092741,0.741370737,1.070302496,0.933424726,0.928046861,0.97689314,0.462064522,,0.901660193,0.660641216,0.380520055,0.871794183,0.857219519,0.998558172,0.635587119,0.93213004,0.205422121,0.794594913,1.110846288,,0.901723832,0.904258463,0.569866772,0.456028893,1.226571607,0.174096233,1.058169739,1.048003311,1.093395223,0.761747378,1.030125957,0.85165683,,0.873912376,1.011556507,0.977508696,0.858464375,1.222494278,,0.877469975,,1.088740514,0.931672726,1.056412351,0.997056471,,,0.9322823,0.969699315,0.897892199,0.824010254,0.994437632,0.938853809,0.851836322,1.024008755,0.848883508,0.740797514,0.687133442,0.278228769,0.906922815,0.208166025,0.189707201,,,0.399783287,0.899476494,0.74911792,0.395546274,0.952977932,1.181629421,1.095441249,0.938893822,0.910018172,0.700184959,1.009383256,0.926644815,0.631989024,0.244752275,0.98234532,0.719543053,0.680341178,0.421031082,1.02957788,0.938585023,0.928566828,0.720887365,0.869553315,1.126521954,0.764743631,1.102231077,0.944925886,,0.994680848,1.005119711,0.91822799,0.723782665,0.82844831,0.945938136,0.117415579,0.718007983,0.926155733,0.077904732,0.863884686,0.672969447,0.901334138,1.119194806,0.549864899,,1.047083551,1.002763617,0.992193431,1.010932019,0.843144919,0.853233098,0.992260588,0.515338169,1.098841366,0.895080006,0.708627663,1.092638925,1.015827806,1.006516418,,0.996791652,0.965882551,0.998596102,0.991914347,0.948201227,0.997396669,0.982038229,1.062819186,1.027606783,0.903456753,1.080882551,0.713743497,0.937185116,0.991488042,,0.992905695,0.991647717,1.021648484,1.06304566,1.130140713,0.998069407,,1.032690986,,1.092582718,0.953887472,0.601592555,0.988209718,1.024923392,1.00519075,1.113999566,1.072338615,1.033111829,1.036469188,1.111506214,0.960030408,0.86813169,1.025174775,0.965259699,0.997143809,1.079829828,1.064530621,1.000788951,0.984037123,0.92443718
Cys,Ratio of Enrichment,Replica 2,0.170507938,0.745527302,1.006668991,0.762705551,0.912545421,,0.885920955,0.604058419,0.219581454,0.743191255,1.037250513,0.780844567,1.150174777,1.005483683,0.522994269,0.963392559,0.461928879,1.033991543,1.02043616,1.017503981,1.086485957,0.976772533,0.761452433,1.170209915,0.95077334,1.011520558,1.169173756,0.933166731,0.905035469,1.043293541,1.068941528,1.070018744,1.032110294,1.060574824,1.17070459,0.955419662,1.215429739,0.309115719,0.771521376,1.071630638,0.134475863,1.037801745,0.074674828,0.52544283,0.137033184,0.800553414,0.80759429,0.684143955,0.989393437,0.935488702,0.926619897,1.114369933,0.879696648,0.968895986,1.070715739,0.959992064,0.821295122,0.963885066,1.074539258,0.920159246,0.723574723,0.952721382,0.986275653,1.067222034,0.853485751,0.731355499,0.913234343,0.835584306,0.377810029,0.906953403,0.958165172,0.748460593,0.917699633,1.106154462,1.096526067,0.894283155,1.237889087,1.001893955,0.921640809,1.018439374,1.248742574,0.846854388,1.138104229,1.073769293,0.913403004,1.427293407,1.025188058,0.983966118,1.080936833,1.042373649,1.011365558,1.064605986,,0.580536053,0.983008972,1.020144911,0.794276036,0.891089257,0.866473739,0.878326994,1.022501892,0.883052073,0.549010594,1.009149503,0.793087752,1.093593717,0.876387677,0.901745406,0.859775487,0.877102715,0.887061759,0.931902728,0.883614561,0.897730245,0.853148521,0.969933945,0.148373907,1.000055153,0.906530682,0.917812695,0.850805528,0.971571532,1.040655797,0.789559656,0.988959014,0.66434718,1.04087013,1.025263637,1.136387315,1.059709515,0.733210226,0.862258789,0.947193255,0.938830975,1.014712999,1.04293368,0.893611584,0.812030941,0.864694696,1.011435125,0.942293653,0.959207161,0.885231448,1.154339963,1.092643434,1.013525223,0.941782286,1.12788567,0.922092158,0.857719133,0.939146378,1.124153912,0.846063296,0.891589539,0.800945571,0.901218098,0.16064493,1.188072358,0.992408166,0.843868434,0.583105113,1.475897631,1.046225944,0.932995461,0.488054595,0.805431814,0.92975049,0.958489125,0.861214087,0.922801463,0.622548979,1.027976709,1.10534382,1.052899887,0.787365917,0.844796063,0.911046936,0.897734322,1.027250102,1.173323743,0.839092111,0.926413315,0.847783847,1.221506444,0.988911198,1.112867979,1.008099303,1.065957067,0.799979296,1.258463462,1.00703276,,0.965741896,0.982403124,1.221723956,0.938978065,0.931740591,0.838457338,0.978177132,1.119513311,1.922122199,1.099637092,1.118814291,0.947874628,1.088436307,1.075516128,1.081317272,1.024268317,0.743648193,1.025274396,0.874538099,0.969785047,1.077237621,1.064435261,1.079513051,1.243573517,0.802619803,2.682283521,0.977219434,1.094220532,1.104800204,1.099170454,1.033290113,0.934640575,0.963463068,1.071920233
Ser,Ratio of Enrichment,Replica 2,0.125834733,0.969145041,1.104478038,0.943048366,1.00466343,1.113089599,1.031059038,0.964785345,0.443353445,0.930450828,0.825235056,0.953967108,0.847318805,1.026062947,0.311419319,0.987916049,0.483740104,1.060954585,0.864446204,1.010789025,1.082748647,1.005072764,0.652283655,1.037742981,0.930490612,0.790329519,0.974233583,1.032487567,0.614877112,0.810080313,,1.007377514,,,0.990330258,0.961872379,0.775067919,0.42470285,0.919176909,0.840002727,0.129723488,0.245942107,0.466740522,0.251745498,0.169867798,,0.143230074,0.455830808,,0.821691944,0.87234615,0.449408546,0.974765328,0.801834611,0.966680661,0.314396749,0.935705029,1.004034007,0.999724672,1.038440439,1.009409704,0.944340766,0.865105888,0.991784382,0.563720604,0.773967362,0.943422556,0.850460466,,0.960051921,0.920072403,0.822163487,0.929721375,0.924491422,0.632984941,0.860563643,0.762183528,0.958777774,1.047427582,0.933951367,0.916603392,0.963833538,1.002758591,0.688268028,0.870054067,0.896082268,0.902996175,1.608133354,0.988132523,1.021205179,0.999367216,1.000558279,0.957958045,0.808779846,1.003577474,1.073240383,0.874641923,0.850723112,0.811984831,0.907574462,0.802145043,1.01992372,,0.881110652,0.72423671,0.986954007,0.955438734,0.80365842,0.955872522,,0.88041734,0.752166182,0.941863189,0.858516211,0.845386213,0.673417151,0.176852488,0.852497361,0.454633493,0.399111494,0.711972112,0.950191801,0.834845566,0.868170199,0.916607529,0.47969044,,0.951714707,1.069810017,1.066184965,0.960557217,0.850429135,0.84040427,0.87580087,0.94854165,0.672630666,0.879373404,0.909335247,0.826099557,0.717091081,0.87799913,0.978384338,0.836433672,0.52478359,0.950220772,0.957632212,1.008581208,,0.991846146,0.881772099,0.926177566,0.903221273,0.969142221,0.795778284,0.93310954,0.872828613,0.11655196,0.9213439,0.900397135,0.224830782,0.935396866,0.529909559,1.017826393,0.8835811,0.918247968,0.897145431,0.813107351,1.02153001,0.908635227,0.990122305,0.770627469,0.907567032,1.058211009,0.867612215,0.988420897,0.670436685,0.916561328,0.986958556,0.971363739,1.00649109,0.900230195,1.032312015,0.986715826,1.063645574,1.081160399,1.088201883,1.005965732,1.078665335,1.090995276,0.997130263,0.912137319,0.985726194,0.848610256,1.023235813,,0.941996472,0.990907717,,0.980970086,1.068405833,1.089630676,0.903867765,1.043229842,0.953868974,1.018511204,,,1.009725126,0.97699942,1.106105647,0.993592002,0.836541781,0.998458914,1.040606427,1.055485991,0.954539506,1.031918655,1.106400914,0.968872931,0.868011998,1.082581574,0.916617805,0.964948991,0.995695857,1.006549111,1.024882606
Thr,Ratio of Enrichment,Replica 2,0.329451297,1.042066507,1.163617031,1.04347479,0.912621999,0.968014016,1.042780791,0.892763151,0.999075936,0.94197465,0.919843665,0.674868583,0.912812758,0.927720599,0.48210576,,0.341421075,1.018981655,0.96785049,1.043885421,1.008081824,0.963231712,0.80188526,1.103779073,1.03652231,0.797409468,1.104448374,,0.958748248,0.824741986,0.739742032,0.835514704,1.059420381,1.015853585,1.109451718,0.819911257,0.254336361,0.179818213,0.854740023,0.620922205,0.1844174,0.758791594,0.40225926,0.16456091,0.174132262,0.90257329,0.911338086,0.624120947,1.015724316,0.916073191,0.879093068,1.054997623,1.138848682,1.130532777,0.986012072,1.021812849,0.832342726,0.875916483,0.949932578,0.970016759,1.161917879,0.94882741,0.927690252,1.019121074,0.596314153,0.166234654,0.949335684,0.923730188,0.998205856,1.11094375,0.880215535,0.90355457,0.914784291,,0.59861561,0.782850266,1.110044191,0.971209338,1.078615247,,0.752633621,0.981038961,0.917497948,0.972319652,0.911150181,0.883686626,0.999655883,0.944148611,1.190495068,0.989055204,0.903784565,1.019838402,1.03071231,0.806989911,0.922852571,1.028185752,0.536318496,0.826986188,0.586606863,0.874574212,1.005576276,0.891822349,0.987177993,0.943068857,0.973639658,0.990803528,0.757403041,1.002281792,0.947506098,0.89235851,1.004677266,0.959528918,0.993512253,0.851614567,,0.937970036,0.186631717,1.00891125,0.812117345,0.978674048,0.739028083,0.762584745,0.851130527,1.177415076,0.95922729,0.609474039,0.896909358,0.908356892,1.157949738,1.017940802,,0.959727982,1.072933562,0.931096637,1.106738164,0.875706402,0.978482817,0.999927807,0.921604397,0.871719183,0.979951092,,0.855371501,0.633719339,0.94794479,1.005917864,0.964880012,1.032907089,0.965021745,0.911557116,0.937627975,0.968608864,0.878732362,0.855753284,0.677272121,0.943977517,0.178785468,,0.841937266,0.862256276,0.710207863,0.522011114,0.985455127,0.848396948,0.71746733,0.936729704,0.927670744,0.764154796,0.943847982,0.864673617,0.746055634,0.89791951,,0.957319697,1.010653727,0.825138808,1.088396878,1.038813416,1.107442019,0.790160395,0.950004533,0.883623072,0.809969178,0.844733382,0.994187998,0.88551198,0.981303125,0.920542429,,0.96048851,0.973106534,1.140437472,0.876504079,0.980398836,0.919019258,0.920905187,1.06604413,1.088078698,1.0428773,0.992441376,1.000535082,1.014414681,1.001899203,,0.952084688,0.986976229,0.894638368,1.079609545,0.91849807,1.240834759,0.990673467,0.925741676,1.018536251,1.014522234,1.107700703,1.057288456,0.981949283,0.968811926,1.051366978,1.002882798,1.1347178,1.038344043,1.043076884,0.934632304,1.031009682,1.050321698
Gln,Ratio of Enrichment,Replica 2,0.136799502,0.7473253,0.952760264,0.979419249,0.944472595,,0.49549094,1.190763142,0.454928118,,0.751556341,0.934649013,0.68449809,1.004932189,0.497350862,0.988095526,0.179818213,1.033595301,0.881257854,,1.057246258,1.084116135,0.923275831,,,0.120115723,0.871426725,0.880611723,0.741981281,0.695352203,0.311769738,1.019321424,1.00567053,0.996137149,1.00220811,0.920561896,0.94657808,0.881622241,0.672293319,0.876839476,0.441371977,0.381039344,0.216145125,0.216904195,0.167738421,0.296583286,0.150275243,0.638591953,0.924657636,0.876833694,0.702042114,0.43981511,0.305683287,0.730290247,0.981263459,0.253288372,0.772211507,0.854978266,0.864937764,1.085298149,0.797375712,1.007527515,0.926567255,0.971986665,0.88169109,0.214751764,1.083486469,1.066555355,0.137525689,0.965376355,0.867092466,0.885859722,0.894575289,0.95865984,0.440724567,1.280238097,0.916453991,0.854949259,0.931702542,0.960354646,1.251306163,0.960740946,1.010566559,1.107877637,0.809855713,0.91478381,0.838665071,0.964880012,1.053879811,0.265930937,0.959929296,1.085752086,1.020103669,1.103728522,1.022323502,0.903602591,0.662843235,1.043277355,0.520853724,0.77250071,0.580911169,1.033164194,1.030854714,0.920284073,0.467986981,0.996490524,0.974165145,0.945569364,0.863097901,0.742118693,0.853143953,0.863775237,0.904867779,0.947256633,0.990058615,0.717063029,0.254130657,0.161536634,0.141247887,0.154546176,0.126792248,0.64764772,0.32444527,0.918053141,0.793624796,0.435012299,0.849740517,1.00932069,0.939764848,,0.900631165,0.120067528,0.874126919,1.085899746,0.915191896,0.457048427,0.973902853,0.952974475,1.080213476,0.858507637,,1.068455238,0.767164584,0.970929417,0.807320953,0.924187975,0.894027994,0.970726376,0.943802902,0.95285926,0.807423437,0.995782206,,0.940380676,0.504188632,0.942452046,0.22966921,1.123244586,0.980500622,0.139482124,,1.417375081,,0.905677917,,0.993124826,1.037267924,1.205488045,0.905077431,0.773067012,0.948582261,1.022865861,0.840730212,0.829218973,0.988209718,0.884615277,0.933207322,,0.864782828,0.900056556,0.968636364,0.852205078,0.714292312,1.082659859,0.985191446,,0.887016204,0.774609108,0.972667757,0.834064264,1.171456733,0.92720429,,0.943848574,0.957309736,0.933008722,0.983769158,1.177804129,1.075308628,0.969237877,0.977053204,0.882381181,1.015434336,0.979957783,1.081122179,1.057928584,0.987105727,0.880077348,1.066771319,1.311895678,0.125851736,1.139712253,,1.171117429,0.126453376,0.102877662,1.041119462,,0.984663776,0.928112053,0.972618002,1.15863456,1.215534151,0.957685866,0.909369365,0.989880402
Asn,Ratio of Enrichment,Replica 2,0.082309134,,0.99525263,1.093209633,1.057049419,1.002943295,,0.910497339,0.532690318,1.072536676,1.197086239,0.889982904,0.430473904,0.995709806,0.500550343,0.945404867,0.208666055,,1.019872962,1.01882834,1.019414847,0.922656599,0.380454541,0.992660229,0.943095314,0.184661801,0.560984979,0.743356763,0.437653203,0.52345534,0.738794158,0.92984785,1.150841123,1.053214693,1.009236202,0.957154935,,0.829497143,0.905512562,0.291308599,0.158725167,0.849333327,0.26884103,0.183619867,0.336165283,0.451241931,0.384701995,0.451820646,0.940335543,0.743056845,0.382663001,0.443886917,0.623117579,,0.886996093,0.28322319,0.815773535,1.053418138,0.961446022,1.014740771,0.740069472,1.002851963,1.022747872,1.152303094,0.172904898,0.445881525,0.962529553,0.403318049,0.401794763,0.888483607,1.171818803,0.844683889,0.24118275,0.820960261,0.621510722,0.877522024,1.045003757,0.8210603,,0.908054876,1.153037351,0.616505484,0.990945996,0.206687986,0.844348482,1.118337354,1.070856616,0.850914795,0.79391586,0.2121454,0.853521587,0.97518506,0.987948408,0.852403917,0.714798422,0.44319969,0.663592883,0.899150777,0.678299558,0.997884708,0.913453939,1.032763262,0.900406804,1.010091351,0.804563058,0.939989714,0.888898746,0.955774067,1.043678451,1.000318059,1.054331862,1.096884903,1.062135822,1.004185469,0.716586311,0.309883709,0.302614257,0.120780918,0.128432305,0.436485495,0.139607487,0.687781172,0.226018267,0.847636792,0.553397051,0.800151416,1.205530294,1.021722055,1.446197353,0.885517995,0.914186231,0.250460099,1.068752713,0.99104839,0.803119117,0.407828998,0.803732623,,0.652637674,0.972122837,0.900705424,0.943050386,0.897556322,0.406420433,0.815304472,1.069017494,1.096410339,0.906157662,0.938349617,0.778594422,1.061604604,1.033221341,0.845765074,0.788250652,0.806526441,0.91396744,0.260693361,0.920605834,0.692119064,0.067972097,0.973151284,0.988209718,1.093080953,1.108443026,0.623892771,0.815055571,0.85601736,0.972888637,0.97289911,1.001544317,1.131775295,0.752150254,0.973368949,1.048641591,0.95647063,0.69294631,0.85917707,1.065422606,1.019967399,1.081782479,0.807246879,1.017573664,1.106913588,0.955138487,0.933006715,0.902826846,0.936142982,0.72671679,0.730961474,0.974711122,1.098541704,0.984200754,0.816671427,0.910814115,1.256047473,1.059004346,1.151151168,0.961417797,1.004414986,1.036943348,0.936633701,1.121952387,0.919596693,1.091756518,1.122557386,1.038116966,1.046998772,0.773514286,1.007479598,0.947388663,0.133105799,1.010744346,1.177371974,0.888981287,0.326714233,0.323963054,0.899305038,0.870842513,0.476293335,0.771129909,1.029945582,0.925349837,1.193868883,1.05045067,0.911306667,1.104102091
Asp,Ratio of Enrichment,Replica 2,0.1826007,0.868468379,0.86769242,1.048989371,0.98227578,,1.043029199,0.918204609,0.088642781,0.865294792,0.821945081,1.033472034,0.263586987,0.747496991,0.20683721,0.604281002,0.214337999,1.054905572,1.078807743,0.949744083,1.000874597,0.929134403,0.225590122,1.172652811,1.113280767,0.19696928,0.27998774,0.208320867,0.284952569,0.312355819,0.248446622,0.915279465,1.027128606,0.990756587,0.898633803,0.90866909,0.499427135,0.934359634,0.468121794,0.56010362,0.601118422,0.154506558,0.153662837,0.268776906,,0.265429883,0.139017987,0.15767882,0.935794024,0.255407251,0.318287853,0.258972642,0.670473701,1.034889943,1.039453687,0.201692763,0.386368759,1.09857524,0.891136595,0.757044362,1.10983092,1.115765361,0.958450785,,0.783108774,0.790246983,,0.225590122,0.253222011,1.113419844,0.530879106,0.327614005,0.967043759,1.08201316,0.250586716,1.259875175,0.819694305,0.937439415,0.94554991,1.027620978,0.050926109,0.838834749,1.13808711,,0.31154433,1.00401261,0.915233176,0.357923098,1.143996001,0.13808853,0.97038284,0.951955033,1.02492472,0.861237118,0.885956386,0.283905434,0.2170048,1.027239983,0.269808523,0.847277117,0.836555938,1.170078849,1.105285727,1.017943599,0.953741426,1.147458105,0.858443807,0.831793114,0.9752994,0.925140638,0.585871672,0.737019111,1.044732151,,1.497227605,0.355581701,0.499075868,0.205046675,0.164839366,0.321322819,0.376999757,1.290403371,0.194979461,0.394791359,0.531536087,,0.831793114,,1.05682594,0.957003853,0.86227103,0.466456531,1.201321629,0.805469578,0.3032793,0.162682189,0.885479973,0.919397655,0.324795406,0.434107412,1.009121543,0.842914582,0.868494293,0.223843801,,1.130158204,0.591580215,0.867101883,0.880247082,0.77978857,,0.882105308,0.867707064,0.735302966,,0.909078023,0.092843384,0.069810734,0.840413979,0.136862197,0.117312622,1.010354474,1.248836457,0.458091385,0.334356672,0.896128431,0.891656289,0.874130674,1.043470026,0.836033382,0.538548153,0.517633662,1.130601644,0.710492701,0.923234781,0.693094684,0.960596453,1.043212114,1.04389576,0.998995956,1.259130962,0.953190105,1.155121225,0.836177454,,0.907024073,0.697448171,1.024144617,1.013168448,0.968326223,1.099094549,0.232392175,1.192216679,1.004943279,1.137192095,0.921775451,0.93608437,1.191498574,1.155380697,0.986929239,0.666114409,0.875560309,0.961647585,1.063501887,1.009376191,0.898914748,0.884053282,0.149601045,0.58631233,0.757670623,0.25411107,1.013680437,1.07166163,1.057870679,0.182861434,0.26847316,1.029646108,1.341635372,0.108966091,0.562808963,1.056895016,1.04712153,0.956837981,1.009135442,0.959031583,0.959761795
Glu,Ratio of Enrichment,Replica 2,0.202452673,0.94082362,0.850131334,0.891678294,1.012290682,,0.978356153,1.13044953,0.376780956,0.982842014,1.08845599,0.837038769,0.257327438,0.978526833,0.289023651,0.83719173,0.209322753,1.157999666,1.082642654,0.972774023,,1.007967512,1.278628321,1.102041354,0.957918793,0.200121473,0.26089988,0.687439006,0.468792937,0.285803269,0.26661556,1.036384886,0.835930674,0.980857873,1.230794565,0.568544772,0.21348838,,0.860181213,1.100666223,,0.167652922,0.30167849,0.133277028,0.248914246,0.210072566,0.256104728,0.311298197,0.835892306,1.057777648,0.351561347,0.175265853,0.167599161,1.070493902,1.137317715,0.451411935,0.690714647,0.772908323,0.869520496,1.011185535,0.953581433,0.921693179,1.003368421,1.159884499,,0.55224803,0.938470366,0.277900875,0.167652922,0.788175158,0.545537285,0.840190582,0.599073512,1.053958425,0.38688161,0.891166899,0.971884586,0.846081585,0.80652345,1.325637579,0.156852416,0.851364717,,1.16451036,0.691132165,1.058533755,,0.774428072,,0.383643355,0.932849329,,0.628220988,1.297597258,0.838458568,0.666270464,0.606404012,0.929159202,0.166358623,,1.000726948,0.958542541,0.94114307,0.847656671,1.168656369,1.098915273,0.928358917,0.885995172,,1.057428947,1.511693572,0.849657127,0.564888071,1.169476289,0.728536038,0.419223729,,0.544653573,0.541325677,0.231811196,0.19379922,0.341472963,0.341228617,0.437964538,1.104669128,0.94776884,0.62704404,1.222374228,1.161194241,0.655099587,0.981313819,0.234756942,,1.109947104,0.293867028,0.222169258,0.764945813,0.946449298,0.461409765,0.56808389,0.973701334,0.812712555,1.028229376,0.436485495,0.843449874,,0.885956386,0.816028456,0.952899587,0.763367973,1.335631297,0.94756356,1.002479895,0.847718896,0.354244057,0.716688837,0.192314668,0.257205269,0.760202301,0.106153203,0.144399624,,0.745331754,0.712354789,0.720724381,0.505090362,0.958533751,0.758568603,0.957660846,1.046471516,1.248836457,0.357437558,1.05047055,0.350655061,0.99184507,0.911021703,1.261195828,1.221509397,1.024857872,1.111664489,0.925286977,,0.885777349,1.11112359,0.979535505,0.938742154,,0.777570912,0.737677677,0.872177266,0.952165595,0.795497619,0.907177787,1.111002695,1.076173608,1.260033154,0.961239389,1.108870245,,1.031793272,1.065065979,1.066513574,0.922996028,0.991109288,0.91411902,1.159451835,0.953604682,0.589759338,0.156643811,1.182202296,0.18424249,,0.932264059,1.078410875,0.143671451,0.120368402,,1.036611827,0.585091964,0.877613502,1.26967577,1.151266467,1.14082898,,0.960029348,
His,Ratio of Enrichment,Replica 2,0.198875272,0.884019261,1.021730719,0.950386186,1.014337004,,1.149570324,0.931691471,0.488078007,1.088777124,1.079566668,0.755673458,0.190485814,1.01414884,0.993007067,1.091008832,0.731260733,1.165737157,,1.115971047,0.941441434,1.033795334,0.343289316,1.099421048,1.023060843,0.220364757,0.982517697,0.616473435,,0.947116474,0.281909361,1.088740508,1.047387413,1.000814508,1.000337683,,0.939777206,0.360786223,0.850760478,0.944898415,0.176846011,1.033900714,0.274742013,0.099172469,0.23842725,0.270551011,0.240862667,0.751760147,0.93531217,0.986477236,0.671286173,0.533359106,0.363447928,0.932271646,0.905480165,0.172207427,0.933734534,,0.954038238,1.019783561,0.471835096,0.909053682,1.094109223,0.921005029,0.269198097,0.566634172,0.891616907,0.550826542,0.829473521,1.031862366,0.79180802,0.935631664,0.140096263,0.868556215,0.241426975,0.942698862,0.787058022,0.828997171,1.093883813,0.973310856,0.947520852,1.248439034,1.037338435,,0.471872572,1.038530043,1.008439374,3.012939502,0.877484621,0.422294966,1.109666858,1.017551211,0.862040136,0.853667258,0.906374332,0.930075444,0.799305571,0.955966092,0.398024427,0.908735855,0.956462186,0.700474383,0.881994432,0.95681768,0.989246029,0.884327416,1.070173493,0.783102785,0.924829138,1.002185269,0.981554473,0.709147654,0.985320287,0.791369523,0.870254007,0.573872769,0.173171945,0.143091683,0.197113998,0.184343339,0.170778017,0.258673234,0.28633473,1.055297829,0.597096302,0.210900891,0.29232041,0.840100661,0.931232032,0.954964341,1.288248178,0.11919181,0.814033394,0.982779165,1.058625644,0.214505611,0.880885481,0.978014263,0.86136798,0.934556415,1.036236227,0.989292402,0.95959586,0.486008424,0.863453549,1.013119736,0.854949259,0.962066115,1.056930337,0.814480997,0.924831831,1.121391621,1.227031717,0.84960368,0.897058765,0.940659597,0.153019487,0.117886579,0.935557852,0.071571335,0.755879597,2.682283521,1.09827666,0.768607559,0.812158911,0.923423433,1.038177069,,0.805323033,0.972795376,1.014728369,0.894519406,1.035424078,0.931633844,0.89310382,0.891799014,1.080417947,0.893427023,0.888100939,1.223340363,0.961026249,1.02929003,0.594598037,,1.020387927,1.0526538,1.078919893,1.175781992,1.411025816,1.07844389,,0.853831315,1.076783647,1.056578469,1.04528418,0.915640883,1.0657772,1.286303714,1.117298849,1.079532193,0.972947792,1.064498093,0.95604376,0.985819491,1.054495914,1.090356094,1.002313439,1.052843056,1.096490724,1.101147972,0.158958369,1.127157394,0.994440794,0.979239584,0.120691786,0.132542164,0.9223163,0.80988616,0.980111851,1.279483277,1.030252114,1.159444889,0.861984611,0.912427255,0.976215026,0.937755055
Arg,Ratio of Enrichment,Replica 2,0.173300394,0.584781401,1.150828834,0.878730592,0.975503957,,0.825872604,,0.073583449,0.918798555,,0.81291046,0.215563894,0.893464113,0.878955444,0.951981209,0.218711338,1.025280927,1.013661356,1.094701679,1.106617085,1.008682411,0.908983162,1.040735932,1.036905449,0.18102101,0.699514171,0.834196494,0.820674332,,0.602110973,1.07488528,1.008953336,1.064146062,1.039549432,0.761524648,0.570691155,0.16330925,,0.197555767,0.17442208,0.160898715,0.134140163,0.217327861,0.161360463,0.154605742,0.184655166,0.22574816,0.313496949,0.441841272,0.202237107,0.196955332,0.164807659,0.928849752,0.888601925,0.208706241,0.796190308,1.020930952,,1.002095894,0.969070345,,0.929935652,1.047407506,0.18849219,0.182025418,0.924105194,0.189891567,0.425520234,,0.558371362,,0.168568589,0.836270233,0.229520988,0.143235417,,0.778029533,1.050034948,0.885799391,0.241155523,1.043073501,1.08991008,1.122516921,0.163431492,,0.886867039,0.705043687,1.001402083,0.17886679,0.952853134,0.985859228,0.857424303,0.307171539,,0.976485551,0.630207589,1.114932338,0.570578361,0.840798994,0.99801368,1.090152523,0.895024446,0.828019383,0.930403325,0.884711353,,,0.938964115,0.937730753,1.063266339,0.787485515,0.849606991,0.926360927,0.13711744,0.161888334,0.158057985,0.273487395,0.19006769,0.131093661,0.228696165,0.304480506,0.134230444,0.809611964,1.000257542,0.142705738,1.108148422,0.740834442,1.043812549,1.106595621,0.862375682,0.201348008,0.964567602,0.928777788,0.965122429,0.192539652,0.890216131,0.920360099,0.801842051,0.199723026,0.99173388,0.956993983,,0.616505484,0.971258669,0.956866041,0.666832463,1.022061726,0.898944729,0.849200828,0.917582437,0.943454724,1.006038662,0.938807809,0.236636384,0.961457132,0.479511045,0.290649917,,0.106110287,0.358894382,0.09993132,0.955286022,0.875704178,0.661400205,1.025176415,,0.983133842,0.997400867,0.926158471,0.925069133,0.199791288,1.142026822,0.904856121,0.924134546,0.925781538,0.930400078,0.956337573,0.982380948,,0.901032068,0.985996482,1.003442238,1.027534853,0.947702173,1.053725393,1.058148545,0.975834708,1.005762289,1.407912687,0.960438016,0.309806647,1.072170894,0.944373084,1.061839074,1.028096348,1.002077911,0.912521795,1.000679828,1.04503967,0.974352264,0.977502464,0.883555444,1.01115233,0.731069734,1.069624929,1.071641581,,,1.14087534,0.136513648,0.493677063,1.056422069,0.989308339,0.175203176,0.112744424,0.973215091,1.428261922,0.792204056,0.882098566,1.13260415,1.113725421,1.0395061,0.959961375,0.962596211,0.949427592
K,Ratio of Enrichment,Replica 2,0.323213917,0.308011454,1.055683536,1.001032375,1.023073002,,1.10292037,1.121987512,0.994658787,1.035221387,0.809762594,,0.186964491,1.154740398,0.595366494,1.278734402,0.222128381,0.984487251,1.062913718,1.008749082,1.054411926,0.849740684,0.716937551,1.11831608,0.932374813,0.142557761,0.408677757,1.002294508,0.576129026,0.883156067,0.288047357,1.157306113,0.847773554,0.94586895,,0.869430329,0.709908973,0.359790161,0.986679285,0.738307158,0.455902742,0.281195641,0.158022066,0.119100375,0.132403035,0.208224667,0.111737307,0.203869134,0.216396895,0.5508596,0.233562137,0.297517407,0.15043015,1.100401708,0.885115392,0.204278334,0.185630519,0.859269412,0.951304223,0.949438076,1.046613767,0.922561618,0.79875363,1.032764903,0.387142641,0.118789001,0.965650642,0.9586672,0.145924205,0.976018643,0.702629866,0.850699619,0.14910546,1.024397201,0.223735823,0.192527395,0.91300756,1.03222519,1.143929911,0.928732953,0.105864578,0.042090736,1.007051581,0.910238643,0.192749792,0.949383593,0.996881824,0.658855337,1.064382286,0.153850456,0.773078306,0.959586136,0.957856482,0.23196484,0.773492207,0.874026572,0.388991644,0.905870978,0.375274103,0.969469216,0.712106532,,0.880468964,0.96106542,0.886892785,1.012601595,1.015821089,0.830649756,1.08073606,1.033125908,0.97332635,0.722054794,0.971217484,0.6469502,0.087651317,0.174007295,0.143408345,0.140566588,0.218416423,0.185930225,0.224858358,0.144360788,0.082524356,0.995933622,0.796831582,0.150435127,0.886013702,1.014637726,0.81660685,0.977469313,0.707977702,0.123301097,0.973310856,,0.991140454,0.148470599,1.063248589,0.931238014,0.693487122,0.226852667,0.974919187,0.838247946,0.769023121,0.398902934,0.914284993,0.991364967,1.189156081,1.105992251,0.896051809,0.763457249,1.047150557,,1.065564686,,0.179241891,0.855958603,,0.090892088,0.943438799,0.101995672,0.715381353,0.793488591,0.506877638,0.497935129,0.359891266,0.933277166,0.996969845,1.125016365,0.934183515,0.896362343,1.003856076,0.228048396,0.909696494,1.402717138,0.895700568,0.976363048,0.893832347,0.943440326,0.916839983,0.935791119,0.9890893,1.187079251,1.08260587,0.984328678,0.950590033,0.983806667,0.976876473,1.00703276,0.778092037,0.205973454,0.885910575,0.193969155,1.150003283,0.86516415,1.499810354,1.004128315,0.929247896,0.961664402,1.03197596,1.069192574,0.851338566,1.109415164,0.955079845,1.10777239,1.321003275,0.88285687,0.990314158,1.120927539,0.931390937,,0.09060345,1.203330201,0.933629893,1.050737431,0.112131552,0.373323671,1.081851989,1.199556157,0.739131395,1.066098169,,,0.920676666,0.996507222,0.993952867,0.893876142
STOP,Ratio of Enrichment,Replica 2,0.168112875,0.203573564,0.161468097,0.136091375,0.144625371,,0.204203405,0.219051278,0.290066166,0.412565718,0.179201341,0.47844259,0.182620575,0.18903966,0.208787776,0.189551607,0.262515359,0.175773567,0.150901412,0.287684056,0.42442534,0.224207927,0.486640898,0.444529363,0.348922781,0.183471199,0.403927315,0.137703624,0.208002886,0.186701207,0.137033184,0.241195839,0.226564391,0.244409234,0.415943139,0.142900337,0.27998774,0.218700787,0.216795063,0.532264624,0.19292749,0.195125912,0.203325628,0.115833818,0.140863397,0.167243513,0.162721235,0.165889314,0.18171142,0.527296989,0.173279369,0.146420891,0.192697754,0.206656752,0.128688934,0.135924867,0.57214886,0.154376165,0.159898555,0.33437271,0.148023833,0.154295628,0.169978205,0.199660223,0.196346288,0.099568763,0.195261015,0.230238216,0.210668144,0.111175845,0.189649342,0.26350342,0.282260104,0.194106798,0.104793581,0.159568475,0.247968513,0.142761655,0.178457432,0.08166696,0.197113998,0.179033565,0.600848202,0.151892656,0.190410472,0.2709269,0.503729256,,0.420686989,0.214503754,0.21273739,0.357850563,0.221705469,0.200649815,0.173242428,0.242187204,0.109265131,0.173498478,0.199161732,0.38191133,0.156714645,0.456630458,0.197309064,0.196049926,0.340639085,0.160843972,0.220902434,0.207775707,0.410554766,0.257547794,0.207480979,0.173644402,0.127728531,0.147976455,0.206445038,0.18874563,0.228062548,0.197673187,0.395777373,0.265677204,0.162349981,0.179033565,0.122935208,0.226614502,0.26873316,0.177239221,0.172819152,0.401613241,0.168787216,0.44409695,0.138918025,0.148323482,0.243139526,0.300645854,0.45684241,0.199053381,0.113465112,0.187218638,0.392859581,0.488314125,0.442981391,0.163465429,0.195387644,0.322378574,0.179210362,0.378234254,0.177573811,0.169166363,0.219170884,0.113050335,0.193398599,0.331494689,0.338939142,0.24092367,0.091722452,0.10129349,0.21609949,0.068569654,0.104847648,0.302002608,0.436727603,0.568969232,0.97869245,0.655294717,0.488260125,0.142651066,0.10980108,0.246231657,0.104345126,0.131265953,0.241359977,0.151827369,0.171974159,0.290715564,0.132959126,0.170380986,0.120450202,0.921980495,0.222370254,0.095003091,0.144680216,0.500204919,0.09060345,0.142177606,0.189028009,0.412391529,0.208496107,0.118124194,0.092069228,0.161230157,0.102015393,0.253930658,0.505655362,0.112788864,0.085629414,0.216049007,0.104654927,0.241562376,0.22934391,0.185508082,0.097511121,0.125399318,0.169658727,0.127105775,0.088327377,0.310713694,0.159887369,0.108885117,0.103855314,0.405496389,0.079288842,0.146072524,0.337133442,0.164824807,0.104122937,0.098284873,0.257533442,0.869327346,0.131171473,0.195515491,0.477232986,0.451473464,0.458091385,1.089142306,0.974448111,0.954663702
Trp,99% Confidence ,Replica 2,0.305234338,0.166822695,0.08593364,0.132322601,0.063994626,,0.162422247,0.076370436,0.170516973,0.195282028,0.18643383,0.510849811,0.162358364,0.176491787,0.090962291,0.069838189,0.176748745,0.132868564,0.106847751,0.083180432,0.18899924,0.295301132,0.180086238,0.100648626,0.114842735,0.398461486,0.469523463,0.388566431,0.293506376,0.212540201,0.226251575,0.099078602,0.087327392,0.090755287,0.109012588,0.272729562,0.15231536,0.208642453,0.26044158,0.137104894,0.290068814,0.105757937,0.481892652,0.639507584,0.222068451,0.295035061,0.87137792,0.510064095,0.238806323,0.116810095,0.370736179,0.386174805,0.250562085,0.185556762,0.092976411,0.422839289,0.154357101,0.081466405,0.183956526,0.135831531,1.394798005,0.128255355,0.612667119,0.095631885,0.22738575,0.270013686,0.128497695,0.412178123,0.374618159,0.130486223,0.326790053,0.304642729,0.391866789,0.27840139,1.152601455,0.192266136,0.237380908,0.118273255,0.169405749,0.301805535,,0.10168,,0.898602264,0.25016331,0.166292355,0.567887064,,0.200579382,0.26160714,0.103574279,0.097714513,0.093747806,0.588704,0.106443513,0.116448127,0.117360406,0.079941483,0.119394356,0.099326625,0.076189221,0.100087213,0.099216197,0.065062776,0.150403644,0.116942929,0.09338125,0.308706871,0.10098371,0.102986847,0.222444996,0.108370778,0.101280211,0.285230075,0.507175427,0.083742558,0.322948394,,0.236569681,0.384805872,0.241653828,0.360022555,0.1696729,0.301200695,0.103676297,0.284766401,0.690850478,0.512552185,0.049827529,0.130386775,0.533645842,0.163070856,0.144458273,0.0864417,0.092553001,0.280703747,0.153816795,0.085016772,,0.09585223,0.063031764,0.130039697,0.072586988,0.083403835,0.148534333,0.069979341,,0.079735853,0.101502352,0.095828064,0.096673688,0.136928489,0.144718794,0.13109936,0.529708788,0.082612794,0.223003379,1.370805618,0.143034016,0.552522865,0.322218918,0.457971738,,0.187193469,0.173634661,0.128496765,0.154994655,0.426191932,0.114815301,0.407644087,,0.573603309,0.166385235,0.227891273,0.440390415,0.512578887,0.289839197,0.480387977,0.113519524,0.286216425,0.179706398,0.199607551,0.557036372,0.086324568,0.117693343,0.204071504,0.080951316,0.138522213,0.42314559,1.222476474,0.253248012,0.328364371,0.116053744,0.183861354,0.147146665,0.099445331,0.11717475,0.289203613,0.130652173,0.111177628,0.339455014,0.18253029,0.107748003,0.126833703,0.1941818,0.18311683,0.131553523,0.314257048,0.192521862,0.288986674,0.572145925,0.368397878,0.088705881,0.09268515,0.322848868,0.295677733,0.261382169,,0.095533734,0.101255917,0.111889823,0.350449919,0.136879187,0.122801016,0.052620623,0.209759474
Phe,99% Confidence ,Replica 2,0.129722689,0.074538048,0.041858463,0.041096518,0.023966301,0.389103105,0.068003998,0.068381547,0.094712052,0.07704235,0.116906286,0.120478712,0.078747441,0.114998979,0.036877367,0.030663201,,0.073994638,0.05021059,0.047856807,0.06797247,0.09224025,0.104305292,0.068792939,0.081651119,0.258651646,0.098369507,0.222585822,0.122341849,0.091955605,0.13227592,0.033928646,0.034684851,0.030680555,0.031329102,0.144376118,0.089651675,0.108231815,0.168325778,0.045755571,0.17366844,,0.110592399,0.666268243,0.109914119,0.136223847,0.117442793,0.065497412,0.12393092,0.045525166,0.071375163,0.144936657,0.086376596,0.142447381,0.05392981,0.123543944,0.067329241,0.062320116,0.057671401,,0.112303006,0.044289178,0.062591076,0.088924581,0.147751231,0.381361618,0.055338598,0.08220437,0.151571526,0.055036527,0.118467274,0.189009376,0.145805343,0.076197212,0.300271582,0.178686978,0.166904289,0.070782776,0.061364283,0.063719932,0.441063232,0.126777095,0.23210609,0.6743857,0.146329637,0.128555477,0.059351716,,0.102920892,0.072998419,0.061925766,0.038106136,0.064856002,0.067943229,0.050763325,0.079006263,0.097159782,0.043037412,0.098478699,0.030434607,0.042369367,0.042363789,0.109704203,0.042850931,0.039666998,,0.039147161,0.058685246,0.034571119,0.045623865,0.069753693,0.078157021,0.088243074,0.135821142,0.132137672,0.036520035,0.147130144,0.1589602,0.053094892,0.101968765,0.248350695,0.06910707,0.047753673,,0.078891491,0.094384773,0.290520317,0.063743083,0.045305779,0.031260856,0.21554737,0.118118531,0.070477138,0.040094272,0.056742345,0.134550074,0.051064781,0.03104585,0.032616103,0.049017191,0.033321688,0.04871497,0.048512011,0.040229634,0.055147036,0.033471889,0.12503472,0.044306589,0.058822779,0.108921339,0.051412725,0.078908343,0.067367457,0.116690214,0.215417049,0.065796958,0.200103139,0.511034539,0.128115674,0.063987379,0.239528314,0.288507261,0.401781637,0.169221657,0.474661504,0.077959284,0.057583587,0.102474192,0.054818849,0.106962443,0.183721259,0.317689683,0.093760151,0.049395606,0.056364515,0.310071206,0.114035139,0.107703403,0.077092411,0.107156319,0.078337638,0.126765588,0.214140655,0.099251952,0.038498849,0.060486276,0.049659344,,0.083148266,0.064952189,0.081271426,0.046086679,0.06528077,0.058300962,0.079890611,0.039644165,0.042597092,0.109272075,0.041787414,0.172798228,0.255834723,0.112299299,0.046118988,0.044014669,0.098633332,0.044474385,0.070720654,0.062569103,0.069629051,0.06909223,0.295427834,0.15158618,0.051517045,0.110315913,0.201508052,0.160782711,0.079457648,0.329524104,0.06886383,0.127089569,0.057373672,0.090168427,0.553236256,0.076600978,0.048724205,0.109853169
Tyr,99% Confidence ,Replica 2,0.221787999,0.080569356,0.050439939,0.054547476,0.035627422,,0.063213789,0.069186586,0.152204165,0.102145133,0.092518144,0.130635949,0.142089387,0.082676496,,0.044846722,0.08405096,0.075406713,0.061808926,0.07229401,0.042278207,0.072525879,0.125954988,0.052783709,0.074441426,0.219982484,0.360606763,0.260823167,0.148254116,0.17738881,0.294520118,0.067404957,0.051300625,0.052290506,0.062211329,0.129392485,0.096229482,0.09462969,0.140171415,0.091936001,0.30271193,0.075490156,0.230793747,0.291301377,0.113657393,0.154935522,0.17825277,0.156617082,0.071253906,,0.195188406,0.287608273,0.177202707,0.074911061,0.070025808,0.119782057,,0.071573912,0.087545743,0.066717081,0.130650289,0.068293872,0.143521059,0.076553325,0.178947023,0.194614794,0.06556813,0.087380042,0.166077411,0.089620287,0.098073838,0.217936155,0.216102392,0.063802879,0.299355572,0.1231575,0.177939419,0.122885294,0.063602526,0.14971009,0.556921195,0.06574367,0.085082842,0.293855852,0.124722164,0.26804838,0.078791613,0.280614608,0.104950002,0.156942664,0.084567923,0.043484209,0.041719235,0.121039677,0.059027731,0.115377737,0.075449233,0.050517636,0.124653492,0.051683552,0.055237774,0.05146259,0.066224518,0.044507172,0.059603981,0.052930408,0.048687961,0.138305017,0.06267217,0.04386814,0.074004695,0.086427367,0.160965254,0.11048434,0.14728889,0.069330352,0.21383941,0.250717158,0.091249969,0.226401186,0.146978356,0.114663287,0.106903536,0.068994582,0.094286941,0.145129408,0.229269063,0.1472394,0.069330733,0.067331651,0.185307217,0.126603611,0.071264888,0.062400478,0.058241568,0.137626009,0.053158119,0.037183545,0.069717482,,0.03948318,0.056421977,0.060594315,0.069924809,0.062140554,0.044090869,0.238692232,0.053841837,0.074633641,0.107590009,0.064311526,0.135177557,0.077060697,0.099558742,0.136884107,0.068451647,0.147462509,0.415938586,0.094689474,0.144946172,0.317151471,0.281535766,,0.162217643,0.369604153,0.072612875,0.085228244,0.1038338,0.08338773,0.080679864,0.11737384,0.229923471,0.085190631,,0.102416683,0.350449919,0.078048355,0.093319756,0.055496358,0.104974304,0.067839347,0.105695359,0.13521102,0.092712374,0.061577904,0.092587015,0.064966829,0.067967865,0.169670554,0.099843368,0.083274029,0.111610539,0.09901862,0.067005285,0.094465502,0.068553462,0.053728715,0.120703687,0.058870393,0.108517003,0.11818373,0.106071061,0.056461671,0.07813687,0.083053539,0.062012756,0.044983331,0.075651141,0.141690984,0.159740615,0.261229179,0.171440785,0.065105599,0.075743411,0.183857826,0.149016573,0.073722852,0.148842575,0.06555231,0.133346742,0.045740572,0.091868488,0.139639334,0.057816644,0.034673451,0.073179902
Pro,99% Confidence ,Replica 2,0.12121078,0.050041939,,0.071199036,0.030585327,,0.054479287,0.068932093,0.140802718,0.080065283,0.089396019,0.138840889,0.077703757,0.057201193,0.122271102,0.057969867,0.149832439,0.142290858,0.091333594,0.040168939,0.031008777,0.0694147,0.138428266,0.059855502,0.117590522,0.11205811,0.290403735,0.111585916,0.080520318,0.036842699,0.152021661,0.082393779,0.0400148,0.03765926,0.0366247,0.059573324,0.1334222,0.077032783,0.08113007,0.154418254,0.128465731,0.097285827,0.099677989,0.132088776,0.107830164,0.127416938,0.099007605,0.098430049,0.081568753,0.107691567,0.101230221,0.127910582,0.086392315,0.155493397,0.105032939,0.085345749,0.214870042,0.09294344,0.117269478,0.090984805,,0.045772816,0.129973238,0.045290023,0.044397025,0.110948967,0.06268313,0.161015908,0.110423891,0.076758428,0.154053725,0.125925624,0.18085163,0.132193077,0.139460856,0.135472644,0.116284769,0.281642373,0.051765311,0.095880421,0.130721261,0.272054319,0.173726825,0.202674542,0.105847564,0.191144877,0.072536725,0.372898402,0.086598832,0.142880833,0.040954498,0.03052117,0.043685215,0.169298173,0.060422947,0.052244496,0.05217378,,0.051248284,0.044232838,0.043986335,0.052151107,0.049940769,0.03665472,0.033352482,0.030668179,0.039723122,0.038846928,0.033402534,0.029267179,0.046020679,0.061464078,0.062436595,0.14017948,0.102599664,0.108382936,0.134008178,0.136551372,0.11294735,0.09016015,0.119515411,0.123180801,0.096360195,0.142335969,0.096293376,0.080477769,0.170988733,0.116676067,0.04437612,0.058845782,0.097328298,0.097014641,0.109714762,0.035493535,0.089907314,0.099922608,0.122270861,0.051905922,0.071663742,0.083793363,0.053334429,0.041753926,0.034911568,0.098890982,0.04024496,0.038410637,0.146220552,0.042112567,,0.117769795,0.053967948,0.056990433,0.088995399,0.092422547,0.172186673,,0.122349247,0.12638424,0.109328816,0.133467973,0.127467345,0.152487032,0.230379245,0.239606862,0.120013882,0.054806925,0.063457217,0.072683312,0.095098756,,0.085896248,,0.055729907,0.084137434,0.058870492,0.097993801,0.067819389,0.07212955,0.057297928,0.053475829,0.05341956,0.084279229,0.08741242,0.067657499,0.046890369,0.109821287,0.045319998,0.084397793,0.265772509,0.151710156,0.13210466,0.057646673,0.048855132,0.038137783,0.049202526,0.05000351,0.049205529,0.072993251,0.056257483,,0.07233489,0.049730542,0.098656645,0.046261846,0.116197033,0.03887424,0.035889652,0.106389058,0.063879235,0.068134632,0.142030266,0.127556894,0.082157512,0.084552532,0.094789544,0.121967366,0.190665379,0.176396693,0.081261237,0.126497545,0.038278937,0.065616354,0.068142224,0.031874735,0.025236499,0.047455639
Met,99% Confidence ,Replica 2,,0.155135127,0.064709145,0.071907272,0.060897894,0.461718931,0.127342929,0.187262681,0.107031876,0.143272193,0.12667686,0.093095074,0.094723999,0.077961042,0.186976788,0.079689673,0.116618395,0.100605284,0.07566709,0.074987593,0.061360844,0.069544308,0.120476761,0.058371597,0.044555702,0.129748871,0.1798841,0.130442943,0.186824488,0.116975634,0.132003934,0.086689637,0.079351022,0.07086441,0.068294363,0.102096939,0.140609504,0.118787766,0.086230337,0.074568164,0.304088974,0.064821366,0.127815689,0.358388649,0.181577388,0.401934525,0.128796217,0.165662035,0.103250942,0.069415134,0.126077378,0.076734949,0.184123714,0.092597977,0.070230016,0.078631266,0.121152291,0.078780398,0.084672381,0.07213123,0.139179661,0.076883887,0.106280159,0.090431814,0.127718856,0.15621905,0.099138764,,0.285930889,0.143250194,,0.09569573,0.196960293,0.100602888,0.080020869,0.310561769,0.144385509,0.105438387,0.169159081,0.071977351,0.171627696,0.102995929,0.232847637,0.120355108,0.11174058,0.132597344,0.129837294,0.154215884,0.085020598,0.082524502,0.078519044,0.070220561,0.063144801,0.070151142,0.070797989,0.056970056,0.103022578,0.063413296,0.072683448,0.090145916,0.05513644,0.115367012,0.054722773,0.059106408,0.064185846,0.055918202,0.060604359,0.144955856,0.077297178,0.119405627,0.077515254,0.153954207,0.057570028,0.24168089,0.093957456,0.048474708,0.164869153,0.417361665,0.090795219,0.132767477,0.260445504,0.107323456,0.086729691,0.08531006,0.079213791,0.135570508,0.398015344,0.172390061,0.074537566,0.084381681,0.052813491,0.102792878,0.136469732,0.059522775,0.057543563,0.077972912,0.169561667,0.074224473,0.076048165,0.055949299,0.065126021,0.062883139,0.093142344,0.050979918,0.064801074,0.067538738,0.06730945,0.068797661,0.062195586,0.077112187,0.098456368,0.096518728,0.091536056,0.099492755,0.232521397,0.087676541,0.208788128,0.094783221,0.130496006,0.080504228,0.102491772,0.32746378,0.2984529,0.148070913,0.196726699,0.057623818,0.110923876,0.204024259,0.087030856,0.076052519,0.099831872,0.13131324,0.121122664,0.158484693,0.089282256,0.165688447,0.181853111,0.13822121,0.099774573,0.162623607,0.104863714,0.080746835,0.076192688,0.087646089,0.073389154,0.092846101,0.069118909,0.080602245,0.183207138,0.121168477,0.132983178,0.100445552,0.106981956,0.058887159,0.100052009,0.069289205,0.069212226,0.156238176,0.092223635,0.068568838,0.067899157,0.072474419,0.100263598,0.053664263,0.119169436,0.068347194,0.072341643,0.069420399,0.195994223,0.109588305,0.199369015,0.099649151,0.056509907,0.077060697,0.162660223,0.243947742,0.130923159,0.113402881,0.056067483,0.167749326,0.059400147,0.082277495,0.116170249,0.061443254,0.045539285,0.12804374
Ile,99% Confidence ,Replica 2,0.063080697,0.068097569,0.032559945,,0.022535504,,0.057103724,0.059744863,0.07248086,0.056186178,0.05466808,0.053120238,0.043582309,0.078794642,0.069921483,0.03256993,0.116574695,0.05172144,0.04558684,0.054574491,0.030733131,0.034561452,0.048818472,0.038325275,0.039146421,0.079069839,0.063128644,0.076731125,0.116220994,0.045975381,0.126238034,0.045937641,0.036511639,0.033693812,0.036547011,0.099818683,0.135627015,0.088127302,0.037146997,0.055149426,0.127513177,0.074613947,0.053856159,0.217278352,0.094798549,0.151970836,,0.057474567,0.078159695,0.055600709,0.040722881,,0.111184286,0.065315839,0.053547454,0.039268438,0.086747485,0.056408251,0.057991805,0.048481978,0.084057103,0.042074384,0.063023393,0.097198559,0.115557433,0.107276611,0.044539354,0.068739904,0.108201511,0.107774552,0.048215112,0.103532419,0.119838278,0.054566641,0.070485791,0.055705541,0.172850574,0.085684437,0.05075472,0.082063533,0.074412759,0.115686905,0.055480549,0.069467858,0.122917137,0.053644757,0.056181244,0.076210831,0.081227606,0.045045218,0.056096103,0.030289581,0.033751108,0.036184168,0.038745864,0.050504078,0.048294385,0.032025053,0.069613293,0.027697424,0.031824374,0.03632663,0.032539504,0.045550424,0.034403545,0.03643892,0.03791228,0.047925015,0.038245107,0.041459489,,0.047070538,0.047784363,0.106057061,0.052552839,0.034126786,0.122592717,0.13120384,0.033781315,,0.158288006,0.088685402,0.027415674,0.06456111,0.039322942,0.097158291,0.092723543,0.107570907,,0.047959272,0.047573825,0.033696654,0.078592662,0.029108313,0.034096907,,0.0338045,0.027077483,0.030637656,0.042388282,0.035390237,0.03567709,0.046002952,0.03366681,0.036980779,0.034422621,,0.043434132,0.044317091,0.053805697,0.043617636,0.072191055,0.063389711,0.054138301,0.125049488,0.068422338,0.105999773,0.153402567,0.061892934,0.047508013,0.12549717,0.15772509,0.13405889,0.087864671,0.229174945,0.046797863,0.054879589,0.088913271,0.04863473,0.049242138,0.083916459,0.078731553,0.043353796,0.080384569,0.061848894,0.089737253,0.063308002,0.081951539,0.04255366,0.069877872,0.062049367,0.053323917,0.086136269,0.061044848,0.035432934,0.062390285,0.035601188,0.052667314,0.097557917,,0.058363296,0.046711634,0.042901073,0.033495553,0.059549423,0.036600638,0.035252514,0.074964684,0.04040271,0.050074934,0.051138193,0.079659818,0.050466628,0.034816286,0.133462578,0.042048537,0.046066553,0.038268781,0.068997271,0.068994272,0.121291548,0.152843092,0.042616405,0.038203562,0.058399626,0.161186391,0.060734916,0.069824447,0.040588321,0.066296765,0.043680688,0.047046163,0.080262482,0.037720245,0.027109378,0.052274991
Leu,99% Confidence ,Replica 2,0.056130355,0.043495114,0.024892502,0.026869378,0.016836639,1.208014685,0.037104295,0.049576516,,0.04127396,0.066866893,0.046232251,,0.038822207,0.042206704,0.021654485,0.044519596,0.038184811,0.028026543,0.028158977,0.028837058,,,0.0320044,0.02959975,0.061336851,,0.080412146,0.06406662,0.032214267,0.075004086,0.022668894,0.022589686,0.022680635,0.022344846,0.09685885,0.052294332,0.049489081,0.034010758,,0.082710912,0.057512346,,0.147286634,0.06605859,0.092761661,0.031381465,,0.058863267,0.026726218,0.030339011,0.044195568,0.056013006,0.040253394,0.034409272,,0.04396654,0.028036539,0.028770063,0.034829403,0.054210432,0.027270339,0.031870712,0.039635137,0.06562066,0.137937136,0.030981145,0.038796589,0.088969835,0.074704113,0.040044908,0.056983387,0.090324805,0.034505472,,0.15508501,0.098847602,0.045391687,0.032330824,0.040715526,,0.048693373,0.109046319,,0.134761041,0.057185467,0.036279632,0.100107986,0.041505389,,0.040458594,0.020458815,0.03663971,,0.027253336,,0.040501954,0.024318102,0.04936513,0.023835201,,0.024163307,0.038783991,0.021572318,0.022134737,0.022139604,0.021420995,0.025025955,0.02020299,0.04007563,0.032128297,,0.03502251,0.041416665,0.032557052,0.021670991,0.06865204,0.123151646,,0.039037671,0.079730674,0.063658966,0.017523393,0.038414079,,0.055138447,0.100013503,0.073671138,0.026298816,0.030300941,0.066115842,0.03637399,0.064191702,0.024102049,,0.024409957,,0.018507892,0.019355267,0.028144831,0.020854514,0.02979407,0.024769815,,0.03107148,0.021928439,0.070077778,0.025888829,0.026910628,0.040189987,0.030549477,0.041237683,0.068827017,0.055765535,0.124965799,0.035752082,0.117362515,0.226689746,0.046250837,,0.085045374,0.180960618,0.142379773,,0.063839134,0.04168779,0.033477409,0.051324034,,0.038751927,,0.067791495,0.0293323,0.043094922,,0.066967984,0.052960968,0.043408408,0.036760136,0.05117807,0.038115135,0.041063256,0.112549489,0.045603556,0.024240996,0.03702665,0.027707432,0.043286242,0.060583195,0.034826647,0.034753894,0.031744118,0.025910955,0.030320194,0.037006339,0.025238014,,0.05552745,0.026132305,0.046295878,0.04887912,0.04266122,0.031077475,0.024114337,0.094514768,0.026845612,0.036980761,0.027853442,0.032729399,0.040650315,0.126201337,0.083424671,0.03187925,0.037774214,0.036104005,0.089501543,0.035003029,0.127391165,0.030081264,,0.029410865,0.046009032,,0.032832262,,0.045578128
Val,99% Confidence ,Replica 2,0.074070076,0.05239608,0.044622098,0.065546318,,0.432890748,0.065205475,0.081789878,0.099078075,0.071971303,0.061199847,0.062373298,0.044492574,0.050126678,0.070227141,0.038100201,0.10480979,0.052295583,0.041151366,0.040387568,0.02892016,0.035653599,0.05225721,0.030674167,0.036071891,0.042195927,0.062799561,0.066105421,0.109493171,0.03603982,0.131715213,0.036032915,0.038833783,0.034246828,0.041993427,0.10785454,0.136865191,0.067635622,0.031603727,0.061215809,0.10565191,0.079215389,0.067283965,0.134242548,0.092008792,0.076472901,0.045070565,0.058737212,0.05727189,0.052830102,,0.078856802,0.041079542,0.088560838,0.043593357,0.038149289,0.058694021,0.0410443,0.055188975,0.057272788,0.082709327,0.048463294,,0.054331007,0.078700927,0.099381215,0.048379807,0.081170234,0.104550775,0.047913349,0.051921777,0.071561785,0.159004694,0.066950517,0.070749491,,0.107319254,0.10987011,0.062880962,0.094759529,0.081547641,0.052152914,0.075650995,0.059284237,0.093471735,0.056646713,0.059654633,0.079879479,0.064000293,0.03905943,0.040316932,0.033770483,0.029586328,0.04558629,0.036203952,0.038671736,0.053048962,0.034523076,0.049316141,0.028660344,0.029804205,0.040158915,0.037705389,0.03989142,0.040127142,0.028228073,0.046499982,0.035727217,0.032289248,0.031730854,0.031071423,0.065832185,0.038763372,0.08259551,0.05570264,,0.114964366,0.087498289,0.031785293,0.039049009,0.120545681,0.050330015,,0.047352319,0.041551729,0.066686327,0.255090647,0.088226651,0.031422679,0.04643545,0.036955605,,0.050968518,0.026484064,0.026660802,0.028064733,0.040963781,0.029651133,0.032464007,0.036865595,0.029716325,0.042359277,0.050519721,0.050100728,0.03193502,0.032318371,0.049389085,0.045982672,0.047234226,0.041703229,0.051315857,0.055998534,0.041795847,0.045828055,0.090812312,0.043141069,0.10412762,0.141344657,0.054844197,0.067260059,0.11382091,0.162472737,0.093887484,0.085219885,0.135581032,0.03767625,0.051087653,0.085025362,0.050630524,0.043944481,0.059574902,0.047831386,0.040489648,0.084713625,0.060758625,,,0.077474464,,0.074657583,0.069121082,0.079647424,0.055427167,0.050088206,0.040336068,0.053451842,0.028764469,0.047712089,0.091522479,0.053637638,0.057369358,0.049279687,0.064771596,,0.048587545,0.047322221,0.046471902,0.064963679,0.042261505,0.039765752,,,0.042138862,0.041842635,0.102799124,0.042549258,0.036193601,0.043043362,0.04449212,0.071201108,0.098341201,0.135752718,0.031939256,0.033495513,0.042900569,0.100426417,0.056095773,0.096866433,0.031308619,0.052879304,0.036773226,0.051245853,0.051578261,0.030331868,0.024703306,0.049234512
Ala,99% Confidence ,Replica 2,0.217755145,0.063835628,0.056592267,0.138391576,0.038215272,,0.101822821,0.062887947,0.092532048,0.087261771,0.077843938,0.113389603,0.058393914,0.041878047,0.110747471,0.04759799,0.148105994,0.062357554,0.048023905,0.063612669,0.034306373,0.057709451,0.069659311,0.040029596,0.047461865,,0.120224107,0.062590415,0.099444099,0.039899634,0.107255717,,0.053967907,0.046530232,0.054877015,0.06106927,0.095956396,0.07840801,0.054871582,0.09822611,0.180445595,0.105370252,0.169584505,0.140918784,0.114268433,0.082571129,0.120141009,0.123599593,0.03833401,0.066044826,0.049800082,0.255392214,,0.110418775,,0.107180252,0.106924728,0.045316714,0.055313878,0.074542094,0.105052353,0.061137501,0.069338127,0.053675613,0.138201138,0.061042628,0.06155986,0.08028203,0.170647923,0.06232156,0.081284842,0.081917664,,0.103254993,0.103820038,0.063082946,0.156696543,0.099208622,0.106325777,0.063037889,0.142451741,,0.112260105,0.231028652,,0.066499875,0.106270189,0.082110917,0.057349956,0.048919719,0.049858438,0.047752249,0.031858321,0.169266758,0.053616128,0.0870086,0.040093423,0.04167665,0.056595747,0.051659695,0.041575349,0.047722252,0.035242813,0.049739212,0.056901996,0.049578136,0.042430826,0.052817157,0.038395528,0.029831973,0.041062225,0.059994597,,0.072969778,0.088705115,0.059583859,0.11917478,,0.065962414,0.080969238,0.068544543,0.054246689,0.040724604,0.052353727,0.073260081,0.098212424,0.071712112,0.081644121,0.049683021,0.082615465,0.040028911,0.043989565,0.05539187,0.031605862,0.032088622,0.051766587,0.053887223,0.049722657,0.050878454,0.079648154,0.030197333,0.036213792,0.054754279,0.111127325,0.032716031,0.039304502,0.063975742,0.058698462,0.056037339,0.055990992,0.077774793,0.071027813,0.05219716,0.048287604,0.104228827,0.047517252,0.138623905,0.128516973,0.056399377,0.165534368,0.1724375,0.250853185,0.093901527,0.11231492,0.132129203,0.041077272,0.076338462,0.137702141,0.071489945,0.050647169,0.106267705,0.056148415,0.089096892,0.124231418,0.064735763,0.099351724,0.063103698,0.155587445,0.057342118,0.069147735,0.110501283,0.116349614,,0.067331469,0.051982789,0.07044801,0.034757882,0.05051355,0.079967853,0.064839587,0.075959225,0.071928552,0.10580866,0.041250604,0.057383317,0.051072264,0.078322841,0.097411849,0.062089013,0.050619183,0.055279296,0.046213126,0.055935158,0.058054965,0.069134734,0.054696933,0.039117394,0.085795536,0.069823208,0.10461366,,0.049499201,0.039516852,,,,0.136615233,0.142266816,,0.078962951,0.04061317,0.056903118,0.057016213,0.034728759,0.02717874,0.057894373
Gly,99% Confidence ,Replica 2,0.172373319,0.060781462,0.053357905,0.102639247,0.037311682,,0.082231544,0.045036811,0.131073872,0.132533976,0.065285264,0.134914374,0.091188664,,0.096876165,0.088733233,0.1287642,0.057160393,0.058821857,0.050810438,0.045494571,0.063681108,0.158173339,0.042217985,0.047610961,0.073381638,0.2140436,0.156872361,0.20369736,0.053854427,0.078368952,0.050430247,0.040052892,0.049040383,0.053866169,0.083943256,0.059689914,0.09286652,0.063621396,0.112110248,0.119064265,0.103128541,0.23063378,,0.106159892,0.075483961,0.161909319,0.155543015,0.036772752,0.07402719,0.121507709,0.239107775,0.042673567,0.085959825,0.055857832,0.10797832,0.163807252,0.051255212,0.066894444,0.10282194,0.105143605,0.055401263,0.081193103,0.053862368,0.121124124,,0.06355389,0.210242679,0.131411407,0.077819256,0.136745736,0.101254633,0.107756205,0.074655885,0.226742381,0.135202385,0.1736783,,0.068771471,0.082077233,0.260337981,0.054744726,0.119556144,0.336840306,0.047752443,0.056276419,0.146309285,0.403035457,0.088637508,0.209062346,,0.046682091,0.036518437,0.14418673,0.048587924,0.106983304,,0.046701436,,0.046699719,0.043154801,0.062925266,0.045675089,,,0.042092541,0.040006257,0.069364624,0.039600324,0.031029994,0.055743502,0.108006187,0.044910727,0.056436273,0.064661464,0.162307031,0.106334847,0.066493966,0.151880545,0.285644697,,,0.134469409,0.078522158,0.134259296,0.090680029,0.068144364,0.048066118,0.046680563,0.053809787,0.054883123,0.115660156,0.047532359,0.027661268,0.08956286,0.106031996,0.051793364,0.045047156,0.104144749,0.118280036,0.029796381,0.046664217,0.089073456,0.200416085,0.045598906,0.046346477,0.106079098,0.068679019,0.061896029,,0.063278125,0.077484845,0.043922233,0.055995761,0.109640512,0.046080425,0.138486666,0.111078873,0.063907613,0.157753004,0.117608164,0.184015488,0.192157578,0.105988048,0.128061143,,0.069587554,0.184982205,0.076440218,0.070227185,0.091922312,0.063298972,0.06897963,0.172072839,0.070459121,0.132410186,0.075066755,0.212621066,0.053863105,0.090779384,,0.100260363,0.073996173,0.056728154,0.055845611,0.067076607,0.038216237,0.134585565,0.13050944,0.123846686,0.076434113,0.064823422,0.126609145,0.041293748,0.069379461,,0.082964918,0.071038975,0.052634409,0.050879848,0.059361613,0.059287992,,0.060800528,,0.05471843,0.046348675,0.092099955,0.066483098,0.101040323,0.058178103,0.067251531,0.045251675,0.041474951,0.046680653,0.062333395,0.080646123,0.11344288,0.035451994,0.059707436,0.041055941,0.059114524,0.069734126,0.035559981,0.031433078,0.056059569
Cys,99% Confidence ,Replica 2,0.173265192,0.118511816,0.050473705,0.11635474,0.036587281,,0.106063097,0.061815085,0.338142309,0.082672865,0.120255775,0.119236799,0.096935846,0.063632447,0.088690368,0.052716425,0.107828464,0.097072388,0.061804363,0.058972246,0.068305008,0.159049629,0.115402572,0.071702508,0.080435597,0.066570036,0.138992136,0.094459699,0.162259688,0.065480587,0.278639054,0.053892934,0.044066629,0.048364245,0.068508176,0.087276462,0.167325253,0.130795099,0.068843608,0.087253374,0.1907377,0.091464796,0.177025408,0.265214058,0.142479987,0.080007447,0.152222072,0.152609557,0.064088612,0.074905819,0.053946578,0.220007636,0.051539126,0.076986727,0.087469225,0.094069056,0.094280097,0.090570521,0.066583304,0.078967271,0.156616314,0.059806498,0.116808872,0.084831648,0.14276923,0.142191188,0.068637788,0.151944466,0.142133097,0.079808359,0.116460644,0.098969631,0.111985851,0.09195699,0.174455977,0.120977495,0.091206222,0.076113728,0.110011669,0.264697593,0.187209552,0.109387057,0.211142593,0.525314668,0.134485867,0.131469016,0.064331453,0.148543118,0.115261917,0.189407521,0.075907341,0.050204152,,0.070574923,0.042683707,0.097849062,0.093387551,0.097541233,0.097123655,0.047516871,0.059000324,0.052025049,0.071949813,0.048777676,0.081106954,0.070516303,0.055105133,0.055501733,0.054626,0.048386736,0.056604155,0.091891952,0.071506276,0.080995831,0.061111355,0.084875152,0.379557811,0.080517301,0.062428593,0.118344019,0.128903932,0.056457503,0.046349233,0.095440222,0.071141645,0.141082949,0.076693542,0.060722782,0.060222303,0.092688616,0.336916103,0.048376682,0.058411176,0.045261185,0.05046237,0.055257778,0.058468602,0.05349135,0.059907092,0.103700054,0.032586814,0.06215807,0.074303236,0.110150378,0.086375157,0.046227934,0.15390935,0.065762587,0.077383131,0.112078536,0.060441404,0.155735037,0.068256226,0.112833072,0.083491151,0.054737099,0.243497326,0.191610546,0.110905201,0.091688402,0.131065426,0.561662938,0.213076162,0.121685963,0.32703579,0.092416425,0.070027695,0.187386918,0.06904055,0.113477697,0.241215811,0.081475579,0.100661847,0.088607503,0.108088164,0.232314933,0.144114964,0.136006325,0.090235593,0.146920374,0.120841655,0.112159993,0.133540876,0.08500896,0.064227308,0.111097939,0.071193627,0.097574423,0.143474332,0.083251862,0.156588333,,0.093825686,0.092284513,0.084820104,0.070505902,0.048739938,0.136561338,0.074935491,0.099679649,0.508813019,0.104648729,0.06056228,0.061280405,0.119130097,0.061997273,0.083831199,0.089157279,0.056195382,0.112835668,0.120540564,0.076533452,0.099263919,0.095133843,0.075979635,0.105122959,0.082473299,0.872268386,0.055581247,0.110357934,0.073733443,0.11288229,0.166624573,0.069007041,0.048084701,0.12846741
Ser,99% Confidence ,Replica 2,0.130366449,0.041636651,0.027921937,0.046709506,0.021483326,0.554894328,0.0484937,0.031771534,0.123144904,0.055622716,0.05753387,0.056659814,0.050256944,0.039463871,0.067380782,0.031051411,0.097208317,0.044094761,0.03060043,0.035014837,0.031866311,0.058494688,0.098923786,0.03117511,0.038269827,0.051082147,0.132075106,0.057268148,0.092211491,0.029205003,,0.033018005,,,0.032306928,0.045284137,0.046742795,0.064052807,0.041475195,0.08060416,0.109751854,0.090623938,0.120007165,0.13315903,0.096859147,,0.104301999,0.107240315,,0.051977278,0.042117355,0.139765758,0.032208542,0.062315396,0.04438295,0.111824528,0.092891962,0.038137384,0.047658447,0.059776372,0.061319518,0.035108937,0.054277226,0.040796618,0.097649942,0.096476487,0.044596175,0.073224861,,0.047645141,0.099401248,0.05487243,0.067493267,0.047729711,0.205371192,0.063640714,0.060787951,0.050009246,0.048852824,0.040341348,0.238692232,0.051436046,0.093337483,0.24477495,0.051705622,0.060180647,0.047706875,0.207121526,0.041313943,0.102848595,0.037363666,0.029838277,0.029675425,0.058679411,0.03975395,0.05544735,0.036376301,0.028390789,0.052292593,0.031010477,0.034341496,0.033382472,,0.039300456,0.035894248,0.030534916,0.030064709,0.035368851,0.026926777,,0.037420457,0.049030683,0.032300587,0.050708816,0.04291921,0.076306021,0.093885957,0.042678023,0.063328842,0.124453798,0.09819891,0.036568361,0.054593307,0.050840798,0.042828253,0.062505122,,0.030820254,0.037940111,0.041117799,0.04452979,0.037668085,0.036270185,0.024447137,0.037364051,0.087848967,0.031874189,0.025107253,0.055961048,0.085575029,0.022620485,0.034315406,0.03103513,0.069051608,0.038357994,0.027046623,0.054014701,,0.036653923,0.037327978,0.051249293,0.051124891,0.041802708,0.047788613,0.063649893,0.03637496,0.091478683,0.049969879,0.046644851,0.089171754,0.154922285,0.229735837,0.152038415,0.060132157,0.172108895,0.037405175,0.047321615,0.082670869,0.043752171,0.05311572,0.082856956,0.047950973,0.049974103,0.053374991,0.049962967,0.114979237,0.05800318,0.070005105,0.045647065,0.069026685,0.060916766,0.07290631,0.059323701,0.047971276,0.035449838,0.054243834,0.031682794,0.05284161,0.069855792,0.049503491,0.058964495,0.042942412,0.058556571,0.033361116,,0.038495822,0.040076376,,0.040343722,0.056862036,0.070700869,0.047706361,0.03536984,0.03543089,0.048645087,,,0.045666417,0.036285969,0.083739231,0.051453887,0.03623533,0.034372211,0.039214119,0.037616637,0.051085433,0.064244322,0.159456684,0.029451898,0.059626342,0.036113336,0.05645426,0.054102552,0.03085014,0.021502513,0.064587826
Thr,99% Confidence ,Replica 2,0.131615533,0.050119429,0.038945647,0.051048869,0.027258861,0.294948476,0.061451006,0.045973085,0.106983343,0.062406879,0.056087182,0.076815156,0.04239192,0.049647626,0.089909252,,0.122779751,0.058396419,0.045886465,0.043834226,0.027375505,0.031573991,0.111024683,0.035625295,0.034330552,0.048159734,0.099846308,,0.112197762,0.04298989,0.074925055,0.039071876,0.043599024,0.041705248,0.045410787,0.056305513,0.122505794,0.08007113,0.0319753,0.10432746,0.115983511,0.067078063,0.148028906,0.209399054,0.133231789,0.061422904,0.101689397,0.114970789,0.039386886,0.059454365,0.043563876,0.110838458,0.043548084,0.061613658,0.054284213,0.080667568,0.074562072,0.040828096,0.059417167,0.062782435,0.074207284,0.043154326,0.080041393,0.058023923,0.144092463,0.114392876,0.075387366,0.081043462,0.054204302,0.06834394,0.06990589,0.060991142,0.134728652,,0.150786877,0.064608518,0.099677361,0.08551823,0.046270142,,0.105041377,0.069242465,0.053113268,0.076752583,0.079294268,0.041790449,0.071596706,0.078904134,0.068569513,0.05138533,0.049142599,0.034876884,0.02966085,0.055954758,0.040045944,0.060166756,0.048747614,0.034015707,0.06835976,0.044049753,0.037473051,0.04069032,0.027039639,0.048940783,0.046259649,0.045466124,0.03910279,0.053125462,0.038366231,0.024221604,0.038182661,0.060859304,0.04766174,0.11118464,,0.04380887,0.12882838,0.11867303,0.041787678,0.073871363,0.105219397,0.042242287,0.040867094,0.068385966,0.065217589,0.084179909,0.087868603,0.055294231,0.051166076,0.060832703,,0.043224003,0.054682126,0.0252968,0.034597339,0.048509299,0.056117262,0.033725865,0.052586121,0.065513215,0.028743951,,0.04572485,0.059996007,0.038519986,0.031801943,0.048340172,0.048377382,0.055155135,0.061739915,0.069994791,0.074106519,0.046043888,0.044325868,0.121037728,0.048138043,0.093358917,,0.05466905,0.11178742,0.133005295,0.29250987,0.127115849,0.080595331,0.217929452,0.04355707,0.077542086,0.148492332,0.043708536,0.043659641,0.063844407,0.05994854,,0.07988346,0.072522559,0.105610921,0.067887367,0.081926469,0.041672757,0.061537146,0.060600557,0.067526643,0.061644112,0.051365783,0.044990047,0.059064976,0.035163452,0.041071297,,0.063548821,0.070264644,0.054363967,0.067741638,0.032702397,0.053738042,0.049825397,0.055283229,0.119651931,0.060304432,0.052670174,0.047349103,0.054970686,0.063406174,,0.10578256,0.038367443,0.031550997,0.043774976,0.056554202,0.114510885,0.076046824,0.054272901,0.040810808,0.035053518,0.04748914,0.079930276,0.085722502,0.091883171,0.030234875,0.072209892,0.044513397,0.047832839,0.068412957,0.029910877,0.027229384,0.048844329
Gln,99% Confidence ,Replica 2,0.192899557,0.066769749,0.058449253,0.054756792,0.038124307,,0.0579601,0.137193274,0.293961137,,0.127646436,0.15219723,0.109170953,0.054039198,0.12943769,0.078245853,0.240920991,0.101100202,0.067864616,,0.051527971,0.15231536,0.209176173,,,0.180298257,0.512226248,0.140751954,0.121202286,0.073098615,0.150368304,0.069530522,0.050556425,0.052097916,0.053224857,0.097300282,0.101836589,0.054127091,0.065104944,0.097534821,0.269162035,0.193235726,0.205764427,0.25047426,0.135225672,0.280904865,0.239974992,0.189021139,0.070824604,0.062172548,0.171848784,0.154592927,0.133415276,0.088955222,0.066660943,0.212042658,0.146382136,0.056513496,0.072677955,0.075759642,0.101088272,0.059855559,0.088913597,0.072506792,0.103907602,0.24021616,0.077189536,0.154742574,0.212992047,0.088741504,0.09847573,0.091176855,0.132614602,0.067686108,0.186682942,0.351342824,0.085459846,0.103112236,0.090053256,0.066405495,0.351807034,0.11679338,0.206321262,0.245467343,0.179860927,0.080692325,0.070821558,0.447922844,0.083529171,0.170437213,0.078977155,0.039366631,0.067048711,0.051663877,0.058785738,0.083059015,0.097344826,0.061697938,0.108064794,0.057978982,0.074978867,0.057972865,0.040275856,0.043615119,0.081016647,0.063633337,0.066437189,0.047463647,0.049243025,0.086576438,0.124656996,0.067063639,0.048228353,0.114211348,0.123883515,0.121500686,0.157601604,0.269888814,0.320067089,0.173729789,0.175345931,0.138747143,0.142863097,0.330558598,0.047237867,0.144723115,0.109809578,0.099979968,0.07103608,,0.182374981,0.226400642,0.075839893,0.049526177,0.087032011,0.107959527,0.056763518,0.055207103,0.073356467,0.145658174,,0.051728161,0.055221536,0.228705275,0.067762081,0.037296215,0.14412582,0.053093142,0.050959304,0.060734713,0.07992782,0.112573086,,0.134903534,0.769575573,0.078321835,0.259466374,0.383558916,0.106332633,0.180907425,,0.363747115,,0.101408407,,0.080032907,0.078068198,0.11559686,0.077511606,0.075111023,0.13950552,0.109118807,0.062265815,0.104548639,0.087051902,0.155417155,0.093022471,,0.079442097,0.123035167,0.075875043,0.080573463,0.227668044,0.108030561,0.056877663,,0.055932977,0.09937836,0.174704881,0.135116086,0.070248535,0.096095333,,0.078459491,0.052858633,0.066427836,0.065977412,0.125394365,0.091858092,0.114505696,0.100367022,0.069730372,0.071715207,0.043841023,0.102366462,0.060726793,0.057036756,0.080573851,0.074476579,0.100208717,0.211087348,0.068507222,,0.091487625,0.164634877,0.120768905,0.074945706,,0.072166735,0.115698762,0.063202384,0.171612139,0.1290228,0.068817057,0.036510634,0.080829558
Asn,99% Confidence ,Replica 2,0.335482024,,0.058646578,0.071780195,0.044128336,0.441109323,,0.074094886,0.346538165,0.102973006,0.094258257,0.081359641,0.15490028,0.081953829,0.13847319,0.059234667,0.289438016,,0.059423093,0.07638516,0.046830188,0.057385878,0.175855248,0.047176224,0.06030933,0.152599321,0.288996049,0.157562057,0.129013605,0.089724451,0.177900692,0.068578114,0.065935887,0.064927849,0.072503823,0.080246938,,0.115334509,0.056406612,0.109993333,0.391988192,0.112870135,0.217849179,0.322620028,0.120085478,0.258118504,0.185489709,0.19009534,0.058360806,0.118024144,0.197295854,0.196629601,0.120388359,,0.135714423,0.113287337,0.186259649,0.090922892,0.104181882,0.081884573,0.138674531,0.06541703,0.11816688,0.113135071,0.140851738,0.201058138,0.079266094,0.24288925,0.163971347,0.118949816,0.198925495,0.156451763,0.250289222,0.128318427,0.25669269,0.117062624,0.107198778,0.310626923,,0.0763704,0.313557423,0.436197065,0.073107283,0.370108928,0.135345561,0.106706103,0.06451386,0.183216841,0.061724832,0.20051247,0.062902812,0.058492257,0.050336448,0.160570245,0.062646134,0.160101445,0.105938628,0.056668037,0.089855311,0.067476442,0.076334843,0.079429814,0.050692382,0.116363824,0.086604608,0.066107501,0.054534308,0.077494418,0.069641384,0.035896343,0.096007807,0.150988581,0.080917989,0.06995271,0.0910887,0.272820526,0.109569357,0.284518512,0.171018976,0.182878035,0.164492615,0.213153243,0.171282597,0.21576833,0.25574503,0.091972716,0.195254132,0.076162219,0.128926525,0.090414739,0.073693252,0.09494256,0.117031331,0.038869366,0.066064761,0.107111883,0.062717197,,0.111162805,0.13922823,0.055803434,0.067331465,0.069482395,0.20914264,0.07198724,0.053254403,0.127954357,0.07444961,0.136822948,0.089405963,0.093365496,0.082622687,0.100590051,0.101648435,0.171928503,0.115336517,0.162384783,0.217568902,0.083812332,0.318534074,0.12140495,1.261858149,0.309144918,0.125145009,0.340685018,0.056796452,0.092534994,0.160501879,0.072783776,0.082416271,0.2364512,0.105898628,0.066100972,0.107439654,0.088217895,0.150483486,0.090912262,0.115793198,0.076196505,0.097222467,0.114391084,0.162679218,0.099133075,0.069821667,0.054823798,0.107187247,0.070727709,0.071321942,0.159644885,0.114926567,0.100381634,0.081990433,0.113004735,0.056634558,0.113084207,0.098465421,0.070624319,0.15581933,0.085431418,0.094998003,0.088319915,0.125072827,0.084730587,0.083613639,0.091200788,0.073476647,0.055587848,0.075356558,0.099008629,0.200731258,0.40409461,0.124534359,0.103624156,0.075463776,0.34233909,0.152733522,0.107581797,0.114749623,0.107189116,0.130918048,0.054344067,0.078691114,0.200901752,0.050292588,0.036492379,0.081187481
Asp,99% Confidence ,Replica 2,0.30862406,0.093746031,0.086248278,0.090463806,0.05126891,,0.100087072,0.083517735,0.293919234,0.189850692,0.100602927,0.157387634,0.140007032,0.065529503,0.126386414,0.097715259,0.145797255,0.073221316,0.052822748,0.079791534,0.043198572,0.110613523,0.346449705,0.050076609,0.069166029,0.266819565,0.289045195,0.331932931,0.276651253,0.063197555,0.190225175,0.066416707,0.058564808,0.073051317,0.086096621,0.094581358,0.179373817,0.070678165,0.155878846,0.430074193,0.206102195,0.147165999,0.370654352,0.174459952,,0.201725435,0.201618603,0.191834927,0.056541319,0.178490842,0.177840231,0.264823351,0.156182015,0.099175169,0.074027906,0.175406937,0.206251848,0.082133192,0.081019131,0.076282196,0.194439489,0.090467077,0.149833658,,0.134295223,0.100502464,,0.346449705,0.160395494,0.128495954,0.237095718,0.226765123,0.250377299,0.114853463,0.225533168,0.132394057,0.231809525,0.076806024,0.085690794,0.127044661,0.476030077,0.124169167,0.067193146,,0.26230674,0.087589672,0.094861778,0.332435658,0.073218594,0.188308463,0.066049629,0.065844036,0.062364192,0.160433458,0.07811797,0.152373537,0.095559135,0.074473355,0.105149697,0.057517358,0.077195887,0.107723962,0.063629943,0.095312411,0.064206118,0.057633142,0.060314761,0.489036537,0.052361338,0.075800404,0.374545742,0.134462951,0.126897003,,0.43628622,0.130275392,0.156397683,0.323765491,0.149993658,0.226031872,0.159147716,0.274782771,0.221478434,0.228295126,0.281399722,,0.424066978,,0.108001619,0.065817774,0.148921003,0.147059283,0.108459295,0.052041572,0.124722774,0.165613013,0.078286717,0.050970436,0.42673314,0.141284238,0.041545981,0.090020327,0.072376988,0.149458714,,0.04828216,0.118244676,0.108726117,0.096684438,0.070429183,,0.146219822,0.102293889,0.127540964,,0.07449052,0.141995877,0.297590677,0.091258224,0.205306602,0.166925854,0.256049267,0.516224418,0.277157036,0.266189559,0.081116841,0.131749769,0.18449242,0.100329016,0.074861104,0.370353868,0.198007002,0.075156696,0.238842805,0.118132429,0.131888876,0.090112953,0.207434037,0.071283987,0.086218368,0.136797663,0.160680222,0.134242497,0.106227489,,0.103324439,0.045204368,0.246232985,0.135107234,0.216964152,0.109123283,0.262951919,0.137124564,0.055911368,0.117863537,0.101619727,0.101219207,0.136339688,0.080372253,0.086663142,0.071146357,0.092646026,0.062212045,0.086922927,0.066585687,0.065544028,0.077896288,0.282276836,0.179146912,0.177351476,0.241023748,0.079640793,0.127193803,0.062704868,0.180815901,0.156890436,0.106060881,0.150130527,0.153039081,0.219078835,0.053616594,0.091511184,0.112814503,0.059693938,0.041614672,0.091466486
Glu,99% Confidence ,Replica 2,0.591075152,0.103931439,0.072983263,0.087149598,0.04956303,,0.100694729,0.140946562,0.299326485,0.119991649,0.158300473,0.096622801,0.139090542,0.063308016,0.199474534,0.112507408,0.323309592,0.100299742,0.083266447,0.081694084,,0.122695432,0.372870145,0.056473795,0.059459629,0.139806022,0.403337607,0.157109196,0.338351826,0.135182895,0.141205613,0.072540041,0.06894583,0.077673025,0.065585403,0.162894654,0.251104091,,0.110189865,0.150001762,,0.188126338,0.264331969,0.243091257,0.203537812,0.251752918,0.442693802,0.201885932,0.086016259,0.278761702,0.210839489,0.238919968,0.214962535,0.136134529,0.075893343,0.165991447,0.199180764,0.066460038,0.142632826,0.113290026,0.127357588,0.100977874,0.105068388,0.101617484,,0.22207229,0.100567729,0.4378194,0.328018069,0.173874034,0.28264594,0.111606421,0.453813492,0.235713294,0.421406721,0.098521383,0.173442461,0.13364477,0.193239065,0.131167111,0.219928541,0.156458995,,1.151846855,0.156816773,0.144431767,,0.3231126,,0.268724609,0.071327625,,0.049092367,0.439552321,0.069754191,0.123612466,0.141524129,0.071731548,0.195249077,,0.0936398,0.122856134,0.043855442,0.060453279,0.092946472,0.08149347,0.062822667,0.085043151,,0.180221718,0.348256307,0.139760571,0.186497886,0.20430357,0.324918786,0.374344667,,0.20934401,0.225711189,0.263700801,0.12501809,0.445780864,0.129931706,0.263544912,0.081854323,0.127801601,0.218512049,0.115455095,0.096024766,0.078185469,0.107246689,0.120630091,,0.040911011,0.151399604,0.166255111,0.116263529,0.067850867,0.144456974,0.152812246,0.040670347,0.10243502,0.067224236,0.182878035,0.054056152,,0.261062167,0.085414133,0.074737826,0.0872343,0.109387224,0.092465391,0.109233004,0.127588472,0.121023849,0.104885537,0.134143275,0.243871951,0.113531305,0.22045728,0.175312673,,0.192336321,0.199543045,0.246956583,0.056160405,0.099866125,0.214152351,0.104352757,0.102206442,0.290712641,0.291122679,0.129912512,0.361023009,0.119178039,0.155153126,0.13372079,0.123411147,0.077688256,0.115084546,0.138087448,,0.124859445,0.101584195,0.071410429,0.094727559,,0.233531903,0.220588711,0.215202223,0.118930549,0.233187854,0.122425693,0.09519791,0.084576301,0.14181918,0.09955249,0.167467517,,0.08588196,0.097018211,0.093592323,0.093566517,0.065275203,0.088857173,0.108454952,0.096212302,0.182399277,0.267543742,0.148864338,0.288182041,,0.062246481,0.078792245,0.125996135,0.249052773,,0.309949246,0.143362767,0.124349236,0.100345459,0.099549098,0.171735084,,0.046332603,
His,99% Confidence ,Replica 2,0.151486678,0.056925579,0.052992018,0.074327543,0.039314257,,0.062329698,0.067486437,0.266807018,0.084374395,0.091555305,0.08792714,0.114636926,0.060593988,0.049796709,0.053604899,0.176291818,0.083762929,,0.05842417,0.046401419,0.070024952,0.15745872,0.056084796,0.056881695,0.134616273,0.334099978,0.114611874,,0.133739905,0.121739442,0.052526622,0.050426828,0.0485215,0.061416912,,0.10024136,0.105623779,0.124299531,0.092597157,0.176889922,0.117588347,0.137190896,0.360077169,0.116397163,0.174305803,0.16822208,0.203177992,0.058562733,0.060459741,0.123070429,0.241050823,0.13742498,0.072409193,0.069701592,0.12157526,0.092649466,,0.079456496,0.062105899,0.095350468,0.052365254,0.088476864,0.058668752,0.16799854,0.201882239,0.063830693,0.144934984,0.126313902,0.082708688,0.127269329,0.163363655,0.214156038,0.057498505,0.152828676,0.170263331,0.15751816,0.090399067,0.068143765,0.113460539,0.204238535,0.157698161,0.111928347,,0.144024499,0.073982238,0.065367394,0.562205718,0.060132022,0.154251861,0.078343517,0.043068141,0.051697517,0.100227299,0.057860948,0.088092069,0.057480646,0.042321868,0.074739579,0.051062511,0.047909114,0.044315584,0.068117371,0.050147373,0.04514903,0.047748856,0.042402351,0.053713252,0.049549459,0.041102855,0.081185805,0.061199835,0.062034298,0.166096066,0.072892731,0.156163064,0.12802376,0.192919122,0.195092914,0.20529913,0.09577336,0.152418148,0.119787813,0.146663658,0.065637728,0.094195992,0.085580065,0.060348078,0.068044329,0.057695501,0.150717486,0.150198244,0.049526033,0.051081575,0.061225709,0.096832185,0.039633588,0.046944977,0.041901689,0.085114227,0.041222905,0.049092687,0.051405824,0.0993601,0.049736516,0.049340353,0.103112236,0.047365238,0.060593667,0.069014196,0.058205733,0.143461552,0.113198444,0.248804208,0.162502105,0.056425864,0.191553994,0.247741773,0.088119907,0.191127553,0.139819358,0.713046229,0.236787639,0.159102922,0.200139727,0.071972437,0.083822685,,0.062790513,0.066538826,0.13509645,0.086941018,0.047079581,0.07939848,0.108377731,0.165195438,0.062639742,0.088974158,0.075983642,0.104137066,0.065382941,0.087266702,0.089853504,,0.053346337,0.06857521,0.068982534,0.08711102,0.126299919,0.184302238,,0.134197305,0.055104915,0.050392028,0.071061726,0.053477064,0.063436738,0.11342011,0.08264707,0.098663192,0.083054761,0.095661445,0.061946913,0.059326554,0.069972848,0.054143181,0.056500925,0.060144609,0.082209851,0.133078595,0.201667845,0.075689899,0.067634699,0.070872234,0.174155819,0.156240491,0.067360818,0.102409861,0.079629914,0.112995643,0.050115795,0.074557873,0.199409485,0.061617491,0.037504275,0.062880382
Arg,99% Confidence ,Replica 2,0.120257116,0.055636198,0.032784242,0.052364169,0.024467784,,0.050599891,,0.132793429,0.070079252,,0.069150583,0.089216186,0.042204504,0.063957557,0.034167235,0.112762237,0.047605531,0.036192838,0.040336914,0.043728003,0.061985409,0.127650157,0.041864673,0.036186459,0.121693094,0.16885043,0.098375454,0.055184916,,0.09637008,0.034577429,0.031556291,0.03587501,0.035384406,0.101673242,0.146388569,0.080683666,,0.09939049,0.12050472,0.153271794,0.154360654,0.179940972,0.108131096,0.121322984,0.109754711,0.111533227,0.086214202,0.129517642,0.131935211,0.126457231,0.098014558,0.046806172,0.044834955,0.11223632,0.18451498,0.040976235,,0.0454023,0.077421616,,0.050417823,0.05394173,0.112816859,0.136576383,0.059104768,0.15350108,0.123614289,,0.106175748,,0.221609905,0.049124968,0.153978297,0.143099907,,0.062564763,0.055957697,0.052902095,0.179176575,0.091403681,0.112047949,0.164848161,0.120402452,,0.046941344,0.219369794,0.070950911,0.188811502,0.058315798,0.033063409,0.046276676,0.118703844,,0.056816245,0.055896839,0.049142948,0.073822127,0.038403891,0.048615483,0.035922472,0.043317362,0.033478449,0.04614548,0.033018399,,,0.029258208,0.035676194,0.058767588,0.060312028,0.041081565,0.070497586,0.113543391,0.097635581,0.102243113,0.110260019,0.104398232,0.160296191,0.097623546,0.087848602,0.0948095,0.09643257,0.046066538,0.070984102,0.071344066,0.065489614,0.073529932,0.035277333,0.0678098,0.092421185,0.043861573,0.030624085,0.041755847,0.12229758,0.040093074,0.028335429,0.075794811,0.111757257,0.026127959,0.041907953,,0.128571187,0.048199729,0.03040398,0.160019107,0.035255816,0.046961624,0.0536536,0.04422292,0.048106783,0.061708656,0.063705085,0.112641819,0.047798342,0.12467472,0.287134734,,0.116606418,0.103445695,0.270334401,0.108347978,0.113384412,0.165817863,0.048526964,,0.086291432,0.043726703,0.054413505,0.118617242,0.127527993,0.055051284,0.083390266,0.052359621,0.129464589,0.099435757,0.063949717,0.052482964,,0.068284204,0.061014296,0.079835731,0.071894341,0.040059168,0.045965551,0.04015065,0.061949237,0.076655459,0.297227236,0.064809349,0.105737282,0.047278375,0.043298988,0.048407865,0.046669688,0.04001567,0.066336972,0.04691618,0.059335325,0.082368302,0.052454044,0.040790251,0.035949974,0.050955308,0.041341185,0.044660914,,,0.063077339,0.134848551,0.149066661,0.039779576,0.050948632,0.096514071,0.117637866,0.06132983,0.17011837,0.064825477,0.056210042,0.04397604,0.054915684,0.070973596,0.040563539,0.027052479,0.05895421
K,99% Confidence ,Replica 2,0.257439966,0.060864774,0.063096465,0.07089941,0.044763858,,0.088227146,0.140095789,0.509144297,0.135527357,0.132569758,,0.154754838,0.054789601,0.127040703,0.081132772,0.286586859,0.073444574,0.069404856,0.076990315,0.042516509,0.056531421,0.259588397,0.055016717,0.048967896,0.164728752,0.419139501,0.19528568,0.171069165,0.061927409,0.210816304,0.07742629,0.076083396,0.08339923,,0.181738577,0.178325883,0.10697176,0.074589088,0.211679964,0.236229702,0.17341924,0.273183588,0.329664769,0.161946972,0.264382932,0.252996084,0.221693862,0.203663601,0.162002868,0.237133905,0.333400531,0.231615438,0.101162518,0.07850575,0.177628185,0.314622632,0.067090748,0.125451191,0.100512456,0.123685563,0.064887869,0.125945201,0.08914112,0.146800679,0.224156609,0.097080154,0.266973292,0.210392742,0.119484428,0.121600103,0.098873496,0.384350977,0.111861807,0.249268322,0.22712795,0.15056855,0.184866644,0.16970295,0.084098475,0.807698716,0.391002664,0.107923046,0.153048463,0.113639917,0.088433953,0.147257781,0.131243495,0.093815297,0.196218316,0.072581795,0.049494495,0.062164648,0.244146232,0.094453018,0.094619847,0.092686521,0.05240761,0.127952579,0.075988446,0.071872763,,0.050872729,0.060309728,0.135660245,0.079364337,0.075274041,0.100111564,0.063361854,0.056083092,0.069872622,0.102444853,0.164918576,0.341072664,0.278646291,0.235482828,0.012762344,0.204196191,0.171380795,0.234415057,0.216816067,0.209354145,0.242826435,0.195080278,0.071751991,0.114017704,0.146362289,0.159855811,0.11018031,0.124000304,0.072792896,0.261751794,0.113460539,,0.104250291,0.237286879,0.202548564,0.06750319,0.108734495,0.150619594,0.053928726,0.071690919,0.056859455,0.193150668,0.06892258,0.053220151,0.324721368,0.11851276,0.111200079,0.099832568,0.105254046,,0.212881831,,0.235326449,0.111836711,,0.176280051,0.092251217,0.174791404,0.197208386,0.346643667,0.186624906,0.168545078,0.235951364,0.067407223,0.088856363,0.183928259,0.07449924,0.075942814,0.091247349,0.177250759,0.077213421,0.263046725,0.106869653,0.152371735,0.096564279,0.083892865,0.064256334,0.118540663,0.101542977,0.168394597,0.098943266,0.10667526,0.068363412,0.080383384,0.076103608,0.064565621,0.283583009,0.277396588,0.127253362,0.196863336,0.110510095,0.114346413,0.165368499,0.099025872,0.075273128,0.168688555,0.078965857,0.092120664,0.096575337,0.090114715,0.076329324,0.068501507,0.09635694,0.129169322,0.064222498,0.077065716,0.10156044,,0.321082944,0.22807551,0.064348712,0.06735143,0.186381093,0.296067939,0.128409185,0.13788918,0.101776763,0.150627415,,,0.092142346,0.052146512,0.042923752,0.088143817
STOP,99% Confidence ,Replica 2,0.237737582,0.126238034,0.135115459,0.142687223,0.059096763,,0.153315202,0.348033286,0.301068166,0.138575359,0.167313994,0.165147744,0.134246466,0.126402978,0.08737546,0.105296207,0.215944237,0.124005914,0.137450766,0.099201296,0.092917856,0.183414287,0.195052934,0.104425619,0.106334752,0.156996595,0.174798604,0.290437815,0.144310593,0.133185561,0.24761263,0.122514936,0.108559346,0.118380055,0.106071897,0.152331198,0.165930052,0.083488686,0.1154159,0.118710013,0.144697585,0.15802173,0.187826812,0.180682467,0.121720062,0.197690445,0.205929862,0.164575034,0.09924296,0.130759928,0.135514438,0.227769657,0.136984301,0.25242162,0.125615687,0.165449345,0.179178958,0.130717676,0.175371937,0.220214799,0.209784726,0.174285711,0.210161961,0.172009359,0.126054534,0.273622762,0.135507809,0.222719522,0.146948481,0.160250103,0.174727002,0.190403308,0.295205921,0.179145123,0.242905125,0.32227073,0.279232151,0.194415409,0.169505067,0.373626559,0.195092914,0.212644567,0.191686585,0.482617389,0.23590072,0.338987119,0.150625048,,0.133467079,0.105913436,0.162663873,0.092545596,0.090455841,0.111638202,0.18221628,0.138511834,0.191843605,0.143538372,0.25260348,0.088875094,0.272047066,0.116944603,0.1872832,0.108948177,0.090723866,0.166099364,0.266474219,0.135218419,0.102320769,0.099627451,0.223216877,0.187386209,0.145529681,0.169797618,0.231490858,0.103350749,0.123997807,0.231027384,0.111786223,0.244516811,0.245454786,0.212644567,0.100917685,0.182985447,0.208999409,0.090383732,0.216609934,0.186969744,0.188726867,0.097661117,0.236576255,0.098585323,0.095098864,0.06542978,0.101412534,0.161262102,0.176469346,0.120376838,0.085643885,0.093794116,0.074441175,0.207817221,0.174584091,0.144633695,0.142395988,0.092181353,0.231620893,0.143221935,0.150943431,0.183412523,0.16594133,0.172465366,0.132499837,0.162460451,0.195694984,0.190375059,0.121588538,0.278316104,0.19191656,0.131699002,0.148244608,0.332403172,0.193439656,0.229106325,0.152995163,0.168241541,0.165173286,0.321285992,0.304005062,0.181329061,0.381139897,0.316935333,0.302825408,0.128153105,0.1424361,0.42106311,0.232306652,0.203527528,0.172078348,0.204514783,0.182733001,0.212986662,0.321082944,0.138734438,0.127551013,0.136874689,0.106105566,0.200781631,0.556070748,0.167332308,0.216167278,0.11758966,0.148726563,0.179039186,0.196291318,0.158957332,0.140854163,0.314912758,0.125310826,0.200206937,0.260566055,0.179173993,0.121923673,0.142425774,0.192424071,0.098189661,0.121650702,0.122398878,0.125470504,0.28681825,0.319860263,0.107644293,0.09053393,0.163018007,0.169018776,0.288507261,0.161702195,0.243996451,0.123668797,0.14082353,0.134134019,0.19249838,0.277157036,0.055686245,0.02846075,0.06863509
Trp,Variance,Replica 2,0.000909767,0.000231469,0.005151217,0.009836513,0.002888186,,0.009335929,0.000506494,3.50E-05,0.00012263,0.04917766,0.004726907,0.01234686,0.027571183,0.008154224,0.004726255,0.017190842,0.017017762,0.011467553,0.005039196,0.044654,0.061993218,0.001671452,0.010729821,0.008567234,0.022686767,0.027780401,0.00332851,0.003246583,0.001460446,0.001772551,0.0087889,0.006723705,0.009103792,0.013512854,0.003402142,0.021786059,0.000399861,0.001612618,0.002553255,0.002264154,0.013083468,0.002870402,0.003213759,0.000555226,0.00241202,0.000450331,0.009050921,0.010755961,0.008834695,0.005208687,0.005211243,0.000755218,0.034378904,0.007388606,0.002422146,0.017206488,0.003987308,0.054494569,0.018826005,0.007327281,0.011056935,0.781968563,0.003643474,0.00543241,0.00080513,0.010282132,0.219202401,0.013214109,0.0235922,0.309922886,0.012333881,0.007160063,0.028517009,0.01389876,0.003794766,0.018338398,0.005529097,0.01418633,0.015608303,,0.00868849,,0.120701316,0.067806855,0.016838347,1.164300026,,0.022240415,0.024482829,0.007397192,0.009113279,0.00465057,0.286196703,0.005340252,0.008453982,0.001650681,0.00586829,0.003639932,0.003860249,0.003173283,0.007201194,0.00815784,0.002838356,0.019227835,0.014817479,0.004119915,0.059699045,0.015184314,0.007696522,0.030401312,0.006919602,0.006523691,0.002051153,0.006948292,0.004206331,0.004457369,,0.008197626,0.271455521,0.00067456,0.00432604,0.000946489,0.025587401,0.002314249,0.000786623,0.029315406,0.010633208,0.00201396,0.015897504,0.169083369,0.000494555,0.015150024,0.007547531,0.005757785,0.001534474,0.011458546,0.004295955,,0.006528578,0.003375174,0.007991037,0.005690233,0.004913796,0.021392845,0.002758333,,0.005179248,0.008211288,0.007160954,0.005234526,0.014160883,0.008297045,0.010835847,0.001195371,0.004329289,0.000492491,0.162909774,0.014222524,1.891805256,0.00165327,0.001838448,,0.041599528,0.000934122,0.012375496,0.02997392,0.146020088,0.003684552,0.099849282,,0.218271204,0.007301475,0.06234344,0.620660032,0.478306348,0.043946477,0.231279683,0.00758675,0.251013016,0.017641704,0.016007375,0.931059536,0.004479511,0.010807909,0.025776222,0.004517357,0.018124248,0.194676514,25.91497061,0.038401562,0.112558405,0.013180672,0.057400217,0.017084065,0.007598253,0.008075457,0.135239992,0.012136535,0.008881542,0.126719767,0.047828582,0.007115824,0.007120516,0.039204057,0.01878059,0.011578353,0.051864226,0.034150672,0.140590827,0.00140949,0.01685971,0.004388918,0.006207579,0.006478026,0.001580688,0.055188988,,0.007020638,0.00476493,0.008186542,0.171714616,0.017939084,0.010437111,0.002259236,0.041756068
Phe,Variance,Replica 2,0.000252655,0.00383002,0.001607765,0.001453648,0.00038368,0.267691033,0.002966409,0.002557234,0.00452568,0.005097771,0.005416553,0.00944354,0.005645912,0.011652726,0.000931338,0.000794304,,0.004129348,0.001815689,0.002028124,0.004152023,0.007192782,0.006646658,0.004225621,0.005671066,0.016684245,0.007856239,0.017293585,0.000487769,0.000223343,0.000646065,0.001079301,0.000928874,0.000735442,0.000740086,0.008170637,0.001226547,0.000302053,0.002257085,0.001678789,0.000792751,,0.004857106,0.048219969,0.000197293,0.001904416,0.001155906,0.001947839,0.000838276,0.001437393,0.001789511,0.014653672,0.000148134,0.016998719,0.00246872,0.009276831,0.003953251,0.002389301,0.002184814,,0.007575367,0.001565713,0.002864338,0.004879469,0.000604482,0.021056082,0.00214781,0.003957732,0.000883395,0.00194774,0.010481265,0.006644887,0.000731936,0.003899996,0.009629884,0.019561599,0.004823473,0.003238853,0.003410813,0.0026763,0.048359731,0.017127962,0.028073755,0.453363585,0.013505102,0.010209838,0.001625507,,0.008654697,0.006128612,0.002439668,0.000912684,0.002735692,0.00305992,0.001334275,0.005127312,0.000306331,0.001170839,0.002592205,0.00045857,0.00112171,0.001178525,0.004923309,0.001073478,0.000704471,,0.000854241,0.002064259,0.000592335,0.000957223,0.00385769,0.004212031,0.004231436,0.000481331,0.009791352,0.00093819,0.000591497,0.000744976,0.0025014,0.006679204,0.000917544,0.002054891,0.001064856,,0.004207542,0.000137248,0.011778502,9.20E-05,0.000975911,0.000683525,0.02734018,0.000617454,0.002890328,0.000758655,0.002888064,0.004895722,0.001412936,0.000591518,0.000584708,0.001507299,0.000628636,0.001826306,0.001109957,0.001080463,0.001473756,0.000681462,0.012837647,0.001059287,0.001710329,0.004771535,0.00153857,0.005452717,0.003226319,0.008028506,0.001935788,0.003206947,0.000434498,0.04437639,0.002942898,0.001596243,0.02136682,0.000642431,0.170441607,0.038698869,0.413313012,0.00347774,0.001969203,0.007387226,0.002096922,0.010443838,0.007930065,0.038362259,0.009269511,0.001836142,0.002508699,0.081266016,0.016091242,0.006430656,0.004154555,0.00602209,0.003372601,0.013864855,0.059516781,0.005381354,0.001047803,0.003213932,0.001888616,,0.005016752,0.002068386,0.006164731,0.000840193,0.002654805,0.002192765,0.004348466,0.001102341,0.001278295,0.012697963,0.001466433,0.035436159,0.149570119,0.01840141,0.00178094,0.0014553,0.009171375,0.001389914,0.004412061,0.001769922,0.002618609,0.00393652,0.003246108,0.010468999,0.002058588,0.016550228,0.017404677,0.000526235,0.004894051,0.097679775,0.003767004,0.01532525,0.003377399,0.003655263,1.659853636,0.005619078,0.002121373,0.006222305
Tyr,Variance,Replica 2,0.000412831,0.003720586,0.001977008,0.002489873,0.001100485,,0.002773235,0.002619613,0.000171273,0.012131271,0.006332605,0.001435615,0.001714031,0.001163387,,0.00154738,0.007227666,0.006781745,0.003348547,0.004174881,0.001436025,0.003200374,0.008064348,0.002277652,0.004354042,0.000775481,0.102500246,0.002800407,0.004150339,0.001066633,0.003129956,0.004020466,0.002290141,0.002406387,0.003523164,0.012071413,0.007836993,0.000195938,0.002367106,0.00835601,0.00073067,0.005342679,0.000603212,0.002177245,0.00068073,0.000661501,0.000677478,0.000678228,0.002308959,,0.013007686,0.001172405,0.000476083,0.00296931,0.003012999,0.000401793,,0.004445714,0.00603286,0.003991543,0.012877969,0.003391782,0.016505446,0.003512374,0.000500457,0.000765864,0.003122817,0.004801551,0.000625869,0.004053144,0.006822606,0.006680657,0.001606283,0.002631667,0.017605024,0.008074904,0.021561283,0.009616369,0.003524273,0.021798242,0.004274577,0.000615382,0.002385645,0.087192841,0.008933469,0.025125342,0.00410216,0.055557151,0.004344387,0.020585219,0.004555589,0.00133784,0.001284199,0.006524248,0.002094267,0.012067578,0.000202347,0.001513467,0.003092301,0.001632707,0.002447171,0.001803936,0.002212478,0.001180503,0.002010103,0.002894558,0.001732668,0.004373426,0.002061117,0.001305846,0.003798256,0.003232038,0.017701862,0.001013031,0.01401925,0.004107226,0.000840085,0.002417592,0.0037029,0.015147388,0.000336536,0.004702042,0.001490446,0.002638354,0.006423851,0.000915468,0.004327585,0.011772347,0.003915646,0.004008736,0.015336631,0.000240066,0.002672924,0.003095371,0.003342094,0.000381751,0.001649347,0.001076546,0.003408584,,0.001176067,0.002370192,0.002116622,0.003627587,0.002488833,0.001560536,0.038245395,0.001815818,0.003435444,0.00668775,0.003378501,0.010008455,0.005545801,0.006562363,0.002331038,0.002795468,0.000142794,0.000606965,0.00487519,0.017980703,0.117793214,0.001000668,,0.01382595,0.106588803,0.002808662,0.005017182,0.004931597,0.004901615,0.004401596,0.011936947,0.01654138,0.005092664,,0.003839557,0.171714616,0.005289424,0.006522557,0.00185405,0.006560936,0.003251199,0.010875985,0.01819168,0.00747824,0.003185508,0.008776361,0.002612441,0.00305085,0.023706646,0.005431581,0.006026158,0.005507108,0.007093304,0.00437282,0.004809801,0.003771643,0.002084652,0.00850931,0.003222441,0.009244404,0.012889681,0.009494719,0.002279215,0.005453732,0.006128483,0.003209163,0.00153613,0.004214389,0.010423354,0.032682294,0.000845999,0.022817457,0.004082042,0.004908977,0.00036124,0.000315254,0.003659305,0.024899775,0.002888122,0.012916062,0.001639463,0.006366847,0.016905065,0.002720467,0.000938634,0.003526155
Pro,Variance,Replica 2,0.000128849,0.000386715,,0.003387503,0.000631809,,0.001442235,0.003617787,0.009601248,0.004740907,0.006711213,0.005641602,0.000471204,0.002240072,0.000300399,0.002772803,0.002923889,0.008452046,0.00066293,0.001349555,0.00068382,0.003760195,0.008915418,0.003059134,0.005200604,0.001964892,0.004921215,0.000745953,0.000633665,0.000719339,0.000919123,0.000437992,0.001031622,0.001050662,0.001017362,0.002514322,0.000655866,0.000212267,0.000729187,0.01258881,0.000408814,0.000269826,0.00027631,0.000535348,0.000213347,0.011564182,0.000279775,0.000790865,0.00018523,0.000266063,0.00026519,0.000376838,0.000396796,0.001476689,0.000875168,0.000885978,0.001705607,0.006633233,0.001044621,0.005655607,,0.001805908,0.008326534,0.001790693,0.000837115,0.000325797,0.001940817,0.000778924,0.000351979,0.003417257,0.000698774,0.000356982,0.000961987,0.00197874,0.002914381,0.000754624,0.008731069,0.002570246,0.001993518,0.005516787,0.002602384,0.013449184,0.021803013,0.024800465,0.000369738,0.018251856,0.004630055,0.005915955,0.005334748,0.006409865,0.001228648,0.000734156,0.001199236,0.018183883,0.000946515,0.000726758,0.000613815,,0.001122809,0.000903485,0.00092816,0.002134104,0.001773443,0.000643722,0.000605194,0.00054194,0.00087903,0.000757767,0.00084669,0.000593962,0.001456861,0.002305031,0.001417533,0.001344368,0.001311694,0.000581069,0.000623501,0.000465673,0.000303426,0.000237384,0.000308566,0.000271947,0.000160001,0.000245547,0.000746203,0.000160873,0.000294246,0.002664019,0.001759675,0.003232032,0.000969321,0.001073134,0.000364213,0.000736587,0.00055702,0.000416514,0.009470268,0.001865647,0.000123485,0.000149151,0.001500263,0.001364503,0.00066536,0.000826411,0.001055759,0.000986958,0.026565663,0.000871221,,0.001970376,0.001797295,0.002259749,0.003983426,0.002404874,0.02761915,,0.00025466,0.006840699,0.000288574,0.000159255,0.000178295,0.000214031,0.003510153,0.000189913,0.000239297,0.002497687,0.00148092,0.003537774,0.000991659,,0.003428117,,0.002462285,0.005283908,0.002532091,0.009283535,0.003453914,0.003876396,0.002584798,0.001016932,0.001986538,0.005845878,0.009938389,0.002932141,0.001668256,0.005074584,0.001960687,0.003599172,0.068580137,0.000220287,0.010125473,0.002505028,0.001725577,0.001191981,0.001579617,0.002912136,0.002055405,0.003629541,0.002500417,,0.004441352,0.001703071,0.000104354,0.001752272,0.000114994,0.001274507,0.001014901,0.008524141,0.003760187,0.004773086,0.000321221,0.000194102,0.001317349,0.004171072,8.93E-05,0.000159453,0.004164681,0.023252149,0.000101628,0.000357275,0.001437478,0.002796258,0.004227402,0.000675628,0.000445436,0.00173896
Met,Variance,Replica 2,,0.001862492,0.002713241,0.003415842,0.002140604,0.624508008,0.01183969,0.001201815,0.00895441,0.013413754,0.009576881,0.004981189,0.00051443,0.003203919,0.024646289,0.003255501,0.011370197,0.007011784,0.00691097,0.007457089,0.002554719,0.003979074,0.014253644,0.003029525,0.001734283,0.001472455,0.030519616,0.013768624,0.004337781,0.002241354,0.000594988,0.005969634,0.005302686,0.003144996,0.004432242,0.005235517,0.016707724,0.000453383,0.004952522,0.005613836,0.00533734,0.002540338,0.010235176,0.002553072,0.000509009,0.001901238,0.014692628,0.034184794,0.007472446,0.003301402,0.005635409,0.003455834,0.001169685,0.004922263,0.003696125,0.00549991,0.011137321,0.003653331,0.005765913,0.003700073,0.014801179,0.005118862,0.010323493,0.008292861,0.000564378,0.000544161,0.011706327,,0.004389284,0.008441201,,0.005321483,0.037154246,0.008057818,0.004097704,0.003136753,0.01883786,0.007172387,0.024258921,0.004857947,0.042927248,0.004252767,0.041812959,0.009277525,0.004897226,0.021186904,0.010860264,0.034614345,0.006407789,0.007503753,0.004721479,0.005358909,0.003632155,0.004034115,0.003086705,0.002370214,0.001688836,0.002511234,0.000492767,0.005910112,0.00256683,0.009336948,0.002259556,0.002155461,0.002801188,0.002339633,0.002046761,0.009904341,0.004413614,0.008677348,0.004881745,0.027208014,0.002019296,0.019322837,0.007650108,0.00140855,0.000431926,0.003851726,0.0062306,0.020370708,0.001344182,0.008692773,0.006880321,0.007342198,0.005095163,0.005987477,0.098984107,0.003683346,0.005426471,0.003210371,0.00186933,0.005590819,0.010138614,0.003279852,0.003949997,0.006049393,0.022809967,0.004572762,0.004252728,0.003159245,0.002774332,0.002656248,0.005780674,0.001966618,0.002896959,0.003389322,0.003693566,0.003616729,0.002798498,0.003411977,0.006970807,0.008265647,0.004641672,0.008372898,0.00717726,0.003071106,0.000472247,0.001041621,0.010553769,0.005096455,0.001011339,0.040643606,0.041517302,0.022985894,0.007571984,0.001865761,0.009620775,0.025968766,0.005964178,0.003534113,0.006652881,0.018682177,0.017687509,0.022981183,0.006331514,0.015779925,0.034991292,0.015604204,0.008480377,0.022171933,0.00760612,0.004588198,0.004834856,0.007222102,0.004863262,0.007859746,0.0036757,0.004245084,0.040368098,0.007576152,0.029641617,0.00548271,0.007975141,0.002816671,0.012787489,0.004194927,0.005617692,0.016367356,0.008250757,0.003547964,0.004591637,0.004139262,0.006408686,0.001662586,0.013261825,0.003234704,0.003707773,0.004385094,0.044500668,0.007532413,0.001246511,0.007075923,0.002371864,0.005545801,0.030878135,0.001516554,0.021233538,0.008957879,0.002448819,0.037854515,0.00294908,0.00496124,0.010777014,0.00172623,0.001671353,0.017280093
Ile,Variance,Replica 2,2.71E-05,0.002520493,0.000970778,,0.000393646,,0.001735993,0.002058742,0.00402797,0.001985867,0.001616791,0.001238176,0.001331159,0.001354488,0.001855118,0.000848505,0.004021453,0.002015465,0.001652254,0.002154811,0.00084155,0.001069545,0.001890262,0.001092564,0.001089857,0.000370255,0.002928708,0.004013853,0.000688184,0.001182537,0.000527671,0.001131912,0.000721881,0.000994463,0.001181318,0.000837617,0.002050216,0.000321947,0.000844598,0.002099689,0.000420066,0.0028175,0.001653769,0.001182601,0.000214653,0.017173589,,0.002397977,0.002749801,0.002174321,0.001232891,,0.003348841,0.002907533,0.002230825,0.000963334,0.00723741,0.002696423,0.002004404,0.001769455,0.004383521,0.001415051,0.002675302,0.005915067,0.000777024,0.000206596,0.001377506,0.002964374,0.000482987,0.003730136,0.001967441,0.005901293,0.002850457,0.00166918,0.003640486,0.002658947,0.018767636,0.006043364,0.002262054,0.005322712,0.004285562,0.005726997,0.001531463,0.003900622,0.000658863,0.001928757,0.00177971,0.00504245,0.003747274,0.0018352,0.002105268,0.000701282,0.000699174,0.001192099,0.000800815,0.001819047,0.000107159,0.00059273,0.000169579,0.000392287,0.000772803,0.000925976,0.000643479,0.001517928,0.000738481,0.000737182,0.000806711,0.001025107,0.001067788,0.001049897,,0.001576341,0.001546056,0.004494472,0.000584582,0.000960897,0.00032827,0.00034021,0.000826512,,0.000416738,0.004596386,0.000577068,0.003172266,0.001267382,0.000177581,6.34E-05,0.000158858,,0.001392449,0.001552832,0.000770037,0.004891998,0.000531372,0.001006325,,0.000829575,0.000501075,0.000589896,0.001093589,0.00084929,0.000903971,0.001184795,0.000962146,0.000768683,0.000815717,,0.001285517,0.001560192,0.001524373,0.000733856,0.003986494,0.003411019,0.002061783,0.000378827,0.002272555,0.000665331,0.000768583,0.00227223,0.001554865,0.004972771,0.015519912,0.013085919,0.005078331,0.009162102,0.001586232,0.001957891,0.004408895,0.001491693,0.001841343,0.004957413,0.003258769,0.001475006,0.004338192,0.002415256,0.006335761,0.003112125,0.006205702,0.001249925,0.004874788,0.002759793,0.001227028,0.008109078,0.004087748,0.000789874,0.002137621,0.000930709,0.002408895,0.00697128,,0.002845144,0.001539315,0.001422593,0.000956278,0.002802446,0.001091818,0.000916834,0.005157094,0.001401031,0.002071018,0.001996871,0.006520442,0.00162337,0.000948131,0.0002454,0.001315691,0.001235047,0.001178785,0.004658172,0.003522405,0.001139792,0.015903203,0.001506858,0.001278363,0.002479455,0.005140118,0.003280915,0.002637617,0.001051796,0.003630076,0.00151258,0.001759829,0.005693652,0.001066005,0.000538232,0.001812598
Leu,Variance,Replica 2,5.51E-05,0.000993533,0.000533597,0.000390273,0.000203393,8.076400073,0.001036189,0.001987713,,0.001157193,0.003616638,0.001149694,,0.00115998,0.000398672,0.000380347,0.000384127,0.001110715,0.00064571,0.0007196,0.000733088,,,0.000903555,0.000797727,0.002250602,,0.002774,0.00131275,0.000247837,0.000157664,0.000485993,0.000433206,0.000456948,0.000445838,0.000973351,0.001980838,5.85E-05,0.000694684,,0.000136656,0.00342763,,0.000556476,8.50E-05,0.000151087,0.000745752,,0.001454347,0.000484278,0.000570151,0.001349056,8.98E-05,0.00098109,0.000914956,,0.001002113,0.000544107,0.000598317,0.000807464,0.002065661,0.000560312,0.000686556,0.001136605,8.99E-05,0.000763552,0.0006508,0.001168749,0.000241663,0.001833403,0.00100202,0.001947466,0.000209092,0.000802424,,0.004331939,0.002206478,0.001346801,0.000810244,0.00108242,,0.000535139,0.010239812,,0.001179195,0.001740682,0.000860481,0.007874537,0.000954545,,0.001120859,0.000330874,0.000600224,,0.000522246,,0.000184972,0.000427469,6.43E-05,0.00037852,,0.000441104,0.000873293,0.000170433,0.000339878,0.000360493,0.000270864,0.000409171,0.000255185,0.000844395,0.000839165,,0.000482254,0.000986803,0.000555181,0.000334793,0.000122932,0.000234729,,0.001321335,0.000137679,0.001006132,0.000197928,0.001095176,,0.000144427,0.000839755,0.000110334,0.000541253,0.000682965,0.003630105,0.000637247,0.001535197,0.000286961,,0.000515751,,0.000209167,0.000247106,0.000444801,0.000324808,0.000747017,0.000375463,,0.000656405,0.000337113,0.00343927,0.000400649,0.00043733,0.001002955,0.000568323,0.001209636,0.002972915,0.002246745,0.00490219,0.000870553,0.000150481,0.023755839,0.001258628,,0.002213508,0.019570153,0.013347542,,0.002356013,0.001058021,0.000819452,0.001583366,,0.001128621,,0.002881476,0.000599266,0.001014585,,0.001623718,0.002096061,0.001567506,0.001133,0.001691027,0.000868897,0.001257957,0.013868501,0.001359829,0.000442754,0.001108874,0.000526547,0.001271677,0.002380022,0.001046858,0.000986043,0.000845374,0.000551229,0.000717853,0.001064084,0.000474819,,0.002821522,0.000533256,0.001664994,0.002046869,0.001479796,0.000642468,0.000488577,0.006192225,0.000573858,0.001027251,0.000555196,0.000728368,0.001372789,0.000265796,0.000605764,0.000855247,0.001077882,0.000943859,0.00018833,0.000881504,0.011625673,0.000634098,,0.000678336,0.001808219,,0.000799643,,0.001620305
Val,Variance,Replica 2,4.65E-05,0.000183252,0.001719069,0.00316562,,0.462122916,0.001258228,0.004809371,0.004232868,0.002908772,0.002701673,0.001405347,0.001437666,0.000548835,0.000328624,0.001274925,0.003256904,0.002395942,0.001249375,0.001250129,0.000690364,0.001009634,0.002199378,0.000751726,0.001137694,0.001283932,0.002779379,0.003816213,0.000971269,0.00087573,0.000608691,0.000928041,0.001057334,0.000910074,0.001580612,0.002309175,0.000561479,0.000175197,0.000658399,0.003122154,0.000616403,0.002193995,0.003811924,0.0009867,0.000920463,0.003935587,0.001481112,0.001963718,0.002134054,0.001888873,,0.005306809,0.000866122,0.004683846,0.001458014,0.001089015,0.002293596,0.00124351,0.002210515,0.002536892,0.005278322,0.001687941,,0.001824239,0.004100869,0.000335483,0.001873171,0.003330396,0.000427762,0.001694163,0.001262997,0.003380797,0.014092552,0.003042688,0.002783171,,0.006427405,0.010696991,0.003321564,0.006711324,0.004290795,0.001834673,0.005814237,0.002660354,0.002425691,0.002572673,0.002220772,0.004947001,0.003246494,0.001244692,0.001041231,0.001002602,0.000618212,0.001546888,0.000883866,0.001034931,0.000127631,0.000776691,0.000275218,0.000578782,0.000830548,0.001351758,0.001077744,0.000971721,0.00144922,0.000522322,0.001513657,0.000522007,0.000712103,0.000530877,0.000549379,0.003030324,0.001059094,0.002150896,0.002165728,,0.003069197,0.00053009,0.000726543,0.001056931,0.000532737,0.001480256,,0.001479366,0.001447291,0.000558795,0.011954012,0.000617125,0.000977623,0.002318792,0.000763388,,0.001716377,0.000425843,0.000686759,0.000625905,0.001616985,0.000643519,0.00066124,0.000738367,0.000774282,0.001219373,0.00180539,0.002022291,0.000621417,0.000843042,0.002310906,0.001816644,0.001539155,0.001407873,0.002104151,0.00286274,0.001246248,0.001371261,0.000457767,0.001016652,0.000385428,0.002903683,0.00227612,0.003410103,0.006210221,0.013203832,0.008772705,0.007056607,0.005143066,0.001013419,0.00145548,0.005445811,0.001707084,0.001385804,0.002652555,0.001870824,0.001269914,0.006222335,0.003232625,,,0.00454881,,0.003822453,0.003876861,0.005191478,0.002055543,0.001937414,0.00126002,0.00213441,0.000608537,0.001799813,0.006028559,0.002212816,0.002565115,0.001745793,0.003652231,,0.002050304,0.001980843,0.001852761,0.003276189,0.001605596,0.001352104,,,0.001454797,0.001396411,0.000566856,0.001500917,0.000953816,0.001658882,0.00174996,0.004350382,0.007259495,0.019666593,0.000863721,0.000843522,0.001263146,0.005514279,0.001968595,0.008078862,0.000760316,0.002441579,0.0013582,0.002146301,0.002032484,0.000530245,0.000466071,0.001667023
Ala,Variance,Replica 2,0.001307804,0.001637752,0.002683515,0.011208022,0.0010336,,0.006524542,0.002166552,0.006293746,0.006218897,0.005008406,0.010100247,0.002250902,0.001458273,0.001293588,0.001457784,0.003660296,0.003557931,0.001919778,0.000597983,0.001026922,0.001885608,0.004943305,0.001199887,0.001684206,,0.012576881,0.003378909,0.005168101,0.001088103,0.007082995,,0.00272139,0.00182416,0.00282769,0.00211094,0.004829034,0.000575024,0.001469883,0.006416178,0.001837182,0.000450963,0.002624585,0.00064559,0.000379462,0.006268902,0.010555741,0.009122702,0.001125874,0.002630375,0.001820535,0.049896366,,0.009061738,,0.00727415,0.006899658,0.001744294,0.00237598,0.003558354,0.007681894,0.003494339,0.003451575,0.002183579,0.007692713,0.002462243,0.002603629,0.005057589,0.003166721,0.002771224,0.004731665,0.003048961,,0.007460741,0.003845105,0.002739579,0.009518168,0.002885592,0.00463433,0.00311479,0.004753443,,0.007922122,0.020749521,,0.002899629,0.01129272,0.003887923,0.002922902,0.001970306,0.001424228,0.001422273,0.00081145,0.011688213,0.001953361,0.008024756,0.00086859,0.001339137,0.001966778,0.001899478,0.001610434,0.001981458,0.000920072,0.001441922,0.003164753,0.001985505,0.001007985,0.0019618,0.001050157,0.000527481,0.001462404,0.001850046,,0.005495143,0.005619696,0.002867533,0.000657321,,0.002584464,0.004022459,0.004599527,0.002018111,0.001175852,0.002390494,0.003979846,0.001522172,0.002866977,0.005327017,0.00284,0.006738848,0.001318589,0.001354954,0.001790355,0.000716815,0.001025518,0.001807368,0.002937051,0.001802471,0.002017811,0.003574443,0.000896302,0.000964725,0.002357292,0.006552994,0.000821062,0.001263905,0.003278498,0.003467173,0.002220486,0.001646833,0.003527984,0.00263583,0.001750289,0.001522183,0.006602561,0.001790439,0.000285045,0.012307677,0.001879332,0.021786108,0.018745092,0.017323197,0.005805235,0.015164494,0.008543221,0.001156639,0.005169386,0.011725401,0.003370112,0.001831118,0.007833075,0.00197143,0.009283171,0.0098098,0.003547849,0.007037622,0.003052007,0.025452863,0.002258825,0.002572234,0.009587723,0.00677349,,0.003286181,0.002275311,0.003080821,0.000955566,0.001899149,0.005605474,0.003045938,0.005431683,0.003810496,0.010428761,0.001504617,0.002131033,0.00215551,0.004991593,0.011922166,0.003068115,0.002032763,0.002410657,0.001576682,0.002316054,0.00295641,0.004858522,0.002599325,0.001182177,0.004058775,0.003200384,0.009368936,,0.001752441,0.001028047,,,,0.015372707,0.017206691,,0.002992434,0.0013675,0.003372725,0.002662963,0.000933988,0.000602166,0.002798139
Gly,Variance,Replica 2,0.001004042,0.000248943,0.001447812,0.009621831,0.000646151,,0.004632042,0.001570762,0.00052507,0.014627697,0.003529805,0.000990889,0.000174041,,0.000248298,0.003985734,0.000306759,0.002895457,0.003591882,0.001085557,0.001399547,0.00220819,0.012655805,0.001490158,0.001776896,0.002869901,0.007131053,0.003739655,0.017180948,0.001046491,0.004126241,0.002222077,0.001277807,0.00184012,0.001700355,0.003884934,0.001606078,0.00082477,0.002792834,0.000347075,0.001069538,0.000336668,0.00197962,,0.000604865,0.003147525,0.000995984,0.000893292,0.001151537,0.00328199,0.009897151,0.001069781,0.001016568,0.005620751,0.002215537,0.000328079,0.024320249,0.00161274,0.00296787,0.004642823,0.010118554,0.002136671,0.004536467,0.0022121,0.002502685,,0.002623673,0.015413908,0.001997841,0.003677407,0.010978711,0.008168009,0.003747783,0.003869196,0.001733403,0.009221465,0.029739846,,0.003072581,0.004401191,0.01758577,0.000497977,0.017181824,0.002747682,0.002040053,0.002779188,0.020447385,0.075309212,0.006661245,0.025329147,,0.001329768,0.001090296,0.015871995,0.001390084,0.013666753,,0.001341729,,0.002065461,0.00129159,0.003530667,0.001657059,,,0.001230396,0.001202457,0.003099304,0.000850751,0.000760778,0.002188387,0.006763153,0.001689846,0.001833802,0.001833284,0.009937943,0.000699351,0.00290566,0.000798663,0.002346171,,,0.002309064,0.003985692,0.008082185,0.001027916,0.003369498,0.002577391,0.002089248,0.002039366,0.001993046,0.005240018,0.001839207,0.000524941,0.002559851,0.000538105,0.002068313,0.000839437,0.004011141,0.001981485,0.000751943,0.001532692,0.005465911,0.016677834,0.001256148,0.002177973,0.005258127,0.004578604,0.002733133,,0.003165296,0.004846283,0.0012996,0.0013124,0.00659193,0.001518092,0.000211255,0.00508231,0.002799064,0.000120676,0.008247573,0.012252906,0.023967699,0.01124255,0.003961744,,0.004241949,0.02749139,0.004595959,0.004027116,0.004799389,0.002330603,0.003743112,0.006282738,0.004789433,0.011222928,0.002260847,0.043122663,0.002392008,0.006670461,,0.007980075,0.004081378,0.002563992,0.002451693,0.003232086,0.001160837,0.013957043,0.015372422,0.012940837,0.003810034,0.003922479,0.006524604,0.001196628,0.003780737,,0.005421814,0.003965043,0.002310373,0.002337411,0.00359597,0.002797658,,0.003149888,,0.00285572,0.00156174,0.002452807,0.00344874,0.008568641,0.002732472,0.0044845,0.001881364,0.001466919,0.001870365,0.00383535,0.004789351,0.007749352,0.001055399,0.002653902,0.001339082,0.003255657,0.00440298,0.001011924,0.000764428,0.002145823
Cys,Variance,Replica 2,0.000697351,0.006237206,0.002062735,0.006292477,0.000890654,,0.00705437,0.001114003,0.004404839,0.003016246,0.012431366,0.006926111,0.009931987,0.003270747,0.001719042,0.002060811,0.001982242,0.008049429,0.003177969,0.002876784,0.004400408,0.019283766,0.006169588,0.005625173,0.00467294,0.003622819,0.021099795,0.006207994,0.017230272,0.003728875,0.070881277,0.002656967,0.001652767,0.002102186,0.005139479,0.005555489,0.033046263,0.001306065,0.002254046,0.00698545,0.000525656,0.00719907,0.000139624,0.01551614,0.000304578,0.00327779,0.01207484,0.008709598,0.003212473,0.003923267,0.001996506,0.048025726,0.001642403,0.004445552,0.007008073,0.006515812,0.004790471,0.006089251,0.004089921,0.004218518,0.010260781,0.00259399,0.010604445,0.00654885,0.011863189,0.008640564,0.003139285,0.012879233,0.002303971,0.004186069,0.009948985,0.00438411,0.008438536,0.008266862,0.029238109,0.00935188,0.010184789,0.00464632,0.008213733,0.058064408,0.043665809,0.006856287,0.046137646,0.254214709,0.012056405,0.028132803,0.003475309,0.01706888,0.012402578,0.03114447,0.004708944,0.002282426,,0.001341216,0.001406627,0.007961167,0.004396029,0.00603613,0.005658489,0.001391707,0.002907881,0.001686309,0.001246696,0.001935944,0.003305966,0.0047515,0.001863444,0.002001339,0.001762417,0.001439107,0.002014392,0.005859166,0.003189728,0.004224319,0.002171865,0.005414834,0.002534023,0.005180432,0.002559009,0.009426282,0.009610204,0.002403989,0.001858827,0.004537038,0.003954978,0.007019059,0.005091554,0.003096807,0.003742029,0.007708433,0.048757365,0.001390231,0.002445731,0.001442668,0.002094891,0.002653627,0.002181136,0.001507481,0.002143985,0.008789693,0.000753349,0.002840269,0.003456756,0.012917519,0.007116628,0.001753952,0.016786908,0.004395695,0.004068,0.007383712,0.002574396,0.024488595,0.002664587,0.008086162,0.003572947,0.001944299,0.001222537,0.041406093,0.009678859,0.004783194,0.004666697,0.549039596,0.039706386,0.010298636,0.020354809,0.004426858,0.003386976,0.025774638,0.002824687,0.008761475,0.018017654,0.005604813,0.009891547,0.006954322,0.005786942,0.030774973,0.013773342,0.011911146,0.006865115,0.02374321,0.008214711,0.008626313,0.010240906,0.008615105,0.003223248,0.012213467,0.004115556,0.008643528,0.010525569,0.008770186,0.019867612,,0.006560022,0.006567148,0.008579924,0.003501882,0.001647782,0.010475075,0.00429289,0.009949727,0.764219436,0.010580503,0.00366826,0.002695782,0.013433485,0.003552374,0.006565341,0.006663168,0.001395327,0.010693323,0.00887899,0.004401424,0.009135778,0.0081931,0.005375141,0.013654561,0.003500952,4.373702986,0.002357113,0.01165082,0.005301957,0.012300461,0.023684396,0.003323653,0.00171484,0.015151322
Ser,Variance,Replica 2,0.000215017,0.001300975,0.00075988,0.001550309,0.000372206,0.304803873,0.001997457,0.000750719,0.002381621,0.002140084,0.001801118,0.0023343,0.001448857,0.001310047,0.000351806,0.000751869,0.001766732,0.001748667,0.000559076,0.001000841,0.000951171,0.002761643,0.003326704,0.000836248,0.001013157,0.00130225,0.013228414,0.002793416,0.00256854,0.000447209,,0.000883946,,,0.000817883,0.001515887,0.001048693,0.000591271,0.001161221,0.003662823,0.000161957,0.000396909,0.002506715,0.000897851,0.000216293,,0.000178317,0.001909252,,0.00145742,0.001078548,0.003152273,0.000787557,0.001994803,0.001470747,0.000987575,0.006036342,0.001171489,0.001813762,0.003078662,0.003061062,0.000878279,0.001761625,0.001308044,0.002421093,0.004454797,0.001414319,0.003098597,,0.001671731,0.006682937,0.001626164,0.003146054,0.00155569,0.013502229,0.002396491,0.001715117,0.001836861,0.002092026,0.001134198,0.038245395,0.001963717,0.006999139,0.022677167,0.001616991,0.002323535,0.001482769,0.088640919,0.001331568,0.008813784,0.001114009,0.000712151,0.000645694,0.001799583,0.001271751,0.002829406,0.000808793,0.000466091,0.001440509,0.00063288,0.000606295,0.000926215,,0.000958067,0.000539946,0.00072565,0.000659264,0.000645542,0.000529308,,0.000867231,0.001086684,0.000739497,0.001514271,0.001051849,0.002109724,0.000220274,0.001057631,0.000662317,0.001971262,0.003905521,0.000964658,0.001659704,0.00155659,0.001231309,0.000718279,,0.000687426,0.001316286,0.001535552,0.001461798,0.000819904,0.000742362,0.000366274,0.001003599,0.002789757,0.000627718,0.000416472,0.001707561,0.003008724,0.00031516,0.00090061,0.000538406,0.001049175,0.001061452,0.000535998,0.002371294,,0.001056013,0.000865608,0.00180013,0.001703699,0.001311365,0.001155507,0.002818385,0.000805383,9.08E-05,0.001693557,0.001409338,0.000321148,0.016778737,0.011841335,0.01913347,0.002255517,0.019955667,0.000899764,0.001182918,0.005698321,0.001262752,0.002209854,0.003257516,0.001513185,0.002234468,0.001713431,0.001948588,0.004747818,0.00225822,0.003814142,0.00157083,0.003856502,0.002402816,0.004525764,0.002737665,0.002080157,0.001173677,0.002783937,0.00081162,0.002595764,0.004640772,0.001946772,0.00231122,0.001431611,0.001972911,0.000931048,,0.001050668,0.001260036,,0.00125142,0.002948879,0.00474185,0.0014856,0.001087842,0.000912602,0.001961324,,,0.001698791,0.001004166,0.006854737,0.002088297,0.000734141,0.000941055,0.001330447,0.001259518,0.00189986,0.00351156,0.024868533,0.000650579,0.002140264,0.001221226,0.002139487,0.002177629,0.000753889,0.000374273,0.003500977
Thr,Variance,Replica 2,0.00150223,0.002179429,0.001640883,0.002267127,0.000494467,0.065132128,0.00328083,0.001345921,0.00912786,0.002761106,0.002126645,0.002147197,0.00119638,0.001695005,0.001501181,,0.001404022,0.002829077,0.001575888,0.001672908,0.000608493,0.000739027,0.006332908,0.001235438,0.001011716,0.00117834,0.009716157,,0.009245219,0.001004404,0.002454451,0.000851484,0.001704629,0.001434113,0.002028031,0.001702845,0.000775657,0.000165638,0.000596811,0.003352828,0.000365541,0.002069883,0.002832989,0.00094873,0.000430045,0.002455643,0.006861989,0.004113885,0.001278776,0.002370104,0.001171824,0.010925054,0.001965214,0.00387668,0.002289029,0.005428506,0.003077372,0.001021841,0.002545359,0.002963292,0.005939961,0.001339562,0.004405294,0.002793865,0.005898919,0.000288922,0.004092384,0.004477812,0.002339092,0.004605999,0.003025138,0.002426509,0.012136598,,0.006509728,0.00204398,0.009781676,0.005511664,0.001990098,,0.00499376,0.003686865,0.001897387,0.004449834,0.004170645,0.001089658,0.004092859,0.004434247,0.005324232,0.002063759,0.001576107,0.001010829,0.000746761,0.001629108,0.001091243,0.003057708,0.000546125,0.000632259,0.001284798,0.001185823,0.001134509,0.001052152,0.000569288,0.001702034,0.001620843,0.001621402,0.000700824,0.002265295,0.001055849,0.000373271,0.001175778,0.002724644,0.001791538,0.007163337,,0.001349092,0.000461885,0.011453802,0.000920182,0.004176072,0.004831179,0.000829107,0.000966673,0.005180037,0.003126887,0.002103134,0.004962542,0.002015637,0.00280468,0.00306379,,0.001374947,0.002750275,0.000443262,0.001171426,0.001441806,0.002409012,0.000908664,0.001876597,0.002605858,0.00063393,,0.001222232,0.00115499,0.001065315,0.000817659,0.001738212,0.001995018,0.002263527,0.002530693,0.003441377,0.004116701,0.001307967,0.001149612,0.005369175,0.001649832,0.000222595,,0.001692709,0.007423321,0.007129326,0.0186286,0.012537553,0.003735576,0.019533307,0.001330104,0.004134303,0.010287513,0.001359804,0.001138687,0.001812708,0.00231511,,0.004672694,0.004292306,0.006067522,0.004362065,0.00578713,0.001701712,0.001889056,0.00264816,0.002844619,0.001991865,0.001504274,0.001598489,0.00218569,0.000951325,0.0011421,,0.002976727,0.003735374,0.003071177,0.002816819,0.000821305,0.001948734,0.001682174,0.002775088,0.013542527,0.003160127,0.002183126,0.001793196,0.002484466,0.003224414,,0.008104365,0.001145721,0.000636592,0.001784534,0.002155887,0.016130993,0.00453485,0.002016905,0.001380521,0.001010476,0.002210921,0.00570623,0.005661186,0.006331266,0.000807355,0.004190187,0.002038435,0.001970945,0.004068638,0.000624424,0.00062971,0.002102871
Gln,Variance,Replica 2,0.00055638,0.001989384,0.002477792,0.002298015,0.001035911,,0.000658976,0.021323381,0.014289106,,0.007353264,0.016167775,0.004461679,0.002356302,0.003311211,0.004775955,0.001499534,0.008724585,0.002857804,,0.002371254,0.021786059,0.029800738,,,0.000374733,0.159193403,0.012274885,0.006461706,0.002064275,0.001755982,0.004013405,0.002065398,0.002151883,0.002273445,0.006410234,0.007424381,0.001819425,0.001530683,0.005843852,0.011276564,0.004331658,0.001580415,0.002358315,0.000411077,0.005545638,0.001039074,0.011641456,0.003426651,0.002374496,0.011629443,0.003693679,0.001328906,0.003371891,0.003418644,0.002304712,0.010209121,0.001865323,0.003157292,0.00540149,0.005191193,0.002905778,0.005422879,0.00396842,0.006706057,0.002126266,0.005588606,0.021763367,0.000685542,0.0058639,0.005825442,0.005212413,0.011244914,0.003364092,0.005408582,0.161652836,0.004901006,0.006209273,0.005624618,0.003249458,0.154837398,0.010059785,0.034734214,0.059089552,0.016952299,0.004353525,0.002818693,0.149242565,0.006191533,0.001641369,0.004592204,0.001459679,0.003737741,0.002597994,0.002885761,0.004500577,0.003326496,0.0033104,0.002531277,0.001602797,0.001515782,0.002866341,0.001377286,0.001287234,0.001148565,0.003212591,0.003346781,0.001609343,0.001443275,0.003298267,0.009036861,0.002681115,0.00152165,0.009351763,0.012019558,0.006064734,0.001281667,0.001518628,0.001632998,0.000575977,0.000394927,0.00645157,0.001716575,0.073582107,0.001122925,0.003166785,0.006956532,0.008136245,0.003560705,,0.021555799,0.0005904,0.00351143,0.00231094,0.005068997,0.001945298,0.002441797,0.002211526,0.005016902,0.012493891,,0.002440655,0.001433949,0.03939738,0.002391143,0.00094927,0.013265557,0.002122317,0.001848201,0.002675908,0.003327655,0.010040088,,0.012858601,0.120289663,0.004353353,0.002837314,0.148303873,0.008684974,0.000508733,,0.21237743,,0.006739616,,0.005047595,0.005239259,0.015515206,0.003932282,0.002693899,0.013991763,0.00995351,0.002189537,0.006005026,0.005912817,0.015102416,0.006021042,,0.003770988,0.009798008,0.004315778,0.003767142,0.021129818,0.01092992,0.002508791,,0.001966702,0.004734657,0.023071656,0.010147354,0.005410865,0.006343006,,0.004381626,0.002045863,0.003069102,0.003366019,0.017427771,0.007795442,0.009841348,0.007683484,0.003024796,0.004237072,0.001474741,0.009785986,0.003297714,0.002532659,0.004017627,0.005043381,0.013808588,0.000563875,0.004870828,,0.009172026,0.000346293,0.000123337,0.004864456,,0.0040345,0.009212933,0.003019195,0.031588473,0.019652007,0.003470388,0.000880763,0.005114999
Asn,Variance,Replica 2,0.00060922,,0.002722022,0.004919895,0.001738463,0.156381326,,0.003636415,0.027226475,0.009745649,0.010172539,0.004189103,0.00355253,0.005320393,0.003838545,0.002505689,0.002914435,,0.002934555,0.004839045,0.001820931,0.002239907,0.003576481,0.001752214,0.002584758,0.000634452,0.021000321,0.010960681,0.002547246,0.001762465,0.013801994,0.003248886,0.004600596,0.003736246,0.004278062,0.004713691,,0.007312872,0.002084436,0.000820312,0.003092981,0.007342671,0.002740581,0.002803894,0.001302046,0.01083919,0.004068442,0.005894063,0.00240629,0.006145051,0.004554163,0.006086703,0.004496231,,0.011578041,0.000822546,0.018446605,0.007329726,0.008016298,0.005516379,0.008415464,0.003438705,0.011669933,0.013578995,0.000473891,0.006421285,0.004650961,0.007667461,0.00346804,0.008924133,0.043415167,0.013953688,0.002911498,0.008866699,0.020335924,0.008431255,0.010026631,0.051971824,,0.003842501,0.10443849,0.057780198,0.004193348,0.004675513,0.010434488,0.011377945,0.003813365,0.019419703,0.001918706,0.001445738,0.002303079,0.002599624,0.001975938,0.014967893,0.001602121,0.004022806,0.003948679,0.002074345,0.002968043,0.00362247,0.00388471,0.005376607,0.001664572,0.011038166,0.003879197,0.003085229,0.001877517,0.004383197,0.004220927,0.001030188,0.008186673,0.021915429,0.005901874,0.003942545,0.003404126,0.005710725,0.000878409,0.000943534,0.000385458,0.005090992,0.000421357,0.017172128,0.001197439,0.026726043,0.016003971,0.004327151,0.044268661,0.004838206,0.027776616,0.005121686,0.003626306,0.000451792,0.012499666,0.001185617,0.002249258,0.001524654,0.002030187,,0.004205358,0.014636477,0.002018492,0.003221407,0.003107511,0.005772659,0.002752266,0.002589526,0.015725196,0.003636403,0.013170034,0.003871642,0.007849429,0.005822708,0.005782947,0.005129437,0.01536288,0.008878401,0.001431826,0.03205389,0.002688544,0.000374553,0.011152524,1.242392939,0.091236483,0.015374234,0.036096545,0.001712208,0.005013221,0.019481669,0.004006309,0.005443847,0.057219377,0.005069085,0.00330758,0.010141986,0.005688481,0.008687934,0.004874723,0.012160448,0.004825945,0.008837976,0.006812974,0.021894525,0.009620646,0.003553471,0.002090487,0.007482295,0.003502702,0.002146428,0.010880244,0.010026108,0.009715861,0.005202755,0.006804993,0.002125995,0.016119653,0.008687656,0.00528096,0.017931088,0.005883033,0.007753159,0.005467597,0.015733105,0.004850817,0.006658026,0.008374405,0.004648693,0.002706398,0.002714679,0.007949838,0.028895222,0.002311531,0.012659037,0.011892935,0.003595853,0.009995137,0.001956137,0.007478789,0.007978504,0.002082524,0.008143176,0.002503067,0.004236458,0.045964271,0.00222997,0.000883635,0.006420018
Asp,Variance,Replica 2,0.002537489,0.005296067,0.004474785,0.007195012,0.002026351,,0.008707401,0.004698682,0.000542353,0.021562157,0.005463192,0.021138703,0.001088146,0.001917045,0.000546006,0.002785751,0.000780255,0.004766964,0.002594596,0.004588455,0.001493612,0.008439431,0.004880454,0.00275517,0.004737342,0.002206846,0.005232981,0.003820374,0.004965353,0.000311343,0.001784604,0.002952581,0.002891098,0.00418533,0.004782747,0.005901498,0.006412126,0.003484483,0.004254336,0.046362109,0.012263797,0.000413094,0.002591884,0.001756771,,0.00229066,0.000627687,0.000731041,0.002236825,0.001660497,0.002559999,0.003758028,0.008761232,0.008416546,0.004730869,0.001000032,0.00507387,0.006504841,0.004164889,0.00266458,0.037206794,0.008140789,0.016477756,,0.008837002,0.005039863,,0.004880454,0.001318035,0.01635447,0.012658386,0.004409782,0.046840531,0.012339368,0.002551976,0.022229602,0.028847358,0.004142063,0.005245379,0.01361816,0.000469558,0.008668022,0.004672407,,0.005335784,0.00617908,0.006022623,0.011311868,0.00560572,0.00054025,0.003282212,0.003139102,0.003264331,0.015253694,0.003827069,0.001495224,0.000343576,0.004676117,0.000643083,0.001897529,0.003332099,0.012693885,0.003951954,0.00752118,0.002996083,0.003494282,0.002141956,0.132206533,0.002083709,0.003929146,0.038472852,0.007846978,0.014042755,,0.340924572,0.001714523,0.004867808,0.003521326,0.000488436,0.004214656,0.002876223,0.100454555,0.001489979,0.006490351,0.017875265,,0.099412092,,0.010408955,0.003169957,0.013174652,0.003759646,0.013564126,0.001403908,0.001143186,0.000579974,0.003839488,0.00175462,0.01534872,0.003005533,0.00140438,0.004600319,0.003157,0.000894277,,0.002378984,0.00390958,0.007101461,0.005787114,0.002409898,,0.013292083,0.006294849,0.007027028,,0.003663903,0.000138865,0.000344844,0.004699701,0.00063083,0.000306391,0.053472966,0.332068655,0.012879403,0.006329096,0.004221844,0.011026415,0.020780186,0.008756947,0.003129676,0.031785022,0.008393552,0.005768916,0.023008231,0.009503908,0.006676381,0.005986818,0.03741493,0.004424232,0.005927434,0.023704938,0.018742329,0.0192121,0.006303916,,0.007017516,0.00079419,0.050810643,0.014971323,0.035266228,0.011493297,0.002983564,0.021354065,0.002522452,0.014353779,0.007010451,0.007172912,0.021084889,0.006889729,0.005844947,0.001794497,0.005257332,0.0028597,0.006827864,0.003609172,0.002773594,0.003789048,0.001424818,0.008814879,0.014426805,0.002997136,0.005207304,0.01484523,0.003515664,0.000873488,0.001417537,0.009528534,0.032415049,0.000222191,0.012146818,0.002565676,0.007336386,0.009309928,0.002899339,0.001272619,0.006157304
Glu,Variance,Replica 2,0.011441214,0.007639237,0.003075801,0.004824883,0.002011249,,0.00775438,0.020283878,0.01016267,0.011112432,0.023720609,0.005226248,0.001023545,0.003066215,0.002655714,0.007088458,0.003659399,0.010778446,0.006493069,0.005045972,,0.012220515,0.181611574,0.003094777,0.002592038,0.00062543,0.008847587,0.009319899,0.02010198,0.001192662,0.001132438,0.004515828,0.002653971,0.004637589,0.005206252,0.00685303,0.002296126,,0.00717799,0.021779287,,0.000794806,0.005080749,0.000838666,0.002050829,0.002234742,0.010270267,0.003155767,0.004130488,0.069469576,0.004389811,0.001401003,0.001037072,0.016968546,0.005952654,0.004485978,0.015122785,0.002108224,0.012289615,0.010485393,0.01178433,0.006920936,0.00887983,0.011099567,,0.012017019,0.007117018,0.01182795,0.002416337,0.015005643,0.018996519,0.007025442,0.059054732,0.049312245,0.021237273,0.006159121,0.022702825,0.010215699,0.019407228,0.024156788,0.000950791,0.014176598,,1.437526483,0.009385273,0.018675599,,0.050027594,,0.008491998,0.003537351,,0.000759963,0.259920572,0.002733024,0.005419576,0.005884706,0.003549281,0.000842963,,0.007016036,0.011080418,0.001361125,0.002098067,0.009427122,0.00640787,0.002717717,0.004536084,,0.029017253,0.22144464,0.011266692,0.008867727,0.045611506,0.044770442,0.019677715,,0.010387271,0.011927875,0.002985598,0.000469018,0.018513782,0.001570583,0.010644538,0.006532619,0.011722415,0.014999837,0.015913812,0.009933812,0.002096073,0.008849593,0.000640749,,0.001647497,0.001581579,0.001090078,0.006319577,0.003294922,0.003549689,0.00602117,0.001252988,0.005537459,0.003817433,0.005090992,0.001660919,,0.042741743,0.003881591,0.004052424,0.003543089,0.017054777,0.006133591,0.009580733,0.009346871,0.001468543,0.004514734,0.000531744,0.00314357,0.005951539,0.000437577,0.000512034,,0.01641956,0.016143792,0.025311583,0.000642892,0.007321345,0.021085072,0.007979414,0.009140102,0.105312187,0.008651514,0.014880221,0.012804707,0.011164,0.015963134,0.022724931,0.018156915,0.005064979,0.013077392,0.013043705,,0.009773083,0.010179271,0.003909339,0.006318078,,0.026345844,0.02115629,0.028147686,0.010245932,0.027493453,0.009855295,0.008937678,0.006619142,0.025513706,0.007316562,0.027552581,,0.006273775,0.008530986,0.00796073,0.005959094,0.0033441,0.005271451,0.012634087,0.006725702,0.009245609,0.001403317,0.024745976,0.002252439,,0.002690588,0.005768662,0.000261815,0.000718038,,0.082480854,0.00562161,0.009515519,0.012969426,0.010494603,0.030668943,,0.001580819,
His,Variance,Replica 2,0.000725187,0.002023383,0.002342251,0.003986938,0.001270587,,0.004102049,0.003158762,0.013549168,0.00674278,0.007805588,0.003527393,0.00038099,0.003017186,0.001953645,0.002732783,0.013278484,0.007618065,,0.003396492,0.001524715,0.004187111,0.002334499,0.003037792,0.00270575,0.000703103,0.086094086,0.003988666,,0.012819423,0.000941069,0.002613048,0.002228834,0.001884149,0.003015844,,0.007090606,0.00116028,0.008934973,0.006116531,0.000781873,0.011809348,0.001135116,0.001018857,0.00061537,0.001776895,0.001311731,0.018640244,0.002397152,0.002842146,0.005453339,0.013206761,0.001993221,0.003640927,0.003182606,0.000350214,0.005979603,,0.004591241,0.003204951,0.001617208,0.001810528,0.007487218,0.002332799,0.00163416,0.010455418,0.002587947,0.005092322,0.008770958,0.005819497,0.00811385,0.018666391,0.000719206,0.001992731,0.00108773,0.02058391,0.012280454,0.004487182,0.004439502,0.009743892,0.029922136,0.03096903,0.010771118,,0.003690302,0.00471664,0.003471855,2.292508738,0.002224489,0.003390254,0.006038527,0.001534491,0.001586843,0.005849099,0.002197485,0.005363517,0.001686587,0.001307839,0.000707067,0.00172036,0.001677689,0.000769905,0.002883946,0.001839477,0.001593842,0.001424596,0.001645235,0.001413644,0.001677801,0.00135575,0.005073745,0.00150492,0.002985096,0.013804383,0.003215142,0.006416934,0.000392714,0.000608862,0.001181565,0.001144376,0.000213744,0.001241984,0.000939968,0.019139685,0.001227257,0.000315327,0.000500038,0.002053663,0.003208037,0.002425481,0.030120766,0.000256072,0.001298647,0.002013632,0.003356542,0.000344712,0.00097388,0.001684257,0.001040831,0.005055394,0.001457922,0.001884615,0.0019442,0.001863165,0.001473562,0.001996483,0.006209273,0.001659086,0.003277079,0.002524518,0.002315244,0.020678799,0.015414596,0.035701616,0.016978504,0.002250925,0.000686461,0.000681502,0.005430365,0.000149508,0.00892441,2.922701061,0.054035755,0.011948277,0.021110003,0.00352918,0.006050701,,0.002042998,0.003347595,0.015015062,0.004832464,0.001898634,0.004371742,0.007485549,0.017340824,0.003659512,0.00504877,0.00363835,0.012967162,0.003154562,0.006446327,0.002280639,,0.002367443,0.004163371,0.004425846,0.008381842,0.025375565,0.031564287,,0.010489901,0.002813049,0.002264993,0.004408389,0.00191569,0.003652197,0.017006182,0.00681292,0.009064027,0.005217324,0.008285206,0.002802428,0.002732956,0.004349993,0.002784607,0.002562465,0.003203763,0.006492281,0.01715724,0.000821069,0.005815468,0.003614404,0.003848308,0.000352997,0.000342638,0.003083998,0.005496309,0.004866799,0.016700608,0.002129982,0.005970723,0.02360643,0.002525481,0.001071007,0.002778106
Arg,Variance,Replica 2,0.000347025,0.000845749,0.001137343,0.001691685,0.000455184,,0.001395291,,7.63E-05,0.003312525,,0.002524741,0.000295515,0.001136087,0.002524975,0.00084531,0.00048597,0.001903445,0.001075402,0.001557889,0.001870913,0.003123399,0.010757071,0.001516758,0.00112489,0.00038773,0.011146462,0.005380838,0.001638786,,0.002690154,0.001103696,0.000809942,0.001164464,0.00108107,0.004789839,0.00557643,0.000138718,,0.000308041,0.00035298,0.000485925,0.000342555,0.001221886,0.00024324,0.00028111,0.000328178,0.00050652,0.000583665,0.002616556,0.00056883,0.000495636,0.000208485,0.001510208,0.0012682,0.000438407,0.017243947,0.001398288,,0.001653918,0.004497537,,0.00175636,0.002550473,0.000361305,0.000493804,0.002383568,0.00067885,0.002210637,,0.002808255,,0.001114991,0.001348458,0.000997938,0.000335675,,0.001893178,0.002758461,0.001754511,0.001491752,0.007262679,0.011915954,0.027358587,0.000309373,,0.001384738,0.019112846,0.004033412,0.000911289,0.002466971,0.000848916,0.001257927,0.001062261,,0.002459327,0.000991474,0.002398607,0.001417566,0.000833057,0.001880883,0.001225312,0.001200974,0.000613976,0.001472789,0.000681797,,,0.000603022,0.000894238,0.003119604,0.001802323,0.000973352,0.0034076,0.000193664,0.000199612,0.000208661,0.000726525,0.000314588,0.000352817,0.00039826,0.000571648,0.000129403,0.004870135,0.001696424,8.20E-05,0.004994031,0.001880732,0.004706662,0.001217612,0.002732232,0.00027668,0.001430123,0.000646382,0.001297595,0.000443012,0.001017816,0.000543394,0.002951184,0.000398059,0.000536464,0.001285142,,0.005019967,0.00175105,0.000676243,0.00909739,0.001037422,0.001423941,0.001658663,0.001315602,0.001645866,0.003079365,0.002857862,0.000567678,0.001687428,0.002855576,0.005564825,,0.000122321,0.00110128,0.000583103,0.008559495,0.007877007,0.009610167,0.001977439,,0.00575043,0.001519752,0.002029194,0.009620191,0.000518685,0.003158109,0.004549141,0.001870695,0.011477801,0.006838554,0.002988404,0.002123911,,0.003024549,0.002891702,0.005127658,0.004360358,0.001151562,0.001874388,0.001442175,0.002919874,0.004749157,0.1399163,0.003095663,0.000857388,0.002053018,0.001335926,0.002111003,0.001839404,0.001284703,0.002927773,0.001761064,0.003072075,0.005146262,0.002100551,0.001037815,0.001055772,0.001108756,0.001562315,0.001830181,,,0.004137736,0.00027076,0.004326997,0.001411026,0.002029869,0.000228457,0.000140548,0.002846432,0.047169123,0.002107197,0.001964272,0.001982112,0.002988744,0.00434898,0.001211487,0.000541804,0.002503185
K,Variance,Replica 2,0.005531867,0.000280805,0.003545008,0.004024585,0.001675745,,0.00756541,0.019740851,0.204913077,0.015727514,0.009207548,,0.000668877,0.003198193,0.004570821,0.008599892,0.003237877,0.004177142,0.004348259,0.004819236,0.001605741,0.001843709,0.027674059,0.003024532,0.001665496,0.000440616,0.023443305,0.030610552,0.007761089,0.002389904,0.002946292,0.006415242,0.003324139,0.004971938,,0.019948189,0.012804828,0.001183522,0.004327552,0.019515214,0.009267297,0.00189999,0.001488964,0.001231717,0.000367351,0.002421424,0.000638504,0.001632112,0.001551917,0.006363073,0.002450935,0.007861348,0.000969939,0.009901054,0.003857824,0.001051981,0.002725325,0.002655361,0.011379629,0.007276336,0.013389075,0.002863238,0.008085904,0.006771717,0.002580702,0.000566494,0.007021674,0.052337266,0.000753106,0.01086622,0.005832581,0.005652648,0.002624114,0.01049156,0.002485106,0.001527798,0.015099305,0.029094151,0.030110452,0.004874136,0.005841707,0.000216407,0.009437815,0.015506299,0.000383345,0.005631981,0.017218032,0.00597414,0.00796677,0.000728142,0.002515603,0.001802276,0.002832876,0.002562619,0.004264648,0.005464538,0.001038612,0.001800782,0.001842192,0.004336135,0.002092947,,0.001603016,0.002684234,0.011566104,0.005160213,0.004671588,0.005525149,0.003746577,0.002682317,0.003695479,0.0043718,0.020498015,0.038902292,0.00047661,0.001341507,2.68E-06,0.000658263,0.001119527,0.001517786,0.001899069,0.000729796,0.000320845,0.030159711,0.002611804,0.000235062,0.013436276,0.021019314,0.006468055,0.011737928,0.002122056,0.000832248,0.009743892,,0.008530306,0.000991672,0.037056775,0.003157255,0.004543088,0.000932804,0.002208601,0.002885446,0.00152765,0.004743147,0.003172677,0.002224124,0.119134931,0.01372695,0.00793261,0.004641449,0.009705893,,0.041112747,,0.001421544,0.007321734,,0.000205115,0.006052173,0.000253947,0.015902509,0.060448785,0.007149656,0.005627524,0.00576139,0.003162087,0.006270191,0.034210093,0.003869971,0.003702374,0.006703831,0.001305479,0.003942015,0.10877915,0.007321063,0.017683619,0.0059523,0.005005167,0.002773056,0.009831781,0.008059544,0.0319268,0.009167542,0.008809421,0.003374222,0.004996798,0.004416004,0.003377766,0.038901112,0.002608341,0.010154486,0.001165024,0.012904516,0.00781955,0.049149367,0.007899788,0.003909154,0.021026064,0.005305881,0.007751141,0.005401032,0.007985816,0.004246214,0.004600881,0.01294534,0.010390562,0.003231916,0.005962346,0.007149124,,0.000676182,0.060181998,0.002883825,0.00400149,0.000348979,0.009760981,0.015419402,0.02185955,0.004521476,0.020603552,,,0.005750061,0.002157501,0.001454342,0.004959959
STOP,Variance,Replica 2,0.001276255,0.000527671,0.000380297,0.000301281,5.84E-05,,0.000783134,0.004643793,0.006093453,0.002611548,0.000718268,0.004988209,0.000480225,0.000456205,0.000265906,0.000318288,0.002567629,0.000379605,0.000343733,0.000650738,0.001242627,0.001351164,0.007198829,0.001721689,0.001099889,0.000662912,0.003983107,0.001278017,0.000719904,0.000494024,0.000919892,0.000697682,0.000483345,0.000668855,0.001555279,0.000378603,0.001724518,0.000266376,0.00050023,0.003189845,0.000622659,0.000759632,0.001165304,0.000349979,0.000234888,0.000873393,0.000897154,0.000595531,0.000259839,0.00379839,0.000440559,0.000888664,0.000556717,0.002174162,0.00020879,0.00040408,0.008397147,0.000325363,0.000628274,0.004332059,0.000770461,0.000577791,0.001019611,0.000942382,0.000489443,0.000593049,0.00055937,0.002100927,0.000765716,0.000253605,0.000877329,0.002011227,0.005547391,0.00096612,0.000517705,0.002112884,0.003830572,0.000615494,0.000731096,0.000743889,0.001181565,0.001158023,0.010598701,0.004293576,0.001612055,0.00673923,0.004599688,,0.002518872,0.000412393,0.000956774,0.000876304,0.000321341,0.000400906,0.000796201,0.000899116,0.000351073,0.000495527,0.002022228,0.000920502,0.001452268,0.002278399,0.001091017,0.000364513,0.000763083,0.000570276,0.002768542,0.000630668,0.001409969,0.000526033,0.001713761,0.000845934,0.00027607,0.000504415,0.001824804,0.000304033,0.000638963,0.001666334,0.001563933,0.00337183,0.001268782,0.001158023,0.000122978,0.001373878,0.002520416,0.000205041,0.001119644,0.004505037,0.000810749,0.00150293,0.000862977,0.000170838,0.000427171,0.000309173,0.001714967,0.000823272,0.000320334,0.000405811,0.000904497,0.001676059,0.000868835,0.00092205,0.000929701,0.001737045,0.000520309,0.000971287,0.001351615,0.000469015,0.000874448,0.000343512,0.000822916,0.002611539,0.001611439,0.001224035,0.000257425,0.000297114,0.00055161,0.000290991,0.000323506,0.001263939,0.003349028,0.028579034,0.028636713,0.018008899,0.00445859,0.00046021,0.000262804,0.005000472,0.000803981,0.000452667,0.006761437,0.00185004,0.002166959,0.001109008,0.00028656,0.00411222,0.000625573,0.028133868,0.001169891,0.000301623,0.00055846,0.009068603,0.000676182,0.000310864,0.000464472,0.002545689,0.000391032,0.000449433,0.002094251,0.000581556,0.000388554,0.000712374,0.00451883,0.000325813,0.000225729,0.000942335,0.000173619,0.004623584,0.00065992,0.001102107,0.000515803,0.000403348,0.000341876,0.000261847,0.000230807,0.00074369,0.000302272,0.000141916,0.000135669,0.010807549,0.000513907,0.000197542,0.000744331,0.000576841,0.000247459,0.000642431,0.001385603,0.035947887,0.000210251,0.000605693,0.003273998,0.006034736,0.012879403,0.002939035,0.000614539,0.003430306
Trp,P Value,Replica 2,0,0,0.307205755,0.082275148,0.202094559,,0.000747677,0,0,0,0.036305957,4.66E-12,0.030530125,0.65186601,0.118577478,0.063644947,0.17632657,0.324318397,0.144922585,0.477483627,0.101887535,0.877176478,0,0.058768112,0.245398491,0.002682176,0.006320426,0,0,0,0,0.424359007,0.435082556,0.016533126,0.02928267,0,0.447220136,0,0,0,0,0.015503415,0,6.66E-16,0,0,0,3.47E-07,2.52E-05,0.2463797,9.55E-12,1.11E-11,0,0.386889911,0.605871735,0,0.704872877,0.020732106,0.009789409,0.213993284,3.16E-09,0.394389339,0.204078432,8.89E-07,4.63E-11,0,0.211334095,0.355358796,2.88E-05,0.004617695,0.006013436,2.69E-05,6.08E-09,0.071484269,8.35E-05,6.66E-16,0.012507328,7.39E-05,0.068617425,0.000346834,,0.717756524,,0.272088356,0.377539338,0.311596211,0.051188599,,0.254796492,0.046713891,0.373078869,0.224766945,0.004040726,0.799430418,0.001098729,0.17528998,0,0.247198915,4.19E-11,1.54E-06,0.001099687,0.514975718,0.781571654,0.081952345,0.745312382,0.084807644,0.00020477,0.687073563,6.73E-05,0.568171131,0.488213241,0.070267577,0.149835536,0,4.68E-10,0.026327259,7.11E-15,,2.28E-07,0.124404697,0,2.44E-15,0,0.022622349,0,0,0.004005165,5.88E-07,0.828675783,0.406028183,0.862237561,0,0.705537593,0.074467248,0.235067237,0,0.034996118,0.023903025,,0.445762292,0.512141249,0.008234097,0.006883056,0.350793855,0.368217268,0.001072348,,0.850448644,0.981680537,0.897867594,0.011209316,0.011209316,0.813810398,0.00068985,0.225474161,0,0.05543012,0,0.33914617,0.532246797,0.004632937,0,0,,0.12828568,0,0.765272524,0.042401418,0.872187466,4.43E-11,0.729069418,,0.977170951,1.67E-06,0.190147422,0.019089999,0.19591039,0.355227172,0.61923451,0.066047252,0.000836361,0.156014961,0.017473091,0.063885911,0.023278759,0.922597674,0.423664883,0.216008052,0.377401463,0.513094637,0.015192685,0.480162114,0.496680738,0.213048728,0.004035119,0.995160996,0.812891705,0.074420834,0.075383296,0.566627366,0.53376581,0.44079772,0.023388784,0.093512674,0.001170803,0.31546424,0.196020874,0.37278307,0.407822268,0.561741904,0.060805924,0,0.000149171,0.005064265,0.472390649,7.22E-11,0,0.902284931,,0.809865364,0.000186437,0.227825181,0.220660577,0.336908503,0.442370379,0.768629655
Phe,P Value,Replica 2,0,0.196191206,0.02747242,0.224364855,6.93E-07,0.134082808,0.032982814,0.000217716,0.001216934,0.515021031,5.39E-05,0.273755135,0.259082707,0.543453591,0.005583669,0.224114478,,0.623325348,0.174493978,0.149353819,0.241361593,0.659390003,0.092324638,0.27287526,0.589494742,0.002296784,0.884722843,0.013616286,0,0,0,0.00174304,0.520546065,0.636326542,0.223795317,0.000947845,0,0,0,0.944712375,0,,2.04E-05,0.044095938,0,0,0,6.25E-09,0,0.039926766,4.22E-15,0.568325052,0,0.783923218,0.444773531,0.150934123,0.375038509,0.005395375,0.024758363,,0.09695576,0.998572045,0.357322468,0.056027722,0,0.001810917,0.121483065,0.012379409,0,0.008926892,0.73756457,5.96E-08,0,0.135934941,9.90E-07,0.362870602,6.23E-11,0.052896469,0.177882327,0.050686042,0.089917006,0.130146652,0.256494826,0.643636592,0.314476568,0.205421504,7.87E-10,,0.85670944,0.001204367,0.016801284,3.77E-05,0.039822515,0.075889102,1.65E-08,0.796425369,0,0.000374725,1.82E-14,0,0.000147457,0.002536853,4.92E-05,1.69E-06,0,,1.36E-09,0.001370178,0,6.66E-16,0.963972196,0.228989263,0.004301897,0,0.085569755,0.023464215,0,0,0.193637419,0.172310022,0,2.34E-09,7.44E-14,,0.175005531,0,1.50E-05,0,2.69E-14,0.005573516,0.392978296,0,0.003307296,0,0.179426461,3.35E-08,5.44E-07,2.44E-08,3.73E-14,0.001274254,9.69E-12,0.629171026,5.15E-13,0.003615757,1.85E-09,8.88E-08,0.849166662,5.12E-09,6.57E-08,2.69E-05,1.85E-05,0.406413041,0.238507014,0.075585128,0,0.439440631,0,0.034243101,0,2.00E-15,0.028542742,0,0.533390857,0.028434876,0.168019997,0.003029901,0.000351609,0.409042912,0.090125526,0.369528778,1.41E-06,0.119396899,0.038647089,0.411214185,0.901311441,0.812898531,0.007525071,0.019446402,0.239747777,0.006578475,0.000914761,0.642442351,0.102481044,0.008118153,0.028509446,0.270037833,0.566925831,,0.439374172,1.42E-07,0.178022309,0,0.008483148,0.011351441,0.174838359,0.023527316,0.041950757,0.066007794,0.402393987,0.102011029,0.003585952,0.0002043,0.47293405,0.33999844,0.233589273,0.046950417,0.321541698,1.57E-10,9.10E-05,0.73344548,0,0.010402193,0.704236608,0.000826348,0.034206992,0,0.814168887,0.713722645,0.973105794,0.328157805,0.002549618,7.81E-06,0.008154547,0.097793143,0.109596481,0.005789806
Tyr,P Value,Replica 2,0,0.006242508,0.728045157,0.559941151,0.125530815,,0.143780093,0.000265176,0,0.013731513,0.603774308,0,0,0,,0.587064715,0.0480262,0.000407537,0.309489937,0.980140697,0.918767975,0.012882409,0.017699432,0.758320838,0.903076197,0,0.913736295,0,6.80E-12,0,0,0.303196779,0.261741659,0.213254497,0.157815291,0.630886554,0.665010893,0,0,0.116977741,0,0.152424152,0,0,0,0,0,0,1.03E-07,,0.003553824,0,0,0.000241633,0.013030916,0,,0.428028552,0.935723435,0.241396478,0.807733308,0.372320627,0.946446186,0.012910074,0,0,0.345645216,0.071922771,0,0.000624986,0.439962881,1.06E-08,0,0.028265362,0.001295168,0.032679072,0.602768107,0.243993121,0.364728087,0.364636743,1.78E-15,0,1.63E-12,0.529744617,0.089329291,0.045762517,0.121306161,0.854050843,7.10E-06,0.805389557,0.084327456,0.070254195,0.21900206,0.001455539,0.001630163,0.451396859,0,0.000110744,3.33E-15,0.00070385,0.94748101,0.044491902,4.57E-06,1.56E-05,0.000145917,0.001617854,0.240118608,3.03E-10,9.88E-06,0.015490034,0.221579959,2.37E-06,0.565083452,0,0.373899485,0.512557534,0,0,2.06E-05,0.003291552,0,2.49E-06,0,0.000510197,0.509403584,0,1.24E-14,0.093055065,0.835168369,0.316602066,0.042355847,0,0.00011682,0.976854608,0.018964385,0,0.000108015,0.661500056,0.231649478,,0.350940524,0.427149379,0.000418005,0.506473085,0.024851383,0.931525479,0.698046281,0.003194035,0.024380591,0.051665267,0.794314977,0.056373078,0.154851971,0.20144607,0,0.00315015,0,0,0.004909911,0.704058111,0.34497768,0,,0.079184317,0.930808874,0.000101725,0.247662039,0.000174794,0.311219989,0.159110862,0.603622146,0.00427814,0.304354984,,6.66E-08,0.220660577,0.444958102,0.6553702,0.000404336,0.055072601,0.216965054,0.185019939,0.243487674,0.504568813,0.558805163,0.060756988,0.006630475,0.054323949,0.853847464,0.008061559,0.467777672,0.000209239,0.509276405,0.039569865,0.003905223,0.944633676,0.19861823,0.076647208,0.072612293,0.941502903,0.377067515,0.69335018,0.178751095,0.311269411,0.36209,0.612443981,0.440759111,0.471307226,0.037062322,0.037099821,0,0.956422789,0.04572566,0.514553928,0,0,0.11247017,0.103250846,0.070363253,0.654376003,0.781349997,0.689059574,0.649733103,0.809738658,0.653797201,0.069948068
Pro,P Value,Replica 2,0,0,,0.09926274,0.000264293,,8.58E-10,0.660317413,0.018890875,0.540096883,0.686788629,7.49E-07,0,0.075188439,0,0.696510959,0,0.002323396,0,0.441212182,0.012911033,0.841719082,0.009615637,0.448155735,1.51E-05,0,1.50E-12,0,0,8.08E-14,0,0,0.000350581,0.186720223,0.351787894,0.186010545,0,0,0,0.080443499,0,0,0,0,0,0.580139139,0,0,0,0,0,0,0,0,0,0,0,0.80297285,0,0.265276144,,0.264651743,0.01396076,0.189112153,0,0,2.65E-07,0,0,0.005630456,0,0,0,0,0,0,0.247102376,0,0.379241891,0.053835823,0,0.000138899,0.754616704,0.404485999,0,0.118444704,0.37323242,1.57E-11,0.399179107,9.87E-06,0.171268337,0.778746512,0.000325816,0.406322488,0,0,0,,4.44E-16,2.22E-16,1.33E-14,0.837036885,0.132091487,0,2.78E-14,2.23E-12,2.21E-09,2.22E-15,0.320835546,0.001593954,0.034792177,0.004221043,0,0,0,0,0,0,0,0,0,0,0,0,0,0,0,0,0.098840763,0.083408035,0,0,0,7.27E-09,0,0,0.230119097,0.074602247,0,0,2.79E-07,0.759790416,5.97E-13,0,0.000963355,0.002574064,0.045836022,1.82E-14,,0,0.00091471,0.096040238,0.000292252,4.44E-16,0.498385213,,0,0.00056545,0,0,0,0,0,0,0,0.601479072,0,0.096456032,0,,9.95E-06,,0.938950883,0.595882822,0.301994318,0.169218792,0.542472459,0.518878901,0.875143979,0,0.076575955,0.784651282,0.000116927,0.024489845,0.455624956,4.18E-05,0.006554864,0.000154871,0.547421765,0,0.09987182,0.497507915,0.161193311,0.636398031,0.004447977,2.13E-07,0.385501704,0.135861935,0.905883769,,0.546156723,0.039702412,0,0.702930251,0,0.330456672,0.798109298,0.728697915,0.118396381,0.010186907,0,0,0,0.01026411,0,0,3.33E-15,0.841755722,0,0,0.000214918,0.029765893,0.178607074,6.71E-05,0.000268545,0.630714066
Met,P Value,Replica 2,,0,0.032504451,0.082092334,0.000376961,0.040170766,0.671628842,0,0.923337341,0.37659174,0.134699377,0.019379799,0,0.00037331,0.706324502,0.000199993,0.762705135,0.363858139,0.000286412,7.32E-06,0.079492772,0.759924796,0.238479079,0.216583675,0.178810756,0,0.49719256,0.909619507,4.00E-13,0,0,0.990302456,0.638514344,0.023110618,0.087871253,0.002479969,0.750878303,0,0.168635852,0.035421955,1.15E-11,0.004310156,0.220543095,0,0,0,0.562551723,0.066845797,0.419727045,0.146860202,1.28E-05,0.007699052,0,0.018285504,0.561192609,0.349990151,0.811694122,0.010201683,0.933785061,0.294295418,0.871758519,0.469491431,0.379807009,0.075443182,0,0,0.007009719,,6.48E-14,0.001960221,,0.028163431,0.494074908,0.988668167,0.068157685,0,0.543393428,0.196980295,0.7699531,0.14262573,0.020823667,7.96E-06,0.99175842,0.246102552,2.15E-05,0.041009961,0.299052261,0.010715649,0.40970041,0.011103062,0.74775951,0.00438582,0.171135248,0.79148387,0.01683425,0.313473343,0,0.01146976,0,0.51812008,0.502215085,0.488298886,0.508872337,0.004347876,0.105116244,0.457098277,9.50E-05,0.017688474,0.527129544,0.145990086,0.865119443,0.115344089,0.002108705,0.016358472,0.550842582,0.000103264,0,0,0.715778701,0.065776108,0,0.76015539,0.297099128,0.072290502,0.870597687,7.99E-06,0.795634353,1.11E-15,0.076836207,6.88E-06,0.030820887,0.008893895,0.070624829,0.104491871,6.83E-06,0.064784291,0.969862435,0.717559828,0.494663635,0.006601575,0.046722842,0.074720519,0.21450122,0.499247937,0.145127949,0.499584191,0.82560118,0.692129174,0.308407944,0.00508108,0.479716183,0.433137585,0.005653681,0.666111466,4.75E-09,2.39E-08,0,0,0.190017675,0.914160351,0,0.130831815,0.241842165,0.188282491,1.52E-07,2.13E-05,0.924433597,0.439511414,0.932510045,0.015031798,0.223926356,0.100614156,0.017554189,0.517576285,0.989140523,0.183267892,0.259110969,0.873015462,0.631556924,0.792465854,0.358895682,0.288025772,0.686592216,0.190042741,0.23980017,0.310647248,0.723934619,0.087832443,0.109711099,0.012786359,0.000112407,0.008001875,0.395490301,0.830236239,0.00114651,0.359852202,0.000128642,0.46880193,0.138364029,0.580634004,0.024000755,0.915936565,0.125474522,2.56E-05,0.344626556,0.152987518,0.259789383,0.188226439,0.169557568,0.133625836,0,0.446570643,0.381866892,0.154851971,0.097136496,0,0.019000025,0.424042481,0.76982474,0.02847309,0.585653206,0.485070704,0.969168194,1.73E-10,0.882822147,0.125048309
Ile,P Value,Replica 2,0,0.000160281,0.005395519,,0.376835626,,1.97E-06,0.000279334,0.72551989,0.00475074,1.84E-06,2.60E-14,0.04690529,0,4.75E-13,0.972523786,5.18E-09,0.461786986,0.956172518,0.233810278,0.018379622,0.028178523,0.934887776,0.219951475,0.049433474,0,0.390813336,0.176708233,0,2.21E-07,0,6.30E-09,9.71E-13,0.068719985,0.063670898,0,0,0,1.75E-06,0.080848312,0,4.24E-05,2.92E-05,0,0,0.796434054,,0.276001267,7.90E-07,0.13175512,0.245452628,,1.93E-11,0.109778928,0.756410245,3.03E-05,0.147675195,0.475714786,0.00077386,0.424441488,0.04750225,0.98189266,0.074368905,0.100673078,0,0,0.037324124,0.019997481,0,7.71E-09,0.418181833,0.017433037,2.22E-16,1.45E-05,0.428918849,0.403328687,0.395954016,0.795908467,0.220449999,0.956545156,0.802539883,0.000351952,1.60E-08,0.892709097,0,0.033627306,4.63E-05,0.461854787,0.006116057,0.071903848,0.040270808,0.34641124,2.97E-07,0.018672851,5.67E-12,0.14698839,0,2.78E-11,0,0,0.352010008,0.020181859,3.39E-08,0.21309266,2.47E-06,4.51E-11,8.43E-10,4.44E-16,0.126982946,2.19E-05,,0.111342381,0.024502022,1.32E-05,0,0.532398593,0,0,0.059395015,,0,0.02202883,0.348541264,0.641336673,0.662570349,0,0,0,,0.000152132,0.037852969,0.00150971,0.965976102,4.87E-08,0.124497806,,0.065941682,0.000164478,2.79E-07,2.60E-05,0.002514422,0.032012707,3.63E-07,0.237861454,3.72E-10,0.004829069,,0.017237292,0.945960686,3.18E-07,0,0.695232527,0.495010265,0.106857055,0,3.42E-07,0,0,0.000849395,0.031657692,1.31E-07,0.299617486,0.665533072,0.131614922,9.32E-07,0.150804148,0.009483845,0.005153681,0.000755097,0.485808598,0.309207507,0.000215916,0.78637203,0.139990828,0.008588042,0.931113631,0.772297101,0.210565037,0.017785171,0.026548008,0.233730416,4.44E-16,0.011412823,0.000333931,2.88E-06,2.87E-05,0.103372027,0.266842778,0.560084054,,0.584889726,0.067021629,0.603663768,0.179519733,0.915653782,0.698116118,0.120363124,0.193495672,0.216383048,0.634628806,0.551840635,0.027771676,0.001951928,0.681872728,0,0.247657312,1.71E-06,0.883351613,0.040735341,0.45571961,0,0.500600233,0.531301013,0.094644386,0.271476314,1.82E-10,0.215205119,0.000102025,0.000128637,0.71208353,0.913683718,0.95621571,0.370163823,0.243406219,0.026957559,0.014067229
Leu,P Value,Replica 2,0,1.00E-10,0.045470176,0,2.38E-05,0.119405803,0.290710042,0.856639644,,0.009170523,0.883005061,1.00E-08,,0.531339264,0,0.639636323,0,0.414459004,0.494643654,0.002683001,0.023352526,,,0.03943605,0.003386127,0.001714089,,1.86E-07,0,0,0,8.69E-07,0.074486488,0.001962713,0.000981397,0,0.218997,0,2.16E-08,,0,0.002609501,,0,0,0,0.261186121,,1.40E-13,4.51E-05,2.27E-08,0.029263284,0,4.39E-06,0.527855452,,4.16E-11,0.000688221,0.021276256,0.000497494,0.120057663,0.155910309,0.00049328,0.098747234,0,0,0.000436301,0.634981917,0,4.44E-16,4.39E-05,0.000814353,0,0.001061292,,8.22E-12,0,0.003949356,0.549713225,0.001216354,,0,0.625944653,,0,2.88E-06,0.000303906,0.944045972,6.25E-09,,0.013136456,0.73927241,0,,0.00223651,,0,0.007307248,0,6.08E-07,,0.132931925,6.20E-08,0,3.02E-05,0.01481263,0,1.38E-07,1.55E-15,5.11E-12,0.716527325,,0,1.84E-07,0,0.000594105,0,0,,0.169707402,0,0,8.88E-16,0.215730558,,0,0,0,0.614102838,0.126457999,0.685830692,0,1.11E-15,0,,0.032464024,,0,8.22E-11,2.22E-16,0.035176304,0.253341882,1.48E-12,,0.000700942,9.83E-05,0.229236945,1.68E-13,8.01E-12,4.01E-05,6.52E-10,0.052507889,0.015563361,0.218177355,9.52E-08,0.002026468,0,0.104403996,4.25E-06,,6.66E-16,0.29091147,0.370970105,,0.000435507,5.95E-06,0.068398843,0.000119046,,0.280529894,,0.013655606,0.001227145,7.49E-10,,0,0.392201932,0.511187146,0.358766691,0.003999262,1.28E-07,0.25370252,0.049539074,0.002372509,0.096165352,0.809375778,0.000139499,0.009280862,0.017534956,0.123503181,0.660102911,0.284276504,0.463232718,0.608367085,0.611379378,0.058635736,,0.088464243,0.550548871,0.686511752,0.316187549,0.765500268,4.48E-05,0.148407376,0.312596488,0.937441638,0.253362682,0.006356472,0.000654496,0.498696051,0,0,0.25694709,0.310593211,0.060746321,0,0.039194205,0.583156737,0.002600756,,0.668384727,0.30842225,,0.120354223,,0.727031791
Val,P Value,Replica 2,0,0,0.242947981,0.424837596,,0.058191998,0,0.406931365,2.87E-05,0.001111498,0.275817615,0,0.158175795,0,0,0.097113377,8.46E-11,0.235204395,0.203028958,0.502856921,0.449442342,0.922233303,0.903787143,0.992130429,0.095216095,0.109191328,0.190805989,0.359325189,0,0.001771296,0,0.041006461,0.026010141,0.579191872,0.067471743,0,0,0,5.24E-05,0.633473736,0,1.16E-12,0.587492066,0,0,0.141777365,0.182150502,0.000118374,0.017611435,0.037892371,,0.559282929,4.85E-13,0.030130363,0.54697216,0.259087262,0.040197789,0.20473738,0.254675042,0.721541716,0.802899665,0.150642104,,0.001683352,0.117599323,0,0.967800732,0.000164007,0,0.277850222,4.46E-12,0.079482347,0.143826668,0.10981602,0.000642908,,0.030174257,0.513830945,0.588246181,0.672458869,0.091421181,0.035242976,0.037705325,0.567637279,7.77E-15,0.951234688,0.006969742,0.830042463,0.954403701,0.717090142,0.00034192,0.064562923,0.006619505,0.319525837,0.002256402,0.01568889,0,0.000114087,0,0.004276641,0.000613102,0.429842537,0.371109337,1.00E-05,0.052657062,4.46E-06,0.065651366,0,0.001538774,0,6.15E-13,0.193891099,0.035803092,1.75E-14,0.117683865,,6.99E-14,0,0.031390869,0.018021608,0,4.58E-05,,0.008504123,0.443941275,0,5.35E-05,0,9.75E-06,3.46E-05,1.88E-10,,0.015369878,9.44E-12,3.82E-06,0.908295592,0.002957244,0.055042392,1.06E-06,5.00E-12,0.041322035,0.012953402,0.119767885,0.898831192,2.54E-08,0.828557634,0.024498611,0.297365903,0.04387664,0.825969693,0.984561078,0.096870571,0.062327033,0.002317075,0,7.73E-10,0,0,0.505089387,0.565038616,0.001808508,0.048942165,0.100246315,0.107100467,2.67E-08,0.039682362,9.44E-07,0.653295452,0.013071632,0.0932684,0.450233593,0.725019595,0.606751525,0.486079447,0.288169765,,,0.656521483,,0.163203458,0.857544909,0.812996679,0.02749062,0.650944799,0.602660876,0.394432231,0.047505405,0.892248217,0.44780256,0.636950413,0.780132263,0.141960702,0.34886073,,0.229571145,0.133916543,0.28341,0.776735,0.052706643,0.233925364,,,0.670037249,0.988626616,0,0.539186142,0.077666333,0.065966008,0.113483542,0.472862499,0.685960972,0.129752601,0.206568364,0.213351894,0.014542673,0.009076152,0.002553841,0.570288534,0.520012777,0.23922416,1.79E-05,0.746324156,0.560319836,6.42E-14,0.210117681,0.035999711
Ala,P Value,Replica 2,0,3.04E-13,0.5628843,0.145139396,0.035902525,,0.126037155,6.18E-05,0.571775367,0.841784617,0.750475733,0.954684125,0.030729666,0.517402287,0,0.002532508,5.00E-14,0.143311723,0.559275293,0,0.086743427,6.87E-05,0.019655936,0.288167398,0.361391238,,0.605906269,0.404342593,0.004578804,0.009521238,0.112788616,,0.052326356,0.439013022,0.049061451,0.000167962,0.003549639,0,1.62E-09,0.225912789,0,0,0,0,0,0.246888113,0.65582128,0.125503539,0.475898308,0.004697968,0.265396289,0.985410355,,0.692983354,,0.158348841,0.085890815,0.36188726,0.747820762,0.050505657,0.40315251,0.084716578,0.316387033,0.526090589,0.000900704,0.039998106,0.106968711,0.905028825,0,0.235533058,0.385998947,3.66E-06,,0.413627101,1.34E-07,0.12850347,0.002251894,4.82E-12,2.95E-05,0.862242403,2.24E-09,,0.173769208,0.04349842,,0.054529472,0.160303168,0.009677748,0.220972008,0.676722595,1.19E-05,0.000703103,0.980065731,0.009129847,0.050386073,0.0333654,1.21E-10,0.587893414,0.002392446,0.149279063,0.016071053,0.239650254,0.16537911,3.18E-05,0.020869717,0.871045947,3.42E-08,0.1189554,0.05257657,4.60E-11,0.189564697,1.22E-06,,0.021999482,0.428307859,0.887777312,0,,0.003346451,0.034589618,0.05228382,0.068543281,0.057184019,0.269147995,0.5246473,0,0.001013043,0.973668193,2.13E-06,0.091728997,0.621010638,0.05185376,0.000201207,0.027158287,8.63E-06,0.033740402,0.004446902,0.236733509,0.766777419,0.004183037,8.73E-06,0.140183801,0.865315376,0.016553958,0.424474463,0.684245816,0.959874424,0.010494028,0.16070695,7.82E-07,0.005136105,3.07E-05,0.003872708,0.003831762,0.072913372,0.925855827,0,0.741475419,0.000203839,0.968891628,0.370120927,0.002721567,0.161463939,0.011194076,0.010357046,0.010053877,0.330947963,0.211890902,0.065486174,0.127400719,0.375637742,0.002531993,0.003012675,0.215693644,0.521872271,0.447388888,0.664570015,0.203959845,0.070529708,6.83E-05,0.944797165,0.005339853,,0.327883854,0.474528012,0.013474125,0.850462843,0.340008987,0.407552849,0.306271699,0.129840135,0.448045898,0.299362705,0.087558918,0.011275363,0.635478897,0.849996466,0.001273635,0.9830065,0.937097865,0.889041637,0.242771998,0.354643962,0.258505406,0.015516197,0.281737935,0.561695502,0.002744457,0.053346522,0.621845516,,0.125188514,0.000698214,,,,0.83899888,0.72436562,,6.33E-06,0.52045648,0.001266911,0.747076662,0.541830899,0.603888185,0.586387892
Gly,P Value,Replica 2,0,0,1.35E-08,0.366915042,0,,0.223326604,0.656953923,0,0.797039135,0.697172418,0,0,,0,0.000600807,0,0.221556963,0.00303364,0,0.015154867,5.82E-05,0.058915613,0.466548433,0.80356619,0.000231773,5.42E-08,3.22E-14,0.034189691,0,0.148000602,0.232423358,0.970913512,0.569626632,0.00012581,0.003319557,1.03E-10,0,0.130194036,0,0,0,0,,0,0.001136669,0,0,0.245040373,0.009891589,0.358028863,0,1.93E-08,0.727795632,0.165798383,0,0.56730727,0.000627683,0.066779978,9.42E-05,0.370249266,0.101658132,0.231543255,0.577444111,0,,0.031410202,0.008680645,0,0.019748407,0.144416615,0.984856641,9.37E-09,0.219659712,0,0.027286025,0.395667597,,0.051621324,0.114973314,0.003625342,0,0.024948027,0,0.120591609,0.270654334,0.397699427,0.449575726,0.639354558,0.349968526,,0.000157348,0.672420706,0.880419506,3.80E-05,0.014070512,,0.000250434,,0.017666893,0.033293222,0.248484095,0.946910782,,,0.030566187,0.323342171,0.044383121,1.11E-10,0.824030852,0.144842969,0.055306046,0.482014959,0.000140896,6.24E-10,0.002184723,0,0.057385675,0,0,,,0,0.081910672,0.004718047,0,0.369978264,7.15E-06,0.011004147,0.130821054,0.025731224,3.96E-05,0.784474568,0.000323358,3.23E-12,0,0.668556722,0,6.93E-07,0,0.199908437,0.078830766,0.29171162,0.034032379,5.92E-05,0.00085044,0.000864263,0.063198466,0.241272846,,0.92517641,0.905313359,0.007320593,4.44E-16,0.018043183,0.097761752,0,2.79E-05,0.100124,0,0.090098985,0.002615512,0.493768559,0.133441685,1.12E-11,,0.348653059,0.930513594,0.908912011,0.810970334,0.010390089,0.000502756,0.895705125,1.77E-08,0.061871236,0.263322964,8.82E-11,0.514759186,0.673050272,0.895312071,,0.993397647,0.532983138,0.988854665,0.856272531,0.282043323,0.935617724,0.890148699,0.489471446,0.727494133,0.068655275,0.093685811,0.000187627,0.030443635,0.88424937,,0.929140634,0.890346543,0.56144779,0.094065116,0.004298161,0.980961165,,0.4519766,,0.024607477,0.163009305,2.00E-15,0.823521128,0.7091433,0.885651122,0.025541834,0.032177696,0.272072362,0.282232359,0.018465139,0.501474631,0.089299921,0.32705144,0.424282771,0.934837516,0.070139512,0.207169517,0.965599872,0.486052397,0.054052292
Cys,P Value,Replica 2,0,0.000926178,0.846489702,0.001909357,0.000894698,,0.136729183,0,1.09E-13,1.36E-06,0.653584744,0.005864786,0.051755658,0.890325631,0,0.356665496,0,0.621722946,0.647286584,0.679913595,0.102302539,0.89088047,0.001632922,0.003459155,0.420269123,0.799990828,0.123726665,0.346563164,0.446424558,0.377300167,0.67317171,0.092272329,0.333344873,0.103306299,0.002172891,0.507124214,0.108724228,0,4.17E-07,0.278587775,0,0.566926204,0,0.00090388,0,0.000204211,0.066733536,0.000841152,0.843626572,0.246497133,0.062384137,0.462432722,0.000944753,0.604845939,0.285485109,0.587257658,0.005576849,0.612279752,0.145579636,0.168635078,0.005998914,0.290942419,0.909535494,0.294499806,0.151269408,0.003361752,0.081954795,0.125702062,0,0.108599271,0.656167224,8.63E-05,0.326090177,0.137010423,0.443956203,0.243525412,0.002355014,0.950983827,0.352889918,0.848626364,0.110018699,0.049634573,0.382763695,0.708897855,0.405830024,0.000442967,0.598457633,0.932348424,0.358556455,0.721023422,0.823889943,0.10222677,,0,0.612375649,0.762446265,0.001198403,0.129820014,0.056737281,0.000355627,0.608452724,0.001802156,0,0.793873558,0.0001668,0.095439576,0.001765736,0.015416153,0.000292398,0.000393423,0.005800826,0.332758085,0.024705686,0.08607054,0.000668659,0.662574228,0,0.974687021,0.041701442,0.366045798,0.10870179,0.519416467,0.257262342,0.001141656,0.860369238,0.000103679,0.479708062,0.577776384,0.005746791,0.397463284,0.26558505,5.93E-05,0.233787984,0.070993992,0.692624822,0.313631515,0.012330705,2.81E-07,0.001516054,0.855371714,0.017696786,0.395102992,0.033447932,0.085010036,0.174000961,0.692671614,0.652203558,0.016989982,0.179495662,0.078123472,0.155688061,0.275278394,0.000678146,0.168741156,0.000213564,0.008701818,0,0.191562299,0.955984356,0.010587742,3.02E-09,0.246481046,0.71153396,0.454453104,0.001567667,0.001142985,0.155810964,0.80512893,0.002736293,0.345514032,0.005983816,0.619167547,0.159602935,0.403973951,0.00212879,0.350437244,0.396550465,0.290995765,0.657019988,0.121430103,0.046795167,0.364564229,0.092703839,0.001112274,0.828049891,0.172135854,0.855449057,0.348294247,0.032846088,0.000135417,0.905827393,,0.630387495,0.81561834,0.001073759,0.224717907,0.04595824,0.078947574,0.703347786,0.110770222,0.049262516,0.197798247,0.010112725,0.234216973,0.306162535,0.100952906,0.188411761,0.686486766,1.14E-13,0.729112652,0.131483948,0.597583062,0.285090262,0.347473821,0.157092234,0.00394117,0.000205143,0.052177853,0.579541914,0.244463329,0.059121491,0.232247393,0.740151135,0.1818727,0.291417071,0.428395582
Ser,P Value,Replica 2,0,0.324389381,2.45E-06,0.098018209,0.768572545,0.645927691,0.392788418,0.13677669,0,0.08783042,8.11E-06,0.277357785,1.08E-05,0.379344161,0,0.611175131,0,0.072838589,2.12E-10,0.674945302,0.000928076,0.891283878,3.99E-09,0.112857009,0.012645322,6.20E-10,0.830822546,0.446097952,4.46E-13,0,,0.758576985,,,0.698425443,0.260480848,2.23E-13,0,0.007064044,0.004072212,0,0,0,0,0,,0,0,,4.29E-07,1.55E-05,2.22E-16,0.297263094,2.07E-06,0.317777539,0,0.357994217,0.87750674,0.992023976,0.390201433,0.821439214,0.030943728,0.000379826,0.799868606,4.44E-16,0.000385691,0.084973374,0.003299878,,0.262341642,0.279522786,1.81E-06,0.15721058,0.029605499,0.002799595,0.002047826,2.94E-09,0.280481952,0.211903716,0.027828217,0.698046281,0.360499594,0.940888055,0.048436088,0.000427996,0.01782455,0.005329069,0.002580352,0.718444403,0.760798018,0.993697989,0.971653154,0.060294587,1.84E-06,0.895062518,0.094676291,1.37E-06,6.33E-14,1.47E-07,4.33E-05,0,0.435111956,,2.46E-05,0,0.583177891,0.04898511,2.22E-16,0.029317426,,8.21E-06,9.99E-15,0.015875852,8.03E-05,2.65E-07,2.78E-12,0,8.96E-07,0,0,3.93E-06,0.070159886,1.38E-05,0.000273037,0.008133196,0,,0.036988428,0.020460246,0.041917228,0.245198844,1.53E-08,2.69E-10,1.00E-12,0.06685176,1.19E-09,1.22E-07,7.19E-07,7.04E-06,2.12E-07,3.97E-14,0.413953956,3.15E-14,0,0.084725333,0.037498225,0.821026152,,0.781852151,1.01E-05,0.039457277,0.005950067,0.306255282,2.20E-11,0.136969657,2.04E-07,0,0.023877549,0.001860698,0,0.586929974,6.59E-05,0.829400769,0.004429752,0.530219489,5.79E-05,1.00E-09,0.69971035,0.002463266,0.810680615,1.08E-05,0.005196896,0.114433274,0.000223053,0.760649716,8.40E-07,0.03877486,0.814680635,0.387103156,0.877347542,0.017372005,0.529718975,0.771290403,0.073501572,0.00234713,0.030373773,0.786981167,0.046273823,0.08148286,0.950061578,0.031798737,0.654295757,9.81E-05,0.336258749,,0.0325012,0.763480215,,0.519262401,0.104361247,0.08957288,0.003402286,0.096523196,0.066698978,0.590558916,,,0.75732544,0.381984876,0.091386813,0.877272462,6.47E-12,0.960175079,0.157472081,0.046422948,0.213492342,0.485040992,0.351717115,0.140301623,0.00100285,0.002389536,0.033770732,0.371220123,0.855282982,0.67035713,0.583222375
Thr,P Value,Replica 2,0,0.267568,2.57E-07,0.260912459,8.29E-06,0.970120965,0.353933097,0.001042537,0.977192855,0.210204884,0.049270196,3.30E-12,0.004308688,0.045932984,0,,0,0.65330784,0.352298003,0.188529246,0.689454673,0.11751758,0.008372559,0.000235246,0.162384762,2.81E-10,0.175441445,,0.646864185,1.97E-09,5.87E-08,7.63E-10,0.076735282,0.605990239,0.002348608,2.39E-06,0,0,5.53E-11,3.95E-10,0,3.07E-08,0,0,0,0.027392136,0.23750594,2.08E-08,0.589183284,0.051751811,8.21E-05,0.495079589,7.44E-05,0.007896552,0.745385534,0.69999135,0.0010505,1.54E-05,0.258843786,0.534136281,0.006917215,0.108642028,0.222127243,0.649182687,8.88E-07,0,0.373148085,0.202034163,0.980972831,0.039134985,0.015716808,0.027958207,0.405100812,,3.25E-06,5.33E-07,0.164096091,0.679962609,0.032821754,,0.00035119,0.738702546,0.035507261,0.654679233,0.131774819,0.000108031,0.983125524,0.356895866,0.000970176,0.795495795,0.007353067,0.456278035,0.181645553,4.23E-07,0.009076611,0.533517559,0,1.67E-13,0,6.77E-05,0.8358829,0.00023464,0.54067712,0.122074484,0.462337438,0.804759463,0,0.939374316,0.068556943,6.86E-10,0.862339515,0.388498138,0.873229126,0.062535684,,0.05821657,0,0.886527852,4.67E-11,0.724949386,0.000140111,0,2.16E-07,0.001925552,0.419212283,8.88E-16,0.111600889,0.024007805,0.000204287,0.68700227,,0.220802907,0.091546744,0.000228497,0.000143394,0.000344768,0.628733433,0.992073969,0.044214885,0.006306077,0.364050693,,7.29E-06,0,0.072150279,0.80003483,0.344096616,0.375112347,0.411783247,0.052209172,0.210590098,0.568911953,9.84E-05,1.02E-06,5.35E-06,0.100247195,0,,1.19E-05,0.070121535,0.000310862,0.001467311,0.909340928,0.004772989,0.036985752,0.038830649,0.187824717,0.012349192,0.069118246,3.69E-06,1.07E-10,0.013216452,,0.466414622,0.819647359,0.012015871,0.081340696,0.502161054,0.000716012,8.54E-08,0.249375244,0.011454384,1.83E-06,4.84E-06,0.870403407,0.004426754,0.465483795,0.00536533,,0.391799658,0.608553609,0.000831365,0.007182943,0.409100626,0.03046913,0.02266213,0.106478891,0.30988946,0.326007709,0.856811998,0.974108205,0.704458689,0.948904703,,0.544589777,0.646321257,9.89E-07,0.015299544,0.038606238,0.008613956,0.886136886,0.050606673,0.524940066,0.561870959,0.002879922,0.322148178,0.792243311,0.656465913,0.0218654,0.935415263,8.92E-05,0.270324021,0.381434772,0.001796803,0.119909572,0.160472806
Gln,P Value,Replica 2,0,4.14E-09,0.279854861,0.627967462,0.047643969,,0,0.082963475,0.000180533,,0.002870992,0.59226929,2.63E-06,0.887861349,3.02E-14,0.861670349,0,0.637134187,0.013661536,,0.146834308,0.447220136,0.665907978,,,0,0.860036674,0.247452828,0.000997538,1.55E-11,0,0.695517304,0.867142669,0.936768599,0.940350855,0.271776746,0.496254554,0.001986052,0,0.077200001,1.79E-05,2.50E-13,0,0,0,3.06E-11,0,0.00141138,0.147370562,0.005029716,0.006140526,2.66E-14,0,1.94E-06,0.724505915,0,0.019749686,0.000221267,0.008131741,0.144442562,0.002885071,0.850328076,0.266522424,0.621084185,0.113504451,0,0.160047373,0.541626679,0,0.620311327,0.057055338,0.081184449,0.282898653,0.420726053,3.69E-10,0.297532195,0.192151541,0.049552056,0.320759385,0.441724198,0.338340135,0.687144499,0.884524497,0.525728489,0.13702875,0.15711136,0.001142279,0.949907882,0.397440768,0,0.518725373,0.006549538,0.680934882,0.012834703,0.609953198,0.11678494,1.22E-08,0.360701567,0,3.49E-09,0,0.45180766,0.319886608,0.013246792,0,0.96208165,0.62557313,0.127958106,8.94E-05,4.74E-06,0.10258954,0.004383837,0.006952477,0.564599929,0.954125975,0.00028051,0,0,0,0,0,2.52E-05,0,0.829612306,9.22E-11,0,0.055657851,0.873708169,0.264551903,,0.494015403,0,0.021236026,0.029911616,0.193465864,0,0.558282124,0.26364844,0.164828682,0.185174557,,0.0935189,1.82E-10,0.935275159,3.18E-05,0.005908245,0.334259479,0.478223714,0.143387085,0.310290579,0.000194587,0.990871851,,0.559037389,0.278967489,0.306776347,0,0.578277137,0.827253741,0,,0.146987355,,0.18583047,,0.927875441,0.499618089,0.02370979,0.078027872,1.60E-06,0.634753413,0.744717833,0.000107477,0.013478348,0.875022924,0.296354734,0.317991195,,0.011615205,0.25119403,0.579161248,0.006066837,0.04350641,0.292692218,0.731887616,,0.003027917,0.000339313,0.875138023,0.066980295,0.001810063,0.289953035,,0.320301052,0.260626912,0.154054488,0.749250774,0.065930255,0.261578712,0.736124732,0.77620332,0.013305589,0.748318224,0.533049108,0.276987267,0.193459564,0.768435426,0.029182801,0.221225104,0.000178017,0,0.00806658,,0.016156659,0,0,0.441878193,,0.786761086,0.39289004,0.558077465,0.214083383,0.033685286,0.397433333,0.000316165,0.884632853
Asn,P Value,Replica 2,0,,0.931489998,0.094759245,0.092561929,0.864368535,,0.096533158,0.015091266,0.347215641,0.010568586,0.059431419,5.11E-15,0.968829824,2.15E-12,0.214803073,0,,0.644296221,0.724233595,0.573983794,0.064377742,6.66E-16,0.849338505,0.203451232,0,0.007199139,0.012693065,0,0,0.024985782,0.164923634,0.004492201,0.278846707,0.844984632,0.48599667,,0.03280036,0.019896168,0,0,0.057623767,0,0,0,1.41E-05,4.71E-14,2.86E-09,0.16673096,0.000765133,1.02E-12,4.01E-09,7.93E-08,,0.25784858,0,0.160920007,0.427704743,0.642952519,0.788719173,0.003844601,0.934450305,0.766389279,0.089176672,0,1.10E-08,0.540676405,7.03E-08,6.66E-16,0.198726025,0.258716601,0.164573646,0,0.043448482,0.013822871,0.154760246,0.566186513,0.467932947,,0.103955236,0.479115636,0.170372636,0.893461112,2.78E-14,0.109927192,0.163125319,0.161998806,0.274256129,7.79E-07,0,0.00098571,0.590982073,0.768468498,0.210982715,7.03E-13,2.20E-13,1.85E-07,0.014727827,6.20E-09,0.988027154,0.127463552,0.577457964,0.007038852,0.875408035,0.000979611,0.230902696,0.004880203,0.464110561,0.410696634,0.979979491,0.452645732,0.395172853,0.319276658,0.916852666,1.05E-06,1.72E-11,0,0,0,5.70E-11,0,0.021732952,0,0.352284676,0.001691243,0.001466634,0.190757195,0.692423115,0.00020748,0.08329796,0.117229712,0,0.434947618,0.774562922,1.21E-05,0,4.32E-06,,2.21E-07,0.832507779,0.014830648,0.26616507,0.044000229,2.80E-10,0.000192863,0.100397934,0.327370575,0.087908188,0.578351923,0.000223581,0.359269857,0.564684875,0.021886052,0.001134182,0.090092404,0.296754955,0,0.65180487,5.03E-10,0,0.789499731,0.70846479,0.610983871,0.238713826,0.06004976,5.03E-07,0.020691995,0.857404522,0.619394636,0.955732309,0.419817266,0.000170195,0.587953497,0.516424301,0.504235231,0.000633177,0.021519116,0.425656457,0.699607484,0.250398761,0.009705367,0.836253096,0.148010313,0.375427573,0.08257391,0.197422154,0.204195372,2.76E-10,0.00645621,0.789126818,0.184918599,0.810778233,0.013423652,0.02304458,0.005014369,0.401669865,0.005693798,0.768567144,0.918744272,0.574468375,0.318605033,0.189637813,0.178777336,0.139856876,0.075530978,0.46590418,0.246229592,1.83E-06,0.888894262,0.762674001,0,0.870103603,0.027632834,0.031959828,2.55E-07,0,0.181924774,0.100891664,0,0.0059486,0.441945871,0.17977757,0.198641348,0.171464191,0.000428293,0.087518396
Asp,P Value,Replica 2,0,0.047751778,0.029905191,0.46224858,0.65658675,,0.551167716,0.182698482,0,0.341628838,0.009813048,0.736262023,0,2.15E-09,0,1.36E-12,0,0.319614245,0.054685855,0.40593425,0.965831115,0.398025838,1.65E-12,2.45E-05,0.037621141,0,7.17E-12,1.78E-15,1.93E-12,0,0,0.0794179,0.529808223,0.887321527,0.103790789,0.187809553,6.06E-08,0.209743383,5.04E-12,0.083569859,0.000831686,0,0,0,,0,0,0,0.122808666,0,0,4.44E-16,0.000574845,0.619804108,0.470830208,0,1.68E-11,0.12201065,0.061257387,9.33E-07,0.433535619,0.101731486,0.747967737,,0.016111233,0.001808499,,1.65E-12,0,0.247943213,0.000245505,1.17E-13,0.932135626,0.340802395,0,0.021891865,0.293994502,0.284610838,0.411846294,0.74349252,0,0.068466167,0.01211025,,3.38E-12,0.925895209,0.235326423,3.86E-06,0.016507911,0,0.569998188,0.341602735,0.5917113,0.243601572,0.044847846,0,0,0.619211791,0,0.000157878,0.00249838,0.054860434,0.03968129,0.780295982,0.348102992,0.001939241,0.000931373,0.748114341,0.546893034,0.188783076,0.065049366,0.002798765,0.619883137,,0.173809252,0,3.89E-10,0,0,5.55E-15,0,0.193659808,0,2.00E-09,0.00221839,,0.674718109,,0.481037485,0.397484173,0.209735775,1.25E-13,0.026567802,4.00E-08,0,0,0.044351755,0.032426547,6.17E-05,0,0.764261774,0.013476808,0.01122321,0,,0.001005328,1.17E-09,0.092009273,0.089686375,2.99E-06,,0.252631439,0.05753129,0.000762141,,0.079605413,0,0,0.008487317,0,0,0.882673793,0.436240497,3.32E-05,7.85E-11,0.063863352,0.243823307,0.341159699,0.534197179,0.000900491,0.019690627,1.28E-06,0.022996236,0.051202235,0.369522626,9.24E-05,0.557829595,0.721434824,0.391315947,0.988131501,0.018252302,0.721575706,0.127043164,0.020395877,,0.201598487,0,0.823901969,0.855135119,0.898155085,0.217926424,0,0.070109668,0.887177211,0.12277281,0.281215961,0.384444059,0.069523626,0.012457413,0.857945502,4.44E-16,0.04916946,0.395999499,0.313423573,0.827751239,0.025152911,0.029516783,0,2.01E-05,0.031860803,0,0.79145918,0.425841914,0.207799069,0,0,0.675424779,0.006194466,0,0.000173572,0.149275328,0.467009395,0.615770437,0.816619896,0.168349747,0.555429939
Glu,P Value,Replica 2,7.11E-06,0.457126076,0.003122525,0.084296778,0.729667085,,0.801477549,0.228409588,2.22E-06,0.883164107,0.441816437,0.014874691,0,0.665455909,0,0.037650515,4.44E-16,0.048664183,0.195486997,0.675171428,,0.895032067,0.311294806,0.021560961,0.347027991,0,1.78E-07,0.001389299,0.002049595,0,0,0.496010723,0.000534503,0.762707309,2.63E-05,1.86E-06,0,,0.073340562,0.366266056,,0,3.82E-12,0,0,0,1.39E-06,0,0.005683835,0.710085175,1.65E-13,0,0,0.474864853,0.023162622,8.59E-12,0.01385421,1.92E-07,0.207695381,0.862719648,0.652971342,0.298348122,0.934728978,0.0490627,,0.000255145,0.421219896,7.29E-06,0,0.074710677,0.003722305,0.04011546,0.160294351,0.700781081,0.001458056,0.13417629,0.882211185,0.109699159,0.160467757,0.005018065,0,0.194537418,,0.573105143,0.001791953,0.571400221,,0.349185824,,1.38E-07,0.212394782,,0,0.350355718,0.000938827,1.03E-05,1.52E-06,0.189394787,0,,0.963325409,0.687112739,0.073315795,0.000340049,0.02809606,0.126687571,0.127550072,0.066207262,,0.637634402,0.097101281,0.137636273,2.76E-05,0.2858561,0.233836987,0.000967031,,6.68E-05,0.000191612,0,0,0.000321975,0,7.42E-06,0.108972873,0.61745999,0.00444433,0.022566805,0.041088489,2.40E-13,0.850863483,0,,0.000932835,0,0,0.002451265,0.301393411,1.69E-14,3.66E-07,0.401658329,0.008222771,0.573276627,5.70E-11,3.54E-05,,0.608827142,0.001815694,0.41562204,4.23E-05,0.000248242,0.438361101,0.943648674,0.077589385,0,7.92E-06,0,0,0.00076239,0,0,,0.036358209,0.019089279,0.072603415,0,0.580865112,0.080763073,0.591002134,0.5155219,0.247538137,4.16E-08,0.568654151,7.18E-06,0.95836109,0.435273804,0.015134099,0.023185785,0.642303077,0.190850055,0.464116075,,0.190458042,0.142996051,0.707473022,0.372184802,,0.15111946,0.060809002,0.417527087,0.596773485,0.194486839,0.287607423,0.11957971,0.219896786,0.022167615,0.606739193,0.362447671,,0.593227523,0.351844976,0.325854443,0.247465826,0.868247362,0.169677167,0.055557347,0.515526253,3.54E-05,0,0.109760521,0,,0.123076703,0.177450342,0,0,,0.785936564,7.57E-08,0.155695967,0.000971047,0.047538423,0.263531802,,0.228935278,
His,P Value,Replica 2,0,0.004050411,0.576801038,0.376585506,0.620693746,,0.002887849,0.169852154,0.000194503,0.17168232,0.253324388,1.90E-05,0,0.741069869,0.865999601,0.029934657,0.01906863,0.014232432,,0.012197503,0.086375564,0.511859251,0,0.023968017,0.580193133,0,0.957419862,7.51E-09,,0.623054545,0,0.030592127,0.216519575,0.967867209,0.975907064,,0.430347482,0,0.089564865,0.434731104,0,0.674144956,0,0,0,0,0,0.067733852,0.133569955,0.781915469,1.17E-05,0.000350768,0,0.20609329,0.060605227,0,0.340979619,,0.447850578,0.658575817,0,0.015916805,0.167761717,0.064439184,0,0.000119565,0.017394249,1.21E-08,0.052180561,0.593165615,0.015297298,0.629564669,0,0.001117783,0,0.697911001,0.049765404,0.006771413,0.083885628,0.789221247,0.789274821,0.061562895,0.639849036,,1.03E-13,0.489447181,0.847660948,0.004699795,0.004593669,4.44E-16,0.080833727,0.588364305,0.000168887,0.041096258,0.027464673,0.297126053,2.62E-07,0.169836292,0,0.014822077,0.232358047,0,0.016568115,0.258650042,0.768327407,0.000768407,0.036871042,1.62E-09,0.040861698,0.932521321,0.789025716,5.02E-14,0.774368041,0.070345598,0.013126174,1.08E-06,0,0,0,0,0,0,0,0.59464421,0,0,0,0.000151832,0.179177623,0.307561201,0.026733326,0,4.19E-08,0.672020014,0.219116478,0,2.78E-05,0.549119103,2.95E-06,0.31387732,0.25591485,0.789675858,0.304360309,0,0.000109987,0.717295967,0.049552056,0.295099248,0.227405739,9.20E-05,0.065223163,0.24956421,0.011682737,0.407424165,0.382611752,0.1378378,0,0,0.308717951,0,0.005504063,0.025537136,0.527717883,0.022883327,0.16509123,0.130529227,0.517498328,,1.47E-06,0.582172304,0.842797709,0.079420551,0.299740508,0.226259707,0.157345005,0.364425749,0.084778178,0.083302062,0.031698775,0.007051819,0.41269103,0.625336534,0,,0.588138307,0.290608157,0.123065378,0.009731901,0.000157675,0.527518595,,0.110114352,0.06159164,0.127591118,0.375882044,0.0231544,0.159411074,0.002040057,0.060569651,0.269309866,0.668975141,0.34950347,0.325273422,0.755129197,0.284130672,0.026469821,0.938840658,0.229229076,0.115785086,0.295777169,0,0.027617338,0.928472725,0.700683743,0,0,0.100233971,0.004345222,0.748443689,0.002434008,0.40164051,0.005893696,0.332223353,0.040803272,0.381731586,0.162762387
Arg,P Value,Replica 2,0,0,1.43E-08,0.001030234,0.181541359,,4.25E-07,,0,0.112649413,,6.27E-05,0,0.000386901,0.007480561,0.057015312,0,0.47559714,0.60964372,0.002858785,0.002065611,0.83496843,0.341598142,0.20066709,0.180078974,0,0.004786551,0.014778671,1.66E-06,,4.39E-13,0.005497405,0.699434942,0.021024335,0.142803231,0.000337718,1.30E-07,0,,0,0,0,0,0,0,0,0,0,0,0,0,0,0,0.037125914,0.000460286,0,0.110331017,0.492902612,,0.937795452,0.609268815,,0.057211322,0.24668099,0,0,0.078575583,0,0,,2.58E-14,,0,1.15E-06,0,0,,1.07E-07,0.249193138,0.00278413,0,0.526477671,0.299777653,0.332412724,0,,0.000833788,0.038844138,0.957864222,0,0.289715933,0.583280221,1.29E-05,0,,0.600307576,0,0.004002196,0,2.74E-09,0.972332968,0.001795223,0.000827069,9.97E-14,0.042648494,1.16E-06,,,0.005047779,0.019145695,0.169314576,1.60E-07,1.83E-07,0.163736638,0,0,0,0,0,0,0,0,0,0.004163113,0.980213709,0,0.059184931,1.03E-09,0.432841467,0.000195591,0.004383734,0,0.290945969,0.001654182,0.274394099,0,0.000148591,0.000130155,0.000125208,0,0.686118292,0.176044642,,3.18E-07,0.441128973,0.059820576,0.000734322,0.413703516,0.00309652,6.42E-05,0.00723807,0.096759844,0.875284739,0.176162632,0,0.261835604,0,2.05E-12,,0,0,0,0.584630334,0.111361796,0.000449824,0.468669014,,0.808863369,0.946775411,0.052609448,0.38431081,0,0.000851271,0.101388101,0.038094602,0.43456402,0.33102412,0.344757589,0.652744677,,0.035809508,0.765710521,0.929717683,0.583985217,0.065158284,0.112756486,0.050687371,0.599903639,0.895648513,0.09135496,0.400937977,0,0.040619702,0.069181469,0.084413496,0.403105851,0.93161526,0.058132437,0.970722019,0.295758754,0.683774421,0.560760008,2.55E-05,0.660964989,0,0.023986838,0.031550331,,,0.003790124,0,2.75E-12,0.055414596,0.784346399,0,0,0.554483419,0.003365444,5.05E-07,0.00200827,9.32E-05,0.006566217,0.43599815,0.167354936,0.052424643,0.230321604
K,P Value,Replica 2,3.67E-11,0,0.245232929,0.963451543,0.488573225,,0.132798304,0.254130258,0.863996923,0.696595763,0.036352229,,0,0.000481776,2.07E-08,5.62E-05,0,0.798239849,0.233611725,0.857871521,0.09556334,0.000123337,0.099277103,0.006747341,0.05910089,0,0.002906035,0.929347008,9.91E-06,0.007813698,0,0.011623708,0.003947671,0.390888614,,0.335052462,0.01082377,0,0.832748406,0.062057308,2.74E-06,0,0,0,0,0,0,0,0,3.65E-07,0,2.88E-08,0,0.196912096,0.040393561,0,0,0.002668486,0.628838326,0.515538459,0.592530304,0.102511526,0.018439307,0.607674158,0,0,0.657760071,0.91114438,0,0.821485921,9.38E-05,0.031068649,0,0.742851369,0,0,0.462453901,0.768958857,0.276527447,0.263635928,3.00E-12,0,0.899706722,0.454889373,0,0.463486454,0.977010143,1.95E-05,0.369513602,0,2.68E-06,0.285260672,0.378871462,0,0.000336808,0.06644763,0,0.014176846,0,0.615082432,2.54E-10,,0.001078588,0.403206658,0.266667212,0.813872162,0.764381255,0.015886778,0.10747699,0.438084689,0.633004819,2.35E-05,0.866653272,0.10534985,0,0,0,0,0,0,0,0,0,0.962184501,3.00E-05,0,0.302616696,0.857573027,0.016720707,0.847744523,2.07E-10,0,0.789221247,,0.943274382,0,0.638078782,0.175624565,6.76E-06,0,0.553074677,0.001272381,8.65E-10,2.29E-12,0.093614244,0.847923206,0.415640167,0.252546064,0.21025011,0.000360156,0.520800155,,0.62511563,,0,0.057058739,,0,0.399363901,0,0.019202988,0.413148257,9.85E-08,1.15E-09,1.52E-11,0.162107731,0.98779074,0.342842391,0.214224374,0.047896658,0.927375566,0,0.09354766,0.062760342,0.162426212,0.870708303,0.113190733,0.350857189,0.06362548,0.462389359,0.910015787,0.144052957,0.253783444,0.867650556,0.315671058,0.80082636,0.690357287,0.862520057,0.251148107,0,0.200100614,0,0.075225594,0.084117809,0.000633385,0.925767717,0.184551287,0.794206801,0.562737407,0.300878222,0.021776633,0.105508422,0.419387127,0.037421823,6.52E-05,0.194113306,0.851923387,0.03884107,0.349478044,,0,0.230713875,0.144713753,0.299342586,0,3.22E-07,0.37293428,0.06252446,3.13E-05,0.521750665,,,0.224914874,0.940871418,0.857047832,0.081729575
STOP,P Value,Replica 2,0,0,0,0,0,,0,4.83E-13,2.39E-10,0,0,2.95E-10,0,0,0,0,0,0,0,0,0,0,2.23E-07,0,0,0,5.06E-14,0,0,0,0,0,0,0,0,0,0,0,0,1.23E-13,0,0,0,0,0,0,0,0,0,8.40E-12,0,0,0,0,0,0,1.95E-05,0,0,7.88E-14,0,0,0,0,0,0,0,0,0,0,0,0,2.90E-11,0,0,0,0,0,0,0,0,0,0.000329277,2.22E-15,0,3.79E-10,1.52E-10,,0,0,0,0,0,0,0,0,0,0,0,0,0,0,0,0,0,0,0,0,0,0,0,0,0,0,0,0,0,0,0,0,0,0,0,0,0,0,0,6.67E-13,0,0,0,0,0,0,0,0,0,0,0,0,0,0,0,0,0,0,0,0,0,0,0,0,0,0,0,0,0,0,0,0,0,0.01818045,0.932380039,0.010354455,4.29E-12,0,0,9.55E-14,0,0,1.77E-10,0,0,0,0,6.66E-16,0,0.629531902,0,0,0,1.97E-06,0,0,0,0,0,0,0,0,0,0,1.57E-11,0,0,0,0,9.33E-15,0,0,0,0,0,0,0,0,0,0,0,2.04E-06,0,0,0,0,0,0,0,0.474576942,0,0,2.22E-16,6.87E-10,3.32E-05,0.033049569,0.212252354,0.361456573