,,M,N,P,I,V,I,N,R,L,Q,R,K,L,G,Y,T,F,N,H,Q,E,L,L,Q,Q,A,L,T,H,R,S,A,S,S,K,H,N,E,R,L,E,F,L,G,D,S,I,L,S,Y,V,I,A,N,A,L,Y,H,R,F,P,R,V,D,E,G,D,M,S,R,M,R,A,T,L,V,R,G,N,T,L,A,E,L,A,R,E,F,E,L,G,E,C,L,R,L,G,P,G,E,L,K,S,G,G,F,R,R,E,S,I,L,A,D,T,V,E,A,L,I,G,G,V,F,L,D,S,D,I,Q,T,V,E,K,L,I,L,N,W,Y,Q,T,R,L,D,E,I,S,P,G,D,K,Q,K,D,P,K,T,R,L,Q,E,Y,L,Q,G,R,H,L,P,L,P,T,Y,L,V,V,Q,V,R,G,E,A,H,D,Q,E,F,T,I,H,C,Q,V,S,G,L,S,E,P,V,V,G,T,G,S,S,R,R,K,A,E,Q,A,A,A,E,Q,A,L,K,K,L,E,L,E,
Amino acid,Data Type,1,2,3,4,5,6,7,8,9,10,11,12,13,14,15,16,17,18,19,20,21,22,23,24,25,26,27,28,29,30,31,32,33,34,35,36,37,38,39,40,41,42,43,44,45,46,47,48,49,50,51,52,53,54,55,56,57,58,59,60,61,62,63,64,65,66,67,68,69,70,71,72,73,74,75,76,77,78,79,80,81,82,83,84,85,86,87,88,89,90,91,92,93,94,95,96,97,98,99,100,101,102,103,104,105,106,107,108,109,110,111,112,113,114,115,116,117,118,119,120,121,122,123,124,125,126,127,128,129,130,131,132,133,134,135,136,137,138,139,140,141,142,143,144,145,146,147,148,149,150,151,152,153,154,155,156,157,158,159,160,161,162,163,164,165,166,167,168,169,170,171,172,173,174,175,176,177,178,179,180,181,182,183,184,185,186,187,188,189,190,191,192,193,194,195,196,197,198,199,200,201,202,203,204,205,206,207,208,209,210,211,212,213,214,215,216,217,218,219,220,221,222,223,224,225,226,
Trp,Transformation Score,-1.25302874,-1.366383082,-0.003912747,-0.305144693,0.011232306,,-0.585895086,-0.197515183,-0.833462788,-1.741327308,-0.525780329,-1.847131034,-0.95234521,-1.274413209,-0.40133571,-0.188057252,-0.242483237,-0.173807977,-0.212495568,-0.056219292,-0.047973134,0.087739358,-0.442431442,-0.064085462,0.007832724,-1.963176058,-1.18459672,-2.117778401,-1.054739345,-1.455020569,-1.484855094,0.105693133,0.111383142,0.117176079,0.122197745,-1.093430583,-0.658789039,-1.539986984,-0.900643989,-1.009498301,-1.086420693,0.240402451,-1.2116677,-1.371811834,-2.017030044,-2.36171468,-1.308892534,-0.781234111,-0.970443432,0.087473943,-1.356383737,-1.460253096,-1.21145257,-0.740943147,-0.192277607,-1.309663927,-0.123560618,-0.196848777,-0.111536658,-0.577667509,-0.467985546,-0.103638594,0.650790061,-0.082005936,-1.068469149,-0.946865081,0.016060331,-1.077864166,-1.492004135,-0.172373016,0.172824473,-1.215797724,-1.665130916,-0.756050565,-1.847131034,-1.841717752,-0.379641931,0.033636607,-0.068547437,-1.582885436,-0.802186996,-0.166162198,-1.192914357,-1.381970593,-1.653948792,-1.113125281,-0.093040929,0.216455114,0.010843563,-0.920292547,-0.040464008,-0.060166494,-0.043738628,-1.009488638,0.075514958,-1.105764181,-0.45749625,0.04331275,0.272401393,-0.32122186,-0.127880762,-0.025909088,-0.319012759,-0.127443757,-0.924820419,0.048451509,0.297834468,-1.217160344,0.011275758,-0.611497497,-0.47853051,-0.192669062,-0.834588957,-0.927903899,-0.985693488,-0.311724589,-1.385883182,-2.164358896,-1.784990127,-1.124649525,-1.318611687,-0.84643282,-1.233627471,-0.291700375,-0.903919371,-1.451407281,-1.283315255,-1.06625564,-0.201516215,0.05127222,-0.229808387,-1.164244923,-0.372218446,-0.248752079,-0.343915442,-1.1693625,-0.219452141,-0.116478923,,0.059986245,-0.1089227,-0.477579673,0.111879577,-0.412172505,-0.259723559,0.02503482,-1.513249508,-0.185223465,-0.324325296,-0.309068806,-0.02581982,-0.620079106,0.106537346,-0.238051293,-2.204473914,0.004656314,-2.450814599,-1.811478488,0.298872389,-0.860274344,-2.344881194,-2.223923186,0.298148263,-0.073735044,-2.288599743,-0.226793643,-0.368029228,0.306141638,0.034622882,-0.217818488,-0.246903462,-1.027434414,-0.087202619,-0.396201544,-0.102854564,-0.14651662,0.149495252,-1.605716559,-0.529281125,-0.810306303,-0.215419065,-0.131556895,-0.724024716,-0.072429273,0.106676291,-0.275104839,0.073730516,-0.163144573,0.117778206,-1.380933376,-0.319612241,-1.013545065,-0.031853982,0.00165151,0.056359415,0.050244664,-0.234291483,-0.353777105,-0.170411354,0.470574568,-0.435657264,0.099734242,-0.246903462,-0.026706416,0.160279642,-0.220649623,-0.346034935,-1.276455324,-1.07890752,-0.080998306,-1.335844545,-0.9360446,-0.36169737,0.0297413,-1.386782548,-1.558719996,-0.266123168,-0.4296253,-0.30510321,-0.146037583,0.020279477,0.210000969,0.053933471,0.162120554,-0.055888556,0.419373615,
Phe,Transformation Score,-1.237276713,-0.031699525,0.115206447,-0.025126003,-0.104269451,-0.410208225,0.115037792,-0.302225135,-0.044125761,-0.213210382,-0.422249398,-0.371754437,-0.068013036,-0.43829086,-0.361558859,-0.047495434,,-0.146837554,-0.166790702,-0.058487563,-0.177609226,-0.052572273,-0.150149662,-0.011696978,-0.434380662,-0.814674765,-0.186423156,-0.834633197,-1.375278581,-1.149620412,-1.325386711,-0.207017797,-0.008432634,-0.092814205,-0.040582222,-0.685251088,0.031977347,-1.398938856,-1.105345137,-0.094850003,-1.360973417,,-0.546260344,-1.272680361,-1.283901703,-1.205169682,-1.124769734,-0.762238803,-0.978990507,-0.206514374,-0.597957159,-0.813561832,-1.30087588,-0.427297426,-0.08143141,-0.801465957,0.092457067,-0.048517794,-0.083778009,,-0.506275532,-0.055894552,-0.067635016,-0.372985723,-1.202058147,-1.151965887,-0.244275612,0.007238421,-0.964836842,-0.183473648,-0.291703598,-1.23317182,-1.744642549,-0.133657871,-0.115933349,-0.897067818,-0.789748118,-0.337077719,-0.039647927,-0.225412755,-2.212219512,0.099646425,-0.344128019,-0.244943357,-0.362629979,0.322179924,0.025686888,,0.031566428,-0.078971005,-0.060844001,-0.024905115,-0.01215322,-0.303025514,-0.100787919,-0.028491925,-0.752852369,0.035127542,-0.266615474,-0.14644356,-0.071701958,-0.119021886,-0.10962951,-0.007866654,-0.147593353,,-0.03100816,-0.733758916,-0.137275924,-0.256828365,-0.351163497,-0.31467766,-0.830859204,-1.589890337,-0.483823008,-0.092263038,-1.234103832,-1.414075931,-0.310587448,-0.401497837,-1.847586685,-0.575048523,-0.718680337,,-0.30622588,-1.328669288,-1.381970593,-1.56582636,-0.030764358,0.016411158,-0.414372026,-1.213690112,-0.449287643,-0.081585703,-0.239782576,-1.455120379,-0.22318815,0.016632149,-0.256544315,-0.01629753,-0.013537894,-0.109797337,-0.192404428,-0.147791131,-0.077130771,-0.089301055,-0.558235605,-0.027450409,-0.085377577,-0.192295641,-0.134616051,-0.211690609,-0.084554473,-0.366948893,-1.772304277,-0.045998881,-1.46308387,-1.886543168,-0.196879965,-0.073855771,-0.502909572,-1.287427558,-0.352517062,-0.326425464,-1.249283163,-0.03383579,-0.037336351,-0.066567171,-0.018534559,0.027751897,-0.216462729,-1.674198864,0.119569402,-0.190753452,0.002341029,-0.210162789,-0.054640714,0.126922496,-0.012905822,0.024289394,-0.17604036,-0.076577147,0.125021482,-0.230829311,0.109092026,0.009389113,0.005404788,,-0.339747991,-0.101389378,-0.09082176,-0.280349333,-0.007290852,0.038218399,0.069070854,-0.00842146,-0.105555821,0.261252027,0.06394042,0.197956141,-0.402473054,-0.006546687,-0.212581211,0.080724452,-0.361512545,0.000409081,-0.171144103,-0.547771883,-1.070287611,-0.192089265,-1.096542645,-1.08044165,-0.121791596,0.029829368,-1.718028301,-1.383867809,0.122882887,-0.895317093,-0.001566884,-0.288955868,-0.003526817,0.061691633,0.299867108,0.020839055,0.038620808,-0.192757857,
Tyr,Transformation Score,-0.910800114,-0.309490179,0.237700486,-0.047677336,0.181929409,,-0.32945,-0.232080266,-0.709054002,-0.227376848,-0.096820017,-1.310543845,-1.134534987,-0.495219015,,-0.03754964,-0.149707086,0.014077516,-0.154328941,-0.082896643,0.062588523,-0.291633528,-0.764736744,-0.06938027,-0.024282928,-1.134388744,-1.003082861,-1.516882427,-1.203315185,-0.839468864,-0.761530694,0.146978215,-0.039256498,0.077244266,0.007091744,-0.184070058,-0.050117774,-1.036971921,-0.902039314,-0.208600387,-1.177595206,-0.074726201,-1.258725924,-0.949757035,-1.050210222,-1.133678736,-1.035342563,-1.262414222,-0.589998481,,-1.048004623,-2.411402465,-1.352404736,-0.114711248,-0.2933537,-1.465120896,,0.051650836,0.121890009,0.080797694,-0.395121309,-0.106315207,0.29389847,-0.178259148,-1.168044179,-1.43710898,-0.138640099,-0.129821541,-1.512627333,-0.162721475,-0.283809075,-1.385905222,-1.161010916,-0.049456551,-1.108876006,-0.731305268,-0.506468645,-0.346444859,-0.26354081,-0.383931294,-0.866985854,-0.017029218,-0.151521672,-0.576164313,-0.848619714,-0.060235327,-0.366279742,-0.050360781,-0.156866902,-0.944701912,-0.104486512,-0.085425606,0.051691697,-0.733167198,-0.154451157,-0.143275326,-0.676400242,0.015809278,-0.329857352,-0.370268305,0.125944479,-0.00100124,0.025580751,-0.152667568,-0.088323396,0.117491695,0.069429543,-1.20361934,-0.085949347,-0.250805811,-0.490935372,-0.444500664,-0.310687669,-1.218128372,-0.890454976,-0.640811456,-1.128778545,-1.470419386,-0.86106491,-1.431965137,-1.463898177,-0.935593289,-1.213804852,0.155281508,-0.353437539,-1.168325084,-1.025991656,-1.041005278,-0.088416977,0.042261626,-0.542093642,-1.150279054,-0.201987562,0.032767429,-0.350550453,-1.33490451,-0.253006688,0.014446909,-0.530400828,,-0.081651843,-0.047576061,-0.031386121,-0.895458822,-0.256181539,0.020486387,-0.653325391,-0.04419572,0.031111385,-0.419812152,-0.102918937,-0.360058374,-0.133530103,-0.178741861,-1.554778556,-0.031906487,-1.53950029,-1.593857952,-0.017937684,-0.672401804,-1.535552131,-1.720671074,,-0.256873357,-1.131510043,0.180695615,-0.097401784,0.195854006,0.031398924,-0.103948577,-0.35713299,-1.726024541,0.128223914,,-0.24650319,-0.297312965,0.005991672,-0.151660608,-0.130507656,0.190579109,0.080205934,-0.122051942,-0.212841266,-0.21931994,-0.043906995,-0.045107273,0.02137041,-0.043307966,-0.162923333,-0.022594523,-0.048138596,-0.562909232,0.145287876,0.00640926,-0.053473318,0.048539619,0.029196824,0.08682548,-0.050848272,0.070819384,-0.062520154,-0.047481371,-0.328464409,0.077681957,-0.320351523,-0.06709668,-0.087202619,-0.24393576,-1.076737185,-0.277452382,-1.543568652,-1.110388678,-0.231556705,0.045663486,-1.34027616,-1.775028737,0.089783171,-0.171916353,-0.054263734,0.091551398,-0.042752227,0.00949905,0.057110181,-0.034190499,0.01793779,0.109626433,
Pro,Transformation Score,-1.200066695,-0.761470847,,-0.487787417,-0.12196526,,-0.263766945,-0.505839087,-0.874381143,-0.689157034,-0.326945014,-1.105038775,-1.047196479,-0.699799838,-1.133746234,-0.527599238,-1.088074751,-1.332303293,-1.113395857,0.074803533,-0.110064416,-0.412583279,-1.113063995,-0.64572414,-1.131744057,-0.866675848,-1.309765707,-1.251675953,-0.842844104,-0.169854959,-1.042059178,-1.022171311,-0.123413538,0.073320692,0.003999932,-0.197238215,-0.955516592,-1.09374572,-1.180069798,-0.931978217,-1.031640956,-0.985448349,-1.283153682,-1.423623241,-1.094587976,-1.072911581,-1.252960868,-0.925110304,-1.29621787,-1.265158872,-1.130601055,-1.184935123,-1.177913849,-1.546322448,-1.226527407,-1.050910527,-1.329381922,-0.837893276,-1.162700509,-0.805135999,,-0.196468426,-0.813366216,-0.004236615,-0.260508277,-1.338172226,-0.273605143,-1.373499509,-1.167711832,-0.358841077,-1.10607462,-1.23317182,-1.005324432,-0.88139882,-1.103001289,-1.062996935,-0.980978608,-1.009100297,-0.034438071,-0.68945519,-0.898796356,-1.037428537,-1.019753289,-0.596055559,-1.217424484,-0.637883583,-0.680617623,-1.870300069,-0.500888004,-1.280801875,-0.036553962,-0.001993247,-0.342049666,-1.194685183,-0.716885393,-0.603219752,-0.406186772,,-0.087063682,-0.203845377,-0.120361686,-0.52282242,-0.092883421,-0.159228561,-0.145953717,0.009821189,-0.11935562,-0.072486875,-0.101472878,-0.123964413,-0.257287318,-0.404480475,-0.590026349,-1.223651035,-1.249227825,-1.068393949,-1.495942425,-1.176474954,-1.12632634,-1.114738851,-1.345854995,-1.480058088,-1.19717218,-1.637549857,-1.246471504,-1.375000046,-1.220176603,-1.446492259,-0.223857965,-0.125794511,-1.307868873,-1.208127628,-1.4994957,-0.164364649,-0.987636682,-1.569239675,-1.200518059,-0.606280484,-1.325336152,-1.369361158,-0.763705536,0.043267703,-0.31522895,-1.417507244,-0.262055551,-0.222885113,-0.826973172,0.042656524,,-1.181979536,-0.053778863,-0.113748264,-1.134825577,-1.009712882,-1.350922351,,-1.403400403,-1.033494435,-1.406509618,-1.494576858,-1.662720349,-1.644214172,-1.90454759,-1.718830841,-1.622918589,-0.108094558,-0.137559876,-0.174352795,-1.113159194,,-0.175771397,,-0.094137608,-0.672167372,-0.180596752,0.053882754,-0.222197034,-0.287648429,-0.08129878,-0.149182893,-0.067154699,-0.260706217,0.093116175,-0.281267249,-0.243095262,-1.035511038,-0.279688447,-1.098371321,-1.470261703,-1.767262102,-1.364159756,-0.438097574,-0.125136036,-0.053340237,-0.00579912,-0.004937228,0.001973424,0.177439444,-0.262204054,,0.084854024,0.002952417,-1.506134923,-0.194190044,-1.550991473,-0.004228384,-0.134379237,-1.20200724,-0.44655582,-0.236064224,-1.374122681,-1.434733124,-1.29722495,-0.860501366,-1.728838583,-1.511655799,-1.277288467,-0.791740577,-1.408458954,-1.340706101,-0.061214751,-0.216097426,-0.335480479,0.018877572,0.033774874,-0.023857739,
Met,Transformation Score,,-0.806721234,0.233217021,-0.218000049,-0.175352795,,0.047702882,-0.518152156,-0.406587495,-0.01334666,-0.120776066,-0.536010436,-0.875788108,-0.106535853,-0.904064108,-0.084720367,-0.568377433,-0.206175607,0.078231153,0.14230678,0.114505751,-0.049057014,-0.187901479,0.067205312,0.125961082,-1.19521231,-0.21076771,-0.668900389,-1.074524451,-0.780524334,-1.87170374,-0.427319301,-0.175411139,0.07882063,0.097833347,-0.44078013,-0.003955815,-1.042086166,-0.183357648,0.012974015,-1.129062705,-0.094529,-0.011893561,-1.836951791,-1.025980936,-1.23317182,-0.427806054,-0.606441192,-0.35976961,-0.116734563,-0.74993364,-0.086632559,-1.229995977,-0.210560933,-0.291959122,-0.437321297,-0.084810902,-0.310014049,0.038424492,-0.289748593,0.015902698,-0.138066844,-0.028230087,-0.055051143,-1.046005056,-1.161733837,0.062597687,,-1.186398774,-1.468436137,,-0.461107815,-0.271568211,-0.02535327,0.005067346,-1.283315255,0.281470844,0.008179171,-0.334584099,-0.142215005,-0.171378592,-0.172083831,0.043940991,0.05046095,-1.02251677,-0.541750034,0.193020385,-0.031205024,0.008179171,-0.030264619,-0.269501426,-0.046309336,-0.196464559,-0.006552141,0.108941666,0.03324679,-0.674143362,0.06460318,-0.333580844,-0.079815206,-0.004380507,-0.007719181,0.035760054,0.110460573,-0.330932395,0.128697374,0.064874269,-0.362035169,-0.094712835,-0.359400681,0.125621225,-0.060404176,-0.302836048,-0.827220334,-0.122477237,0.067354628,-1.674066216,-1.080115726,0.167698044,-0.54047834,-1.399639246,-0.322513524,-0.274692695,-0.30356955,0.052894859,-1.13076645,-1.150118457,-1.010444576,0.005006729,0.118221562,-0.089191422,-0.808430331,-0.281644669,0.002501516,0.025383635,-0.548136938,-0.06080712,0.127650087,0.031911377,0.048800942,-0.032958914,-0.029660868,0.098420578,-0.096821235,-0.03606008,0.172381772,0.190901009,-0.119059277,-0.188227782,-0.17455299,-0.219119342,-0.095615366,0.022586922,-0.156667699,-1.609852728,0.158340797,-1.683376632,-0.64881618,-0.170509455,-0.157257692,-0.860765055,-0.717456811,-0.052088999,0.227664478,-0.553151695,0.081774201,0.087132494,-0.065208325,0.09851587,-0.033078857,-0.29287089,-0.155760893,-0.288117462,-0.512806857,-0.119462045,0.162960481,-0.054868101,-0.223741426,0.083241038,-0.203708188,0.051547483,-0.01920554,0.035079874,-0.149350526,-0.070496925,-0.040078444,-0.041912363,0.178165421,0.183047042,-0.03161553,-0.193006345,-0.064489235,-0.111214962,0.042636308,-0.04910307,0.062846838,-0.03360069,0.082468119,0.130154357,0.038774568,-0.038897939,0.090612717,-0.265254579,-0.083912493,-0.287688317,0.059895637,-0.105045209,-0.044054717,-0.406604305,-0.196347088,-1.923526734,-0.164407871,-0.042002924,-0.175953144,-0.931256681,-1.476889752,0.124928293,-0.067231538,-0.017025638,0.166682363,0.189441204,0.104767425,-0.006251695,0.090560384,0.128220421,0.044379928,
Ile,Transformation Score,-0.995383869,-0.450670338,0.153844724,,0.08719563,,-0.278276236,-0.231146212,-0.054983149,-0.340850786,-0.091214144,-0.64368162,-0.203067194,-1.02550983,-0.938772403,0.035419385,-0.758079982,0.045531597,-0.021526601,0.074388517,-0.022150255,0.043689114,0.088428469,-0.124167921,-0.17781378,-0.943188059,0.065859746,-0.375433883,-0.964121446,-0.279781286,-1.132276306,-0.241926038,-0.208114435,-0.042533283,0.134801853,-0.915751408,-1.215370373,-1.126529694,-0.073740654,-0.0846073,-1.34679427,-0.837746421,0.045717414,-1.115580514,-1.097734649,-0.730050115,,-0.062583391,-0.865038588,-0.32676947,-0.091223356,,-1.084599467,-0.028419506,-0.295715728,-0.078863213,-0.115895168,-0.125376375,-0.113830082,-0.230267395,-0.60090331,-0.206809919,-0.161683887,-0.761337693,-1.197642193,-1.062563742,-0.077533961,-0.385932746,-1.007171367,-0.773011588,-0.310303994,-0.732547554,-0.612190846,-0.114464219,-0.2403627,-0.072126961,-1.102423438,-0.349126736,-0.044142252,-0.864797271,-0.197570537,-0.196586113,-0.122245463,0.097282283,-1.006193725,0.116705977,-0.149308701,0.00832929,-0.450367449,-0.047494696,-0.045020843,0.012941717,-0.075262632,0.126190871,-0.024118039,-0.200900169,-0.71092798,0.010012607,-0.632659551,-0.063361257,0.038576039,0.151390291,-0.082611097,-0.087022344,-0.046859456,0.116572266,0.041316279,-0.281023965,-0.0733009,-0.484168396,,-0.108808655,-0.320634294,-0.934268674,-0.315396588,-0.010971523,-1.468620265,-1.246279286,0.072410862,,-1.431822182,-0.943229433,0.00711627,-0.529007851,-0.012033375,-1.259741126,-1.101593254,-1.15768198,,-0.135360012,-0.120833834,-0.110813104,-0.490902251,-0.022482127,-0.043951876,,0.017497278,-0.072262238,-0.118729158,-0.278079824,-0.142992441,-0.065777766,-0.295787882,-0.074499034,-0.024403379,0.062628894,,-0.191433926,-0.240149524,-0.42675643,0.020669137,-0.248402322,-0.071847174,-0.061581986,-1.484134398,-0.350966177,-1.931058041,-1.639465142,-0.195549852,-0.084881734,-1.301120735,-1.100223129,0.093968166,0.085264465,-1.733933005,-0.078881661,-0.07745121,-0.258884759,-0.084531673,0.012963665,0.053034924,-0.617277703,-0.005903131,-0.598134066,0.094707027,-0.229650171,-0.035024607,0.0799053,-0.08532357,-0.057767611,-0.051955341,0.021545597,-0.07429021,-0.223835505,-0.018149923,-0.062352725,-0.065491126,-0.083461365,0.071290508,,-0.001725566,0.031770717,-0.042315284,0.088934639,-0.13878089,-0.015415127,0.012050389,0.131373713,0.062353512,0.015382625,-0.01430974,0.089940966,-0.244007064,-0.009925268,-1.440294654,-0.010677159,-0.294204514,-0.051578971,-0.550692484,0.008074942,-1.108130058,-1.332864811,0.094852245,0.050525897,-0.304224793,-1.664013039,0.04744307,0.021941851,-0.007690985,-0.065388485,0.131541868,0.034470445,-0.05158476,0.010781347,0.015379734,0.117417625,
Leu,Transformation Score,-0.900729985,-0.343080886,0.044778377,-0.17110891,-0.025681214,-0.425057346,-0.049977455,-0.266060384,,-0.281868156,-0.176036436,-0.365179448,,-0.250627985,-1.033063137,-0.066220622,-0.924550833,0.000310351,-0.082053414,0.08458903,-0.107772562,,,-0.064343402,-0.020316571,-0.560539727,,-0.671936813,-1.031016135,-0.539832404,-1.172302002,-0.115400952,-0.012505325,0.03206163,0.026186747,-0.969050904,-0.270026101,-1.05008372,-0.225410054,,-1.162777771,-0.183312996,,-0.939308944,-1.129669838,-1.045089338,-0.049463252,,-0.803593324,0.036216811,-0.23350255,-0.146406174,-1.228875929,-0.122274771,-0.032621239,,-0.028209076,-0.007301619,0.031791431,-0.207673029,-0.357557667,-0.101791601,0.022979582,-0.112516881,-1.115845736,-0.945331824,0.059883827,-0.049873417,-1.170579524,-0.836949293,-0.024626951,-0.408408659,-1.217291695,-0.063143485,,-1.084838971,-1.109015599,-0.105612885,-0.010687893,-0.186493026,,0.067418613,-0.193986542,,-1.355361735,-0.024041708,-0.121176352,0.254450432,-0.035121753,,-0.172696209,-0.027296427,-0.062815608,,0.004998112,,-0.643905211,0.074695201,-0.427464295,-0.004866835,,0.060218354,-0.039558624,0.0443246,-0.053910154,0.003240947,0.033862731,-0.161641082,-0.094664929,-0.595239913,0.102349882,,-0.645554069,-0.4832422,-0.070230591,0.026324533,-1.119523061,-1.581127156,,-0.00998298,-1.189444253,-1.024708884,0.020412507,-0.012823427,,-1.326820784,-1.352522456,-1.270750154,0.047749568,-0.062748908,-0.41927028,-0.495781262,-0.977346529,0.007239309,,-0.081895489,,-0.002978736,-0.070128539,-0.102366449,-0.033720052,-0.158082687,-0.082477532,,0.019531528,0.041433934,-0.033774728,-0.024860728,-0.234074401,-0.186978242,-0.017749047,-0.177536119,-0.658248056,-0.143150209,-1.343346327,-0.136027432,-1.452166945,-1.361065464,-0.107359112,,-1.033693989,-1.471829877,0.199322688,,-0.30235615,-0.093091448,-0.049122197,-0.097659652,,-0.072398165,,-0.589678119,-0.002844828,-0.694679003,,-0.062423308,0.013906085,0.035750064,-0.014562517,0.023235357,-0.10514176,-0.016510832,0.038048897,-0.337854926,0.040827195,-0.024103702,-0.006825613,0.084695227,-0.010547058,-0.029673876,-0.048828649,0.036665536,0.06077119,0.012744967,-0.06076745,0.052809887,,-0.005679009,0.064318669,-0.109496343,-0.002859653,0.075474129,-0.363409031,0.005279124,-0.822121354,-0.021371451,-0.330206256,-0.069470561,-0.44490168,-0.085260188,-1.458081862,-1.381456172,-0.033451721,-0.03788945,-0.46500097,-1.531851721,-0.046914006,-0.101384923,-0.074616933,,0.036625187,0.078748195,,0.004873811,,-0.041367165,
Val,Transformation Score,-1.090790851,-0.9477221,0.128939246,-0.135269133,,-0.197896059,-0.539749448,-0.394227853,-0.682282046,-0.234104783,-0.178144114,-1.041833057,-0.230872061,-0.857900635,-1.125923836,-0.096522726,-0.923025863,0.026882659,0.002107525,0.071979138,-0.03817317,-0.076683693,-0.18965167,-0.101386313,-0.021536999,-0.133633655,-0.055580729,-0.066197394,-0.988741296,-0.209281164,-1.313366953,0.013906943,-0.176307054,-0.059126861,0.02905619,-1.236580742,-1.091169516,-1.039789785,-0.101119726,-0.229837865,-1.264206053,-0.703181578,-0.05270476,-1.086614639,-1.026228906,-0.508014149,-0.162679101,-0.260889827,-0.722592912,-0.113175155,,-0.040941752,-0.256776043,-0.107778222,0.004419342,-0.048118244,-0.132396621,0.071313772,-0.415744632,-0.102952505,-0.258819492,-0.072631483,,-0.24414233,-0.643857868,-1.185623421,-0.158239358,-0.261390095,-1.140102718,-0.164052718,-0.252985979,-0.4565707,-0.862641719,0.073317801,-0.59736018,,-0.943624409,-0.410353988,-0.119379543,-0.416476302,-0.131050395,-0.040516959,-0.159446973,0.064640653,-1.021879568,-0.061475349,-0.102556154,-0.318890835,-0.214509505,-0.003599028,-0.16252525,-0.050752508,-0.008124341,-0.043975344,0.00720138,0.025662153,-0.730613372,0.046000228,-0.467762778,-0.122714132,-0.011811898,0.007692267,-0.016530002,-0.062146622,-0.056029449,0.040314059,-0.136748326,-0.060660922,-0.004858491,-0.319730997,0.004794452,-0.362424526,-0.26563556,-0.846684834,-0.096130062,,-1.002488645,-1.118140284,0.063665989,0.026523232,-1.277863211,-0.248328392,,-0.182940106,-0.186208018,-1.226626536,-1.142747747,-1.191792873,-0.126991336,-0.058493875,-0.014441765,,-0.289083736,-0.030542758,-0.090381117,-0.010680682,-0.126976338,-0.048516556,-0.19390703,-0.343942669,-0.018183934,0.031434961,-0.361357255,-0.246085047,-0.019486926,0.012606088,0.127037471,0.038492259,-0.169451154,-0.166633958,-0.098647935,-0.087859645,-0.088913284,-0.003280813,-1.328937131,-0.138758648,-1.583140255,-1.561761657,-0.023183614,-0.095267743,-0.848210742,-1.072068876,0.066440718,0.007372955,-1.202306411,0.049365978,-0.021534658,-0.087202619,-0.0086338,0.013707679,-0.182711475,-0.024324752,0.010516388,-0.619203917,0.079325509,,,-0.074097912,,0.130388308,0.03960698,-0.120802773,-0.072908092,-0.127307232,0.074547606,0.039288835,0.028312814,-0.163551366,0.137290245,0.053105865,-0.035388178,-0.019878455,-0.107667865,,0.053480423,-0.118895983,0.017809807,-0.001992629,0.03608894,0.012269081,,,-0.247872187,0.00628285,-1.27192457,-0.070842083,-0.192440897,-0.003793572,-0.379822236,-0.160742818,-0.681651922,-1.379197931,-0.05151322,-0.019386638,0.007750544,-0.504325944,0.023709074,-0.044867717,-0.033001932,-0.06904385,-0.010309097,0.102029614,0.088720472,0.041812163,0.109975457,0.014875577,
Ala,Transformation Score,-1.622389732,-0.317025873,-0.102965392,-0.387218869,-0.143649265,,-0.403665058,-0.194909495,-0.46112889,-0.551088809,0.117805042,-0.636864157,-0.497038652,-0.229921233,-1.170790641,-0.108631002,-1.341788592,-0.205670939,-0.04330514,-0.532233939,-0.052215425,-0.600753253,-0.290877642,-0.096838259,-0.083837281,,-0.654361978,0.012669735,-0.551853367,-0.104288882,-0.433952227,,-0.19618441,0.150576453,0.045362993,-0.084940659,-0.201779995,-1.058932565,-0.509885486,-0.968247929,-1.142432413,-1.05417557,-0.958700852,-1.50736993,-1.429084835,0.150589671,-0.831934363,-0.959894893,-0.112786358,-0.148884275,-0.140088075,-0.833810224,,-0.234017573,,-0.968337404,-0.462789908,-0.182079578,-0.151505842,-0.164285671,-0.22622296,-0.086918211,0.130155814,-0.116620796,-0.938593312,-0.294618459,0.113854567,-0.159823521,-0.892737044,-0.055867447,-0.243802535,-0.290223657,,-0.003561305,-0.537905426,-0.283585155,-0.330175147,0.351393397,-0.312136819,0.047681003,-0.471342712,,0.104525322,-0.510855495,,0.067278412,-0.041799683,-0.173656117,0.070327078,-0.290373068,0.050323138,-0.010965473,0.064225419,-0.373370421,-0.198549295,-0.265857873,-0.009204076,-0.024806677,0.080916353,-0.194694183,0.050921034,0.124037505,0.073952262,0.00075973,-0.095792027,0.076294443,0.189284694,-0.117319825,-0.101760819,-0.081340439,-0.190343038,-0.156908339,,-0.136370328,0.012366385,-0.099324973,-0.925763854,,-0.655191409,-0.500643864,-0.032845748,0.055294371,-0.135360012,-0.026689917,-0.051419979,-1.162464638,-0.078034736,-0.83285764,0.066907419,0.059193815,-0.066694115,-0.124184595,-0.058320665,-0.025388542,-0.167432914,-0.68290785,-0.138547472,0.105758421,-0.267937985,-1.003710391,0.015323144,-0.067866843,-0.030336058,-0.732956973,0.068855276,0.154078841,-0.327900638,0.076928583,-0.013735683,-0.132955946,-0.17001155,0.061715327,-0.09230827,-0.133836302,-0.972531369,-0.053704099,-1.682068515,-1.047755991,-0.081868331,-0.675356583,-1.094596895,-1.531247415,0.264616929,-0.085031142,-0.617653315,0.014264471,0.022644451,-0.049740227,0.036466869,0.074896228,-0.100855436,-0.047098005,0.021211483,-0.744217178,-0.05490569,0.087649568,-0.017208826,0.270453812,-0.074666933,0.008569433,0.056063499,-0.21008795,,-0.193037192,0.025226596,-0.129243989,0.038774568,-0.513098281,0.001076145,-0.238217282,0.079574462,-0.05018985,0.256408825,-0.009336958,0.050041811,0.112991018,-0.085605946,-0.035024607,-0.026802881,0.103078622,0.048291815,-0.01112052,0.065318091,-0.036945904,0.061010869,0.042532837,0.060258206,-0.218349699,-0.226732364,0.04060908,,-0.0899888,-0.005383307,,,,0.280774167,0.135584132,,-0.238298806,-0.032969669,0.023199351,-0.143846522,-0.108041013,0.080570845,-0.028943857,
Gly,Transformation Score,-1.188846775,-0.633032463,-0.079471833,-0.593603186,-0.290640016,,-0.407068463,-0.252763397,-0.991715016,-0.590356406,-0.17695496,-0.848352934,-1.20461416,,-1.281729136,-0.689570508,-1.392872662,-0.090078523,-0.094367405,-0.304715286,-0.284464511,-0.358312132,-1.242412476,-0.244849521,-0.276946227,-0.510809764,-1.174880049,-1.005648119,-1.105738564,-0.271305733,-0.253375206,-0.122469976,-0.166866351,-0.017639764,0.042596777,-0.595707132,-0.212680182,-1.15247471,-0.507682952,-1.042821418,-0.955011323,-1.021417527,-1.343528556,,-0.966590764,-0.099860639,-0.997643373,-1.129124762,0.078124131,-0.217785658,-1.055239547,-1.282257254,-0.10712027,-0.156124703,-0.033119106,-1.093304268,-0.79716315,0.089984128,-0.320910869,-0.605839825,-0.09704386,-0.012187972,-0.024911992,-0.147388523,-1.073060321,,-0.047465725,-0.917954555,-0.858298997,-0.261926287,-0.89586607,-0.694859518,-0.517537483,-0.195858004,-1.464766717,-0.70163007,-0.365290291,,-0.091600513,-0.448371707,-0.876920786,0.064971361,0.113213568,-1.327612931,0.06371251,0.063065977,-0.011489097,-0.683000589,0.177009205,-1.069400316,,0.009651017,-0.009092988,-1.225184489,0.019322892,-0.282312396,,0.175872401,,-0.194096276,0.052345741,-0.172440747,-0.0336704,,,0.040023511,0.060775333,-0.003880413,-0.032669695,0.061732634,-0.419958557,-0.059149782,0.027276368,-0.133918675,-0.049557833,-1.206022831,-1.114549198,-0.309471325,-1.02552497,-1.173100997,,,-1.38436836,-0.284992991,-1.239985901,-1.480903407,-0.349714875,-0.081196688,-0.194648553,0.096318263,-0.332645368,-1.272826124,-0.231896918,0.047711129,-1.187214457,-1.182987194,-0.299679124,0.050389178,-1.171195107,-1.678059756,0.032014633,-0.004992255,-0.425548433,-1.342645637,0.033916546,-0.069371178,-0.666226969,0.061694223,-0.375606176,,-0.171637707,-0.063068939,0.235152145,-0.394889941,-1.24541302,-0.083310069,-1.495977979,-0.860181267,-0.105583079,-1.58939216,-0.90173816,-0.845998094,-0.332374797,-0.241486659,-0.906413251,,-0.009682157,-0.010362589,-0.028591872,-0.008115264,-0.119238851,-0.128147808,0.098095129,-0.85300959,0.067767301,-0.10780543,-0.044253174,-0.166004734,-0.241401536,0.074901268,,0.025930806,-0.156146168,-0.144065833,0.077763493,0.023022186,-0.095221712,-1.693891014,0.132496154,-0.132879826,0.097507777,-0.179617777,0.096897651,-0.046118349,-0.01857748,,-0.07425911,-0.074451773,-0.032344941,-0.026208298,-0.045573583,0.006889662,,0.043151851,,-0.036093768,-0.090819249,-0.259810637,-0.228612278,0.239899918,0.033890737,-0.059031806,-0.025487754,0.026062375,0.147113017,-0.216248524,-0.218633173,-0.264397549,-0.028202268,-0.135063234,0.062878067,-0.001969257,-0.109096094,-0.043306788,0.155154927,-0.020887224,
Cys,Transformation Score,-1.384647142,-0.43738779,0.201257926,-0.514788774,0.001155696,,0.009318878,-0.471594985,-1.041448738,-0.488253767,0.037438521,-0.548520513,-0.412040935,-0.161921772,-1.009202923,-0.090582669,-1.04700367,-0.160631826,-0.050063082,-0.102130154,-0.350210295,-0.407388693,0.070949253,0.068989362,0.074868217,-0.047727963,0.14081039,0.077495227,-1.117533106,-0.100512267,-0.588338237,0.030302653,-0.04548639,-0.017555047,-0.026129823,-0.354549887,-0.398277286,-1.51563218,-0.193075537,-0.514054471,-1.046842864,-0.272542511,-1.058932565,-0.719838392,-1.414591912,0.100813401,-0.377251664,-0.714020082,-0.069430174,-0.061604502,-0.157401102,-0.415046569,0.018478525,-0.330516344,0.062640857,-0.163897259,-0.072951227,0.097339746,-0.359060131,-0.034390415,-0.343547437,0.061037989,0.104017039,0.015979842,-0.999817908,-0.802496865,-0.006714092,0.047564865,-0.956598644,-0.014335742,-0.23499207,-0.543203059,-0.419744809,-0.009141757,-0.321333159,-0.556092259,-0.14470907,-0.037483692,0.142609638,0.132933908,-0.178255925,0.207710634,0.032354844,-0.30510559,-0.521230441,0.109604934,-0.175777921,0.56112803,0.062014968,-0.133573064,-0.146864314,-0.17833849,,-0.200873002,-0.008041781,0.031820081,-0.339967408,-0.05666242,-0.026975075,-0.016676029,0.019973836,0.216455114,0.272080327,-0.024915776,-0.39996819,0.242916616,-0.011844536,-0.016452658,0.044545356,-0.322574206,-0.001187361,-0.28263419,-0.060906823,-0.293155028,0.059430229,-0.168404502,-1.39207092,-0.049865224,-0.395835599,-0.148074872,-0.233652753,-0.086678007,-0.085180862,-0.151521672,-0.161801311,-1.120191373,-0.725331868,-0.051022939,0.085176199,0.000846999,-0.005982111,0.025826591,-0.167841014,0.03890404,-0.026986742,-0.061790243,-0.25022058,0.085176199,-0.381662692,-0.41713501,0.009900004,-0.209032938,-0.241943652,-0.589290144,-0.016254649,0.014523559,0.232692313,0.17245284,-0.149633432,-0.103617018,-0.09476672,-0.066167298,-0.108011125,0.089928867,-0.106819253,-0.074837528,-1.541539235,-0.400821742,-0.156235695,-0.189383481,-0.515700738,-0.878555326,0.327770729,-0.0480897,-0.992870029,0.09600495,-0.196347088,0.057436831,0.073244114,0.087372777,0.008180874,-0.034991897,-0.025788318,-0.306625136,0.160223758,0.211069942,-0.135097103,-0.103490571,-0.050512148,0.255220062,0.106157593,-0.021569883,-0.233330654,-0.272839196,-0.197156207,-0.041942317,0.120927146,-0.303122341,-0.129196126,-0.052699561,0.108299036,,-0.092974059,-0.163562314,-0.259033071,-5.24431E-05,-0.003832556,-0.035774441,0.13695238,-0.058756505,-0.005210395,-0.095063367,-0.095947098,-0.047067729,-0.029359428,-0.054498341,-0.084149569,-0.125252724,-0.480838385,-0.064238971,0.015970207,-0.290475433,-0.014438198,0.121563983,0.104002318,-0.361805556,-0.089986567,-0.172213408,-0.018080892,0.12424337,-0.124569447,-0.069167038,0.346452942,0.028606717,0.075391509,0.014329483,
Ser,Transformation Score,-1.074024086,-0.23440633,0.222517557,-0.181797208,0.03344312,-0.843200741,-0.129109474,-0.020237747,-0.604035631,-0.27892931,0.132850682,-0.056792805,-0.490726544,-0.15677724,-1.11589145,-0.028645167,-1.153655081,-0.098513809,-0.048237792,0.015721043,0.036709267,-0.48574298,-0.638769193,0.045530585,-0.138463169,-0.291226125,-0.76003952,-0.152887157,-1.091490869,0.062579118,,-0.182970014,,,0.079126611,-0.009990233,-0.09126917,-1.090597223,-0.288323001,-0.777611983,-1.089035964,-1.139103915,-0.852875163,-0.885428466,-1.307015782,,-1.404178146,-1.287261894,,-0.26052003,-0.340055885,-1.464068698,0.03173437,-0.026432968,-0.080269221,-1.192122235,-0.287331884,0.033011281,-0.189122042,-0.33502574,-0.203262802,0.037303855,-0.129114744,0.004463957,-1.066203506,-0.828057684,-0.109240543,-0.310928643,,0.00487227,-0.745192637,-0.321370187,-0.054505048,-0.149566756,-1.12402735,-0.374657697,-0.169519875,-0.033863703,-0.18783263,0.044772973,-0.856308207,0.030530352,0.055489488,-1.172043339,-0.06276584,0.070327078,0.032483073,-0.470855278,-0.009931631,-0.951465386,-0.042377202,0.093048991,-0.026543239,-0.452944161,0.091967989,-0.255011185,-0.021600535,0.001277258,-0.011620706,-0.059804448,0.029265569,-0.058112625,,-0.012003191,-0.055739272,0.142925443,-0.002075901,0.080962945,-0.059462457,,-0.115833928,-0.135205582,-0.025035529,-0.44811648,-0.005728223,-0.983052484,-1.147380952,-0.098705429,-1.166959715,-1.239747278,-0.992218041,0.060983587,-0.667683206,-0.158214699,-0.504632228,-1.149028669,,-0.058203725,-0.153062408,0.00180478,-0.147587818,-0.29261982,-0.034586958,0.085398495,-0.499009069,-1.086785037,-0.185594567,-0.000244882,-0.740198089,-0.975238204,0.012657419,0.015040381,-0.202695147,-1.231747649,0.013642814,0.02042184,-0.345171018,,-0.073674665,-0.042561538,-0.043818406,-0.056145257,-0.054904676,-0.243084723,-0.473353986,-0.013431915,-1.43908655,-0.003912596,-0.105935204,-1.346615236,-0.972062581,-1.400335924,0.105449535,-0.041760406,-1.118494977,-0.001988021,0.010692562,0.023599465,-0.017934203,-0.063873789,-0.294901713,-0.108964838,0.014840114,-0.35976064,-0.040336223,0.038099089,0.029204777,0.042373937,0.024310073,-0.037262485,-0.026772179,0.069325782,0.081901449,-0.190121095,-0.054535889,0.059471699,-0.002244624,-0.241033568,-0.072272276,0.042454337,-0.131987756,-0.056217248,0.022982545,-0.030006599,,0.072708613,-0.008714385,,-0.051436325,-0.109214334,0.033331967,0.034995586,0.003231463,0.021630291,-0.079989257,,,-0.24130374,-0.203485096,-0.036131478,0.005513209,-0.017899559,-0.039175089,0.038146078,0.055761809,-0.163042546,-0.022077995,0.208841163,0.052101741,-0.171157923,0.049568345,0.074701371,-0.186091198,0.065072619,0.041703366,0.221867119,
Thr,Transformation Score,-0.627150809,-0.068640412,0.207848321,0.143221088,-0.01546151,-0.169784841,0.129162603,-0.192191668,-0.452917444,-0.072711932,-0.048204461,-0.578518858,-0.260997174,-0.533015467,-1.215871886,,-1.282576676,0.00930244,-0.101671436,0.049425692,-0.020847024,-0.081820068,-0.996870607,0.073746044,-0.042261865,-0.352974893,-0.704192446,,-0.958410874,-0.147322131,-0.844488017,0.030967582,-0.07942552,0.072465253,0.106631436,0.015818867,-1.193716099,-1.165939742,0.058495041,-0.542582672,-1.225610462,-0.761589279,-0.996671266,-1.097851047,-1.189870834,-0.160638355,-0.793870788,-1.089170077,-0.069249397,-0.094740684,-0.014405603,-0.374421533,0.100923455,0.065016544,0.04965101,-0.691393789,-0.246483145,-0.023969247,-0.261598553,-0.193484579,-0.102594817,0.069832513,0.015620861,0.018111489,-1.213320871,-1.350811317,-0.358830694,-0.327846727,0.043067119,-0.157591112,-0.456818893,-0.066063186,-0.205380073,,-1,-0.33352179,-0.261852334,-0.07482793,0.064182824,,-0.427554851,-0.098815321,-0.053587551,-0.637883583,-0.814279503,0.018420533,-0.035136908,-0.546750961,-0.006949629,-0.634296962,-0.092224157,0.071481733,0.117166832,-0.071709904,0.064263071,-0.109219138,-0.537754101,0.061437115,-0.027041293,-0.118678316,0.053858963,0.044908977,0.08548458,-0.222601399,-0.144338139,0.02621703,-0.002611309,-0.002282466,-0.094534275,0.013288577,0.053959165,-0.165665483,-0.234340308,-0.600817029,,-0.030333281,-1.499208592,-0.922544834,-0.486953299,-0.70947598,-1.056532469,-0.323704974,-0.367275415,-0.198440446,-0.345228142,-1.230028023,-0.355769973,-0.140975371,-0.046809182,-0.018925677,,0.050380831,0.097814759,-0.077925087,-0.075347623,-0.488427407,-0.025569412,0.036789394,-0.441615198,-0.447570269,-0.054573681,,-0.276547888,-0.605096862,0.06475981,0.039002397,-0.087869713,0.047541247,-0.104995226,0,-0.080720491,-0.082832323,-0.079277317,-0.169014554,-1.331558709,-0.015452864,-1.773548972,,-0.10718111,-0.885234576,-1.112190145,-1.89046459,-0.013884647,0.137713814,-1.346212162,-0.053399283,0.031983789,-0.213861336,-0.06578238,-0.019447523,-0.069881832,-0.126772214,,-0.337040115,-0.037096367,0.059314221,0.098307636,-0.120178302,-0.001865513,-0.040031868,-0.139220192,0.117861369,-0.02443418,-0.0807738,0.055388157,0.066011964,-0.044364859,-0.066103413,,0.122807729,-0.01073171,0.028723601,0.090910185,0.044425949,0.038816901,0.138116539,0.032385799,0.008082994,0.057365076,-0.033474255,-0.216886732,0.068375534,-0.138801341,,-0.89869638,-0.009003273,-0.065791465,-0.02847191,-0.312327018,-0.149179678,-0.313624651,-0.19321949,-0.01407028,-0.028090402,-0.062567975,-0.448397654,0.046491225,-0.097508395,0.038529292,-0.142868398,0.084903092,-0.031605454,-0.048802462,0.034557646,0,0.010846133,
Gln,Transformation Score,-1.048536787,-0.290079974,0.002663364,0.011970065,-0.113438033,,-0.050214102,0.103112645,-1.13259923,,-0.376359125,-0.921440936,-0.907217253,-0.143298711,-1.337067953,-0.269202263,-1.130792199,-0.336493591,-0.105486931,,0.130225187,-0.222692091,-0.983952297,,,-1.842841671,-0.657296411,-0.224783706,-0.511932303,-0.405288084,-0.96263703,-0.099547496,-0.100870243,0.130764866,0.006354816,-0.006951112,-0.006778506,-0.197767037,-0.516700402,-0.414609896,-1.007354294,-1.019880874,-1.184680967,-0.844311469,-0.950801736,-1.667628662,-1.000465142,-1.088458137,-0.098704069,-0.366913165,-0.885516612,-1.088666179,-1.212314423,0.08089495,-0.189963519,-0.870623786,-0.317171917,-0.102386367,-0.258458034,-0.228825003,-0.276964173,-0.004748618,-0.117594663,0.110682179,-0.791731165,-0.977899314,0.043249512,-0.583796985,-0.932568649,-0.04266022,-0.564997327,-0.547179427,-0.301527762,-0.167527726,-0.699612446,-1.210388331,-0.021665938,-0.348368152,-0.110012538,-0.137043848,-0.95438781,-0.050360781,0.121876035,-0.916707945,-1.055446038,0.216455114,-0.070128224,-1.841717752,-0.01641693,-1.42687569,-0.151521672,0.020785128,-0.18067237,-0.236027908,-0.314020813,-0.223534046,-0.271838319,0.046315881,-0.314149531,-0.199995009,-0.170338816,-0.037041822,0.120092944,0.015728313,0.04420778,-0.162163417,0.160660578,-0.04282372,0.004440319,-0.358778741,-0.353102738,-0.111197362,-0.213942376,-0.8170219,-0.610941955,-0.731601059,-1.687574827,-1.533122657,-1.131670155,-1.347688939,-1.389514359,-0.764521649,-1.514672259,-1.37625611,-0.232138603,-1.327612931,-0.641323958,-0.255556735,-0.184797607,,-0.077645588,-1.36959449,-0.095067547,0.098450368,-0.177930687,-1.250809525,-0.215162428,0.030138412,-0.674548615,-0.901855483,,-0.104630925,-0.084952891,-1.15894569,0.226962751,-0.111153025,-0.205879334,-0.10837377,-0.127077428,-0.215457951,0.047600278,-0.069104397,,-0.175840106,-0.803781568,-0.194172894,-1.722909711,-0.425276883,-0.049310961,-1.598838448,,-0.863154905,0.118178016,-0.232742179,,0.012806956,-0.163824827,-0.039120998,0.091007893,0.030246351,-0.009790395,-0.253174971,0.101524388,-0.706276881,0.052872434,-0.054097495,0.050391952,,0.17768479,-0.032600559,-0.001175066,-0.109695385,0.247811874,-0.11336159,-0.033476199,,0.007104529,-0.185736164,-0.092770573,-0.611193514,-0.01800105,-0.463705089,,-0.243988723,-0.016178613,-0.013432936,-0.031475481,0.013618026,-0.027599502,-0.024208134,0.104520463,-0.128993922,0.171486488,0.078798566,0.152762769,-0.215289031,-0.210764827,-0.271157511,-0.007939034,-0.036186817,-1.443081282,0.091604687,,-0.006251695,-1.274185846,-1.282179222,0.04524572,,-0.18806141,0.024507852,0.095086628,-0.195586502,0.032442712,0.01595252,0.054487239,-0.070568031,
Asn,Transformation Score,-1.092993116,,0.303074091,-0.137736492,-0.017868538,0.128556016,,-0.029545634,-1.57798074,-0.33097689,0.04533659,-0.16044095,-1.334521349,-0.473362025,-1.658771097,-0.071179148,-1.195027425,,-0.085700286,0.156766872,0.23657731,-0.017901878,-1.281692593,-0.105098829,-0.13943682,-1.22326891,-1.062910104,-0.527815017,-1.250545916,-0.832082769,-0.796750042,-0.334362164,-0.019545553,0.168008658,0.106218369,-0.004818728,,-0.873547109,-0.092859638,-1.295319726,-1.640657146,-0.74096938,-1.466450031,-0.586763014,-0.98273157,-0.917629441,-1.145019646,-1.295451012,0.035227029,-0.475889796,-1.241556143,-0.792820509,-1.161755081,,-0.321990633,-1.102332764,-0.468302781,-0.152205974,-0.114119062,-0.201110202,-0.85118432,0.147479125,0.175329062,0.22275224,-1.081587751,-1.258965634,-0.135934161,-0.934971114,-1.014376119,-0.019641251,-1.505840171,-0.323283586,-1.262626799,-0.199017543,-1.185623421,-0.758721303,-0.262579336,-0.522023432,,-0.295387752,-1.350178759,-0.336489331,-0.411969149,-1.430275273,-0.790546917,-0.072037676,-0.065652129,-0.405470107,0.175928818,-1.591380464,-0.271329443,0.047182514,-0.02017366,-0.686393532,0.166101871,-0.548754936,-0.233578637,-0.029715078,-0.013315046,0.007581535,0.073106572,0.045586259,0.071330068,-0.109221159,-0.020057372,-0.000952958,-0.053936764,0.085336588,-0.163189986,0.115677981,-0.136450004,-0.496194588,0.003241514,-0.100289659,-0.660294275,-1.185838119,-2.824542579,-1.168360739,-1.162990851,-0.475737726,-1.684417538,-1.060602022,-0.883915431,-1.220718697,-0.873221574,-0.897488239,-0.872850005,-0.201091176,0.058371155,0.106226334,-0.068086198,-1.55990913,-0.219371924,-0.039893739,-0.560606796,-0.983303036,-0.058538862,,-0.844197443,-1.013843063,-0.065003657,0.034589248,-0.367769125,-1.237299923,0.043564735,0.070066553,-0.379907432,-0.217045321,-0.213100105,-0.131160389,-0.004330187,-0.247476599,-0.326149196,-0.098225913,-1.078147233,0.034264521,-1.636750792,-1.109442207,-0.339209736,-1.846114511,-0.313757392,-0.985329186,0.205906893,0.081555789,-0.936872222,-0.035569416,-0.180535907,0.080570845,0.049117539,0.025016515,-0.095514729,-0.496393404,-0.16992118,-0.31403973,-0.158024011,-0.580561072,0.091383568,0.233545065,0.005069575,-0.058714081,0.055690434,0.054643983,-0.00944296,-0.040733753,-0.026973189,-0.135675956,0.083206715,-0.523651641,0.010203447,-0.081232841,0.02158024,-0.107289181,0.087097733,-0.052414229,0.068465969,-0.054663149,-0.042941149,0.012126868,-0.038216158,0.008496937,-0.022202193,-0.102487287,-0.186166037,0.041751734,0.099757019,-0.087202619,-0.125096476,-0.197508304,-0.332099379,0.039572461,-1.980409372,-0.748031857,-0.508474479,-0.153152939,-1.377721124,-1.32116101,0.019961029,0.040376214,-0.888561135,-0.144313346,0.019384002,0.129724894,-0.187695518,-0.03331075,0.070774905,-0.033738337,
Asp,Transformation Score,-1.114851773,-0.315141483,-0.349714806,-0.379355897,-0.272957667,,-0.247895076,-0.198326054,-1.183887233,-0.822299693,0.096393011,-0.784472493,-0.83533109,-0.23650728,-1.129524822,-0.370998579,-1.481867538,0.181837142,-0.064900027,-0.199870556,-0.136752948,-0.51313116,-1.043798349,-0.110159893,-0.129785328,-1.0849775,-1.857077144,-1.372046334,-1.193573157,-0.498541585,-0.975298741,-0.102276584,-0.015971191,0.101448679,-0.02443424,-0.066785869,-0.810408227,-0.165914098,-0.96856841,-0.998666353,-0.921377063,-1.191580781,-1.356768068,-0.812394333,,-1.112160642,-1.197386158,-1.469712693,-0.065538364,-1.28665521,-1.018848163,-1.947315227,-1.190123416,-0.03703746,-0.60085723,-0.88247407,-0.651993058,-0.06218782,-0.35778291,-0.48152047,-0.113235151,0.071654048,0.106686224,,-0.741512154,-0.886199409,,-1.112328475,-0.855344634,-0.571841416,-1.054251271,-1.350364972,-0.945543278,-0.403393667,-1.089391327,-0.402213847,-0.455224257,-0.111832475,-0.006130665,-0.824937572,-1.039138972,-0.298342362,-0.023827999,-2.28185544,-1.530870362,-0.033337262,-0.001472214,-2.300740784,0.115950919,-1.430275273,-0.141816363,0.134253061,-0.256984281,-1.046083863,-0.12379133,-0.808671606,-0.459756718,-0.061596908,-0.262363435,-0.039521272,-0.098069261,-0.198337127,0.00230765,-0.063979799,0.116959376,0.104340107,-0.159624416,-0.847810837,0.055735398,-0.81813564,-1.412208426,-0.721603148,-0.647652284,,-1.261516865,-0.981989461,-1.171195107,-1.521878159,-0.99519111,-2.720895581,-0.999251808,-1.039330439,-1.024792027,-1.458891845,-0.765777941,,-1.440317211,,-0.800741956,-0.196831205,-1.78209482,-1.128278387,-0.162063317,-0.014769319,-1.047920991,-1.470181156,-0.426715151,0.039061621,-1.370961271,-1.648932133,-0.026484511,0.031975519,-0.200579763,-1.693676521,,-0.033509629,-1.289408578,-0.008063146,-0.18205223,0.063009753,,-0.000388584,-0.130942143,-0.472838845,,-0.016362673,-1.555549949,-1.463217746,-0.389270356,-1.995687638,-2.053813605,-0.898661051,0.249103137,-1.02633771,-1.728676729,-0.103329267,-0.332854283,0.206765522,0.04136433,-0.114657879,-1.092830704,-1.560863341,0.030094376,-1.443081282,-0.353180107,-0.159375639,-0.083450591,-0.142327925,-0.141046844,0.290519072,-0.16388072,-0.068849417,-0.440874999,-0.369209377,,-0.202952455,0.042459742,-1.267995353,0.259477885,-1.452350114,0.113010131,-1.66059001,0.03539994,-0.151327996,-0.008288549,0.072836394,-0.014380983,-0.376134493,0.091873494,-0.117850212,-0.087202619,-0.033998973,-0.18832559,0.069323833,-0.045022772,-0.085657085,-0.422914214,-1.526950707,-1.403472581,0.297226682,-1.227081705,-0.08473152,-0.983621284,0.134416588,-1.42679601,-1.184638731,0.117627963,0.27433051,-1.560788214,-1.401069839,0.068717617,-0.021235515,-0.276537965,-0.083282967,0.153630357,0.070887674,
Glu,Transformation Score,-1.386755738,-0.265000305,0.218633105,0.085554471,0.176384063,,-0.27892931,0.087400859,-1.148969772,-0.231555428,0.412817335,-0.347060002,-1.254204926,-0.204732027,-1.293678887,-0.400186363,-0.746809908,-0.072983279,-0.292225078,0.102258972,,-0.597088632,-1.002658554,-0.022202068,0.085228714,-1.282474591,-1.23317182,-0.518945116,-1.07869171,-1.449334145,-1.153346697,-0.130338932,-0.099254516,0.165936924,-0.028432131,-1.054881596,-0.68132366,,-0.508189408,-0.76951814,,-1.526083925,-0.965125026,-1.265237632,-0.955825152,-1.499987715,-1.133013074,-1.038870726,-0.419219967,-1.207617715,-1.111749657,-0.792452552,-1.077658608,0.184771665,-0.209690724,-1.101320422,-1.016244307,0.033673205,-0.344459151,-0.378481204,0.005986732,0.009898968,-0.0468528,0.002214534,,-1.280534837,0.002682926,-0.898313886,-1.329008175,-0.221756529,-1.188009661,-0.139147495,-0.812166507,-0.549421239,-1.371625761,-0.259304715,-0.656226448,0.103024588,0.09297947,-0.291262909,-1.485400579,0.122185197,,-2.100911678,-1.167294691,-0.200646807,,-1.12036369,,-1.335021119,0.071117783,,-0.060477543,-0.963723653,0.095556355,-0.495951494,-0.893156088,0.017074882,-0.047254227,,-0.299081842,0.058009639,0.124125218,0.033474353,0.145105591,-0.044774142,0.078995008,-0.396233304,,-1.017420888,-1.181884063,0.195378312,-0.078971005,-0.872696869,-1.49573526,-1.657469253,,-1.243835933,-1.167126745,-1.422132013,-1.299124393,-1.507400335,-0.987771301,-1.324554506,-0.301605859,-0.441402305,-1.481196849,-0.50126726,-0.368584759,-0.180211925,-0.115417078,-1.281527051,,0.014160314,-1.047029215,-1.326324222,-0.191159084,-0.018839391,-1.048959156,-1.10689811,0.012584696,0.099130636,-0.216657641,-1.446799338,0.078423,,-0.363029588,-0.133864993,-0.258585684,-0.067998193,0.194920393,-0.188414548,-0.113751101,-0.516233369,-1.1009679,-0.198763197,-1.138998064,-1.553110086,-0.168408551,-1.772304277,-1.153307344,,0.118743412,-0.307454696,-1.178283088,-0.106914666,-0.161767175,0.647136472,-0.091252014,0.121628155,-0.996282969,-1.369913372,0.217217671,-1.012481432,-0.028591872,0.036837887,0.12444814,-0.420234783,-0.055237376,-0.127788814,0.206765522,,-0.12150685,-0.435497067,0.044611636,0.003664386,,-0.98401786,0.001942024,-0.974238826,0.150349532,-0.847226589,0.212215893,-0.490350386,0.052849422,-0.269249038,-0.03356518,0.311994394,,0.054744747,0.156693889,-0.093131646,-0.18892551,0.161272517,-0.072514932,0.081008692,-0.606901076,-1.589950963,-1.506013645,-0.040626477,-1.463779576,,-0.210504472,-0.024471878,-1.953911808,-1.307310707,,0.216207079,-1.130934418,-0.213758841,0.057064816,-0.128107607,-0.233872169,,0.106556958,,
His,Transformation Score,-1.25704016,-0.000852497,0.05281044,-0.388990497,0.096178176,,0.09835622,-0.010266839,-1.051106677,-0.154433957,0.036023513,-0.510784041,-1.017457872,-0.349044675,-0.20580917,-0.02877572,-0.914788982,0.030389832,,-0.162955499,-0.033461715,0.226950074,-0.694616665,-0.18681618,-0.157393141,-1.019660827,-0.926609335,-0.473449874,,-1.065308307,-1.678256842,-0.100318308,0.119820027,0.061193155,0.132301249,,-0.352752503,-1.134288772,-0.898779885,-0.542641627,-1.231475355,0.064836155,-0.943723696,-1.614721412,-1.163535891,-0.956315023,-1.628401109,-0.819150611,-0.307358056,0.006603088,-1.176885181,-0.872898908,-1.363364997,-0.13356672,0.099905403,-1.243213758,-0.116564076,,-0.16065968,0.062871172,-0.090665944,-0.138142396,-0.012848013,-0.136187256,-1.405578992,-1.121744588,0.148863692,-0.737435095,-0.802419307,-0.261308456,-0.663452648,-1.031179991,-1.18675538,-0.129483831,-0.565590358,-0.627185561,-1.07821432,-0.389185232,-0.027591281,-0.203882246,-0.489095236,0.003785981,-0.030152875,-0.288905228,-1.593478509,-0.149122249,-0.149981619,-0.009901924,0.210044747,-1.08635114,-0.134789157,0.038460443,0.014661299,-0.508992746,-0.102080095,-0.342222965,-0.226188272,0.027408527,0.036647004,0.040488821,0.047471192,-0.029130774,-0.173340138,0.101525308,-0.175034557,-0.019577076,-0.050232482,-0.10209384,0.101334113,0.053139039,-0.031901728,-0.319100708,-0.437828411,-1.26363062,-0.530101876,-1.096245017,-1.838157941,-1.345998511,-1.374739717,-1.520383869,-1.61271996,-1.574411128,-1.511705348,-0.526869167,-0.513885526,-1.097455685,-1.037254098,-0.497863172,-0.096812389,0.030303688,-0.263118057,-1.069004348,-0.103216992,0.013423942,-0.516358965,-1.428668261,-0.033612132,-0.017042994,-0.375441782,-0.971362916,-0.00941491,0.060601393,-0.137553208,-1.235978785,0.03998071,0.144393346,-0.496112216,0.055423354,-0.03863962,-0.082348868,0.066285161,-0.410690938,-0.200647069,-1.051315882,-0.718259661,-0.015686779,-1.578564313,-1.659001005,-0.024350831,-1.759300477,-0.977368245,-1.434789385,-0.281467847,-0.351361254,-0.918674616,-0.165320348,-0.032055061,,0.083839822,-0.150837837,-0.201603364,-0.555148297,0.024345854,-0.188563825,-0.111925239,-0.285248454,-0.260141611,0.030308004,-0.003401774,-0.001639116,-0.039266024,0.016141504,0.220958809,,0.118605735,-0.082132976,-0.045074879,-0.163441584,-0.057109581,-0.597214466,,-0.911859499,0.052149053,0.091616385,0.035045225,0.1988006,-0.034312649,0.079706597,0.009607888,-0.077102292,-0.000198424,-0.151981683,-0.213928244,-0.012361044,0.058286435,-0.006588394,-0.128280458,-0.05886902,-0.480239397,-0.298554314,-1.52348762,-0.121409432,-0.099877482,0.046408179,-1.696231745,-1.746801931,-0.019396072,-0.179839848,-0.324789416,-0.0590914,-0.000232967,-0.001798758,-0.047991539,-0.045319993,0.035514658,0.045028147,
Arg,Transformation Score,-0.933024716,-0.625583883,0.113019226,-0.164899194,-0.035065868,,-0.148833178,,-1.330627772,-0.222870037,,-0.413202418,-1.244784663,-0.401378202,-0.797231936,-0.069403762,-1.18555127,0.135069581,0.158333408,0.023211572,-0.064622767,-0.13490111,-1.283007223,-0.073230452,-0.029745692,-1.020131216,-1.258174089,-0.237350725,-0.058997714,,-0.958423609,-0.16177771,-0.144873239,-0.088434684,0.066474931,-0.653048466,-1.096511069,-1.198419945,,-0.950214314,-1.972197336,-0.964326507,-1.193697831,-0.891026776,-1.014371736,-1.074717404,-1.033949722,-1.207236086,-1.09549266,-1.102923872,-1.0384011,-1.532282703,-1.131689197,-0.131993003,-0.27035149,-1.3460655,-0.983328066,0.023055029,,-0.24123959,-0.109628864,,-0.144776847,0.062833349,-1.319428844,-1.100053578,-0.256781207,-1.005193812,-0.852848776,,-0.621136781,,-0.759762506,-0.160618524,-0.973012686,-1.607359205,,-0.170970943,0.069070983,-0.117400023,-1.075560418,-0.12582578,-0.074109448,-1.426744404,-1.098555808,,-0.02864092,-0.339194803,0.136073776,-1.101394984,-0.244611644,0.041993479,-0.326043117,-1.27026833,,-0.23859216,-0.563953714,0.156091995,-0.299529264,-0.38150803,0.232894517,0.03021832,-0.041081692,-0.078245694,-0.136872914,0.16305871,,,-0.112126086,-0.2199749,-0.211416007,-0.350155431,-0.39924932,-0.577894737,-1.585353025,-1.348107692,-1.179956544,-1.340293962,-1.396080893,-1.350412627,-1.325818323,-1.225223805,-1.31312483,-0.613280427,-0.259518106,-1.163910764,-0.478141633,-0.622340389,-0.437637596,-0.018911624,-0.092387422,-1.129707735,-0.211544029,0.040324635,-0.18490329,-1.255813638,-0.115482962,0.031832734,-0.755867976,-1.151241391,0.029068616,0.062384175,,-1.367562296,0.00397395,-0.001880941,-1.261934155,-0.0029779,-0.334667009,-0.354960214,-0.117228013,-0.069988411,-0.197395879,-0.238823331,-1.5175274,-0.174409072,-1.193727237,-1.736104482,,-1.650952285,-1.299860154,-1.33172713,0.302031118,-0.357234124,-1.258728322,0.053977705,,0.042127404,0.095792381,0.052081093,0.033635101,-1.609941246,0.056018806,-0.675381538,0.090958609,0.010843796,0.090222879,-0.036120138,0.06285625,,0.017208349,0.036811665,-0.036136121,-0.08632348,-0.136664276,-0.164924903,0.015400579,-0.109768447,-0.07283127,-1.310850369,0.172991123,-1.070825355,0.034054434,-0.244639205,-0.033090078,0.053661571,-0.02022224,0.105722636,-0.040671721,0.038400075,-0.159297752,-0.062006474,0.062714337,0.092171094,-0.044687491,0.03145681,-0.289522836,,,0.10722275,-1.663968174,-1.372981725,-0.127622311,0.007952404,-1.388017564,-1.743546002,-0.104594111,-0.058076994,-0.915820525,0.000164731,0.095152824,-0.099122255,-0.031126986,0.046144966,0.038892767,-0.075207532,
K,Transformation Score,-0.865195034,-0.194345136,0.304170988,0.048371691,0.195202421,,0.033197214,-0.478212232,-0.680155295,-0.267757132,0.154452421,,-0.837011901,-0.272565907,-1.014189119,0.043407696,-0.974479655,-0.018232676,0.141230565,-0.04878829,-0.013320186,-0.170639751,-1.76813033,0.059870016,-0.231767957,-0.935540457,-1.338172226,-1.037213316,-0.473037171,-0.141566345,-1.23069013,-0.302674794,-0.134166982,-0.129748225,,-0.106067021,-0.951642752,-1.125236243,-0.046139173,-1.02608207,-1.024895877,-1.019593279,-1.806910535,-1.220536907,-1.509378232,-1.32635396,-0.795559106,-1.055852004,-1.105064688,-0.856015417,-1.413475473,-1.457769278,-1.408775381,-0.295258094,-0.174262143,-1.332303293,-2.176556401,0.043845035,-0.079050661,-0.224910147,0.045581781,0.115383013,-0.033371983,-0.45061145,-1.070625758,-0.860217393,-0.166146751,-0.683499898,-1.231113548,-0.048336081,-0.578898757,-0.028225539,-0.941687142,-0.119530901,-1.375278581,-1.904338103,0.08175654,0.082893437,-0.230104304,-0.222007076,-1.144609677,-0.345954387,0.020879723,-0.026032149,-1.16339261,0.208772285,0.073299165,-0.005393636,0.113331247,-1.187370097,-0.112577149,0.016333547,-0.339935757,-1.336780437,0.063873282,-0.258692072,-0.708941227,-0.095752652,-0.875623161,-0.509001403,0.262678566,,-0.036465046,-0.10164346,-0.136829548,0.029677226,0.183269059,-0.402738766,-0.115029076,-0.102323872,-0.231899087,-0.041508613,-0.459375739,-1.433777666,-1.439323402,-1.404595213,-0.899896532,-1.453996908,-1.76267284,-1.325087956,-1.582885436,-0.979460167,-1.104508994,-0.91539647,-0.368449185,-1.198420541,-0.454313513,-0.345445708,-0.073762013,0.039926719,-0.226552139,-1.108474296,-0.072700687,,-0.139436176,-1.308727587,-0.089650915,-0.096078273,-0.937190402,-1.131699915,0.021084553,0.07637196,-0.063578626,-1.03808564,-0.074516062,-0.004542634,-0.548236589,-0.056565499,-0.420622903,-0.249859951,-0.084122503,,-0.658083006,,-1.230808124,-0.280562831,,-1.821201905,-0.07933475,-1.765969237,-1.367529752,-0.915432734,0.096770789,-0.212933141,-1.21658918,0.094742097,0.061053446,-0.152265265,0.08094506,-0.027548617,-0.129655853,-1.275703136,0.024289394,-0.769648557,0.098584389,-0.073191904,0.215551911,0.021941851,-0.023843712,-0.185381881,-0.001821981,0.000881022,0.034321629,-0.642083532,-0.199370251,-0.173790419,0.050738662,-0.044425553,0.011283782,-1.36595622,-0.222784354,-1.72795501,0.250082761,-0.425040162,0.006747405,-0.151250122,0.229644656,-0.013884647,-0.028876385,0.03924446,-0.123414791,0.240713052,-0.213549118,-0.042361922,-0.090987344,-0.144953224,-0.129968103,0.021773975,0.013733106,,-2.08864786,-1.072986715,-0.154235689,0.014355728,-1.32981258,-1.437152255,0.150158297,-0.435296255,-0.633889937,-0.318158795,,,-0.132050592,0.015624729,0.114299903,-0.069784967,
STOP,Transformation Score,-1.775858958,-1.272797992,-1.197798054,-1.093025709,-1.101272635,,-1.399374198,-1.440895927,-1.140877094,-0.868375797,-0.806606938,-1.122324232,-1.373263699,-1.235623736,-1.284394576,-1.09756468,-0.990055933,-1.604201654,-1.152189765,-0.859079942,-0.930706138,-1.466174813,-1.06004504,-1.038157808,-1.221047158,-1.138060703,-0.926877584,-0.804259395,-1.20117843,-1.26592646,-1.241729623,-1.119079638,-1.221597664,-1.314001042,-1.074129452,-1.312913807,-0.992591438,-1.067202834,-1.101919557,-1.070536543,-0.969213135,-1.088058491,-1.260667993,-1.374257192,-1.641220434,-1.291049943,-1.455020569,-1.060918239,-0.940023973,-0.93116916,-1.29255351,-1.586518355,-1.226877587,-0.889839859,-1.308257484,-1.091110504,-0.652239019,-1.063033029,-1.383221277,-1.342316289,-1.539908789,-1.008516634,-1.177823183,-1.158843076,-1.045056365,-2.850638142,-1.222087136,-1.180909988,-0.926174976,-0.990937276,-0.983239068,-1.513735738,-1.322708235,-1.290141787,-1.313083586,-2.250741767,-1.69332776,-1.102829748,-1.412501151,-1.192914357,-1.401941674,-1.445252429,-1.042646867,-1.817415217,-1.585938485,-1.335265895,-0.919207488,-1.54946168,-1.036128253,-1.598104859,-1.460114924,-1.249199668,-1.396223332,-1.471812908,-1.357370765,-1.675268138,-1.128220594,-1.056617641,-1.119336988,-1.189935645,-0.82197562,-1.071039655,-1.322860002,-1.060976616,-1.017982763,-1.23905027,-1.159900603,-1.429158834,-1.144411134,-1.501933503,-1.389846616,-1.441841721,-1.473740966,-1.089208351,-1.660228545,-1.31600526,-1.000218858,-1.765932101,-1.406338703,-1.472206355,-1.501601065,-1.527877389,-1.296274922,-1.117307571,-0.950456528,-1.418838286,-1.287789141,-1.180505099,-0.904214173,-0.983421902,-1.606952229,-1.310201515,-0.995223265,-1.333308678,-1.396195483,-1.497708122,-1.309073156,-1.302260472,-0.900772296,-1.276770508,-1.084685095,-1.154284954,-1.148332224,-1.197231435,-1.133096362,-1.396705204,-1.487313774,-1.419511537,-1.237881502,-1.255062264,-1.758326722,-1.765969237,-1.119894623,-1.292326751,-1.795906724,-1.666313412,-1.793289294,-1.655404343,-1.616659991,-1.369829552,-1.076917446,-0.808028529,-0.393031497,-1.607736537,-0.928073915,-1.235489538,-1.699986476,-1.255503633,-1.563633969,-2.036592625,-1.207177936,-1.922440092,-1.783267632,-1.348353223,-1.799611781,-2.082837813,-1.659001005,-1.228404766,-1.466829739,-1.270053461,-1.725136867,-1.412170622,-0.764297054,-1.3636055,-1.741129433,-1.064010956,-1.457766172,-1.16557887,-1.527661888,-1.727742511,-1.261806567,-1.793289294,-0.829383711,-1.752437893,-1.409421914,-1.404327492,-1.462154524,-1.224786881,-1.060330472,-1.589950963,-1.446015716,-1.409421914,-1.188710061,-2.109662715,-1.295718968,-1.350731096,-1.714069891,-1.424207835,-1.491902211,-1.573439834,-1.237502584,-1.500597286,-1.292161278,-1.684768762,-1.48975057,-1.71251507,-1.247018644,-0.492524581,-1.426382937,-1.212613158,-1.230017942,-0.99519994,-0.830189452,0.088759482,0.020060958,-0.006169368,
Trp,Ratio of Enrichment,0.055843324,0.043014702,0.991031031,0.49528515,1.0262007,,0.259480612,0.634577716,0.146736181,0.018141479,0.298002338,0.014218997,0.111597583,0.053160223,0.396884638,0.648548931,0.572159038,0.670180864,0.613062049,0.878578776,0.895420155,1.223881467,0.361051005,0.862808744,1.018199135,0.010884887,0.065373732,0.00762468,0.088157782,0.035073526,0.032744993,1.275537213,1.292358911,1.309712822,1.324944679,0.080643509,0.219387036,0.028841179,0.125706001,0.097836678,0.081955727,1.739411957,0.06142318,0.042480358,0.009615458,0.004347958,0.049102937,0.165487764,0.10704258,1.22313373,0.044016577,0.034653484,0.061453614,0.181575335,0.642277033,0.049015797,0.752383707,0.635552194,0.773505386,0.264443253,0.340419519,0.787701016,4.474969312,0.827930847,0.085414352,0.113014696,1.037672557,0.083586441,0.032210381,0.672398884,1.48875925,0.060841831,0.021620667,0.175367631,0.014218997,0.01439734,0.417213228,1.080529448,0.853989564,0.026128505,0.157693214,0.682083906,0.064133604,0.041498214,0.02218458,0.077068112,0.807158957,1.646095826,1.025282543,0.120145484,0.911036952,0.870629756,0.904193482,0.097838855,1.189912311,0.078385516,0.348741595,1.104873989,1.872411901,0.47728539,0.744936473,0.942086786,0.479719355,0.745686436,0.118899377,1.118024984,1.985338057,0.060651236,1.026303378,0.244625938,0.332253443,0.641698373,0.146356172,0.118058185,0.103349055,0.487837758,0.041126033,0.00684922,0.016406271,0.075049962,0.048016258,0.142418754,0.058394579,0.510857325,0.124761512,0.035366552,0.052081651,0.085850803,0.628758378,1.125310108,0.589103514,0.068510175,0.424406038,0.563959505,0.452985769,0.067707612,0.60332019,0.764752803,,1.148117257,0.778175045,0.33298167,1.293837031,0.387103854,0.549890784,1.059338655,0.030672593,0.652794573,0.473886901,0.490830107,0.942280448,0.239839602,1.278019103,0.578027774,0.006244909,1.010779241,0.003541485,0.015435529,1.990088493,0.137951255,0.004519796,0.005971409,1.98677306,0.843849419,0.005145176,0.593207122,0.42851968,2.023679062,1.0829861,0.605593928,0.566365171,0.09387838,0.818083025,0.401604394,0.789124334,0.713646894,1.410896811,0.024790395,0.295609833,0.154772464,0.608949019,0.738657489,0.18878839,0.846390396,1.278428049,0.530756304,1.185033194,0.686839759,1.311529929,0.041597442,0.479057627,0.096929268,0.929278776,1.003809982,1.138569158,1.122650731,0.583053648,0.442815582,0.675442908,2.955116233,0.366726873,1.258155273,0.566365171,0.94035878,1.446370788,0.601658944,0.450780442,0.052910842,0.083385873,0.829854004,0.046148273,0.115865836,0.43481311,1.070881213,0.041040954,0.027623583,0.541847198,0.37185592,0.495332462,0.714434497,1.047802614,1.621813716,1.132226906,1.452514759,0.879248111,2.62647708,
Phe,Ratio of Enrichment,0.057905963,0.929609332,1.3037864,0.943787013,0.786557631,0.38885866,1.303280185,0.498625937,0.903387836,0.612053827,0.378225323,0.424859724,0.855041048,0.364509742,0.434951809,0.89640561,,0.71311972,0.681097519,0.874002021,0.664340569,0.88598777,0.707701861,0.973426179,0.367806447,0.153223449,0.650993787,0.146341264,0.042142609,0.070856482,0.047273014,0.620843593,0.980770436,0.807580447,0.910789003,0.20641864,1.076409067,0.039908108,0.078461185,0.803803693,0.043553853,,0.284275646,0.053372757,0.05201137,0.062349119,0.075029191,0.172886545,0.104956537,0.621563675,0.252372971,0.153616607,0.050017746,0.373854467,0.829026837,0.157955242,1.237248872,0.89429789,0.824559484,,0.311691148,0.879235972,0.855785618,0.423656893,0.062797428,0.070474842,0.569802549,1.016806751,0.108433421,0.655430054,0.510853534,0.058455877,0.018003521,0.735092732,0.765714111,0.126745393,0.162275099,0.460174216,0.912750486,0.595096293,0.006134519,1.257900892,0.452764097,0.568927129,0.433880389,2.099809633,1.060930385,,1.075391075,0.833736847,0.869272617,0.944267158,0.972404098,0.497707845,0.79288843,0.936500633,0.176663826,1.084245285,0.541233321,0.713766958,0.847809037,0.760287962,0.776909603,0.982049426,0.711879763,,0.931090381,0.18460399,0.728994205,0.553568839,0.445488506,0.484531861,0.147618503,0.025710449,0.328229032,0.808606004,0.058330563,0.038541097,0.489116768,0.396736505,0.014204087,0.26604278,0.191125952,,0.494053658,0.046917052,0.041498214,0.027175256,0.931613218,1.038511137,0.38514829,0.061137811,0.355395854,0.828732359,0.575728097,0.035065467,0.598152401,1.039039719,0.553931018,0.963168943,0.969308689,0.776609435,0.642089506,0.711555647,0.837277131,0.814139722,0.276544099,0.938749224,0.8215281,0.642250364,0.733472692,0.614199405,0.823086591,0.429586977,0.01689257,0.8994999,0.034428344,0.012985445,0.635506556,0.843614875,0.314116267,0.051590821,0.444102214,0.471600803,0.056327028,0.925047876,0.917621644,0.857892418,0.958220463,1.065986972,0.607487395,0.021173914,1.31695035,0.644535063,1.005404974,0.616363923,0.881778054,1.339437631,0.970720447,1.057521959,0.666744804,0.838345143,1.333587397,0.587720296,1.285559039,1.021854621,1.012522745,,0.457353502,0.791791111,0.811293954,0.524385491,0.983352323,1.091989341,1.172386622,0.980795671,0.784231314,1.82495444,1.158618398,1.577451957,0.395846625,0.985038744,0.612941164,1.204271622,0.434998195,1.000942389,0.674304251,0.28328796,0.085057456,0.642555633,0.0800677,0.083091835,0.755454659,1.071098393,0.019141312,0.041317324,1.327036556,0.127257359,0.996398618,0.51409589,0.991912087,1.152634549,1.99465187,1.049153551,1.093001627,0.641567186,
Tyr,Ratio of Enrichment,0.12280043,0.490354112,1.728623791,0.896030235,1.520300396,,0.468327866,0.586029845,0.195409646,0.592411052,0.800165795,0.048916588,0.073360961,0.319728232,,0.917171097,0.708423425,1.032945757,0.700924207,0.82623456,1.155017389,0.510935963,0.171895005,0.852353463,0.945620921,0.073385669,0.099292659,0.030417084,0.062615927,0.14472086,0.173168664,1.402743339,0.913573519,1.194659844,1.016463396,0.65453058,0.891009276,0.091839197,0.125302774,0.618585325,0.066436201,0.841925763,0.055115541,0.112264634,0.089081963,0.073505742,0.092184401,0.054649448,0.257040478,,0.089535523,0.003877908,0.044421709,0.76787186,0.508916228,0.034267238,,1.126291576,1.324006172,1.204474734,0.402604561,0.782861242,1.96742629,0.663347126,0.067913454,0.036550306,0.726707932,0.741614921,0.030716566,0.687509217,0.520224648,0.041123946,0.069022245,0.892366892,0.077825872,0.185649905,0.311552582,0.450355157,0.545078674,0.413112852,0.135835769,0.961547587,0.70546964,0.26536014,0.141703405,0.870491778,0.430249385,0.890510857,0.696840042,0.113579012,0.786164607,0.821437252,1.12639755,0.184855681,0.700726987,0.718993019,0.210668575,1.03707288,0.467888799,0.426316062,1.336424653,0.997697216,1.060671137,0.703610695,0.815974532,1.310664978,1.17335531,0.06257209,0.820447229,0.561298897,0.32289746,0.359334848,0.489003909,0.060516197,0.128690066,0.228659129,0.074339811,0.03385171,0.137700364,0.036985787,0.034363851,0.115986304,0.061121661,1.429820462,0.443161946,0.067869542,0.094190769,0.090990222,0.815798726,1.102203094,0.287016165,0.070749104,0.628076346,1.078369085,0.446117795,0.04624827,0.558461595,1.033824713,0.294848669,,0.828606159,0.896239208,0.930280417,0.127215837,0.554393923,1.048301933,0.222164472,0.903242325,1.074264898,0.380353877,0.789007376,0.436457163,0.735309026,0.662610233,0.027875422,0.929166434,0.028873519,0.025476634,0.959538303,0.212617103,0.029137204,0.019025187,,0.553511493,0.073873718,1.515987482,0.799094637,1.569834994,1.074976386,0.787138986,0.43940704,0.018792106,1.343457445,,0.566887407,0.504297755,1.013891944,0.705243987,0.740444214,1.550883263,1.202834661,0.755001924,0.612574246,0.603503871,0.903843013,0.901348473,1.050437967,0.905090558,0.687189741,0.949304362,0.895079074,0.273584046,1.397294262,1.014867302,0.884151488,1.118251834,1.069539489,1.221308781,0.889511829,1.177116327,0.865924137,0.896434639,0.4693919,1.195864454,0.47824284,0.856847077,0.818083025,0.570248616,0.083803627,0.527895084,0.028604302,0.077555271,0.586736756,1.110870634,0.045679763,0.016786929,1.229654691,0.673106286,0.882543796,1.234671429,0.906249486,1.022113324,1.140539108,0.924292653,1.042168135,1.287141915,
Pro,Ratio of Enrichment,0.063086045,0.173192529,,0.325246464,0.755152631,,0.544794928,0.31200454,0.133542302,0.204570481,0.471036961,0.078516553,0.089702288,0.199618212,0.073494318,0.296756856,0.081644183,0.046526106,0.077020111,1.187964691,0.77613199,0.386737888,0.077078988,0.22608714,0.073833923,0.135932765,0.049004312,0.056017542,0.143600482,0.676308804,0.090769684,0.095022989,0.752638554,1.183915461,1.009252728,0.634982542,0.110785624,0.080585013,0.066058727,0.116955805,0.092973471,0.103407408,0.052101031,0.037703074,0.080428881,0.084545096,0.055852052,0.11882004,0.050557097,0.054305164,0.074028499,0.065322813,0.066387475,0.0284235,0.059357089,0.088938433,0.046840129,0.145246851,0.068754241,0.156626052,,0.63610905,0.153685815,0.99029226,0.548898095,0.045901595,0.532592268,0.042315599,0.067965445,0.437682239,0.078329505,0.058455877,0.098781489,0.131401759,0.078885778,0.086497402,0.104477168,0.097926381,0.923765905,0.204430085,0.126241936,0.091742689,0.095553525,0.253480433,0.060614359,0.230205882,0.208632699,0.013480312,0.315581834,0.052383936,0.919276245,0.995420896,0.45493603,0.063872633,0.191917513,0.249333279,0.392476112,,0.818344782,0.625395314,0.757946086,0.30003891,0.807451748,0.693060965,0.714572474,1.022871761,0.759703942,0.846278145,0.791638892,0.751684487,0.552984149,0.394021142,0.257023984,0.059751521,0.056334206,0.085429143,0.03191961,0.066607793,0.074760752,0.076782306,0.045096725,0.033108683,0.06350791,0.023038285,0.056692877,0.042169646,0.060231461,0.035769078,0.597230577,0.748523585,0.049218812,0.061925906,0.031659518,0.684912908,0.102887667,0.02696251,0.063020514,0.247582256,0.047278517,0.042720747,0.172303645,1.104759393,0.483917191,0.038237788,0.546945998,0.598569918,0.148945309,1.10320577,,0.065768883,0.883529667,0.769576392,0.073311891,0.09778835,0.044573594,,0.039500227,0.092577525,0.039218446,0.032020134,0.021741007,0.022687457,0.012458117,0.019105973,0.023827661,0.779660339,0.728517728,0.669340657,0.077062094,,0.667157855,,0.805123294,0.212731905,0.65978623,1.132094691,0.599519021,0.515645902,0.829280055,0.709279009,0.856732617,0.548647978,1.239128013,0.523278331,0.571353297,0.092148647,0.52518408,0.079731269,0.033864003,0.017089836,0.043235476,0.364672006,0.749659353,0.884422459,0.986735789,0.988695989,1.004554316,1.504663702,0.546759007,,1.215777283,1.006821352,0.031179208,0.639454953,0.02811956,0.99031103,0.733872752,0.062804789,0.357638431,0.580678539,0.042254923,0.036750807,0.050439997,0.137879162,0.018670735,0.030785358,0.052809436,0.161532317,0.039042808,0.045634563,0.868530851,0.607998592,0.461869752,1.044425753,1.080873512,0.946547169,
Met,Ratio of Enrichment,,0.156055387,1.710870037,0.605340807,0.667801215,,1.116099419,0.303282844,0.392114141,0.969735603,0.757223239,0.291064717,0.13311037,0.782463606,0.12471994,0.822772245,0.270160945,0.622048709,1.197377666,1.387735762,1.301684553,0.89318822,0.648781594,1.167361355,1.336475747,0.063795154,0.615505999,0.214338216,0.084231697,0.165758446,0.013436813,0.373835636,0.667711508,1.199003993,1.252660396,0.362426437,0.990932758,0.090764043,0.655605143,1.030324472,0.074291187,0.804398034,0.972985659,0.014556207,0.094193094,0.058455877,0.37341688,0.247490657,0.436747462,0.764302777,0.177855115,0.819157555,0.058884911,0.615799124,0.510553054,0.36532442,0.822600743,0.489762976,1.092507664,0.513158358,1.037295987,0.727667797,0.937065422,0.880945125,0.089948711,0.068907448,1.155041762,,0.065103034,0.034006651,,0.345853508,0.535096105,0.943293257,1.011736332,0.052081651,1.911924965,1.019011702,0.462824031,0.72075057,0.67394027,0.672846766,1.106473435,1.12320997,0.094947433,0.287243339,1.559625706,0.930668417,1.019011702,0.932685835,0.537648668,0.898857121,0.636114713,0.985026373,1.285114033,1.079560012,0.211766197,1.160387869,0.463894428,0.832117766,0.989964208,0.982382956,1.085825543,1.289616475,0.466732029,1.344922854,1.161112416,0.434475039,0.804057608,0.437118633,1.335430296,0.870153404,0.497925023,0.148860566,0.754262929,1.167762777,0.021180382,0.083154216,1.471289189,0.288085673,0.0398438,0.475867972,0.531260229,0.497084761,1.129522428,0.074000312,0.070775271,0.097623736,1.011595128,1.312869509,0.814345269,0.155442463,0.522823778,1.005776573,1.060189834,0.283049937,0.86934644,1.341683524,1.07624557,1.118924908,0.926917509,0.933983346,1.254355326,0.800163551,0.920322246,1.487242447,1.552033207,0.760222507,0.648294322,0.669032183,0.60378269,0.802388387,1.053384497,0.697159742,0.024555415,1.439928066,0.020731149,0.224483187,0.675290351,0.696213287,0.137795472,0.191665166,0.886974227,1.689135454,0.279800383,1.207186029,1.222172461,0.860580844,1.254630583,0.92666155,0.509482311,0.698616932,0.515089312,0.307038717,0.759517797,1.455326644,0.881316495,0.59739086,1.211270215,0.625592901,1.126023574,0.956741165,1.084126285,0.709005288,0.850164712,0.911846122,0.90800374,1.507181037,1.524217846,0.929789141,0.641200209,0.862006946,0.774078559,1.103154416,0.893093503,1.155704591,0.925548775,1.20911642,1.349442417,1.093388667,0.914328087,1.232005701,0.542931977,0.824304189,0.515598545,1.147877747,0.785153897,0.90353563,0.392098965,0.636286797,0.011925409,0.684844747,0.907814419,0.666878714,0.117150277,0.033351107,1.33330127,0.85658105,0.961555513,1.467852317,1.546825077,1.272821273,0.985708055,1.231857249,1.343446638,1.107592299,
Ile,Ratio of Enrichment,0.101068572,0.354266154,1.425097978,,1.222350151,,0.52689462,0.587291599,0.88108306,0.456193627,0.810561285,0.227152949,0.626516923,0.094295327,0.115140364,1.084974136,0.174550066,1.110533329,0.951641557,1.186830003,0.950275965,1.1058319,1.225824986,0.751332333,0.664027737,0.113975614,1.163750139,0.421275417,0.108612186,0.525071824,0.073743491,0.572893589,0.619277877,0.906706474,1.363960686,0.12140836,0.06090173,0.074725754,0.843838519,0.822986479,0.044999297,0.145295973,1.111008582,0.076633646,0.07984824,0.186187228,,0.865798062,0.13644619,0.471227394,0.810544091,,0.082300132,0.936656807,0.506155864,0.833943805,0.765781432,0.749244606,0.769431421,0.588481216,0.250666727,0.621140835,0.689153734,0.173245637,0.063439216,0.086583723,0.836500181,0.411213396,0.09836229,0.168650802,0.489436108,0.185119618,0.244235705,0.768308753,0.57495956,0.846979774,0.078990809,0.447582671,0.903353535,0.136522027,0.634496839,0.635936698,0.75466557,1.251071939,0.098583964,1.308295891,0.709073571,1.019363996,0.354513315,0.896407135,0.901527869,1.030247851,0.840886477,1.337183076,0.945980013,0.629650904,0.194568271,1.023322698,0.232991699,0.864248717,1.092888959,1.417066694,0.826777982,0.818422681,0.897719263,1.307893152,1.099806493,0.523571544,0.844693398,0.3279681,,0.778379421,0.477931556,0.116340607,0.483730434,0.975053571,0.033992236,0.056717975,1.1814378,,0.036997963,0.113964757,1.016520802,0.2957959,0.972672472,0.054986854,0.07914195,0.069553345,,0.732217304,0.757122523,0.774795154,0.322922086,0.949550076,0.903749613,,1.041111583,0.846715992,0.760800592,0.527132964,0.719461501,0.859453203,0.506071777,0.842366265,0.945358691,1.155124764,,0.643525964,0.575241852,0.374320464,1.04874315,0.56441387,0.847525602,0.867796739,0.032799378,0.445690958,0.011720387,0.022936907,0.637455905,0.822466591,0.049989554,0.079392024,1.241561297,1.216926827,0.018453001,0.833908382,0.836659583,0.550953874,0.823129805,1.030299918,1.129886771,0.24139168,0.986499499,0.25227019,1.24367535,0.589318167,0.922519156,1.202002303,0.821630268,0.875452101,0.887247244,1.050861779,0.842771402,0.597261465,0.959069494,0.866258034,0.860020639,0.825160888,1.17839396,,0.996034619,1.07589705,0.907161721,1.227254516,0.726472384,0.965127905,1.028135581,1.353236532,1.15439254,1.036054556,0.967587523,1.23010155,0.570154998,0.977405394,0.03628318,0.975714685,0.507920201,0.888016487,0.281389259,1.018767172,0.077959661,0.046465989,1.244091277,1.123377956,0.496335349,0.02167639,1.115431923,1.051821032,0.982446738,0.86022392,1.353760594,1.082606038,0.888004651,1.025135675,1.03604766,1.310441459,
Leu,Ratio of Enrichment,0.125681112,0.453857079,1.108608942,0.674358894,0.942581227,0.375787781,0.891297206,0.541925536,,0.522554803,0.666750829,0.431340812,,0.561528773,0.092669509,0.858577252,0.118973207,1.000714864,0.827840341,1.215035676,0.780238611,,,0.862296449,0.954296716,0.275080796,,0.21284487,0.093107328,0.288514468,0.067250884,0.766653369,0.971616038,1.076617984,1.062152185,0.107386354,0.536999522,0.089107915,0.595099994,,0.06874201,0.655672552,,0.114998204,0.074187402,0.09013857,0.892353123,,0.157183399,1.08696813,0.584113777,0.713828406,0.059036972,0.754614645,0.927638492,,0.937110759,0.983327943,1.075948369,0.619907614,0.438977573,0.791058131,1.054337326,0.771761517,0.07658686,0.113414394,1.147846533,0.891510747,0.067518141,0.145562903,0.944872151,0.390473298,0.060632895,0.864682193,,0.082254758,0.077800861,0.784128275,0.975690569,0.650889063,,1.167934838,0.63975466,,0.04412028,0.946146293,0.756525633,1.796596016,0.922312823,,0.671898685,0.939082124,0.865335243,,1.011575057,,0.227036033,1.1876684,0.373710848,0.988856254,,1.148731035,0.912938193,1.107451205,0.88326261,1.007490471,1.081092193,0.689221662,0.804146306,0.253956941,1.265755672,,0.226175694,0.328668286,0.850686242,1.062489222,0.07594111,0.026234503,,0.97727552,0.064648097,0.094469391,1.048123617,0.970904631,,0.047117172,0.04440967,0.053610499,1.116219405,0.865468154,0.380828744,0.319314572,0.105354592,1.01680883,,0.828141428,,0.993164675,0.850886162,0.79001175,0.925294431,0.694892002,0.827032293,,1.045999624,1.100104483,0.925177946,0.944363673,0.58334516,0.650162263,0.959955173,0.66445241,0.219660488,0.719200186,0.045357977,0.731092903,0.035304743,0.043544623,0.780981754,,0.092534996,0.033741946,1.582423369,,0.498475537,0.807065072,0.89305417,0.798620304,,0.846451024,,0.257230156,0.993470949,0.201985874,,0.866117258,1.032538097,1.085800566,0.967024513,1.054958455,0.784979364,0.962696002,1.091563229,0.459351431,1.098568633,0.946011244,0.984406306,1.215332822,0.976007021,0.93395537,0.893658006,1.088091795,1.150194245,1.02978122,0.869425854,1.129301453,,0.987008723,1.159627935,0.777147862,0.993437035,1.189800451,0.433102778,1.012229811,0.150618614,0.951981588,0.467513057,0.852176275,0.3590032,0.821750188,0.034827166,0.041547398,0.925866305,0.916453744,0.342767021,0.029386528,0.897606511,0.791799233,0.842137616,,1.087990709,1.198804033,,1.011285572,,0.909144331,
Val,Ratio of Enrichment,0.08113517,0.112791897,1.345672092,0.732370541,,0.634021435,0.288569583,0.403433676,0.20783465,0.583304352,0.663522855,0.090816956,0.587662447,0.138707315,0.074830072,0.800713727,0.1193917,1.06385554,1.004864549,1.180263939,0.91585523,0.838139497,0.64617229,0.791796699,0.951618774,0.735133722,0.879871541,0.858623174,0.102626308,0.617616423,0.048599639,1.032540138,0.666335492,0.872716404,1.069193204,0.057998833,0.081064458,0.091245239,0.792282884,0.589063529,0.054424437,0.198069872,0.885717528,0.081919136,0.094139328,0.310445844,0.6875763,0.548416071,0.189411825,0.770592619,,0.910035319,0.553635534,0.780228442,1.010227861,0.89512102,0.737230644,1.178457085,0.383932934,0.788946393,0.551036679,0.845996404,,0.569977445,0.227060784,0.065219367,0.694641366,0.547784709,0.072426464,0.685405022,0.558488225,0.349485611,0.137201317,1.183907581,0.252720121,,0.113861156,0.388728169,0.759662095,0.383286655,0.739519456,0.910925879,0.692712503,1.160487998,0.095086844,0.868009845,0.789666739,0.479854051,0.610225701,0.991747175,0.687819921,0.889707992,0.981466903,0.903700778,1.016720032,1.060869962,0.185945909,1.111732311,0.34059418,0.753851612,0.973168632,1.017869888,0.962653508,0.866669231,0.878962914,1.097271398,0.729880354,0.869639141,0.988875254,0.478926649,1.011100794,0.434085694,0.542455904,0.142336134,0.801438013,,0.099428607,0.076183289,1.157886496,1.062975444,0.052739595,0.564509959,,0.656235762,0.651316353,0.059343542,0.071986698,0.064299431,0.746463649,0.873989319,0.967293423,,0.513944549,0.932088699,0.812117526,0.97570677,0.746489428,0.894300439,0.639871799,0.452957371,0.958994388,1.075065589,0.435153765,0.567433475,0.956121478,1.029451967,1.33979228,1.092678152,0.676937926,0.681343382,0.796805027,0.816846316,0.814866974,0.992474111,0.046888125,0.726509591,0.026113179,0.027430792,0.948017569,0.803030899,0.141836909,0.084709306,1.165307974,1.017121781,0.06276154,1.120381627,0.951623902,0.818083025,0.980316246,1.032066493,0.656581323,0.945529859,1.024510438,0.240323413,1.20039868,,,0.843144649,,1.350169545,1.095486374,0.757176674,0.845457746,0.745920886,1.187264838,1.094684162,1.067364646,0.686196715,1.371798253,1.130071351,0.921747189,0.955259895,0.780426729,,1.131046402,0.760508404,1.041861062,0.995422313,1.086648137,1.028653435,,,0.565103261,1.014571947,0.053465721,0.849489308,0.64203559,0.991303018,0.41704005,0.690648673,0.208136419,0.041763998,0.88815094,0.956342292,1.018006485,0.313093503,1.056109803,0.901845792,0.9268257,0.853013982,0.976541947,1.264822592,1.22664946,1.101062986,1.288176753,1.034845646,
Ala,Ratio of Enrichment,0.023856694,0.481919087,0.788922984,0.409997427,0.718374214,,0.394761638,0.638396511,0.345836725,0.281132588,1.311610974,0.230746883,0.318391414,0.588950462,0.067485327,0.778697891,0.04552096,0.622771976,0.905096446,0.293606767,0.886716062,0.250753352,0.511826017,0.800132186,0.824446956,,0.221634836,1.029602847,0.280638101,0.78652244,0.368169471,,0.636525183,1.414413696,1.110102276,0.822355007,0.628376602,0.087310693,0.309111038,0.107585086,0.072038985,0.088272297,0.109976311,0.031090669,0.037231897,1.414456746,0.147253504,0.10967436,0.771282792,0.709766872,0.72428906,0.146618839,,0.583421496,,0.107562923,0.344516552,0.657537342,0.705495355,0.685037473,0.593987137,0.818618941,1.349446943,0.764503017,0.115187854,0.50743631,1.29973426,0.692112158,0.128015618,0.879290849,0.570423573,0.512597334,,0.991833323,0.289797459,0.520492942,0.467546545,2.245915423,0.487374925,1.116043194,0.337798166,,1.27211192,0.3084214,,1.167557861,0.908239356,0.670415248,1.175782733,0.512421015,1.122853607,0.975067155,1.159378972,0.423281784,0.6330685,0.542178294,0.979029828,0.944481212,1.204803867,0.63871309,1.124400509,1.33056932,1.185638414,1.001750873,0.80206206,1.19204992,1.546267735,0.763273483,0.791114203,0.829200511,0.645144445,0.696773558,,0.730515899,1.028883933,0.795563824,0.118641368,,0.221211953,0.31575929,0.927159071,1.135780404,0.732217304,0.940394505,0.888341643,0.068791592,0.835536186,0.146940786,1.166560907,1.14602427,0.857641693,0.751303488,0.874337963,0.94321665,0.680091092,0.207535383,0.726862943,1.275728979,0.539587667,0.09914929,1.035912668,0.855328922,0.932532426,0.184945184,1.171804808,1.42586642,0.470001627,1.193791776,0.968867341,0.73628178,0.676064995,1.152697435,0.808521792,0.73479078,0.106529191,0.88368178,0.020793686,0.089586797,0.828193217,0.211175445,0.080427229,0.029427447,1.839149056,0.822183692,0.241182995,1.033390516,1.053524041,0.891784198,1.087594164,1.188218275,0.792765175,0.897226299,1.050053637,0.180211633,0.881240219,1.223628456,0.961150009,1.864033924,0.842040667,1.019927809,1.137793632,0.616470147,,0.641154667,1.059806541,0.742601823,1.093388667,0.306832755,1.002480988,0.577806892,1.201086987,0.890861416,1.804715819,0.97873032,1.12212648,1.297152444,0.821096222,0.922519156,0.940149932,1.267881375,1.117613953,0.974719109,1.162299608,0.918446991,1.150829189,1.102891621,1.148836449,0.604853643,0.59329083,1.098017039,,0.812851479,0.987680987,,,,1.908860391,1.366419755,,0.577698439,0.926894556,1.054870994,0.718048002,0.779756469,1.203845752,0.935526606,
Gly,Ratio of Enrichment,0.064737098,0.232791724,0.832775936,0.254915835,0.512106141,,0.391680127,0.558774531,0.101926001,0.256828724,0.665342155,0.141790478,0.062428923,,0.05227221,0.204375811,0.040469453,0.812683564,0.804697394,0.495775104,0.519440119,0.438215635,0.057225227,0.569050068,0.528510686,0.308453879,0.066852854,0.098707893,0.078390139,0.535419602,0.557987917,0.754275539,0.68097889,0.96019676,1.103054008,0.253683878,0.612801497,0.070392322,0.310682684,0.090610512,0.11091459,0.095188059,0.045338948,,0.107996389,0.794583168,0.100544108,0.074280572,1.197082636,0.605639708,0.088056304,0.052208684,0.781411377,0.698031943,0.926575674,0.080666968,0.159527974,1.230223809,0.477627288,0.247833594,0.799753482,0.972326289,0.944252205,0.712215593,0.084516145,,0.896466932,0.120794023,0.138580142,0.547108816,0.127096599,0.201901935,0.303712396,0.63700376,0.034295196,0.198778738,0.431230737,,0.80984049,0.356146182,0.132763659,1.161372025,1.297817325,0.047031309,1.158010533,1.15628789,0.973892234,0.20749107,1.503173826,0.085231412,,1.022471042,0.979280286,0.059540916,1.045497242,0.522020556,,1.499244282,,0.639593032,1.128095173,0.672294027,0.925400223,,,1.096537556,1.150205217,0.991104817,0.927534997,1.152743373,0.380225678,0.872670344,1.064820414,0.734651424,0.892158806,0.062226757,0.076815843,0.4903754,0.09429204,0.067127273,,,0.041269731,0.518808412,0.057545862,0.033044303,0.446976947,0.829475021,0.638780202,1.248297967,0.464894739,0.053354847,0.586277303,1.116120614,0.064980873,0.065616461,0.501557669,1.123024364,0.067422506,0.020986511,1.076501484,0.988570725,0.375363091,0.045431216,1.081226162,0.852371308,0.215661703,1.152641423,0.421108321,,0.673538294,0.864830626,1.718510321,0.402819104,0.05683122,0.825448403,0.031916997,0.137980824,0.784182093,0.025739958,0.125389693,0.142561385,0.465184465,0.573473483,0.124047138,,0.977952685,0.976421675,0.936285135,0.981487416,0.759908232,0.744478554,1.253415696,0.140278273,1.168872929,0.780179564,0.90312284,0.682331257,0.573585897,1.188232066,,1.061526416,0.697997443,0.717685492,1.196088992,1.054440761,0.803116017,0.020235269,1.356738515,0.736410843,1.251721688,0.661275182,1.249964419,0.899252494,0.958125768,,0.842831755,0.842457938,0.928228842,0.941437952,0.900381197,1.015990535,,1.104464727,,0.92025086,0.811298646,0.549780539,0.590728224,1.737400404,1.08116191,0.872907437,0.943001202,1.061848054,1.403178807,0.607787096,0.604458971,0.544004448,0.937125449,0.73271784,1.155787698,0.995475884,0.777864418,0.905093011,1.429403784,0.953043614,
Cys,Ratio of Enrichment,0.041243248,0.365268491,1.589490462,0.305640728,1.002664631,,1.021689377,0.337602003,0.090897358,0.324897398,1.090030177,0.282800054,0.387221145,0.688776352,0.097903243,0.811740717,0.089742121,0.690825204,0.891121491,0.790441704,0.44646735,0.391391425,1.177468379,1.172166654,1.188141642,0.895925788,1.382962457,1.195350389,0.076289873,0.793391847,0.258024986,1.07226629,0.900561985,0.960384082,0.941608081,0.442028339,0.399689477,0.030504775,0.641098061,0.306157942,0.089775356,0.53389701,0.087310693,0.19061699,0.038495334,1.261285494,0.419515813,0.193187898,0.852255525,0.867751749,0.695983426,0.384550545,1.043466535,0.467179369,1.155156583,0.685650411,0.845373778,1.251237483,0.437461532,0.923867277,0.453369774,1.150901057,1.270623954,1.037480259,0.100041937,0.15758074,0.984659121,1.115744782,0.110509943,0.967529595,0.582113847,0.28628391,0.380412861,0.979170325,0.477163089,0.277912282,0.71662331,0.917310381,1.388703847,1.358106751,0.663352049,1.613283284,1.077345109,0.495329747,0.301140772,1.287078198,0.667147832,3.640223341,1.153493013,0.735236291,0.713075781,0.663225949,,0.629690292,0.981653499,1.076019349,0.457122494,0.877682785,0.939777246,0.962329881,1.047065465,1.646095826,1.871028175,0.944243979,0.398136331,1.749510751,0.9730955,0.962824964,1.108014276,0.475801486,0.997269734,0.521633903,0.869146883,0.50914909,1.146648293,0.678571317,0.040544232,0.891527567,0.401942937,0.711090912,0.583911794,0.819071836,0.821900299,0.70546964,0.688967426,0.075824338,0.188221024,0.889154152,1.216679523,1.00195219,0.986320112,1.061271719,0.67945232,1.093714676,0.939751998,0.867380704,0.562055782,1.216679523,0.415276455,0.382705752,1.023057406,0.617969529,0.572870353,0.257460054,0.963264046,1.034007192,1.708804238,1.487485838,0.708543581,0.787740152,0.80395785,0.858682679,0.779810135,1.230067282,0.781953175,0.841709971,0.02873828,0.397354612,0.697853571,0.646571442,0.304999595,0.13226492,2.127015865,0.895179854,0.101655287,1.247397732,0.636286797,1.141397274,1.183706723,1.222848842,1.019015698,0.922588641,0.942348801,0.493599674,1.446184684,1.625810568,0.732660701,0.787969539,0.890200537,1.799782655,1.276902076,0.951546721,0.584345018,0.533532408,0.635102457,0.907941115,1.321074001,0.497596891,0.742683668,0.885728133,1.283213842,,0.807283249,0.686179415,0.550765755,0.999879253,0.991214037,0.920927748,1.370731458,0.873460953,0.988074303,0.80340889,0.801775722,0.89728885,0.934631839,0.882067172,0.823854334,0.749457959,0.330492505,0.862503823,1.037457244,0.512300249,0.967301369,1.323012607,1.270580887,0.434704808,0.812855657,0.672646043,0.959221949,1.331200188,0.750638012,0.852772058,2.220511068,1.068087217,1.189574125,1.033545221,
Ser,Ratio of Enrichment,0.084328799,0.582899483,1.669235286,0.657964999,1.080048156,0.143482607,0.742831866,0.954469936,0.248865313,0.526102893,1.357846514,0.877419323,0.323052761,0.696983921,0.076578799,0.936170244,0.070201262,0.797051147,0.894874655,1.036862202,1.088201366,0.326781167,0.229736927,1.110530742,0.727004051,0.511415487,0.17376427,0.703255023,0.081004497,1.154992378,,0.656190572,,,1.199849048,0.977259198,0.810458591,0.081171351,0.514845593,0.166873747,0.081463682,0.072593224,0.1403217,0.130188173,0.049315588,,0.039429553,0.051610505,,0.54888324,0.457029376,0.034350361,1.075807011,0.940951052,0.831248317,0.064250685,0.516021879,1.078974749,0.646960787,0.462353617,0.626234801,1.089692233,0.742822853,1.010331648,0.085861109,0.148573829,0.777605739,0.488732654,,1.011281984,0.179807318,0.477122407,0.882053549,0.70865237,0.075157556,0.422029008,0.676830818,0.924988423,0.648884455,1.108595148,0.139216847,1.072828623,1.136290794,0.06729095,0.865434412,1.175782733,1.077663251,0.33817751,0.977391074,0.111823895,0.907032394,1.238936337,0.940712167,0.35241618,1.235856338,0.55588994,0.951479565,1.002945325,0.97359715,0.871355851,1.069708801,0.874756896,,0.972740076,0.879550396,1.389714033,0.995231468,1.204933129,0.872042282,,0.765889424,0.732477718,0.943983647,0.356355545,0.986896881,0.10397945,0.071222801,0.796699549,0.068083251,0.057577489,0.101808013,1.150756898,0.214939777,0.694680809,0.312872773,0.070953093,,0.874573422,0.702971297,1.004164306,0.711888836,0.509776933,0.92344927,1.217302446,0.316950128,0.081887,0.652237003,0.999436296,0.181887105,0.10586729,1.02957365,1.035238419,0.627053871,0.058647885,1.031912359,1.048146141,0.451678046,,0.843966747,0.906647487,0.9040274,0.878728562,0.881242278,0.571367162,0.336237396,0.969545254,0.036384252,0.991031375,0.783546538,0.045017851,0.106644244,0.039779936,1.274821958,0.908321501,0.076121094,0.995432875,1.024926121,1.055843292,0.959545995,0.863229376,0.50710546,0.778099546,1.034761147,0.436756483,0.91130505,1.091689388,1.069559075,1.102488166,1.057572314,0.91777773,0.940216398,1.173075006,1.207539786,0.645474225,0.881990914,1.146757791,0.994844896,0.574072088,0.846696422,1.102692288,0.737925034,0.878582911,1.054344519,0.933240121,,1.182248067,0.980134361,,0.888308208,0.777652667,1.079771765,1.083915899,1.007468469,1.051066734,0.831784346,,,0.573715072,0.625914343,0.920170957,1.012775553,0.959622542,0.913744783,1.091807512,1.13700352,0.687001134,0.950434089,1.617488355,1.127461554,0.674282793,1.12090381,1.187685273,0.651491573,1.161642838,1.100787188,1.666737164,
Thr,Ratio of Enrichment,0.23596587,0.853806759,1.613794834,1.390660401,0.965024835,0.676418005,1.346364349,0.642404142,0.35243786,0.845839706,0.894943336,0.263925372,0.548280532,0.293078887,0.060831442,,0.052170299,1.021650707,0.791277039,1.120535686,0.953131836,0.828285258,0.100723172,1.185075567,0.90727331,0.44363429,0.197609379,,0.110049767,0.712324479,0.143057945,1.073909247,0.832864748,1.181585772,1.278296018,1.037095781,0.064015317,0.068243338,1.144181816,0.286693158,0.059482544,0.173145305,0.100769414,0.079826843,0.064584629,0.690814818,0.160741942,0.081438529,0.852610355,0.804006048,0.96737397,0.422258564,1.261605155,1.16149286,1.121117185,0.203519586,0.566913573,0.946304168,0.54752184,0.640494525,0.789596443,1.174444539,1.036623048,1.04258504,0.061189813,0.044584991,0.437692703,0.470059975,1.104249265,0.69567899,0.349285943,0.858888551,0.623189212,,0,0.463957511,0.547201988,0.841728573,1.159265267,,0.373632933,0.79649798,0.883918958,0.230205882,0.153362965,1.043327209,0.92228064,0.283954685,0.984125241,0.23211491,0.8086784,1.178912936,1.309684935,0.847793527,1.159479491,0.777644066,0.289898454,1.151959247,0.939633964,0.760889663,1.132032678,1.108942371,1.217543763,0.598961077,0.717235638,1.062226252,0.99400528,0.994758215,0.804388263,1.031071012,1.132293892,0.682864471,0.582988102,0.250716531,,0.932538388,0.031680455,0.119524013,0.325871741,0.19521987,0.087794545,0.474564258,0.429264115,0.63322719,0.45161864,0.058880566,0.440788268,0.722810793,0.897823189,0.957357894,,1.123002779,1.252606784,0.835747168,0.840721932,0.324767523,0.942823911,1.088402158,0.361730228,0.356804013,0.881914167,,0.528995663,0.248257935,1.160806443,1.093962404,0.81682738,1.115684108,0.785244266,1,0.830385025,0.826356937,0.833149011,0.677618799,0.046605942,0.965044047,0.016844225,,0.781301917,0.130246309,0.077234236,0.012868722,0.968535075,1.373136824,0.045059653,0.884302224,1.076425033,0.611137121,0.859444071,0.95620823,0.851369658,0.74684037,,0.460214063,0.918128847,1.146342044,1.254029163,0.758266202,0.995713709,0.91194392,0.725737908,1.311781098,0.945291645,0.830283103,1.136025702,1.1641581,0.90289062,0.858809,,1.326806923,0.975592134,1.068374715,1.232849846,1.107709674,1.09349525,1.374410736,1.0774219,1.01878606,1.141208705,0.925818266,0.606894593,1.170511092,0.726438175,,0.126271,0.979482603,0.859426092,0.936543793,0.487161526,0.709284259,0.485708103,0.640885595,0.968121177,0.937366866,0.865828796,0.356124905,1.112989904,0.798898498,1.092771329,0.719667022,1.215914653,0.929810713,0.893711895,1.082823433,1,1.02528861,
Gln,Ratio of Enrichment,0.089425878,0.512766951,1.006151465,1.027945442,0.770126322,,0.890811671,1.267980705,0.073688679,,0.420378867,0.119828208,0.123817704,0.718954306,0.046018456,0.538019153,0.073995925,0.460793568,0.784355723,,1.349662519,0.598836012,0.103764238,,,0.014360129,0.220142345,0.595958879,0.307657635,0.393289105,0.108984057,0.7951563,0.792738146,1.351340729,1.014740083,0.984121882,0.984513088,0.634209821,0.30429835,0.384937396,0.098320869,0.095525458,0.065361052,0.143116113,0.111994905,0.021496677,0.099892954,0.081572141,0.796702043,0.429622319,0.130161753,0.081533075,0.061331781,1.204744494,0.645708466,0.134702673,0.481757055,0.78997552,0.551495491,0.590438947,0.528488847,0.989125464,0.762790609,1.290274693,0.161535818,0.105220579,1.104713119,0.260737211,0.116796909,0.906441498,0.272271806,0.28367468,0.499427253,0.679942635,0.199704363,0.061604391,0.951336286,0.448365149,0.776224707,0.729383865,0.111073943,0.890510857,1.32396357,0.121141251,0.088014446,1.646095826,0.85088678,0.01439734,0.962904175,0.037421769,0.70546964,1.049023284,0.659671361,0.580727099,0.485265243,0.597676189,0.534763406,1.112540632,0.48512144,0.630964595,0.675555733,0.918244166,1.31853889,1.03687956,1.107153354,0.688393219,1.447640012,0.906100312,1.010276659,0.437745065,0.443503715,0.774109929,0.611023092,0.15239759,0.244939059,0.185523505,0.020531712,0.029300656,0.073846488,0.044906692,0.040783608,0.171980161,0.030572274,0.042047859,0.585951131,0.047031309,0.228389452,0.555192083,0.653435,,0.836285202,0.042697801,0.803401158,1.254441369,0.663849012,0.05612941,0.60930897,1.071860859,0.211568684,0.125355824,,0.785903233,0.822331845,0.069351253,1.686408377,0.774188962,0.622473211,0.779159249,0.74631569,0.608894497,1.115835766,0.852895069,,0.667052313,0.157115283,0.639480206,0.018927371,0.375597867,0.892666093,0.025186136,,0.137039288,1.312737877,0.58513735,,1.029928216,0.685764775,0.913858599,1.233127243,1.072127291,0.977708981,0.55824524,1.263352047,0.196663208,1.129464107,0.88288168,1.123031536,,1.50551397,0.927682665,0.997297967,0.776791768,1.769342356,0.770261888,0.925814123,,1.016493319,0.652024381,0.807661585,0.244797222,0.959398311,0.343791323,,0.570179078,0.96343271,0.969542976,0.930089023,1.031853464,0.938427007,0.94578379,1.272097688,0.743029536,1.484179704,1.198943082,1.421552061,0.609131374,0.615510085,0.535602368,0.981885769,0.920053714,0.036051116,1.234822935,,0.985708055,0.05318806,0.052218065,1.109802553,,0.648542723,1.058054046,1.244762878,0.637402111,1.077563103,1.037414992,1.133671525,0.850025529,
Asn,Ratio of Enrichment,0.080724783,,2.009435593,0.728221518,0.959691088,1.344485171,,0.934231198,0.026425259,0.466684213,1.11003479,0.691128894,0.046289091,0.336231172,0.02193961,0.848830257,0.063822318,,0.820917879,1.434719075,1.724158986,0.959617418,0.052276609,0.785056965,0.725375997,0.059804118,0.086514698,0.29660945,0.05616349,0.147203193,0.159679792,0.463060606,0.955992416,1.472341855,1.27708078,0.988965796,,0.133799007,0.807495967,0.05066176,0.022874039,0.181564367,0.034162526,0.258962564,0.104056312,0.120884483,0.071611102,0.050646447,1.084493689,0.334279854,0.057338174,0.161131144,0.068904077,,0.476441263,0.079007303,0.340170947,0.704358932,0.768919613,0.629346467,0.140869081,1.404362179,1.497369772,1.670137547,0.082872845,0.055085128,0.731249933,0.116152587,0.096743965,0.955781783,0.031200376,0.475024942,0.054622705,0.632386306,0.065219367,0.174292499,0.546286747,0.300591412,,0.506538253,0.044649977,0.460798088,0.387285155,0.037129981,0.1619769,0.847153919,0.859701869,0.393124303,1.499439055,0.025622384,0.535390372,1.114762919,0.954610793,0.205876354,1.465891651,0.282647445,0.584011452,0.93386677,0.969806196,1.017610396,1.1833319,1.110673115,1.178501306,0.777640447,0.954866435,0.997808138,0.883208491,1.217128939,0.686767941,1.305202751,0.73038189,0.319010819,1.007491786,0.793798623,0.218627971,0.065187133,0.001497812,0.06786397,0.068708291,0.334396924,0.02068152,0.086975709,0.130642526,0.060156326,0.133899337,0.126622756,0.134013946,0.629374038,1.143855473,1.277104203,0.854897017,0.02754805,0.603431637,0.912234013,0.275038319,0.10391948,0.87389879,,0.143153693,0.096862782,0.860986502,1.08290223,0.428776401,0.057902868,1.105515242,1.175077616,0.416958246,0.606673016,0.612209261,0.739332182,0.990078917,0.565618234,0.471900899,0.797579691,0.083531978,1.082092833,0.023080712,0.077724474,0.457920687,0.014252318,0.485559671,0.103435785,1.606596784,1.206579073,0.115645244,0.921362609,0.659878674,1.203845752,1.119740894,1.059294006,0.802574342,0.318864812,0.676205689,0.485244107,0.694985893,0.26268721,1.234194391,1.712162834,1.011741525,0.873546281,1.136816671,1.13408076,0.978491461,0.910471272,0.939781326,0.731684818,1.211174491,0.299466577,1.023772471,0.829405973,1.050945609,0.781107521,1.222074642,0.886310248,1.170754859,0.881732505,0.905855344,1.028316651,0.91576458,1.019757568,0.950162327,0.789791969,0.651379314,1.10090979,1.258221261,0.818083025,0.749727643,0.634587767,0.465479566,1.095399305,0.01046142,0.178635654,0.310116962,0.702824773,0.041906257,0.047735227,1.047034588,1.097428448,0.129252474,0.717276586,1.045644367,1.348108647,0.649089348,0.926166887,1.176995779,0.925255474,
Asp,Ratio of Enrichment,0.076762344,0.484014661,0.446977018,0.417488102,0.533386885,,0.565073478,0.633394002,0.065480618,0.150556776,1.248512835,0.164258369,0.146106289,0.580086448,0.074212178,0.425599806,0.032971026,1.519977441,0.861191972,0.631145433,0.729872587,0.306809526,0.090406915,0.77596138,0.741676761,0.082228525,0.013897058,0.042457426,0.06403639,0.317291483,0.105852534,0.790175238,0.963892962,1.26313183,0.945291516,0.857460516,0.154736145,0.682473672,0.107505724,0.100307555,0.119845833,0.064330839,0.043977641,0.154030125,,0.077239483,0.063476627,0.033906839,0.859927101,0.051682652,0.095752878,0.011289762,0.064547078,0.918253389,0.250693325,0.13107683,0.222847077,0.86658702,0.43874996,0.329973855,0.770486172,1.179380785,1.278457289,,0.181337593,0.129957273,,0.07720964,0.139526071,0.268014681,0.088256912,0.044630837,0.113359187,0.395008402,0.081397051,0.396082954,0.350570803,0.772978696,0.98598279,0.149645075,0.091382078,0.503103847,0.946611989,0.005225701,0.029453007,0.92611035,0.99661584,0.005003331,1.306023282,0.037129981,0.721412456,1.362238219,0.553370138,0.08993239,0.751984121,0.15535613,0.346931139,0.867766922,0.54655839,0.913016713,0.797867433,0.633377852,1.005327703,0.863018691,1.309059468,1.271569513,0.692429535,0.141967575,1.136934375,0.15200727,0.038707184,0.189843989,0.225085602,,0.054762483,0.104234272,0.067422506,0.030069198,0.101113441,0.001901535,0.100172426,0.091341799,0.094451307,0.034762272,0.171483389,,0.036281296,,0.158218785,0.635577911,0.016516012,0.074425475,0.688551902,0.966564146,0.089552767,0.033870284,0.374356043,1.094111597,0.042563637,0.022442326,0.940839383,1.076404536,0.630115608,0.020245266,,0.92574286,0.051356027,0.981605209,0.65757875,1.156138206,,0.999105652,0.739703813,0.336636463,,0.963024481,0.027825953,0.034417732,0.40806528,0.01009979,0.00883459,0.126281272,1.774610869,0.094115746,0.018677695,0.788262259,0.464671158,1.609776275,1.099928183,0.767966227,0.080754977,0.02748759,1.07175218,0.036051116,0.443424712,0.692826294,0.825181359,0.720563194,0.722691848,1.95217646,0.685676524,0.853395961,0.362347276,0.427356804,,0.626682468,1.10270601,0.05395164,1.817514504,0.035289856,1.297209532,0.021847915,1.084925557,0.705784318,0.981095879,1.182595968,0.96742881,0.420596357,1.235587465,0.762341897,0.818083025,0.924700361,0.648148335,1.173069742,0.901523866,0.820999542,0.37764678,0.029720033,0.039493663,1.982561565,0.059281379,0.822751116,0.103843356,1.362751248,0.037428635,0.065367409,1.311076289,1.880747573,0.027492345,0.039712768,1.171433439,0.952279609,0.529007751,0.825499915,1.424394725,1.177301436,
Glu,Ratio of Enrichment,0.041043488,0.54324995,1.654371747,1.217739718,1.501011651,,0.526102893,1.222927917,0.070962716,0.586738481,2.587124535,0.449717718,0.05569229,0.624119818,0.050853531,0.397936373,0.179138978,0.84531139,0.510240494,1.265490742,,0.252878186,0.099389715,0.9501626,1.216826654,0.052182563,0.058455877,0.302729598,0.08342732,0.03553578,0.070251128,0.740731934,0.795692903,1.465335005,0.936629579,0.088128911,0.208293798,,0.31032059,0.170012894,,0.029779409,0.108361491,0.054295316,0.11070694,0.031623671,0.073618494,0.091438538,0.380872866,0.061998657,0.077312611,0.161267721,0.083626013,1.530282688,0.617034257,0.079191684,0.096328699,1.080620508,0.452419014,0.418329794,1.013880409,1.023054966,0.897733021,1.005112176,,0.052416155,1.006196787,0.126382259,0.046880456,0.60012742,0.064862,0.7258594,0.154110948,0.282214135,0.042498562,0.550421367,0.220685374,1.267723638,1.238738029,0.511372173,0.032703891,1.324906396,,0.007926625,0.068030758,0.630018341,,0.075794259,,0.046235854,1.177925389,,0.870006418,0.108711715,1.246109924,0.319189433,0.127892157,1.040099486,0.896903612,,0.502247933,1.142903702,1.330838075,1.080125832,1.396707903,0.902040127,1.199485515,0.401575026,,0.09606808,0.065783343,1.568116453,0.833736847,0.134061209,0.03193484,0.022005475,,0.057037971,0.068057071,0.037832757,0.050219873,0.031088493,0.102855779,0.047363686,0.499337453,0.361907593,0.033021983,0.315306366,0.427971887,0.660371124,0.766624903,0.052296539,,1.033142707,0.089736843,0.047171075,0.643933347,0.957548121,0.08933895,0.07818112,1.029401261,1.256407834,0.607214815,0.035743795,1.197906717,,0.433481345,0.734742239,0.551333416,0.85507027,1.566463909,0.648015586,0.769571363,0.304625763,0.079255991,0.632756773,0.072610919,0.027982719,0.67856499,0.01689257,0.070257494,,1.314448006,0.492657733,0.066331056,0.781781401,0.689021581,4.43748065,0.810490607,1.323208114,0.100859551,0.042666462,1.648988668,0.097166949,0.936285135,1.088523694,1.331827996,0.379983919,0.880567443,0.745094205,1.609776275,,0.755950137,0.366862172,1.108183388,1.008473256,,0.103748575,1.004481689,0.106111187,1.413674851,0.14215869,1.630106176,0.323332689,1.129404261,0.537961211,0.925624455,2.0511357,,1.134343918,1.434477991,0.806990374,0.647253623,1.449681234,0.846223473,1.205060057,0.247228722,0.02570686,0.031187916,0.910696198,0.034373236,,0.615879188,0.945209596,0.011119575,0.04928211,,1.645155973,0.073971697,0.611281368,1.140419977,0.744547472,0.583616862,,1.27807682,,
His,Ratio of Enrichment,0.055329894,0.998038979,1.129302892,0.408328322,1.247895377,,1.254169455,0.976636971,0.088898273,0.700754738,1.086484444,0.308472149,0.096059899,0.447667251,0.622573786,0.935888865,0.121677707,1.072481556,,0.687138845,0.925845,1.68635915,0.202014869,0.650404924,0.695996184,0.09557387,0.118410623,0.336163166,,0.086038275,0.020976989,0.79374626,1.317710562,1.151312329,1.356129768,,0.443861521,0.073402564,0.126246723,0.286654242,0.058684667,1.16101052,0.113835129,0.024281672,0.068622116,0.110582137,0.023528752,0.151652435,0.492767372,1.015320343,0.066544906,0.133998856,0.043314669,0.735247032,1.258651225,0.057119743,0.764602871,,0.690780899,1.155769347,0.811585083,0.72754122,0.970849668,0.730823904,0.039302575,0.075553643,1.408846546,0.183047965,0.157608884,0.547887692,0.217043784,0.093072206,0.065049598,0.742191829,0.271900272,0.235946989,0.083519076,0.40814527,0.938444771,0.625342224,0.324268501,1.008755653,0.932925846,0.514155839,0.025498903,0.709378059,0.707975748,0.977457934,1.621977206,0.081968853,0.733180395,1.092598104,1.034335186,0.309747104,0.79053282,0.454754531,0.594034581,1.065144494,1.088045366,1.097713033,1.115504154,0.935124049,0.670903199,1.263354722,0.668290739,0.955923029,0.890773971,0.7905078,1.262798663,1.130157675,0.929176617,0.479622216,0.364898089,0.054496597,0.295051702,0.080122591,0.014515836,0.045081825,0.042194931,0.030172836,0.024393833,0.026643353,0.030781845,0.297256139,0.306277063,0.079899547,0.091779545,0.317787513,0.800179849,1.072268846,0.545609524,0.085309157,0.788466068,1.031392435,0.30453768,0.037267627,0.92552439,0.961517087,0.421267755,0.10681619,0.978554661,1.149744638,0.728528913,0.058079279,1.096429495,1.394419175,0.319071331,1.136117773,0.914872092,0.827277347,1.164890653,0.388426688,0.630017962,0.08885546,0.191311175,0.964524406,0.026389775,0.021927999,0.945473082,0.017406022,0.105349324,0.036746046,0.523036688,0.445285697,0.120593912,0.683407361,0.928848618,,1.212941406,0.706581339,0.628632219,0.278516997,1.057659449,0.647792888,0.772813609,0.518503326,0.549361713,1.072279501,0.992197722,0.99623291,0.913553479,1.037866524,1.663254892,,1.314031374,0.827688696,0.901415706,0.686370194,0.876779565,0.252804927,,0.122501245,1.127584386,1.234856195,1.084039795,1.580522197,0.924032723,1.201452476,1.022369508,0.837332037,0.999543215,0.704722791,0.611042976,0.971938882,1.143632359,0.984944152,0.744251197,0.87323469,0.330948642,0.502858373,0.02995797,0.756119725,0.794552353,1.112777098,0.0201265,0.017914227,0.956321518,0.660937133,0.47338074,0.872787665,0.999463718,0.995866772,0.895382208,0.900907094,1.085212176,1.109246704,
Arg,Ratio of Enrichment,0.116674321,0.236818768,1.297236696,0.684070411,0.922431515,,0.709850385,,0.046705952,0.598590697,,0.386186939,0.056913506,0.396845809,0.159502709,0.852307358,0.065230203,1.364801781,1.439903567,1.054900678,0.861741945,0.732991419,0.052118604,0.844830429,0.933800942,0.095470409,0.055185618,0.578960954,0.872975963,,0.11004654,0.689004868,0.716352468,0.815765466,1.165399778,0.222306179,0.080073522,0.063325708,,0.11214649,0.010661116,0.108560914,0.06401801,0.128520742,0.096744941,0.084194282,0.092480523,0.062053162,0.080261513,0.078899841,0.091537469,0.02935738,0.07384325,0.737916119,0.536597334,0.045074872,0.103913491,1.054520506,,0.573799824,0.77691076,,0.71651148,1.155668693,0.047925997,0.079423025,0.553628951,0.098811203,0.140330226,,0.23925621,,0.17387514,0.690846364,0.106411193,0.024696806,,0.674573159,1.17238697,0.763132548,0.08403101,0.748469694,0.843122252,0.037433083,0.079697407,,0.936179399,0.457936433,1.367961188,0.079178089,0.569361839,1.101522771,0.472016177,0.053670009,,0.577308351,0.272926864,1.432491305,0.501730769,0.41542437,1.70960003,1.072058093,0.909742131,0.835130424,0.729670999,1.455655849,,,0.77245629,0.602594412,0.614587883,0.446523756,0.398795896,0.264304929,0.025980468,0.044863413,0.066075956,0.04567789,0.040171598,0.04462594,0.047226056,0.059535526,0.048626742,0.243623722,0.550150983,0.068562909,0.332551084,0.238594051,0.365058449,0.957388873,0.808374449,0.074180928,0.61440674,1.09729812,0.65327601,0.055486376,0.76650861,1.0760507,0.175441376,0.070592508,1.069223798,1.154474049,,0.042898065,1.00919235,0.995678339,0.05470989,0.993166586,0.462735684,0.441610902,0.76343486,0.85116075,0.634752063,0.577001137,0.030371945,0.669253926,0.064013675,0.018360966,,0.022338176,0.050134865,0.046587872,2.004615656,0.439304727,0.055115237,1.132342231,,1.101862502,1.246787332,1.12740795,1.0805257,0.02455041,1.137676549,0.211163311,1.232987315,1.025283092,1.230900305,0.920194984,1.155729635,,1.040419178,1.088457974,0.920161121,0.819740741,0.730021623,0.684029918,1.036097389,0.7766611,0.845607314,0.048882075,1.489330635,0.084952203,1.081569506,0.569325708,0.926637607,1.13151827,0.954504017,1.275623867,0.910601326,1.092446243,0.692950556,0.866948952,1.155352045,1.236434441,0.902220122,1.075119676,0.51342518,,,1.280037669,0.02167863,0.042366079,0.745379921,1.018479763,0.040924411,0.018049035,0.785969854,0.874828668,0.121389039,1.00037938,1.24495262,0.795935261,0.930835662,1.112102881,1.093686287,0.840993168,
K,Ratio of Enrichment,0.136397046,0.639226637,2.01451724,1.117819525,1.567481491,,1.079436784,0.332497028,0.208854917,0.539812414,1.427093476,,0.14554192,0.533868249,0.09678563,1.105115564,0.106052362,0.958886764,1.384301104,0.893741059,0.969794716,0.675087783,0.017055705,1.147810031,0.586451421,0.116000415,0.045901595,0.091788164,0.336482769,0.721827885,0.058790868,0.498109938,0.73423151,0.741740128,,0.783308752,0.111778235,0.07494864,0.899209377,0.094171162,0.094428724,0.095588736,0.015598738,0.060181512,0.030947229,0.047167846,0.160118272,0.087932212,0.078511868,0.139310735,0.038594421,0.034852242,0.039014372,0.506689502,0.669480385,0.046526106,0.00665953,1.10622899,0.83358394,0.595785395,1.110661663,1.304316575,0.926036314,0.354314193,0.084991255,0.137969347,0.682108167,0.207252655,0.058733577,0.894672151,0.263694604,0.937075236,0.114370194,0.759397388,0.042142609,0.012464128,1.207136939,1.210301125,0.588702251,0.599781304,0.071678733,0.450864055,1.049251799,0.941819874,0.06864476,1.617231845,1.183856777,0.987657496,1.298169039,0.06495759,0.771654425,1.038325564,0.457155809,0.046048932,1.1584393,0.551198374,0.195460396,0.802134781,0.133160936,0.30974093,1.830958776,,0.919464475,0.791328014,0.729743864,1.070723232,1.524997245,0.39560451,0.767310116,0.790089205,0.586274376,0.908848274,0.347235613,0.036831748,0.036364414,0.039391706,0.125922538,0.035156294,0.017271385,0.047305544,0.026128505,0.104843095,0.078612391,0.121507624,0.428105508,0.063325621,0.351306744,0.451392451,0.84379702,1.096293196,0.593537087,0.077897892,0.845861608,,0.725377072,0.04912159,0.81348413,0.801533591,0.115560549,0.073841428,1.049746784,1.192262706,0.863816259,0.091603984,0.842333238,0.989594712,0.282984997,0.877878679,0.379644486,0.562522696,0.82390568,,0.219743984,,0.058774897,0.524127769,,0.015093783,0.833038839,0.017140787,0.04290128,0.121497479,1.249599346,0.612444669,0.060731054,1.243775785,1.150942021,0.704262778,1.204883509,0.938536967,0.74189791,0.053002562,1.057521959,0.169961847,1.254828544,0.844905419,1.642675994,1.051821032,0.946577741,0.652556498,0.995813522,1.002030687,1.082235134,0.227990351,0.631872928,0.670207959,1.123928443,0.902764447,1.02632234,0.043057001,0.598708806,0.018708759,1.778618318,0.37580265,1.015657793,0.705910884,1.696854702,0.968535075,0.935671961,1.094572318,0.752636383,1.740656405,0.61157663,0.907064308,0.810984691,0.716220547,0.741364689,1.051414531,1.032126921,,0.008153651,0.08453047,0.701074726,1.033607681,0.046793704,0.036546664,1.413052498,0.367031844,0.232332552,0.480663567,,,0.737818275,1.036632281,1.301067722,0.851559568,
STOP,Ratio of Enrichment,0.016754869,0.053358303,0.063416453,0.080718725,0.079200398,,0.039868124,0.036232982,0.072297438,0.135401727,0.156096463,0.075452871,0.042338581,0.05812678,0.051952377,0.079879497,0.102316121,0.024877019,0.070438522,0.138331172,0.117298879,0.034184182,0.087087327,0.091588763,0.060110846,0.072767809,0.118337507,0.156942514,0.06292476,0.054209268,0.057315275,0.076018687,0.060034699,0.048528734,0.084308342,0.048650375,0.101720518,0.085663767,0.07908251,0.085008716,0.107346247,0.08164724,0.054869627,0.042241838,0.02284439,0.0511623,0.035073526,0.086912404,0.114809025,0.117173888,0.050985477,0.025910849,0.059309247,0.128872467,0.04917479,0.081075474,0.222720904,0.086490214,0.041378879,0.045465682,0.028846373,0.098058076,0.066401336,0.069367641,0.090145413,0.001410464,0.059967075,0.065931053,0.11852911,0.102108695,0.103934787,0.030638272,0.047565467,0.051269397,0.04863136,0.005613817,0.02026153,0.078916943,0.038681103,0.064133604,0.039633126,0.035871338,0.090646937,0.015225963,0.025945468,0.046209802,0.120446036,0.028218786,0.092017779,0.025228716,0.034664511,0.056337858,0.040158425,0.033743264,0.043916653,0.021121845,0.074435379,0.087777328,0.075973654,0.064574991,0.150669165,0.084910294,0.047548848,0.086900722,0.095943871,0.057669971,0.069198933,0.037225554,0.07171151,0.031482303,0.040752418,0.03615416,0.033593792,0.081431353,0.021866106,0.048305295,0.099949619,0.017142253,0.039233883,0.033712708,0.031506411,0.029656685,0.050550456,0.076329502,0.112083961,0.038120774,0.051547886,0.065992549,0.124676852,0.103891041,0.02471996,0.048955161,0.101105955,0.046418524,0.040161,0.031790099,0.049082519,0.049858537,0.125668868,0.052872457,0.082283907,0.07009952,0.071066966,0.063499246,0.073604377,0.040113892,0.032560137,0.038061725,0.05782538,0.055582456,0.017445093,0.017140787,0.075876166,0.051012105,0.015999016,0.021561878,0.016095731,0.022110352,0.024173526,0.042674697,0.08376885,0.155586342,0.404546551,0.024675358,0.118011977,0.058144744,0.019953245,0.055525997,0.027312788,0.009191944,0.062061471,0.011955284,0.01647147,0.044838056,0.015863106,0.008263465,0.021927999,0.059101055,0.03413267,0.053696569,0.018830556,0.038710553,0.172069123,0.043290689,0.018149747,0.086295678,0.034852491,0.068300067,0.029671405,0.018717916,0.054725966,0.016095731,0.148120882,0.017683251,0.038956335,0.039415996,0.034502096,0.059595452,0.087030109,0.02570686,0.035808348,0.038956335,0.06475748,0.007768502,0.050615209,0.044593227,0.019316574,0.037652357,0.032217942,0.026703007,0.057875855,0.031579316,0.051031546,0.020664802,0.032377956,0.019385854,0.056621498,0.321718044,0.037464252,0.061289608,0.058881933,0.101111385,0.14784633,1.226759648,1.047275534,0.985894927,
Trp,99% Confidence,0.050324815,0.026424759,0.258318711,0.168153629,0.164597339,,0.111142948,0.183850254,0.095428755,,0.151838371,,0.051327947,0.038358089,0.088366885,0.141722745,0.168089842,0.210787136,0.160296993,0.202299309,0.335722097,0.549749394,0.292434855,0.266728429,0.282603422,0.028234053,0.056344052,,0.063250884,0.029472179,0.032802598,0.295824717,0.258385423,0.274434002,0.30474898,0.070368931,0.09418784,0.020381041,0.056973351,0.053784224,0.058509069,0.502009542,0.050322783,0.046324343,0.014413321,,0.075935528,0.085019672,0.063007062,0.347294243,0.03726931,0.041110187,0.037378899,0.124217001,0.177803107,0.04977386,0.372451525,0.152700823,0.195039009,0.121768993,0.280804298,0.276414702,1.880720875,0.244240581,0.040670693,0.085569424,0.346131596,0.081681133,0.084686489,0.239972561,0.928906332,0.058377361,0.056464136,0.150098914,,,0.260646459,0.57279168,0.561576217,0.068144499,0.149232089,0.264406494,,,0.040919274,0.085079078,0.383926797,1.401374078,0.563900404,0.07671687,0.361156557,0.247577487,0.302139651,0.089411974,0.359592936,0.080216921,0.136243525,0.286738294,0.696854098,0.142563693,0.317978165,0.359018387,0.247084769,0.185306335,0.070520847,0.399193561,0.624688943,0.054176809,0.247723623,0.083388513,0.172890155,0.255568692,0.062452426,0.073390518,0.085760477,0.116112663,0.044408671,,0.024644537,0.076647633,0.052072244,0.087660518,0.036870786,0.310171713,0.067052267,0.031088043,0.061998879,0.070487134,0.147539907,0.366428884,0.325025197,0.043537338,0.159831463,0.167945821,0.156863965,0.047097722,0.218517877,0.205099948,,0.282227283,0.157709007,0.193046999,0.374041646,0.170447935,0.187266685,0.283372173,,0.177707809,0.150642294,0.132463129,0.270492241,0.117046502,0.406219777,0.204104172,,0.230144064,,,0.728286776,0.083749199,,,3.465036645,0.384614534,,0.230384962,0.220946978,2.049960368,0.512681259,0.388685491,0.941807325,0.146445454,0.666574332,0.199650507,0.387959353,0.562208289,0.782968495,,0.193569624,0.248644821,0.296006895,0.387137753,0.525295365,0.255238551,0.348508344,0.216194896,0.289425018,0.271929988,0.772684621,0.05478673,0.274504818,0.076106526,0.459824182,0.363558975,0.554997017,0.355054133,0.245808702,0.262730589,0.263058146,1.753804139,0.461007723,0.490950381,0.195955668,0.280435743,0.592263469,0.245935063,0.149317287,0.057296419,0.053108224,0.362950356,0.054523111,0.079624615,0.108493544,0.340640211,0.040893463,0.029504857,0.359575422,0.80146513,0.154355918,0.257364957,0.273666086,0.967408828,0.486344948,0.424206987,0.130730277,2.571833404,
Phe,99% Confidence,0.020649142,0.182277822,0.154436124,0.106889455,0.052063133,0.465491544,0.23209396,0.102452584,0.262146949,0.110866424,0.157282357,0.136177554,0.172481608,0.071360585,0.036285958,0.07547102,,0.145669562,0.091704627,0.121645804,0.10733213,0.220105877,0.243349003,0.183393234,0.088174346,0.053255186,0.174263127,0.055035062,0.016642454,0.016707477,0.018751752,0.05489381,0.091341893,0.068545079,0.083139952,0.063763841,0.236301682,0.011447706,0.03161015,0.107811821,0.020968148,,0.086743163,0.04554726,0.015528335,0.021943253,0.022701466,0.032260024,0.033343375,0.080699818,0.038839983,0.060113695,0.013853648,0.120211533,0.123920856,0.0584721,0.258998555,0.157853321,0.128959043,,0.114777035,0.10195398,0.138013762,0.104415799,0.020925919,0.042150689,0.073920338,0.22060444,0.031676167,0.101116861,0.121049336,0.037379054,0.01307633,0.130880374,0.362298431,0.069493944,0.06762489,0.099876545,0.141771919,0.116210875,,0.417874282,0.325656083,0.567682948,0.176219079,0.964368657,0.196952409,,0.243712428,0.240225684,0.21965997,0.1062039,0.198312309,0.086492038,0.140453334,0.200206646,0.059196864,0.186867144,0.218527952,0.062455301,0.149181437,0.094859554,0.197353939,0.141912392,0.083048718,,0.125350856,0.04036595,0.073494857,0.070982488,0.114663642,0.109314017,0.044126832,0.015076517,0.097693717,0.099568126,0.030656779,0.030715003,0.085830387,0.109298371,0.01396104,0.058646116,0.02719476,,0.091836599,0.011977615,0.024589985,0.011733601,0.119764582,0.131464394,0.174429287,0.019642608,0.065065313,0.120437505,0.11228573,0.017188326,0.091583481,0.109843648,0.063599183,0.147608424,0.096996601,0.160854125,0.089726082,0.098797752,0.191453063,0.083969809,0.171319887,0.153670974,0.140584084,0.153478013,0.101605819,0.110725431,0.136056975,0.181048261,0.025347369,0.141066146,0.028609711,0.033628771,0.230240977,0.156375528,0.141881517,0.043283259,0.47166294,0.178632305,0.04738024,0.228496627,0.127895149,0.216276903,0.131450738,0.300639675,0.339532102,0.024681719,0.261510917,0.088374572,0.158114505,0.404373535,0.220828245,0.361890363,0.195135381,0.359634691,0.15204668,0.239706361,0.726921223,0.199682568,0.140005007,0.175605228,0.130193125,,0.143063802,0.145393388,0.156559433,0.077721677,0.218848752,0.20358765,0.275603907,0.109890202,0.103249397,0.575111681,0.130055369,0.49165246,0.264419675,0.311270597,0.071929689,0.144112277,0.12627497,0.126621925,0.122559402,0.052950762,0.016149683,0.126745143,0.065061616,0.028792663,0.123676462,0.304860858,0.015036462,0.026450844,0.282098361,0.201769082,0.188958319,0.22388846,0.178881341,0.311470879,0.919656661,0.193626042,0.124364081,0.227926618,
Tyr,99% Confidence,0.051243344,0.086957221,0.230685296,0.152861832,0.147228066,,0.101776703,0.107511074,0.087849328,0.121228316,0.25677996,0.02688086,0.027984564,0.05914847,,0.128020417,0.131127112,0.203762772,0.109495413,0.157484385,0.14637565,0.11296138,0.072852844,0.119722685,0.173793733,0.034104528,0.04852453,0.02233491,0.024636388,0.037414662,0.071315403,0.202542495,0.121380477,0.164485102,0.158401526,0.148705344,0.238299641,0.021338623,0.029583929,0.125324603,0.04276552,0.153689402,0.037269577,0.063650108,0.023589382,0.030479248,0.03678267,0.025746066,0.05412297,,0.030276672,0.010014258,0.018615737,0.207235999,0.113034373,0.018218369,,0.210752527,0.269561269,0.219962428,0.153190993,0.147908521,0.497459322,0.141213687,0.030559744,0.024326979,0.122527575,0.173983395,0.016971403,0.147173264,0.116391324,0.029371493,0.040287194,0.160885102,0.061881798,0.071208553,0.146891996,0.160226901,0.127202115,0.13617018,0.098478297,0.276024936,0.262554094,0.178983033,0.058981122,0.327483615,0.126952281,0.560443997,0.199776743,0.0532758,0.164865469,0.133177918,0.165022345,0.062650763,0.148814087,0.209047847,0.062859001,0.192808423,0.158773114,0.068139956,0.224072723,0.170148708,0.241593092,0.13224926,0.137468827,0.211220365,0.195339209,0.033627292,0.13979121,0.077246519,0.071727568,0.103089202,0.120106951,0.027077553,0.056292938,0.055087252,0.041079574,0.025753302,0.037899119,0.027091402,0.032013265,0.049749787,0.022559013,0.315163137,0.11535911,0.02492516,0.052697723,0.040401912,0.158047286,0.237333354,0.120452004,0.02652512,0.12554651,0.146540643,0.089147763,0.022090336,0.10638092,0.145523361,0.056501935,,0.111620468,0.160460399,0.155782408,0.045986221,0.133583251,0.15469553,0.123892792,0.182295203,0.207742495,0.111099525,0.165625244,0.140092728,0.160571512,0.243644694,0.022006848,0.175482881,0.018917496,0.033269673,0.256338,0.071053888,0.031147452,0.034978552,,0.207869326,0.055049638,0.289791755,0.182876628,0.520513974,0.225694979,0.199846096,0.179735086,0.018495148,0.267221,,0.208726408,0.351664184,0.224556686,0.234555324,0.164751005,0.435483293,0.277945761,0.195604047,0.237980106,0.16388433,0.146670605,0.229621401,0.176678922,0.164753147,0.247925417,0.237124591,0.219659986,0.080725457,0.327136027,0.15587923,0.218643764,0.208983072,0.167980769,0.397227672,0.166710141,0.313726637,0.337733506,0.240567542,0.083665119,0.229144358,0.117852032,0.138046861,0.101645514,0.12193055,0.031456357,0.189352506,0.028306674,0.030839355,0.101481564,0.245723627,0.030216124,0.016503099,0.263653336,0.413748588,0.152832334,0.353565176,0.147570481,0.245619996,0.467144016,0.133608004,0.105813372,0.28612925,
Pro,99% Confidence,0.023414727,0.028972785,,0.049906841,0.059042236,,0.07623114,0.050402793,0.044806516,0.041431895,0.094269634,0.022512225,0.016990201,0.028836059,0.016486735,0.039444261,0.023469069,0.016429993,0.016888887,0.125007244,0.066626924,0.059066364,0.024736297,0.03416824,0.018057441,0.029936648,0.02587701,0.021917453,0.028163163,0.063547863,0.025352996,0.017793626,0.082695983,0.113529094,0.107395547,0.091698472,0.030397135,0.01360107,0.014631179,0.027529467,0.023372334,0.021657935,0.017333818,0.017775384,0.018908625,0.022931636,0.017975077,0.026131765,0.012793594,0.016655021,0.017250836,0.019605456,0.015427051,0.014742453,0.01805367,0.019692718,0.021595887,0.027433521,0.019876453,0.034826056,,0.076823542,0.041140672,0.1119652,0.062726198,0.018386649,0.08167827,0.019725191,0.019214684,0.082332295,0.027265202,0.018988595,0.03390103,0.032993805,0.026841642,0.032143392,0.040005454,0.054913788,0.159307474,0.051189413,0.045991353,0.038318645,0.054652414,0.118842916,0.021199837,0.077877179,0.059216994,0.03494786,0.073059731,0.019224568,0.114797559,0.09814306,0.061498981,0.025913129,0.041668089,0.049006094,0.063616502,,0.142338443,0.076885242,0.094803865,0.05375683,0.114278479,0.082373218,0.089656121,0.115813455,0.095027685,0.109311104,0.08661382,0.070088779,0.077179295,0.067549682,0.047952953,0.020886388,0.020535284,0.01966878,0.014421973,0.026476741,0.022393057,0.024236792,0.01588423,0.015430986,0.017023598,0.014213759,0.017548114,0.013779482,0.024659753,0.014757725,0.084317303,0.112924079,0.022493979,0.019106527,0.016350964,0.075541296,0.022487659,0.010556867,0.018190564,0.037370904,0.014448457,0.015293752,0.026837848,0.12893632,0.061463364,0.013773679,0.071861724,0.071614791,0.052808463,0.143406713,,0.023276788,0.134172992,0.136756193,0.022795164,0.034158142,0.016858846,,0.01628134,0.029486728,0.01954973,0.016820364,0.013763045,0.020934999,0.032256204,0.022246069,0.014286512,0.104820109,0.121668982,0.151168435,0.024011166,,0.166667258,,0.108003538,0.042611947,0.102037883,0.315218685,0.119241219,0.102864343,0.125475623,0.135003469,0.130042708,0.115480676,0.277510531,0.087896953,0.072113768,0.031090053,0.068902852,0.028039018,0.029650012,0.013409146,0.022858454,0.067688813,0.107858306,0.088470268,0.131313053,0.134581942,0.120558791,0.281644517,0.084926743,,0.209468221,0.140497478,0.014704325,0.08047051,0.016078109,0.103238553,0.07346135,0.019160865,0.052453103,0.11925758,0.020386046,0.0161378,0.014633074,0.03230783,0.009932357,0.014754727,0.026529114,0.117350879,0.012885177,0.027005173,0.095883294,0.112502391,0.098675387,0.095096797,0.080760889,0.126971462,
Met,99% Confidence,,0.050282615,0.366544237,0.126644759,0.098741709,,0.251611557,0.199969143,0.134224767,0.323690315,0.273995406,0.090846862,0.035843509,0.135531159,0.036138056,0.140002311,0.092920386,0.170266935,0.246852095,0.261754824,0.279593535,0.159798803,0.213678201,0.194747664,0.192338927,0.02822992,0.247833834,0.106194668,0.04264928,0.0547819,0.014298329,0.091315386,0.13477382,0.219114014,0.202788429,0.116858676,0.283980805,0.024176138,0.120450944,0.197015109,0.041702648,0.145937297,0.274271915,0.021906223,0.033750169,0.042366752,0.118968257,0.084905787,0.098690423,0.153354009,0.062923058,0.197618648,0.029196711,0.175466458,0.107795289,0.085951706,0.225656364,0.10219598,0.221309672,0.111930446,0.296152033,0.146450595,0.248326206,0.196979084,0.030205936,0.0338953,0.271140561,,0.041861047,0.031907992,,0.092870625,0.255020348,0.254879194,0.220200643,0.061998879,0.56842019,0.448448362,0.214828094,0.222631647,0.263519985,0.267746423,0.531941031,0.287928726,0.038422017,0.111494949,0.46007919,0.257386719,0.352481488,0.230263944,0.198383231,0.164361461,0.132412859,0.227765136,0.261893984,0.231941885,0.067922765,0.217831488,0.134088317,0.155015054,0.247185588,0.262675033,0.18299058,0.20972638,0.111223702,0.260257461,0.230687174,0.117525851,0.136538204,0.09959852,0.333723708,0.240346398,0.101701333,0.072338389,0.205860932,0.189099303,0.022584172,0.058403892,0.355333192,0.110980622,0.037248628,0.140386488,0.098928712,0.156747106,0.224767661,0.032944479,0.049326816,0.052592747,0.194757177,0.398436447,0.161495542,0.05253105,0.166618138,0.165700463,0.216757801,0.08727004,0.227608594,0.247413066,0.212740751,0.189662807,0.174023323,0.196382325,0.280069303,0.147167673,0.177318287,0.28781905,0.373881511,0.210768467,0.123926152,0.132868743,0.154480289,0.204180787,0.296857781,0.146072496,0.021387607,0.368032557,0.022059011,0.075953949,0.221390218,0.149561649,0.051768203,0.122483503,0.462267603,0.638521574,0.115806322,0.220134024,0.284215506,0.502421579,0.27479399,0.222450569,0.179402671,0.212026279,0.175818898,0.107905075,0.189325311,0.683393346,0.311004566,0.229364371,0.291476711,0.319147108,0.25772137,0.277361607,0.27336714,0.204800085,0.169308146,0.245799076,0.158571636,0.318387298,0.709891716,0.295343196,0.193787835,0.208163865,0.200712729,0.20403096,0.241934043,0.232177042,0.188412864,0.454079487,0.354609389,0.195897031,0.207346545,0.283998249,0.172223119,0.151723204,0.16045775,0.243177683,0.145737634,0.178945299,0.111862675,0.210555916,0.021849925,0.211676958,0.156703096,0.135274556,0.042040892,0.03095904,0.403927181,0.274193268,0.14293346,0.463276552,0.323906946,0.31142922,0.230164313,0.236564371,0.168357488,0.276522709,
Ile,99% Confidence,0.029669977,0.0558719,0.146413682,,0.078043069,,0.074936935,0.099970101,0.158505241,0.063938335,0.141508062,0.032738248,0.066608383,0.017967036,0.017426374,0.095749131,0.035656632,0.163759601,0.108205034,0.149305136,0.071879298,0.105218111,0.169774442,0.077688216,0.06581305,0.022260595,0.209708972,0.081553109,0.02659763,0.060507451,0.023600769,0.068782434,0.062082695,0.085673692,0.132850008,0.033278639,0.025884255,0.013856266,0.07674061,0.121969848,0.019101069,0.023747179,0.155599107,0.03185832,0.017495127,0.038988323,,0.114493574,0.022578051,0.061980362,0.088962052,,0.018910302,0.150193325,0.081513522,0.090089608,0.146255275,0.103832414,0.110051254,0.075913968,0.069989859,0.075155519,0.111914637,0.03742309,0.016750777,0.022881516,0.10006677,0.074700795,0.021675008,0.036122903,0.06456535,0.041083643,0.059380925,0.100590982,0.09802956,0.131774038,0.032729991,0.110086626,0.136968591,0.037197569,0.15118957,0.152985634,0.143438236,0.260903574,0.03243212,0.285238085,0.130978814,0.229815575,0.091861161,0.123357527,0.125179155,0.096351538,0.080991195,0.171531249,0.111115293,0.097370014,0.037619214,0.112689566,0.057995017,0.075432361,0.128279925,0.153806645,0.088961805,0.107739287,0.096034157,0.138417912,0.138443374,0.077645474,0.09340136,0.0376904,,0.121828844,0.073955816,0.029956418,0.087828192,0.105113002,0.015852121,0.022904323,0.141929346,,0.018158874,0.031374014,0.089249638,0.063416639,0.118819288,0.013623423,0.031711049,0.023136503,,0.115744604,0.097961578,0.085350553,0.061002946,0.085855687,0.09592389,,0.124428859,0.080453529,0.072441052,0.062665068,0.074404705,0.105573651,0.068343417,0.09005879,0.120907684,0.119497007,,0.106589492,0.076415923,0.062477035,0.143159939,0.107642436,0.127665908,0.132699091,0.014785496,0.088174222,0.008777883,0.016612436,0.11552249,0.110544061,0.023831143,0.03674266,0.366112129,0.302884713,0.018157952,0.100266901,0.127617927,0.125875205,0.106232791,0.143499452,0.240621985,0.050215127,0.111708709,0.046051107,0.199696902,0.183560494,0.14793953,0.226458363,0.099567293,0.166976417,0.163748892,0.189886357,0.160453495,0.109784004,0.101469081,0.146222227,0.08517076,0.114904002,0.336931963,,0.156497829,0.130241993,0.130029955,0.105231772,0.129868873,0.105668107,0.099702021,0.32461588,0.124109524,0.121176527,0.141063783,0.221856311,0.072177398,0.09575915,0.018736297,0.110812753,0.065184097,0.093629511,0.040786811,0.190312632,0.033667252,0.017593657,0.132368926,0.118246235,0.075277839,0.015688125,0.162976642,0.221054797,0.100298635,0.147370196,0.151702817,0.13935503,0.186227748,0.1088175,0.081969784,0.17777776,
Leu,99% Confidence,0.019175592,0.048142568,0.081936602,0.049524899,0.041650573,0.88370623,0.082388109,0.073000145,,0.052873217,0.115928464,0.055310193,,0.047768826,0.009323014,0.048656576,0.015969748,0.099232484,0.062882269,0.094643463,0.063318169,,,0.078965279,0.08175635,0.040401361,,0.039396884,0.013986602,0.024744617,0.01253396,0.044628968,0.058183935,0.061485068,0.063516975,0.022812312,0.070573975,0.009535645,0.056392337,,0.014314624,0.078934309,,0.032262988,0.010823283,0.016666694,0.069633191,,0.019488909,0.075735086,0.045529245,0.070118629,0.009416467,0.077299411,0.07345148,,0.106392822,0.077741352,0.086124528,0.05236451,0.057505895,0.060096373,0.091824287,0.078842968,0.011848183,0.030346474,0.089305579,0.09909367,0.014005471,0.022991915,0.093006191,0.049699345,0.015475822,0.074937262,,0.02717572,0.02084192,0.104749276,0.100908788,0.072967339,,0.187100881,0.177457536,,0.016920126,0.180935627,0.085631467,0.516703692,0.118175455,,0.092058825,0.062219147,0.085572024,,0.091178662,,0.03691776,0.095625136,0.060823068,0.063542758,,0.089964121,0.104236987,0.079841352,0.06377273,0.083365261,0.084590049,0.064011485,0.052723173,0.026690284,0.140105874,,0.023998862,0.036744589,0.088637092,0.070415632,0.015436167,0.013248125,,0.106818057,0.014339217,0.017380288,0.059698905,0.130058499,,0.008505186,0.014644018,0.011968123,0.088841671,0.079308524,0.083624576,0.031337553,0.019688348,0.079515425,,0.072726127,,0.061295146,0.054343463,0.06631932,0.061520314,0.074221624,0.062508227,,0.103341701,0.074725979,0.221468653,0.083336116,0.045264068,0.071400294,0.081959434,0.069752805,0.036640068,0.102400226,0.018758776,0.071463008,0.013707125,0.024004153,0.11284385,,0.025198162,0.017398555,0.60913635,,0.077816516,0.092663677,0.082481114,0.117494558,,0.098847802,,0.043388033,0.084975758,0.023483289,,0.18928007,0.141101515,0.132872921,0.102608179,0.159760161,0.0859697,0.114873506,0.283397636,0.068551475,0.075345626,0.091559356,0.077195405,0.146621942,0.16252968,0.091300679,0.090967344,0.087804805,0.088838858,0.096419057,0.087222412,0.078705969,,0.153573097,0.082855472,0.112597295,0.144835004,0.141940571,0.037020427,0.069521112,0.03239361,0.073325763,0.050988409,0.061748362,0.028893745,0.083069195,0.018701674,0.011106162,0.073939971,0.094352164,0.032232292,0.011370199,0.087608681,0.261574876,0.073327376,,0.091755128,0.152908862,,0.094797219,,0.112893844,
Val,99% Confidence,0.025287311,0.021806825,0.139015522,0.097331949,,0.50643143,0.053421446,0.071059028,0.051552492,0.111311439,0.116367436,0.019423709,0.055015674,0.019675973,0.013694413,0.07451999,0.02634667,0.142082135,0.103160548,0.12942871,0.073774548,0.082461086,0.083059404,0.070416916,0.084155185,0.077658879,0.134026548,0.132817199,0.025013695,0.060490895,0.018331925,0.088759072,0.068834804,0.078397897,0.105856947,0.018832818,0.026100573,0.014969899,0.067952331,0.089439563,0.016587658,0.028117229,0.138983798,0.027734425,0.019518956,0.057574144,0.089615339,0.072545676,0.025326761,0.098028427,,0.155022803,0.059494653,0.164930478,0.110738287,0.081719057,0.142590586,0.131655534,0.05747707,0.105124727,0.111987007,0.103393631,,0.07912705,0.034832981,0.019691287,0.091638306,0.097729476,0.020129887,0.10371269,0.070242644,0.057008815,0.047798966,0.190698689,0.051492518,,0.045633925,0.113511518,0.142975505,0.079243425,0.146856609,0.171156509,0.153015047,0.280033363,0.024481706,0.171008476,0.168963355,0.1346549,0.129824594,0.131572103,0.097421383,0.102919211,0.091058268,0.133989308,0.125392285,0.14558075,0.033271354,0.123441665,0.066605528,0.080069285,0.104196139,0.131303442,0.105075374,0.107502109,0.096622002,0.119880288,0.098840632,0.122486266,0.094791103,0.046203045,0.120221457,0.077729724,0.071553672,0.034410357,0.152960774,,0.032049691,0.026468621,0.122019426,0.151038209,0.021741381,0.095640122,,0.104950345,0.091117837,0.015136036,0.032007057,0.020700607,0.088033078,0.120474103,0.115226118,,0.082201516,0.078198178,0.07009095,0.0925236,0.085798177,0.087808156,0.069663097,0.052140996,0.082374118,0.128476204,0.065708037,0.077620234,0.106591016,0.11364218,0.211443486,0.143935343,0.090709084,0.089832311,0.109092841,0.116712463,0.094318786,0.128520164,0.014760828,0.086891855,0.011901765,0.014371335,0.132037848,0.126951153,0.038696783,0.038213264,0.315192862,0.226953429,0.022242626,0.110528389,0.127141059,0.199227455,0.135302168,0.126432365,0.123526922,0.111507771,0.126165061,0.050599485,0.190024693,,,0.202466453,,0.252684601,0.210054087,0.164366701,0.155831852,0.118862766,0.13010472,0.164164643,0.093315424,0.081551645,0.319801263,0.179156562,0.150899305,0.124516209,0.138820026,,0.17156415,0.101915798,0.134297805,0.176830851,0.130487887,0.115888303,,,0.074704013,0.119931218,0.020975402,0.108997661,0.072419307,0.115675879,0.056276641,0.139343929,0.046887418,0.017030924,0.082647704,0.091626865,0.1209915,0.072936566,0.186624161,0.265988748,0.079194641,0.128075816,0.095622884,0.175079687,0.197951223,0.094829223,0.088701168,0.143768295,
Ala,99% Confidence,0.020924836,0.062683616,0.110805133,0.108552507,0.067445191,,0.082568681,0.083341108,0.086610511,0.081985619,0.25276182,0.052253467,0.038382088,0.064477687,0.018971022,0.103305836,0.022314536,0.106281546,0.108882523,0.053059351,0.082450416,0.03984238,0.09821598,0.087215479,0.090576429,,0.056044833,0.178333292,0.065603397,0.085886348,0.092591309,,0.09288967,0.195880991,0.152973298,0.126741196,0.126437231,0.016657749,0.038815911,0.04534018,0.028275738,0.019354005,0.042014187,0.01648341,0.017023206,0.262608357,0.041732687,0.031410973,0.087247607,0.138373864,0.10525855,0.055614751,,0.183409909,,0.0231126,0.09731593,0.085340113,0.112880866,0.124656951,0.161418842,0.14110275,0.299597574,0.125294695,0.029708141,0.081060786,0.225230355,0.161675082,0.041933953,0.196220477,0.114249196,0.091225953,,0.256792794,0.05944394,0.109099847,0.169553898,0.654248482,0.156523904,0.250522844,0.12390183,,0.367380386,0.145191816,,0.215789065,0.34252825,0.276845495,0.280759953,0.087655683,0.17193804,0.146160958,0.116315236,0.128755846,0.119163788,0.127853069,0.128786117,0.128032198,0.236440635,0.096192587,0.156240588,0.226044397,0.159162791,0.16141298,0.115145971,0.175900419,0.230504722,0.167062673,0.111367579,0.079238806,0.096300353,0.14191311,,0.128981128,0.245081333,0.135123001,0.048709943,,0.049630466,0.084670942,0.172528156,0.184660831,0.098016149,0.143141376,0.141520752,0.021901153,0.185723104,0.04274019,0.165659762,0.197808092,0.124730635,0.113635494,0.170624935,0.09305256,0.070073372,0.036824639,0.10061399,0.16537271,0.077702439,0.024843976,0.100877757,0.109709539,0.13821594,0.051103731,0.139170696,0.194089162,0.098927791,0.211539597,0.160856924,0.113903501,0.156328904,0.214067706,0.113883007,0.095080428,0.028664386,0.1088793,0.013156124,0.026723229,0.137387333,0.079477186,0.031038909,0.029134551,0.701291131,0.212573033,0.071155432,0.116661449,0.219321331,0.429140737,0.189997085,0.166089669,0.181792602,0.142973339,0.222829397,0.061788844,0.155730058,0.308509988,0.190875248,0.552491561,0.127363209,0.216605277,0.337578176,0.236773524,,0.113733293,0.157387233,0.145181214,0.114184983,0.048428082,0.209105618,0.122900567,0.258212283,0.18328955,0.563956776,0.105705568,0.214410473,0.242661567,0.182136277,0.203885958,0.17833077,0.206635156,0.175536122,0.156403831,0.16961679,0.174665076,0.191447815,0.160947422,0.117781106,0.12198074,0.105034304,0.288047865,,0.119533051,0.106170085,,,,0.479370194,0.464461046,,0.13056258,0.115675978,0.177470953,0.123905602,0.075186749,0.091798795,0.147344272,
Gly,99% Confidence,0.029869688,0.037980223,0.123629358,0.062593107,0.049135782,,0.084006669,0.059187772,0.040986674,0.076006339,0.126313579,0.036293933,0.016547169,,0.014140255,0.040851881,0.018034216,0.121216172,0.103934004,0.073827121,0.059845239,0.066258442,0.022893796,0.066429367,0.058807563,0.048176183,0.03135046,0.040000543,0.031249898,0.065190688,0.108075542,0.092313549,0.084647714,0.111244956,0.152156028,0.05047235,0.108042051,0.016182499,0.041131435,0.031607625,0.032637352,0.021316338,0.023866226,,0.027474374,0.162275557,0.035352384,0.026404185,0.120926585,0.120168144,0.024789481,0.032325681,0.10464546,0.157731663,0.121606375,0.019997234,0.056097311,0.156461034,0.076231502,0.055021498,0.227760902,0.14320087,0.219527603,0.116940397,0.023032747,,0.158627768,0.044560177,0.038308765,0.119349324,0.040319721,0.051977542,0.103072017,0.159502644,0.019008329,0.066543006,0.135818675,,0.211916914,0.098845225,0.074495621,0.284073909,0.31825981,0.041651366,0.163618573,0.223092537,0.326484168,0.107407015,0.39591616,0.036306889,,0.154322962,0.110891677,0.0398982,0.174649247,0.127944343,,0.246991306,,0.089835862,0.160913709,0.130944344,0.127471168,,,0.162746239,0.178379509,0.198155349,0.118541029,0.117250094,0.077861387,0.195634611,0.158169229,0.121152168,0.220126088,0.025218649,0.031785055,0.104726291,0.031388069,0.035479571,,,0.016885295,0.104984516,0.024383261,0.015646279,0.132319465,0.135317725,0.103343854,0.21909132,0.081978938,0.020375339,0.103521788,0.108543265,0.015679508,0.018863886,0.079469476,0.143034588,0.023294241,0.01258573,0.108602641,0.155747269,0.082604258,0.023677998,0.139840301,0.120109119,0.067730243,0.203806747,0.09024464,,0.128563638,0.162959549,0.188214657,0.072698711,0.019731556,0.108653144,0.015843313,0.040342759,0.135657294,0.020296322,0.036223215,0.070328613,0.228819325,0.188251681,0.054916933,,0.189597236,0.388891621,0.167167011,0.175356777,0.154269412,0.121086817,0.228211502,0.052297188,0.220777634,0.253662193,0.207937508,0.244481145,0.084729901,0.323244029,,0.303769496,0.136344669,0.119185319,0.166548179,0.181735031,0.085997772,0.012798669,0.402878102,0.159680984,0.277905584,0.12859348,0.418826708,0.098382376,0.180438725,,0.177496099,0.186723783,0.163216025,0.152735093,0.157739396,0.173152672,,0.19157995,,0.139650811,0.111106558,0.121399393,0.094828837,0.445637144,0.197133925,0.144149694,0.10981588,0.125415965,0.173716104,0.106447754,0.184666908,0.22437982,0.086065264,0.121483845,0.12878534,0.167283575,0.136471942,0.090791648,0.121745151,0.160100191,
Cys,99% Confidence,0.024658792,0.089500685,0.219348616,0.067994148,0.098004579,,0.221483985,0.043869553,0.063292348,0.107610113,0.392360558,0.095814221,0.102795539,0.100267042,0.022937036,0.112595515,0.034047869,0.189394507,0.159735829,0.150737236,0.096680714,0.128834813,0.505876457,0.199429852,0.231869486,0.196519172,0.385813411,0.311685843,0.034111189,0.131892655,0.131556079,0.168225723,0.115420636,0.120152189,0.146798111,0.117636806,0.132160206,0.013475109,0.10473484,0.06629885,0.036896206,0.136614391,0.055648,0.094162797,0.016892441,0.236209823,0.117305329,0.065505712,0.124854535,0.167203833,0.119446095,0.144889478,0.156112834,0.128551037,0.200265807,0.146016375,0.202172488,0.267695322,0.093762484,0.170229746,0.16537134,0.200256114,0.331845225,0.234888045,0.043377942,0.047774433,0.189743512,0.343860714,0.041132118,0.225734414,0.180993509,0.094093096,0.119047325,0.215318669,0.222968095,0.125961636,0.231959677,0.237342542,0.333715483,0.40613438,0.427543655,0.622923621,0.446365029,0.415461085,0.110013868,0.511791701,0.173788185,2.950445227,0.368472981,0.244347894,0.190831518,0.120673839,,0.169468444,0.177401491,0.293622729,0.117187389,0.199422035,0.273043601,0.135257447,0.227276636,0.30898372,0.50461522,0.188757083,0.091144915,0.331620802,0.174705295,0.185478315,0.161130711,0.067285293,0.234975519,0.16688973,0.164033523,0.10372298,0.28930926,0.147519223,0.026037876,0.204504585,0.088088552,0.231531573,0.175898909,0.164025232,0.122368159,0.213007028,0.158205746,0.026125259,0.067717275,0.164816654,0.254487736,0.207203356,0.325042692,0.176757453,0.133648116,0.159299127,0.160275726,0.151847217,0.119334281,0.174367499,0.079454207,0.085312172,0.130810051,0.168005685,0.119926079,0.082665011,0.205500548,0.152858588,0.639413262,0.357562128,0.170776629,0.214016972,0.158575528,0.218559607,0.180267424,0.492485221,0.229668211,0.150221733,0.028441372,0.19245667,0.212532886,0.145212968,0.126466144,0.10165619,1.560312872,0.327662505,0.087618186,0.316927755,0.150161045,0.423204618,0.243121021,0.340940983,0.665806176,0.207112887,0.200416768,0.120640505,0.455481797,0.821869608,0.246960016,0.322316352,0.236645865,0.815510628,0.435003449,0.260765752,0.304077028,0.179561578,0.115956581,0.219003801,0.211618091,0.134336324,0.26723857,0.228329628,0.347216493,,0.240568986,0.153926365,0.168479494,0.174568547,0.15174234,0.349840187,0.258751315,0.24649661,0.558243346,0.279445949,0.13898394,0.168968485,0.244946805,0.127069926,0.178708799,0.186222936,0.063686294,0.296094191,0.379211508,0.112801129,0.192426488,0.33526535,0.244947981,0.096611814,0.23791896,0.550831979,0.15625554,0.475809866,0.155173691,0.259396353,1.084994576,0.202166786,0.150601472,0.324431496,
Ser,99% Confidence,0.026690155,0.063880555,0.136106949,0.07349678,0.065323318,0.404895271,0.089989992,0.078676743,0.063011215,0.077430261,0.190862314,0.117246835,0.037848755,0.065729212,0.012415129,0.076045123,0.016984713,0.097492623,0.075721311,0.104453085,0.090345694,0.045913623,0.048506283,0.096548527,0.081156054,0.063252302,0.043099834,0.103678608,0.018851607,0.091640467,,0.054746719,,,0.108932508,0.118046127,0.111501514,0.011462984,0.049461973,0.030249481,0.022470846,0.017079335,0.031367577,0.035925118,0.012305924,,0.014612685,0.014314407,,0.068276175,0.049557888,0.017259715,0.091525107,0.14878269,0.091424543,0.016101588,0.092873721,0.109000286,0.071995429,0.063314281,0.122730652,0.108584963,0.110413428,0.112230538,0.017636406,0.028986444,0.086314275,0.085878797,,0.129687679,0.044183411,0.073098375,0.143689559,0.093706227,0.030858951,0.084066531,0.130178456,0.159274364,0.10143575,0.155001717,0.059158156,0.205801319,0.266774109,0.046795583,0.127249573,0.221625059,0.160962872,0.122403305,0.147430536,0.029881973,0.116162519,0.115674632,0.088040287,0.067150649,0.135095279,0.097871576,0.110307349,0.102648154,0.159424565,0.077847626,0.119334457,0.092091182,,0.104209493,0.089139276,0.142215005,0.09695615,0.141122048,0.081118256,,0.086234158,0.096822785,0.109742342,0.052431256,0.142088228,0.021689512,0.023366813,0.119365148,0.016267789,0.022048399,0.024943969,0.133034689,0.027846164,0.105378041,0.046386315,0.01580148,,0.093233836,0.077136937,0.11386854,0.111039968,0.055345302,0.114619881,0.100252824,0.03406456,0.017091261,0.068451649,0.091294119,0.025452583,0.022559204,0.075715773,0.116614177,0.066224672,0.016978066,0.120321743,0.091040055,0.093775702,,0.099361424,0.112125605,0.117635312,0.124662152,0.103066613,0.079167551,0.050919221,0.095228596,0.013838228,0.135733394,0.121898352,0.01817752,0.033995264,0.031616718,0.355002698,0.17467944,0.031279356,0.11680504,0.139028208,0.225063501,0.112304965,0.136323331,0.139294712,0.103932826,0.139655866,0.059659898,0.124725001,0.305288788,0.161647166,0.240755093,0.130303721,0.159877414,0.168985271,0.226020868,0.21196876,0.089777455,0.088316004,0.163678137,0.092220544,0.073124388,0.173258214,0.153564518,0.121773032,0.104937635,0.189101367,0.089625004,,0.130127165,0.116100861,,0.100912538,0.113675974,0.202688744,0.141636132,0.097945759,0.104293981,0.113759775,,,0.074740595,0.058870191,0.190071377,0.138254711,0.104620401,0.088082757,0.123797779,0.121797958,0.08981289,0.162700745,0.490400138,0.097675891,0.120322233,0.110307485,0.171783138,0.124738573,0.098890096,0.068529305,0.288368465,
Thr,99% Confidence,0.064750756,0.099850502,0.191402046,0.183167783,0.077483252,0.562778681,0.197262905,0.093716376,0.089616003,0.124456882,0.143133027,0.043110452,0.051895454,0.041223581,0.015200798,,0.02200935,0.149821244,0.093552015,0.133079915,0.070902576,0.070574347,0.027418251,0.116018439,0.082172561,0.056797244,0.05574289,,0.028742742,0.078235946,0.037685146,0.110488929,0.095878546,0.128628644,0.159961543,0.137890562,0.026638629,0.012907836,0.098347415,0.059543736,0.022646586,0.024639519,0.031512338,0.027820564,0.01840331,0.10780827,0.034412223,0.025073818,0.092783115,0.117294184,0.116258044,0.079834284,0.14203734,0.20564769,0.149925073,0.034661944,0.118205649,0.110471803,0.081847841,0.096987509,0.152856676,0.127892735,0.175024589,0.14555102,0.017200853,0.013225998,0.081750501,0.091340574,0.154051851,0.12264855,0.061334371,0.127911527,0.154462049,,0,0.096643329,0.147821842,0.232780925,0.231234901,,0.098341178,0.185422396,0.178036626,0.06579792,0.032852245,0.182407253,0.217776309,0.081952661,0.176028403,0.048517378,0.121167724,0.129335564,0.118981703,0.148254446,0.148309997,0.124608766,0.052383924,0.128534567,0.170656917,0.098457796,0.133041261,0.152783393,0.111556366,0.094328913,0.097742788,0.130467696,0.124712193,0.14559626,0.102227501,0.091302214,0.131376151,0.130171581,0.092640413,0.058486404,,0.115728496,0.018651302,0.032237761,0.056628657,0.048460748,0.028689531,0.084496975,0.05446571,0.108972106,0.076576928,0.017673528,0.09988135,0.124353571,0.119586138,0.16614898,,0.140801031,0.209026786,0.077531131,0.08138877,0.052537515,0.1333101,0.126706726,0.053075107,0.055596087,0.091284856,,0.072900479,0.04248682,0.134060287,0.131957376,0.120419688,0.178812204,0.115254887,0,0.140556832,0.151816983,0.106950563,0.090094101,0.014773658,0.124515043,0.010333705,,0.110597128,0.041486952,0.029166637,0.019269329,0.29766644,0.3192471,0.025418291,0.107184554,0.175245778,0.214839042,0.107205717,0.125531979,0.172622598,0.107869303,,0.080899779,0.165087923,0.307196756,0.197457103,0.185408974,0.115767166,0.166134681,0.1473832,0.269060695,0.141683108,0.123624049,0.137890464,0.19094968,0.094637586,0.110173364,,0.253249366,0.214513515,0.160146316,0.22966932,0.100549944,0.176456661,0.197069343,0.15661535,0.258312322,0.158965598,0.116059326,0.088096653,0.16964395,0.106299259,,0.038646487,0.113931237,0.082843024,0.126200779,0.073248697,0.192445657,0.097589112,0.099754533,0.104062374,0.093808474,0.118418459,0.072737763,0.223405917,0.1702105,0.092152759,0.149293257,0.140087134,0.120205619,0.152223729,0.093633114,0,0.140432509,
Gln,99% Confidence,0.04041445,0.095073806,0.146110315,0.168027914,0.086432163,,0.149913098,0.374263034,0.044189606,,0.159528101,0.047437084,0.031634724,0.110028693,0.016679538,0.093212393,0.030352875,0.118164668,0.151037115,,0.187342211,0.203645734,0.055232324,,,0.016749256,0.125282467,0.192510357,0.073700094,0.072581462,0.0371561,0.105542305,0.113017192,0.189088115,0.145236478,0.279024094,0.211864676,0.070540191,0.059256851,0.076342821,0.05211041,0.046543888,0.032584479,0.070242662,0.031499803,0.01881624,0.046133329,0.030743655,0.122635017,0.077024035,0.041139184,0.032930442,0.02272998,0.234615154,0.124713937,0.043785257,0.157632943,0.12054171,0.109505238,0.131826812,0.129931004,0.157677338,0.1710712,0.241734516,0.037341999,0.066305729,0.217205196,0.089674899,0.044455986,0.178549098,0.077376045,0.070075414,0.138805089,0.123077563,0.089065226,0.042686995,0.204291657,0.175364223,0.212869299,0.21767234,0.072465415,0.322172526,0.703293456,0.1190123,0.04249875,0.450373407,0.221977368,,0.274386216,0.02741854,0.15799631,0.144274916,0.122700221,0.109308996,0.121960007,0.119237325,0.147894778,0.152280874,0.13940055,0.111495436,0.209836725,0.157192393,0.27243924,0.155137381,0.19614861,0.139356728,0.283525474,0.150482365,0.150919692,0.085465289,0.148926378,0.166115918,0.093922233,0.050026189,0.070555837,0.043373879,0.015483606,0.031404567,0.041669356,0.030785081,0.022527946,0.057865999,0.015777997,0.055587296,0.1056052,0.02115528,0.082728954,0.135810668,0.129820582,,0.33794708,0.019721962,0.204031898,0.195832954,0.189242373,0.030040114,0.115284849,0.155556727,0.051525999,0.042525996,,0.192861284,0.143217536,0.028560429,0.320751892,0.126208886,0.361680274,0.154199595,0.109775944,0.133649077,0.228222752,0.212255747,,0.201836643,0.117866103,0.125200538,0.024630837,0.194676501,0.241157023,0.018265011,,0.095217162,0.938842762,0.1928835,,0.264769748,0.14653963,0.321266718,0.266445304,0.223979893,0.43725159,0.159634847,0.238305597,0.054139494,0.318959924,0.446638895,0.323159388,,0.339169518,0.321844299,0.221696347,0.228539337,1.200766165,0.184829303,0.133885502,,0.209520072,0.195553235,0.334546419,0.094417357,0.175720133,0.095717928,,0.1299732,0.166358325,0.168378895,0.17111496,0.358093669,0.185927815,0.329825091,0.431405448,0.168757252,0.272157788,0.14813284,0.332627782,0.115297031,0.126809724,0.097146128,0.164386775,0.246085212,0.038684477,0.206758306,,0.230164313,0.025401939,0.029575891,0.210905839,,0.126165301,0.343393517,0.265704408,0.276058363,0.346803092,0.199411117,0.124760949,0.202830336,
Asn,99% Confidence,0.059585209,,0.37205438,0.151668014,0.120525785,2.022300438,,0.191998722,0.031135743,0.120665497,0.255106404,0.118938567,0.018345851,0.064560339,0.011775064,0.168340151,0.040993905,,0.131886784,0.290183686,0.186454825,0.161488761,0.029427833,0.119816178,0.112617312,0.027879592,0.056609812,0.115898568,0.031054053,0.040770214,0.068491109,0.09348715,0.15700065,0.236662553,0.247539717,0.226311384,,0.031171691,0.113093957,0.031326715,0.026871646,0.044973858,0.02619172,0.118831016,0.034839233,0.058343316,0.032322775,0.027872628,0.167999399,0.101484057,0.029386683,0.074060305,0.029130278,,0.137171553,0.027301266,0.12577904,0.165069018,0.202294529,0.142435603,0.083299573,0.242686575,0.455705692,0.422222333,0.034628511,0.025577228,0.16051631,0.06605282,0.037612114,0.246654536,0.022093637,0.143363283,0.049175132,0.140645215,0.037947544,0.069537358,0.216560964,0.188481216,,0.146321365,0.044749614,0.203962783,0.113483858,0.056466047,0.059754321,0.271130887,0.269749882,0.210488817,0.397908754,0.025370626,0.122780916,0.182551695,0.139639162,0.099045978,0.299428421,0.110348003,0.120218178,0.176097308,0.229836627,0.162173274,0.219199956,0.199506421,0.18565051,0.198501461,0.186354363,0.180993419,0.170904171,0.262248491,0.137263551,0.167598611,0.150056606,0.106245522,0.271384837,0.161951666,0.093025357,0.037401654,,0.039919406,0.031342457,0.119241364,0.026985855,0.050591991,0.043210784,0.04032641,0.065467328,0.038021361,0.073796085,0.158808801,0.271681003,0.32980687,0.19057126,0.021797588,0.162197655,0.135225853,0.061068387,0.036735345,0.190033397,,0.04872236,0.035577272,0.126963187,0.215698142,0.095095606,0.031663022,0.21330881,0.210690505,0.132342121,0.152545254,0.151589704,0.195057684,0.253999268,0.176184075,0.134625087,0.207788481,0.040573161,0.241712144,0.016717969,0.038904775,0.127969349,0.026142861,0.1397916,0.125911458,0.793752079,0.386136754,0.088119596,0.154443097,0.182127215,0.514756422,0.241281326,0.217521888,0.287075895,0.092468163,0.137593764,0.134550992,0.209893035,0.188247327,0.289257418,0.562634793,0.194074215,0.218730698,0.358589541,0.356366666,0.30353529,0.195903307,0.161858824,0.223638883,0.203830766,0.079234949,0.379589058,0.251372006,0.313563786,0.177418101,0.370320627,0.126643371,0.331624702,0.2141697,0.169734388,0.376607247,0.212819059,0.223324395,0.192566498,0.221161885,0.127037498,0.213895162,0.261168291,0.162057914,0.118576571,0.151813749,0.102517325,0.397923966,0.019153941,0.057575053,0.07257407,0.148054914,0.033346386,0.033789769,0.298465392,0.478394871,0.039382546,0.264175869,0.190706408,0.280534758,0.244527558,0.128713381,0.133768624,0.177424354,
Asp,99% Confidence,0.047284766,0.106606397,0.096452344,0.106374979,0.069249867,,0.142601684,0.132542634,0.047735519,0.066292851,0.297306891,0.047812454,0.038733688,0.088078584,0.023144713,0.10270389,0.026372056,0.297912102,0.140918747,0.128565789,0.092334918,0.080788372,0.03936989,0.117858307,0.11102055,0.031904046,0.020903187,0.034236552,0.034924,0.058893505,0.051998707,0.134300671,0.166183012,0.2157318,0.193475408,0.170965404,0.069945495,0.099633811,0.029985145,0.057498896,0.063474785,0.02925817,0.032671441,0.073149847,,0.04176242,0.032133911,0.023252515,0.124318736,0.031985706,0.040428158,0.020741687,0.029361836,0.255675352,0.076292307,0.036194699,0.098836948,0.183549132,0.146079106,0.09748686,0.293552137,0.261579794,0.399681068,,0.04931186,0.044083416,,0.046434727,0.055021718,0.087554194,0.03984858,0.02991253,0.073747758,0.126229959,0.050329132,0.118511871,0.17461177,0.270298065,0.257114017,0.076180693,0.072091633,0.179932678,0.275600557,,0.024470461,0.288197696,0.346316502,,0.424286921,0.02621226,0.160976083,0.27266232,0.090508507,0.05240783,0.231558668,0.080656987,0.094434243,0.184041432,0.176631238,0.163459389,0.16849466,0.166010549,0.208931898,0.211840966,0.309897988,0.261716288,0.154649476,0.070820138,0.221974917,0.037091061,0.026428272,0.087079745,0.077455935,,0.051680678,0.049323214,0.040625163,0.032243992,0.042477903,,0.057456849,0.052107943,0.040967461,0.032392706,0.078840276,,0.047796141,,0.069574756,0.187731873,0.024811015,0.034074152,0.175352317,0.140765738,0.029507125,0.021656717,0.097255917,0.177886389,0.023538698,0.017698141,0.137427043,0.250963629,0.143925114,0.02157417,,0.16867023,0.045606277,0.243552009,0.176797634,0.265862548,,0.321336463,0.175400213,0.109321829,,0.197839632,0.021033632,0.036898861,0.126353819,0.026124976,0.016162559,0.105143627,0.976014689,0.104157717,0.034333894,0.143681106,0.145768385,0.750747293,0.251299532,0.171378834,0.065644376,0.02275282,0.205191123,0.038684477,0.147237389,0.258800148,0.198345324,0.313541114,0.137563016,0.510992208,0.282416955,0.370668905,0.161822044,0.123173415,,0.213710471,0.170333829,0.02928828,0.561712243,0.041452099,0.338073577,0.028475844,0.344139385,0.107526789,0.295043247,0.283057182,0.216539998,0.198702397,0.279397559,0.17971584,0.182640989,0.232392397,0.130211834,0.248377241,0.21442533,0.179188798,0.082009287,0.025961344,0.025257198,0.818615955,0.045607513,0.160664146,0.036391948,0.229695128,0.031155304,0.043716602,0.403657451,0.837617284,0.016970623,0.039541225,0.171780378,0.266612078,0.183486291,0.128682711,0.170367124,0.217694648,
Glu,99% Confidence,0.04894696,0.107303075,0.341016578,0.297325904,0.19412638,,0.150354936,0.43521646,0.051965641,0.171924118,1.055287097,0.103163704,0.021135386,0.103939774,0.026394415,0.098236125,0.077916491,0.240812437,0.108819138,0.251144911,,0.069615504,0.04588261,0.147894994,0.162888717,0.025726733,0.05982138,0.137042544,0.047181485,0.021141382,0.041046154,0.14430312,0.16399617,0.286747002,0.179517806,0.061229196,0.091481605,,0.059387841,0.063485903,,0.01808463,0.052548108,0.039214517,0.041939043,0.037422058,0.04523164,0.043751143,0.079063534,0.040911196,0.047645119,0.08661682,0.037132268,0.417721887,0.128974327,0.02736912,0.061838852,0.195097247,0.128686033,0.119253888,0.371827885,0.236406011,0.26954464,0.229366629,,0.03921953,0.279837568,0.079007004,0.034913988,0.213030079,0.037728383,0.163738344,0.12033128,0.142406819,0.03038902,0.183925369,0.118815497,0.501623823,0.503750981,0.209876327,0.049605096,0.418726106,,,0.030587122,0.245275569,,0.083608438,,0.03172357,0.259933429,,0.137807718,0.062679919,0.318151595,0.112260218,0.052799732,0.207361274,0.310641544,,0.182659442,0.292889402,0.222993174,0.220434454,0.336278931,0.244872094,0.284604535,0.114245957,,0.03769604,0.047302755,0.496861773,0.322472732,0.068742261,0.037545661,0.020337308,,0.050833892,0.041024034,0.035323219,0.042285715,0.033358526,0.04376663,0.041954583,0.142269139,0.110459598,0.038850133,0.117659023,0.133982342,0.234594376,0.216018688,0.028493873,,0.159954938,0.043376905,0.026752285,0.190138944,0.229782195,0.037258869,0.032760134,0.168399333,0.32333868,0.172202345,0.031427283,0.21530664,,0.283439738,0.242185291,0.161007897,0.192565592,0.473211215,0.213340506,0.209809074,0.103515871,0.039704805,0.199267437,0.041596396,0.02589802,0.187286227,0.025347369,0.035022367,,0.650082888,0.218629929,0.067004808,0.162929184,0.187933498,3.105023154,0.202363058,0.291287664,0.076257091,0.033965746,0.41300054,0.068276741,0.288909268,0.479278689,0.361448246,0.182723392,0.168422893,0.240556208,0.58076421,,0.259056152,0.118068766,0.259828699,0.299201068,,0.05178744,0.558111793,0.074917045,0.420071603,0.077759709,0.628984771,0.078710691,0.249480365,0.194829125,0.31826113,1.071022995,,0.24184604,0.346023678,0.243742235,0.171516171,0.270879138,0.215096439,0.367711982,0.067599201,0.023761414,0.033377171,0.363966106,0.034124326,,0.110488494,0.179324341,0.016635076,0.04932655,,0.772880739,0.028160744,0.208374764,0.272951433,0.24132549,0.1845597,,0.159007708,,
His,99% Confidence,0.027818031,0.155464559,0.15234843,0.079246819,0.124913472,,0.217429019,0.164071632,0.045182131,0.125171699,0.257542139,0.056421028,0.031097249,0.068140347,0.082758459,0.130518409,0.041894126,0.215696081,,0.128772726,0.128546835,0.349343528,0.063535362,0.103159166,0.110844998,0.036771646,0.05404536,0.105328969,,0.025091151,0.015898804,0.108289667,0.18408238,0.156135075,0.213325272,,0.114973015,0.018536182,0.030664431,0.063638623,0.030111011,0.252432364,0.043619331,0.024150011,0.021167303,0.034636657,0.017872884,0.040368731,0.074022899,0.160740395,0.023903282,0.044975186,0.017506679,0.138305911,0.275751895,0.022605777,0.187502416,,0.136117853,0.20253643,0.193602278,0.114427267,0.20019534,0.132662247,0.019833751,0.028335007,0.23139099,0.064997913,0.045008124,0.127584968,0.053644302,0.037943614,0.033555667,0.121379302,0.094174481,0.070640544,0.047414319,0.152597241,0.195657527,0.165670085,0.125204718,0.268251992,0.226810396,0.379596698,0.01853718,0.192700002,0.154154441,0.515862555,0.379172581,0.040720005,0.151954699,0.14154881,0.161120628,0.083753585,0.144089213,0.115434308,0.112064253,0.147401487,0.237901885,0.146633754,0.20138858,0.144786155,0.165758555,0.191342439,0.127251582,0.153307431,0.140509794,0.139615858,0.194679769,0.136537088,0.15944424,0.114338085,0.076233226,0.02428926,0.075558884,0.027906777,0.01427035,0.028221366,0.021147926,0.02508027,0.018443215,0.021069235,0.016536005,0.087943174,0.082052855,0.027167112,0.043744183,0.075773194,0.166537635,0.20176291,0.212044533,0.030835665,0.140546244,0.154178681,0.070513132,0.018617702,0.14376057,0.128091663,0.071050677,0.031512365,0.135485035,0.18175,0.119653745,0.025594058,0.19059825,0.185048485,0.134785443,0.193794227,0.142748087,0.201562482,0.200868119,0.128930729,0.141590467,0.064332768,0.075938026,0.159810912,0.019931707,0.023347967,0.232921852,0.017117667,0.045599278,0.032225248,0.395149253,0.17824859,0.078345442,0.155069995,0.204957484,,0.214183823,0.146206155,0.206524102,0.069622548,0.151842103,0.133748748,0.254852459,0.363522895,0.115433819,0.243621137,0.194102172,0.263125231,0.206380274,0.23443542,0.604679747,,0.188931938,0.188859476,0.160765887,0.157213486,0.298448595,0.083384025,,0.051614233,0.170647749,0.175492766,0.189752051,0.271485811,0.141617773,0.368365305,0.170209661,0.176621285,0.212052485,0.182030598,0.114523997,0.153859208,0.227089439,0.150291101,0.112355876,0.142431813,0.065476339,0.164788804,0.032039274,0.127946044,0.128542757,0.23235309,0.018545105,0.014748023,0.169490673,0.271861515,0.088417017,0.244851978,0.16704323,0.202698298,0.402247354,0.1411016,0.118448095,0.195245287,
Arg,99% Confidence,0.028540576,0.036562001,0.121934254,0.076351643,0.062977913,,0.101255341,,0.024614755,0.098584722,,0.06514363,0.015305303,0.045675244,0.02055043,0.079460655,0.01793029,0.190122058,0.141400068,0.113524992,0.088224076,0.110955397,0.027594849,0.092933209,0.094580727,0.024753842,0.031840228,0.115910715,0.106568894,,0.025506839,0.065251451,0.071903479,0.072748057,0.110235241,0.052492167,0.028599412,0.012373232,,0.022026855,0.008362088,0.0312241,0.021515276,0.044482183,0.020670234,0.024123651,0.023621623,0.018916795,0.017646551,0.019453549,0.021336683,0.013958754,0.016515495,0.10116841,0.063626197,0.015019457,0.032984869,0.119143124,,0.068271661,0.13829969,,0.106194898,0.141205368,0.013765349,0.027036363,0.082332194,0.037418014,0.035881065,,0.055071752,,0.048032343,0.094375672,0.035693813,0.019504974,,0.134847749,0.188573959,0.138468737,0.049934459,0.166459543,0.246495178,0.040327417,0.026483202,,0.151468697,0.204274058,0.237692881,0.029021532,0.096417522,0.113365167,0.064585154,0.02240609,,0.090617987,0.052543866,0.167786562,0.104560284,0.046595146,0.237592663,0.124873254,0.142845727,0.088981079,0.089952439,0.178083591,,,0.076314696,0.064796672,0.132168236,0.07856142,0.050295279,0.043819784,0.015632817,0.013871722,0.019563535,0.021809734,0.020107005,0.02471257,0.01814829,0.021356543,0.013308638,0.071119399,0.071269095,0.015900596,0.064783825,0.044773034,0.058803795,0.12080951,0.162898109,0.018150283,0.09098642,0.106705229,0.085213549,0.018290287,0.09200537,0.107254914,0.031445004,0.021760004,0.092661409,0.17641578,,0.013817091,0.129667646,0.109017491,0.048687642,0.128298005,0.063068759,0.069677268,0.104398719,0.117717813,0.097626763,0.108153602,0.020568338,0.088612834,0.023322503,0.023886515,,0.011442406,0.02054258,0.035590319,0.760392933,0.132754464,0.029336014,0.162041815,,0.276879357,0.153775123,0.17146223,0.262233368,0.016570474,0.153012141,0.040755227,0.19372482,0.332126201,0.322108966,0.176425062,0.172190724,,0.173738348,0.18407064,0.195384594,0.135231736,0.083418275,0.100668567,0.106510205,0.138319969,0.187598634,0.025424475,0.249665743,0.028997498,0.154930581,0.078250088,0.132063937,0.125139424,0.111610512,0.282795106,0.114520343,0.185271593,0.142263014,0.142227425,0.125099454,0.129712063,0.138542204,0.113074102,0.078532497,,,0.201642805,0.018851262,0.018927866,0.082018415,0.137427114,0.015291395,0.010259797,0.128978075,0.338379149,0.02385069,0.183230128,0.146406716,0.170592771,0.182793311,0.12730477,0.085267992,0.147850959,
K,99% Confidence,0.095442516,0.121177143,0.4378998,0.236061084,0.203471517,,0.219089233,0.175132247,0.101768615,0.158205125,0.472379362,,0.037503131,0.096548826,0.028787582,0.213964848,0.059837528,0.221179886,0.277056288,0.202159159,0.120592182,0.117207172,0.018205692,0.16570513,0.090028807,0.047162886,0.050196509,0.057230504,0.117069137,0.129899656,0.036603789,0.103326208,0.164868722,0.176136576,,0.246759085,0.052106395,0.020462647,0.13642585,0.043293216,0.053877234,0.033219929,0.018213019,0.042204119,0.019886762,0.051634931,0.058005427,0.045417518,0.029792575,0.062258592,0.034281839,0.029280686,0.026022388,0.160592339,0.153322709,0.022103793,0.017227816,0.195503092,0.201489016,0.140406015,0.398577757,0.240452026,0.285101326,0.110215896,0.030477908,0.059514885,0.186333637,0.111329106,0.033243738,0.309794881,0.082482176,0.225274467,0.122295553,0.242906316,0.029106563,0.022864847,0.370246702,0.533771302,0.265258825,0.19791087,0.064468057,0.229365908,0.353376921,0.32439014,0.028936004,0.425682285,0.358102859,0.368081148,0.359409557,0.038139215,0.180216617,0.178367941,0.085093193,0.035310501,0.250262483,0.145176337,0.065745001,0.146088717,0.07790665,0.074219333,0.599058792,,0.142446825,0.179200364,0.17348293,0.230416384,0.301446353,0.111387365,0.132187776,0.143653772,0.140997319,0.242591774,0.104294365,0.039664588,0.036255095,0.026055008,0.054991582,0.0350237,0.018370031,0.037913045,0.025880188,0.053726177,0.034636268,0.058972365,0.135909161,0.032177246,0.141832768,0.163537525,0.221161955,0.351981979,0.146644707,0.035742351,0.295350476,,0.156446076,0.02728205,0.281056442,0.151457359,0.044548926,0.035338993,0.186611023,0.285482134,0.174295168,0.040689954,0.175369347,0.226505855,0.145748194,0.215202403,0.106523667,0.13372427,0.253654113,,0.09955631,,0.036929927,0.178555107,,0.027697663,0.183455076,0.019936472,0.03028565,0.126322649,0.617198811,0.253131288,0.057229234,0.246635231,0.294657899,0.353651518,0.277667698,0.212401942,0.185240863,0.042437303,0.268092591,0.079088477,0.372177885,0.557619544,0.378791424,0.359881434,0.197587032,0.223419022,0.277730529,0.379906225,0.257465202,0.086500231,0.136426967,0.197143823,0.195746647,0.196061353,0.681760344,0.042949673,0.251863742,0.021778846,0.554287511,0.099749311,0.30647814,0.184392094,0.411585585,0.516834521,0.212336568,0.236054086,0.192846026,0.430809323,0.150680713,0.152770531,0.195777625,0.239063222,0.118429653,0.213999169,0.238016055,,0.02107421,0.042469751,0.130488886,0.218057674,0.033105822,0.039226825,0.449059468,0.177659412,0.054970865,0.180259103,,,0.24061911,0.137046257,0.159166107,0.220486806,
STOP,99% Confidence,0.016556496,0.01982534,0.02197674,0.026711578,0.015485376,,0.021300018,0.027828686,0.035102699,0.048531521,0.072369226,0.034635051,0.015026694,0.017885258,0.013162455,0.022005301,0.032854002,0.01817867,0.022790391,0.03601895,0.027251171,0.02031329,0.040356786,0.024750472,0.021854579,0.03050254,0.05267914,0.05186209,0.024764336,0.017671837,0.027063152,0.01974032,0.017831412,0.015102073,0.024825436,0.028569295,0.042206099,0.016553804,0.021253868,0.028030978,0.042916535,0.02784417,0.029694669,0.028253474,0.010467273,0.02706644,0.021983728,0.026395992,0.028043749,0.038826057,0.020512758,0.020598513,0.019418538,0.057142566,0.022079277,0.027228052,0.071417634,0.027246597,0.019883491,0.021924775,0.024110033,0.036455613,0.041605414,0.028664802,0.026820635,,0.023541509,0.036754752,0.036692743,0.039867316,0.042293348,0.019682899,0.03195931,0.024456664,0.032705122,0.014499889,0.023647576,0.053532332,0.032330195,0.036772459,0.039595965,0.035752297,0.074643569,0.039506054,0.021506988,0.046358385,0.054452083,0.073668791,0.05037713,0.018337484,0.021552495,0.02016757,0.018517957,0.019414343,0.024308498,0.020853752,0.035093875,0.02931673,0.042025708,0.021411927,0.058743785,0.031817391,0.025827195,0.029911953,0.030246657,0.025756608,0.030307101,0.021996363,0.025476771,0.014015994,0.023015173,0.02190174,0.019802834,0.031344721,0.019053129,0.01918395,0.038536798,0.018231174,0.020364897,0.0246412,0.024994279,0.019490752,0.018027574,0.051693561,0.040486691,0.015947908,0.033341925,0.03005139,0.038989369,0.03976673,0.026417952,0.019032968,0.041990439,0.017469143,0.020858884,0.017456013,0.022766275,0.020275626,0.029974117,0.019595317,0.022660052,0.039461379,0.024610742,0.025468378,0.035220252,0.01747048,0.042796689,0.021961541,0.025477983,0.026291081,0.015133478,0.019936472,0.039317448,0.037537683,0.015721553,0.01988377,0.012621937,0.028821932,0.021050446,0.023512952,0.047224476,0.112693308,0.271200077,0.026313105,0.060367501,0.03381826,0.01733395,0.055764669,0.022605893,0.016819251,0.073945422,0.017893079,0.02140672,0.023267574,0.023789967,,0.023347967,0.052473125,0.023164826,0.050407156,0.024503579,0.038522128,0.092096034,0.026247348,0.013109099,0.038434009,0.017647187,0.039033742,0.044816298,0.017233501,0.03339525,0.012621937,0.073280384,0.015342155,0.030947828,0.021221597,0.019345742,0.070914938,0.036401865,0.023761414,0.038418886,0.025670911,0.023603348,0.008206664,0.029314667,0.022705692,0.011867532,0.016102061,0.016926206,0.031220553,0.036346804,0.016263111,0.019572949,0.019046887,0.018132548,0.019085856,0.040279187,0.236736143,0.018998148,0.049297021,0.032741169,0.068945143,0.088146982,0.173799146,0.090737836,0.189642427,
Trp,Sequencing Counts (NEB5alpha),89,238,150,119,394,,110,145,73,14,71,18,181,143,313,253,148,120,181,201,75,47,25,112,131,72,84,34,92,157,120,175,235,213,176,68,123,264,169,142,99,104,98,80,191,60,37,106,115,118,125,83,175,56,158,80,46,211,176,94,25,90,42,125,212,67,90,53,24,93,23,73,36,37,18,24,46,39,28,40,42,90,5,8,79,59,55,13,37,114,75,149,106,68,116,67,132,162,66,185,71,80,62,210,133,85,91,110,193,223,77,88,214,122,78,288,111,51,150,70,95,106,223,43,155,189,74,94,257,102,48,190,125,169,142,161,110,178,,178,310,62,123,97,131,155,11,187,164,223,151,124,108,129,65,233,115,26,70,127,90,68,3,63,79,105,73,9,52,38,6,30,20,82,56,23,34,16,59,18,66,51,6,144,147,102,189,93,31,88,55,105,51,92,48,115,90,54,97,24,14,72,136,140,62,94,171,100,181,69,97,116,309,116,149,192,38,5,182,110,174,28,62,122,588,9,
Phe,Sequencing Counts (NEB5alpha),531,272,676,822,2684,11,296,325,125,379,92,145,265,426,2187,1541,,278,658,556,460,172,98,290,282,245,168,217,580,1013,517,1621,1211,1577,1296,248,206,1153,318,619,380,,204,103,834,510,585,777,398,738,874,193,1004,155,491,211,217,341,449,,132,804,416,246,565,160,770,215,458,508,241,166,394,362,50,147,206,359,493,383,57,94,33,15,106,42,323,,215,148,189,936,277,536,403,256,297,372,94,1785,396,836,197,553,990,,653,674,1319,933,260,322,432,562,237,834,320,210,531,244,372,502,1559,,470,1646,348,973,717,707,92,813,596,589,391,593,624,1021,1168,495,1176,297,723,695,235,1194,62,438,425,245,744,481,490,109,169,522,249,94,116,384,118,166,17,127,152,206,657,205,665,148,50,212,275,815,493,36,205,147,305,102,286,161,36,138,941,409,740,,190,404,361,785,247,337,205,995,797,97,922,104,46,122,1152,796,228,769,449,746,1976,391,117,605,522,145,491,346,239,22,339,91,376,156,44,350,919,120,
Tyr,Sequencing Counts (NEB5alpha),203,441,493,365,979,,300,377,122,301,107,263,376,517,,543,340,259,481,301,611,277,151,551,308,254,177,233,407,463,159,443,601,511,419,233,148,833,623,301,146,326,157,119,658,318,282,322,459,,402,203,491,154,275,391,,280,225,288,106,313,132,264,290,237,406,207,402,257,268,185,171,327,84,218,98,135,281,166,80,140,96,54,231,85,202,30,163,220,288,474,509,280,297,156,326,325,145,697,364,393,214,379,440,397,387,287,429,802,431,240,270,425,227,470,232,260,540,257,174,258,617,205,255,566,183,298,332,236,131,523,355,603,432,480,417,571,618,,687,373,420,335,261,516,90,292,296,223,309,186,296,110,337,353,467,144,173,290,182,107,,117,149,282,258,92,267,211,114,326,272,,120,36,246,130,284,129,210,207,103,213,486,196,422,385,112,199,212,306,193,515,210,332,481,105,366,159,85,177,579,307,298,506,878,356,512,132,214,490,537,237,295,365,242,39,431,135,482,208,68,608,1186,221,
Pro,Sequencing Counts (NEB5alpha),454,967,,746,1922,,675,690,293,582,353,626,1281,1171,1084,1057,602,661,1089,885,1565,679,508,978,908,671,284,455,811,1376,582,1248,954,1072,912,589,510,1772,1222,663,704,928,671,453,912,656,673,750,1191,760,998,672,1105,490,713,943,387,867,692,589,,846,412,811,1015,521,567,416,731,416,426,634,359,530,443,444,354,176,397,474,332,334,173,115,692,237,363,78,403,720,765,1199,940,491,663,663,714,,412,951,833,699,629,966,852,893,832,741,1072,1526,786,636,720,702,682,1168,762,492,778,684,899,692,1127,566,939,1112,509,818,736,573,494,871,590,1132,1100,1190,979,1135,1141,916,1410,814,1028,1005,894,1029,305,654,,627,562,438,842,514,908,,859,649,594,651,658,306,98,235,669,766,511,291,801,,238,,757,809,630,148,400,435,584,398,571,376,221,610,1034,581,1005,610,229,550,482,631,681,1319,698,666,855,295,696,,378,628,826,975,625,1149,1447,1009,1030,382,590,812,1370,845,1073,810,441,78,1351,367,1086,459,406,1485,2216,700,
Met,Sequencing Counts (NEB5alpha),,281,190,285,549,,193,42,133,92,86,192,456,373,415,379,166,164,226,259,203,332,111,349,452,317,76,94,190,255,254,269,293,288,363,157,124,640,357,276,173,336,129,126,343,130,158,177,288,280,211,188,272,152,304,294,145,318,241,284,123,284,148,213,406,240,176,,149,131,,233,58,142,214,74,103,58,78,138,89,86,47,165,345,153,111,153,94,192,113,357,325,214,249,239,281,305,201,356,183,160,389,392,295,272,272,239,436,336,163,158,387,163,173,410,216,131,169,155,150,190,449,162,274,357,154,191,306,111,317,324,154,420,266,245,176,300,283,380,334,265,209,372,318,263,167,167,382,348,240,208,149,331,316,160,256,271,137,315,329,87,47,69,153,338,206,38,230,218,140,157,148,198,223,47,103,107,193,59,220,147,184,172,331,174,418,231,47,124,166,223,204,341,174,283,304,79,155,365,246,209,166,394,178,255,397,325,253,139,171,153,428,362,415,208,117,127,564,104,233,183,224,302,694,186,
Ile,Sequencing Counts (NEB5alpha),481,670,882,,2484,,664,438,330,737,362,1073,1105,1213,1633,1308,643,455,813,615,1886,1113,501,1081,1243,985,299,401,651,1020,531,899,1253,1209,996,474,358,1566,1344,501,473,1160,505,305,1057,583,,619,1189,824,928,,936,407,527,948,309,596,553,767,265,852,448,578,891,677,769,462,874,600,803,521,356,662,441,508,388,284,520,555,248,243,358,240,504,216,391,222,297,635,622,1318,1354,626,856,595,828,945,434,1639,808,863,1087,724,1060,934,699,717,1018,1616,,522,694,712,499,1007,674,553,748,,562,634,1510,492,781,1507,414,674,,527,778,1068,597,1462,1074,,794,1388,1453,1119,1260,815,884,1092,720,1024,,512,850,694,645,451,583,559,860,485,872,481,466,746,515,355,127,180,332,930,572,318,810,624,254,679,971,854,432,164,493,317,922,356,378,365,364,470,1131,458,1365,693,138,,496,815,624,1573,446,1051,1312,186,1009,889,585,343,1029,1314,597,970,1073,1181,1254,346,414,871,1000,1066,775,509,547,269,1204,446,870,717,292,1090,2000,596,
Leu,Sequencing Counts (NEB5alpha),1496,1303,1879,2299,6092,3,1273,731,,1334,396,910,,1841,4493,3620,2027,1057,1968,1636,1755,,,1314,1453,907,,678,1980,2639,1701,3571,3071,3286,2988,874,772,4094,1433,,1335,840,,473,2556,1339,1808,,1909,2141,2167,1227,2615,1100,1729,,820,1699,1606,1783,863,2003,1357,1096,2208,526,1669,872,1367,1241,1095,977,993,1471,,587,938,717,1096,1124,,419,182,,775,319,1022,112,725,,735,2817,1266,,1433,,1042,1701,731,2942,,1825,921,2202,2412,1714,1872,1606,3088,2326,862,,2487,1707,1146,2675,1667,739,,978,1620,1676,3726,648,,3286,1040,1901,1784,1481,395,2274,1476,1921,,1650,,3202,3182,1852,2814,1200,2257,,1170,2504,205,1541,2547,1173,1764,1384,1141,711,748,1523,1077,441,661,,888,642,68,,729,1039,1549,630,,980,,987,1730,2541,,272,648,794,1120,521,1161,882,173,841,2642,1368,2085,780,445,1348,1266,1878,2012,1410,1322,2523,,508,2366,659,578,805,2745,2730,931,2199,1577,2639,3535,1338,575,1939,2064,1222,2638,1294,1378,124,1802,,1712,700,,1418,,835,
Val,Sequencing Counts (NEB5alpha),515,1014,886,655,,19,551,497,383,349,390,993,1478,1602,1606,1308,742,564,983,815,1676,1146,740,1443,1362,1044,462,452,689,1316,557,1404,1140,1361,1037,639,483,1686,1555,551,768,1220,434,433,1025,524,700,754,1423,701,,364,1146,250,858,1304,306,785,710,632,316,733,,671,946,665,680,412,715,518,828,631,266,373,496,,300,220,364,444,331,336,276,184,849,312,276,209,318,655,679,907,1367,544,752,595,1003,899,537,1166,1022,686,987,796,1012,934,722,614,1274,1815,812,548,891,681,345,,521,569,985,554,568,525,,544,716,1325,367,773,946,640,824,,622,1721,1726,1310,997,1266,1204,1307,1619,784,772,807,948,938,411,639,766,789,730,661,1017,736,1247,1009,1049,760,648,543,608,352,155,242,749,1220,704,225,650,810,425,911,804,665,451,,,228,,307,318,295,388,555,959,523,1601,1054,196,461,473,739,434,,504,781,727,387,825,963,,,947,878,711,807,1217,911,1099,359,650,832,1529,1390,867,445,381,146,1790,585,1316,580,430,1630,2455,626,
Ala,Sequencing Counts (NEB5alpha),209,833,568,217,1343,,356,721,268,225,252,427,1233,1071,744,641,352,424,738,572,1260,823,368,946,920,,352,337,351,949,256,,576,481,522,463,303,1292,1156,222,361,968,265,431,487,266,380,472,890,306,549,213,,128,,853,211,720,457,357,170,370,188,421,559,535,313,215,318,214,320,428,,152,447,358,127,103,158,216,153,,124,99,,314,83,80,187,544,466,515,1089,192,399,276,670,640,275,623,567,355,596,440,613,491,440,268,642,1385,631,324,,422,198,438,276,,556,300,340,411,738,507,474,743,249,458,535,363,579,569,317,1225,1306,936,692,623,748,864,1210,748,537,421,768,543,377,339,420,549,276,332,684,854,802,860,688,762,485,230,503,208,66,199,337,957,274,55,385,583,258,506,264,315,414,175,314,109,580,267,130,105,,485,541,368,1096,990,279,357,243,303,99,1074,317,312,271,258,348,416,472,480,539,350,415,551,1115,387,509,169,,625,1080,,,,151,92,,316,819,421,482,1515,2029,508,
Gly,Sequencing Counts (NEB5alpha),288,821,497,339,1503,,340,1175,255,232,332,480,897,,1011,598,474,497,668,624,1026,646,427,955,1092,744,271,258,325,903,346,765,774,780,522,519,400,1072,1035,374,443,870,307,,606,266,337,428,960,317,588,196,628,229,613,818,232,595,553,423,136,477,192,432,650,,339,263,419,275,341,363,158,194,360,271,177,,182,258,135,179,171,142,542,289,102,110,141,343,,498,909,195,402,261,,363,,717,537,361,625,,,501,450,286,727,1061,455,240,506,483,196,504,399,357,512,278,,,726,385,496,672,196,466,539,340,542,654,473,1178,1362,951,643,677,643,655,1108,463,397,411,666,619,289,345,389,,407,367,839,624,856,777,730,542,458,365,603,186,76,150,260,,327,77,394,385,337,533,334,329,319,129,240,114,749,152,,144,381,521,586,401,1202,707,121,300,224,396,98,1088,350,,297,268,408,477,417,417,,388,,552,723,341,622,149,354,477,936,862,700,513,168,98,1532,517,937,433,447,1297,1505,442,
Cys,Sequencing Counts (NEB5alpha),261,271,470,367,1088,,215,1021,95,159,76,166,223,559,776,576,319,156,331,306,310,144,52,335,253,220,118,141,265,403,78,406,650,667,430,206,141,629,457,387,272,202,117,103,512,270,192,216,506,289,399,111,451,187,324,260,189,207,320,309,108,322,138,196,223,315,276,103,278,189,131,175,162,212,64,115,126,176,174,113,33,64,64,23,167,65,202,12,105,118,185,417,,195,352,148,258,233,138,590,237,271,126,292,353,261,358,312,520,835,205,153,340,384,169,288,304,227,383,125,162,310,563,146,256,581,245,349,241,266,105,402,352,521,403,396,334,517,493,382,697,193,340,242,254,517,67,170,229,171,347,201,256,69,158,415,213,87,156,300,143,83,17,95,84,171,274,83,268,143,28,250,276,297,105,39,124,81,181,47,94,165,59,149,460,218,424,242,108,193,149,,151,291,177,400,524,87,300,162,38,111,451,361,182,626,283,226,627,110,89,358,312,168,296,390,156,22,469,84,327,141,38,330,713,121,
Ser,Sequencing Counts (NEB5alpha),483,1074,1365,977,2900,5,786,1574,324,620,472,603,1295,1348,2009,1634,970,749,1526,1011,1483,889,493,1339,937,895,437,540,925,1599,,1783,,,1195,712,586,2524,1495,846,655,996,635,442,1253,,700,973,,854,1241,436,1415,418,915,978,417,992,992,767,320,1017,519,835,1130,798,922,450,,623,434,601,403,671,318,450,369,398,573,563,225,301,196,162,564,301,498,157,508,684,731,1232,1367,553,892,490,877,1107,431,1556,904,1108,,1021,1195,980,1229,782,1431,,1027,757,875,925,556,1197,678,564,1331,606,883,817,1721,588,995,1476,,1080,1129,897,549,1373,773,1608,1897,1477,1285,1401,1677,1129,2174,898,1295,1040,838,1525,397,,896,785,761,647,958,855,1008,1312,1090,657,568,790,571,236,141,344,467,899,660,261,919,525,231,777,664,1040,684,149,520,244,792,418,388,306,365,791,1318,567,1462,1012,314,606,520,919,370,1399,,952,888,,1013,647,334,695,1317,1239,716,,,967,1796,296,655,1063,1402,926,1023,867,426,109,1594,466,1226,544,412,1633,3255,334,
Thr,Sequencing Counts (NEB5alpha),286,799,637,535,1656,17,435,574,257,503,416,752,1494,950,1033,,418,473,805,704,1951,1549,561,1027,1319,899,307,,566,977,450,957,833,827,608,574,357,1630,1358,439,455,1341,425,418,753,485,623,526,926,522,722,420,757,310,553,828,296,772,589,533,297,828,354,519,812,973,422,375,510,378,544,488,200,,631,388,209,160,270,,278,232,296,332,816,367,211,279,359,618,560,901,1278,401,663,498,704,878,355,776,795,580,1289,589,719,745,733,536,784,1475,816,374,587,468,,770,456,634,702,500,566,525,1108,478,597,964,338,447,678,386,,699,376,1467,1340,813,588,823,921,823,1143,,827,879,816,764,576,426,592,645,465,395,814,844,1237,751,898,,689,480,545,222,130,197,408,889,446,126,850,728,319,677,,603,392,159,448,232,916,383,345,258,559,603,792,425,1186,803,,297,254,529,321,1457,451,523,561,187,597,812,751,545,669,,534,922,1444,697,798,195,445,632,1090,1282,702,529,288,298,1709,332,857,761,443,1628,2317,647,
Gln,Sequencing Counts (NEB5alpha),226,394,485,379,905,,376,108,153,,104,230,537,496,634,441,323,217,301,,485,108,144,,,201,70,120,315,459,335,635,550,477,498,127,221,1002,481,402,152,184,245,130,481,232,197,351,470,463,337,306,467,253,325,310,130,480,331,253,220,404,224,268,532,102,255,170,254,272,242,312,177,362,122,177,252,112,169,147,117,91,36,49,260,127,179,24,142,254,266,595,400,418,259,366,202,587,198,454,141,404,240,504,349,330,259,432,511,458,153,277,612,349,312,587,429,156,224,243,406,301,611,75,454,532,208,253,352,,75,553,194,430,169,320,403,529,488,385,,210,410,442,262,482,42,325,604,299,277,211,,162,75,398,194,79,175,438,,98,21,147,,181,321,102,238,270,61,201,310,455,144,50,139,,203,104,246,158,21,239,607,,284,167,78,195,370,291,,313,416,410,372,99,319,102,95,272,309,747,192,438,367,515,439,176,147,398,,224,484,352,322,,400,112,243,81,113,324,969,230,
Asn,Sequencing Counts (NEB5alpha),94,,246,265,662,4,,247,109,212,186,398,528,465,587,275,152,,426,223,757,366,236,481,480,303,112,121,229,398,156,350,385,352,251,195,,607,566,202,126,424,192,96,361,154,275,254,415,186,261,135,324,,169,429,124,212,162,239,91,308,97,137,282,329,238,115,285,155,244,154,91,247,181,212,97,57,,191,118,86,219,66,263,119,123,65,139,206,294,408,546,128,237,153,348,330,205,447,311,339,432,195,305,347,321,227,339,630,311,193,156,303,156,243,235,223,364,163,153,182,391,193,176,487,139,222,191,155,245,294,200,542,483,417,255,,342,411,562,278,359,298,294,333,178,228,234,187,185,168,224,199,308,235,478,310,238,143,216,43,41,109,95,451,196,61,249,281,105,283,357,233,159,54,202,91,329,206,115,116,127,274,423,151,397,356,87,144,133,265,121,635,141,218,363,89,234,251,303,173,397,309,256,341,562,267,380,88,195,359,444,326,224,248,146,61,528,105,359,248,106,658,893,343,
Asp,Sequencing Counts (NEB5alpha),140,287,312,232,794,,202,279,116,155,167,331,437,555,556,256,183,234,403,295,725,261,241,488,512,329,132,142,209,516,166,386,348,325,248,271,144,558,506,128,129,298,161,131,,180,244,240,518,198,244,116,297,135,223,439,114,239,132,198,77,196,96,,352,293,,146,205,185,229,194,90,152,132,207,81,104,168,148,96,125,137,67,251,121,94,70,97,275,265,253,570,176,136,138,273,269,146,370,282,205,263,201,183,245,270,161,284,633,282,150,233,,109,233,214,152,303,185,165,181,302,172,162,,87,,189,161,149,336,208,548,547,364,285,417,389,361,551,203,271,226,,355,130,186,191,203,,117,250,217,,293,367,154,209,121,231,74,32,56,109,411,187,46,223,277,116,312,322,147,172,104,230,75,394,138,86,69,109,234,,132,491,371,101,127,160,168,116,626,135,197,246,88,217,249,268,199,375,253,225,280,449,261,362,55,172,350,484,378,229,206,114,48,550,154,532,158,141,551,747,332,
Glu,Sequencing Counts (NEB5alpha),70,337,207,160,544,,163,75,107,147,48,275,486,445,284,254,139,133,298,240,,271,198,430,538,307,67,89,154,303,168,301,261,237,284,98,122,,492,196,,344,167,140,268,91,146,198,369,148,139,99,248,120,283,428,106,305,178,185,75,189,117,195,,135,131,89,151,99,182,226,49,75,179,136,97,66,63,94,75,102,,44,378,93,,60,,236,219,,484,152,160,173,256,282,99,,121,164,365,265,173,161,188,227,,363,155,96,82,160,121,272,,117,212,158,147,147,291,141,198,211,117,155,180,109,161,330,,471,255,336,160,201,343,383,422,157,179,187,329,,41,120,178,240,111,139,185,213,304,154,253,248,193,169,343,,44,90,92,315,196,16,215,223,109,220,159,130,131,60,146,91,353,134,77,,118,208,211,137,,240,39,119,119,152,67,398,236,128,106,34,,253,180,147,215,300,203,120,385,270,170,79,178,,485,347,257,124,,45,558,134,200,133,160,,718,,
His,Sequencing Counts (NEB5alpha),280,422,542,406,966,,316,365,180,367,176,541,413,630,703,540,300,246,,336,547,204,243,482,464,294,175,174,,559,313,601,482,533,376,,217,856,585,384,255,205,256,162,609,392,279,421,615,406,462,292,540,324,197,437,187,,303,317,193,467,242,349,381,379,341,205,355,241,374,268,230,428,163,297,198,130,269,202,142,160,198,29,373,180,281,41,175,262,305,661,465,299,381,264,411,584,230,620,335,491,224,456,379,453,483,406,440,752,400,290,449,472,345,541,364,289,476,245,361,304,561,257,307,569,257,378,290,313,101,475,399,506,413,539,490,658,630,584,604,433,489,455,364,576,120,373,488,208,384,188,304,133,224,452,387,242,205,352,314,211,30,118,125,285,258,,360,337,142,421,580,355,126,35,377,228,319,174,248,234,75,,529,255,402,279,111,260,,290,507,555,384,345,540,119,436,297,270,216,446,494,291,529,620,489,594,163,177,488,521,266,345,479,396,88,524,164,437,294,63,523,1004,376,
Arg,Sequencing Counts (NEB5alpha),615,907,1087,962,2365,,575,,298,464,,556,947,1188,1746,1272,802,480,965,878,1045,503,267,909,1037,647,214,318,726,,719,1343,1172,1418,1108,403,397,1632,,987,567,472,546,284,943,590,685,682,1045,843,830,564,1086,613,952,764,402,795,,915,354,,530,658,971,440,592,295,485,,403,,352,635,353,328,,342,415,391,180,262,143,122,597,,449,85,336,494,523,1054,897,545,,605,647,736,370,1454,492,827,483,1104,874,670,,,1337,1275,310,558,1175,895,529,1171,891,486,500,371,724,669,1385,305,917,1404,550,752,758,736,308,1174,658,1186,824,845,901,1136,1047,774,1520,463,,1126,694,967,122,691,915,700,748,692,651,461,417,857,696,200,,970,693,219,65,209,378,567,,184,738,502,199,516,642,877,453,114,162,344,518,,430,411,280,493,1105,683,1159,434,267,443,370,611,577,871,625,960,923,223,813,408,346,485,994,1032,544,1088,746,,,444,358,685,1181,669,1009,974,509,86,1344,363,814,295,326,901,2015,428,
K,Sequencing Counts (NEB5alpha),67,339,178,220,534,,241,62,99,153,83,,464,406,486,263,126,194,230,207,673,395,200,470,540,224,74,117,141,357,174,319,227,202,,112,176,719,462,209,136,360,185,135,297,72,218,176,358,160,129,158,222,135,227,367,118,316,186,226,76,276,110,171,374,173,158,82,210,88,204,180,34,110,193,141,112,54,72,133,93,66,98,98,426,138,116,82,134,233,234,381,491,191,230,219,272,379,124,381,86,,494,246,232,239,250,234,433,383,254,166,224,124,145,295,232,150,265,171,202,198,345,194,175,317,123,130,178,106,239,321,100,,283,337,104,352,320,310,354,185,298,296,283,218,88,200,242,266,140,,154,,257,147,,135,273,262,276,50,45,91,114,282,174,57,211,244,225,177,184,180,125,30,188,101,286,128,156,84,207,213,329,171,382,270,27,142,89,240,100,301,132,211,168,43,243,251,212,160,257,450,230,128,554,287,225,,150,285,419,269,253,145,104,92,540,128,,,132,692,738,195,
STOP,Sequencing Counts (NEB5alpha),235,527,518,459,1338,,336,181,236,254,136,254,714,710,1159,668,398,285,541,473,679,315,220,617,494,314,184,266,405,674,307,785,740,818,558,232,240,1280,708,442,247,428,244,205,771,272,277,511,625,334,469,233,616,173,390,444,218,477,400,364,191,308,154,337,516,186,425,195,379,270,245,300,182,333,178,188,191,147,191,247,133,147,89,69,285,114,225,37,195,377,376,707,588,449,377,250,317,542,227,726,250,444,363,515,562,446,392,388,575,795,389,380,430,437,306,664,363,267,476,282,257,392,788,152,374,749,239,379,455,356,185,684,310,767,465,521,481,615,777,700,844,236,610,505,311,659,97,398,457,412,445,262,296,216,383,322,584,166,321,450,229,81,45,215,204,302,389,110,314,222,72,239,223,483,180,49,242,131,371,129,195,158,135,368,608,355,645,269,96,371,291,584,179,439,241,508,533,75,399,270,148,346,688,684,347,504,783,836,647,168,261,686,777,336,568,316,209,44,600,153,326,133,124,560,1645,331,
Trp,Sequencing Counts (SK7622),9,19,283,112,769,,54,175,20,0,40,0,38,14,236,312,161,153,211,336,128,110,17,184,254,1,10,0,15,10,7,425,578,531,444,10,51,14,40,26,15,345,11,6,3,0,3,33,23,275,10,5,20,19,193,7,66,255,259,47,16,135,361,197,34,14,178,8,1,119,66,8,1,12,0,0,27,60,34,1,9,87,0,0,2,6,63,31,54,19,97,184,136,9,196,7,65,254,176,125,75,107,42,222,22,135,257,9,281,77,36,80,44,20,11,199,6,0,3,7,6,21,18,31,27,9,5,11,229,163,40,18,75,135,91,15,94,193,,290,342,29,226,53,102,233,0,173,110,155,174,36,169,91,0,288,0,0,171,21,0,0,8,65,0,76,38,23,69,28,4,3,20,40,54,20,59,0,21,3,49,46,1,149,230,66,274,78,50,4,32,12,58,113,67,158,64,29,80,88,6,111,94,161,110,69,94,6,18,70,5,16,164,152,7,6,25,2,110,96,223,56,86,217,632,30,
Phe,Sequencing Counts (SK7622),58,481,1676,1475,4013,8,734,308,215,441,66,117,431,295,1808,2626,,377,852,924,581,290,132,537,197,71,208,60,46,136,46,1913,2258,2421,2244,97,422,87,47,946,31,,110,10,82,60,83,255,79,872,419,56,95,110,774,63,511,580,704,,78,1344,677,198,67,21,834,416,94,633,234,18,13,506,73,26,47,234,638,323,0,168,21,12,65,126,486,,328,175,233,1253,382,378,453,340,74,572,72,1806,476,901,217,770,999,,862,176,1363,732,164,221,90,20,110,956,26,11,368,137,7,189,422,,329,109,20,37,947,1041,50,70,300,692,319,29,529,1504,917,676,1616,327,658,701,279,1378,24,583,495,223,667,361,493,57,3,574,10,1,90,396,45,10,9,73,10,233,737,215,779,193,37,5,443,642,606,27,221,241,362,132,233,165,59,99,1479,511,916,,106,391,358,503,297,450,294,1193,764,217,1306,201,22,147,863,1172,121,941,370,258,205,307,11,61,482,190,11,17,388,3,413,57,456,220,108,449,1228,94,
Tyr,Sequencing Counts (SK7622),47,411,1621,622,2830,,267,420,45,339,163,24,52,314,,947,458,509,641,473,1342,269,49,893,554,35,33,13,48,127,52,1182,1044,1161,810,290,251,145,148,354,18,522,16,25,111,44,49,33,224,,68,1,41,225,266,25,,600,567,660,81,466,495,333,37,16,561,292,23,336,265,14,22,555,12,57,43,86,217,97,15,191,96,20,46,105,123,38,161,35,321,552,813,73,295,159,97,478,96,421,690,556,322,378,509,738,644,25,499,638,197,122,187,36,41,152,24,12,105,13,8,42,53,416,160,54,24,38,384,369,53,52,316,922,273,31,330,837,258,,807,474,554,60,205,767,28,374,451,120,298,99,266,89,11,401,16,4,203,75,6,2,,79,13,523,252,177,351,203,61,7,447,,83,22,305,112,257,245,309,191,77,157,537,216,542,426,94,231,232,102,330,639,227,454,629,157,398,229,90,194,332,449,174,530,878,248,52,85,7,46,385,322,16,7,364,32,465,204,534,260,95,687,1511,348,
Pro,Sequencing Counts (SK7622),54,318,,461,2759,,699,409,74,226,316,93,218,444,151,596,93,58,159,1999,2309,499,74,420,127,173,26,48,221,1769,100,225,1365,2413,1750,711,107,271,153,147,124,182,66,32,139,105,71,169,114,78,140,83,139,26,80,159,34,239,90,175,,1023,120,1527,1059,45,574,33,94,346,63,70,67,132,66,54,52,24,520,137,59,43,23,41,59,77,107,1,180,53,997,1692,606,44,180,234,397,,478,843,895,297,720,949,863,1295,896,889,1203,1626,616,355,262,59,54,141,34,46,82,74,57,32,101,18,75,66,43,41,623,608,34,76,26,1099,160,45,87,398,76,55,344,1275,705,54,693,873,64,1023,,58,607,412,75,61,49,,41,73,28,25,17,8,1,5,19,730,455,238,75,,194,,745,210,508,205,293,274,592,345,598,252,335,390,722,65,645,59,9,11,25,281,624,1426,842,805,1050,543,465,,562,773,31,762,21,1391,1298,77,450,271,30,36,84,142,24,30,28,15,64,20,1153,341,229,1896,2928,810,
Met,Sequencing Counts (SK7622),,83,619,328,697,5,410,24,99,170,124,106,115,555,98,593,85,194,515,684,503,564,137,775,1149,38,89,38,30,80,6,191,372,657,865,108,234,110,445,541,24,514,239,3,61,14,112,83,239,407,71,293,30,178,295,204,227,296,501,277,243,393,264,357,69,31,387,,18,8,,153,59,255,412,5,280,84,51,141,85,82,74,263,46,62,246,202,136,254,86,455,293,299,454,366,84,502,132,420,257,223,599,717,195,519,448,147,497,208,309,195,273,34,185,679,6,15,353,63,8,128,338,114,439,37,15,26,439,207,366,71,114,599,400,98,217,571,432,603,439,351,372,422,415,555,368,180,351,330,177,204,192,282,9,282,6,74,113,268,55,20,51,143,52,499,308,40,353,247,87,134,93,74,207,84,111,78,286,45,303,172,244,149,344,194,464,426,88,141,130,235,193,460,190,400,344,117,256,488,275,315,110,397,112,358,381,359,121,108,2,128,475,295,59,8,191,133,663,187,441,285,270,455,1140,252,
Ile,Sequencing Counts (SK7622),92,451,2390,,5772,,665,489,553,639,558,463,1316,217,357,2698,213,961,1471,1388,3407,2340,1168,1544,1569,213,662,321,134,1018,74,979,1475,2084,2583,109,41,222,2156,784,40,320,1067,44,160,206,,1019,308,738,1430,,146,725,507,1503,450,849,809,858,126,1006,587,190,107,111,1223,361,163,192,747,183,165,967,482,610,43,180,666,107,223,219,383,426,70,401,393,321,149,807,795,1925,1614,1187,1148,531,228,1371,143,2008,1252,1734,1274,840,1349,1732,1090,532,1219,751,,576,470,117,342,1392,32,44,1253,,29,102,2176,206,1077,117,46,66,,547,835,1173,273,1968,1376,,1172,1666,1567,836,1285,993,634,1304,965,1677,,467,693,368,827,311,604,593,34,264,12,13,363,750,31,34,193,268,7,948,585,214,815,786,351,200,1171,263,657,118,556,466,926,381,410,469,375,343,1326,485,1435,699,199,,604,1072,692,2360,396,1240,1649,308,1424,1126,692,516,717,1570,26,1157,666,1282,431,431,39,49,1521,1464,470,13,746,346,1446,469,1440,949,317,1366,2533,955,
Leu,Sequencing Counts (SK7622),357,1124,3960,2947,10915,2,2157,753,,1325,502,746,,1965,791,5908,458,2011,3097,3779,2603,,,2154,2636,474,,274,350,1447,217,5204,5672,6725,6033,178,788,693,1621,,174,1047,,103,360,229,3067,,570,4424,2406,1665,293,1578,3049,,1461,3176,3285,2101,720,3012,2720,1608,321,113,3642,1478,175,343,1967,725,114,2418,,68,103,797,1516,1037,,694,165,,48,428,1096,286,948,,700,3750,1553,,2055,,335,2864,387,4124,,2972,1192,3457,3020,2448,2869,1569,3520,837,1547,,797,795,1382,4029,179,27,,1355,148,224,5536,892,,219,65,144,2823,1817,213,1029,220,2769,,1937,,4508,3838,2074,3691,1182,2646,,1735,3905,269,2063,2106,1081,2070,1124,306,625,41,1361,46,23,631,,100,26,132,,444,1025,1691,615,,1014,,310,2101,627,,288,818,1054,1324,672,1114,1038,231,472,3548,1582,2509,1159,531,1539,1383,2498,2829,1775,1405,3483,,613,3354,626,702,1171,1453,3378,171,2559,901,2749,1551,1344,24,98,2336,1369,1105,46,1512,120,1855,,2277,1026,,1753,,928,
Val,Sequencing Counts (SK7622),79,217,2267,912,,23,302,381,151,387,492,171,1651,422,228,1991,168,1141,1878,1829,2918,1826,909,2172,2464,1459,773,738,134,1545,51,2756,1444,2258,2108,70,74,292,2342,617,79,459,731,67,183,309,915,786,512,1027,,630,1206,371,1648,2219,429,1759,518,948,331,1179,,727,408,82,898,429,98,675,879,419,69,840,238,,48,121,392,241,347,434,271,303,114,384,309,142,275,921,662,1144,1902,697,1084,895,264,1417,259,1246,1410,990,1347,978,1261,1453,747,757,1786,1232,1164,337,685,137,392,,73,61,1617,835,42,420,,506,661,111,37,70,1001,793,1130,,453,2274,1987,1812,1055,1605,1092,839,2201,1195,476,649,1285,1369,781,990,735,762,711,660,1013,893,71,896,33,25,751,533,105,36,221,301,57,1671,819,225,779,1022,341,1053,1007,195,662,,,235,,507,426,273,401,506,1392,700,2089,884,329,637,533,863,414,,697,726,926,471,1096,1211,,,654,1089,46,838,955,1104,560,303,165,42,1660,1625,1079,170,492,161,2028,610,1571,897,645,2194,3866,792,
Ala,Sequencing Counts (SK7622),9,763,852,169,1834,,267,875,176,120,629,187,746,1199,95,949,30,502,1270,319,2124,392,358,1439,1442,,148,660,187,1419,179,,697,1294,1102,724,362,214,679,45,49,162,55,25,34,716,106,98,1305,413,756,59,,142,,174,138,900,613,465,192,576,483,612,122,516,774,283,77,358,347,417,,287,246,264,84,329,109,342,73,,224,43,,520,107,76,312,395,742,712,1790,115,358,212,930,857,470,564,904,670,1002,625,697,830,965,290,720,1628,577,320,,437,289,494,46,,174,134,447,662,766,676,597,72,295,95,885,590,704,606,393,1638,1259,275,713,1127,572,121,1777,907,710,110,1276,1098,251,574,577,573,228,468,676,767,104,929,17,83,491,59,49,7,149,200,99,1209,353,60,512,847,250,555,339,69,446,262,369,249,597,333,181,79,,380,701,334,1465,371,342,252,357,330,219,1285,435,495,272,291,400,645,645,572,766,393,584,743,1566,286,369,227,,621,1304,,,,353,154,,223,928,543,423,1444,2986,581,
Gly,Sequencing Counts (SK7622),35,363,787,164,1463,,253,1248,49,113,420,129,106,,100,232,36,768,1022,588,1013,538,46,1033,1097,436,34,48,48,919,367,1097,1002,1424,1095,250,466,143,611,64,93,157,26,,124,402,64,60,2185,365,98,19,933,304,1080,125,70,1392,502,199,207,882,345,585,104,,578,60,110,286,82,139,91,235,23,76,108,,209,130,25,295,315,9,890,474,141,32,301,41,,722,1262,16,596,193,,772,,650,859,344,820,,,779,734,402,956,1734,245,297,764,503,248,44,43,248,68,26,,,42,283,40,31,124,548,488,602,357,49,393,1864,125,88,457,1078,61,19,1691,649,211,26,1021,748,88,564,232,,335,388,1763,307,59,784,28,91,439,11,92,32,43,105,39,,391,92,451,462,313,485,512,56,456,123,265,95,525,221,,187,325,457,857,517,1180,17,201,270,343,320,150,1196,410,,306,276,463,549,459,518,,524,,621,717,229,449,317,468,509,1079,1119,1201,381,124,65,1755,463,1324,527,425,1435,2630,515,
Cys,Sequencing Counts (SK7622),20,188,1421,213,2074,,418,655,16,98,158,89,164,732,144,889,54,205,561,460,263,107,117,747,572,375,311,321,38,608,38,828,1113,1218,770,173,107,36,557,225,46,205,19,37,37,648,153,79,820,477,528,81,895,166,712,339,304,493,266,543,93,705,334,387,42,94,517,219,58,348,145,95,117,395,58,45,128,229,343,218,31,147,98,16,71,119,191,64,172,123,187,392,,174,490,226,167,290,184,805,352,633,335,391,199,648,494,426,817,563,290,113,419,277,275,277,17,287,218,126,134,360,656,146,250,62,65,440,416,378,147,605,339,808,537,487,266,892,290,207,1011,169,276,88,347,758,163,359,230,191,341,211,244,104,151,427,7,42,133,237,53,13,45,104,10,261,213,116,388,214,35,282,318,179,186,78,111,78,197,104,147,192,42,97,357,242,685,147,98,209,234,,149,244,119,489,635,98,503,173,46,109,442,396,208,675,285,207,253,116,113,224,369,272,460,207,155,18,550,137,300,147,104,431,1037,153,
Ser,Sequencing Counts (SK7622),77,1190,4332,1222,5954,1,1110,2856,153,620,1219,1006,795,1786,292,2908,129,1135,2596,1993,3068,552,215,2827,1295,870,144,722,142,3511,,2224,,,2726,1323,903,389,1463,268,101,137,169,109,117,,52,95,,891,1078,28,2894,748,1446,119,409,2035,1220,674,381,2107,733,1604,184,225,1363,418,,1198,148,545,676,904,45,269,354,522,527,885,44,458,316,15,692,502,761,75,704,108,940,2164,1823,276,1563,386,1183,1574,595,1922,1371,1374,,1408,1490,1931,1734,1336,1769,,1115,786,1171,467,778,176,68,637,128,49,127,1333,524,579,441,148,,1339,1125,1277,554,992,1012,2775,852,171,1188,1985,432,169,3173,1318,1151,86,1226,2266,254,,1072,1009,841,695,1032,597,414,1555,48,796,544,43,74,11,220,382,43,1094,827,337,1078,554,143,739,840,555,762,199,680,329,1024,469,446,439,539,624,1421,795,1778,710,325,817,469,987,477,1596,,1376,1064,,1100,615,441,921,1622,1592,728,,,678,1374,333,811,1247,1566,1236,1422,728,495,216,2197,384,1680,790,328,2319,4380,681,
Thr,Sequencing Counts (SK7622),128,1297,1955,1415,3038,22,1114,701,172,809,708,377,1557,529,119,,41,919,1211,1500,3535,2439,107,2314,2275,758,115,,118,1323,122,1954,1319,1858,1478,1132,43,211,2954,239,51,441,81,63,92,637,190,81,1501,798,1328,337,1816,685,1179,320,319,1389,613,649,446,1849,698,1029,94,82,351,335,1071,500,361,797,237,,40,255,162,191,444,,147,262,371,108,177,543,276,112,501,203,642,1506,2373,482,1090,549,289,1434,473,837,1276,912,2225,500,731,1122,1033,756,894,2156,1310,362,485,166,,1018,20,107,324,138,70,353,674,429,382,80,211,458,863,524,,1113,668,1738,1597,374,786,1270,472,416,1429,,620,309,1343,1185,667,674,659,727,472,399,829,699,70,886,18,,658,76,51,3,154,331,22,961,587,94,893,851,332,618,,339,440,223,687,215,1115,427,306,414,646,612,1100,605,1309,843,,482,303,691,484,1973,603,879,739,233,833,919,557,780,594,,82,1104,1517,798,475,169,264,495,1290,1469,743,230,392,291,2283,292,1274,865,484,2155,3238,811,
Gln,Sequencing Counts (SK7622),38,384,928,741,1325,0,637,261,21,,83,52,126,678,55,451,45,190,449,,1245,123,28,,,5,29,136,184,343,69,960,829,1226,961,238,414,1208,278,294,28,33,30,35,102,9,37,54,712,378,83,47,54,580,399,79,119,721,347,284,221,760,325,658,163,20,536,84,56,469,125,168,168,468,46,15,340,71,186,152,18,115,68,8,32,297,216,0,194,13,266,885,374,344,178,310,153,926,136,406,135,526,449,741,548,322,532,555,732,284,96,304,530,75,108,154,12,6,23,15,23,73,26,4,377,35,67,199,326,,89,33,221,765,159,25,348,804,146,68,,234,478,43,627,529,37,359,639,258,378,220,,132,14,311,4,36,191,13,,16,34,105,,228,269,114,359,354,73,137,479,109,199,54,191,,374,118,300,150,46,225,687,,353,133,77,58,434,122,,218,490,486,423,125,366,118,148,247,561,1095,334,326,276,337,527,198,6,601,,270,31,22,437,,317,145,370,63,149,411,1343,239,
Asn,Sequencing Counts (SK7622),14,,941,367,1208,11,,439,5,188,393,523,46,297,24,444,18,,665,609,2482,668,23,718,662,34,18,68,24,111,47,308,700,986,610,367,,154,869,19,5,146,12,47,71,35,37,24,856,118,28,41,42,,153,64,80,284,237,286,24,823,277,436,44,34,331,25,52,282,14,139,9,297,22,52,75,24,,137,7,56,120,3,60,143,150,36,296,7,223,645,739,37,493,61,288,437,282,645,522,534,722,215,413,491,402,392,330,1166,322,87,223,341,48,22,0,21,35,77,4,22,72,16,33,87,26,198,310,281,297,11,171,701,188,61,316,,69,56,686,427,218,24,461,555,105,196,203,196,224,116,129,194,31,311,13,29,133,2,128,5,81,161,13,508,158,90,341,364,103,110,295,138,135,17,305,191,407,220,160,161,152,305,486,135,588,130,109,146,171,253,181,688,202,235,402,112,262,313,352,167,316,416,394,341,515,207,216,118,2,78,168,280,11,14,187,82,83,92,459,409,84,745,1285,388,
Asp,Sequencing Counts (SK7622),20,264,265,184,805,,217,336,14,44,397,103,121,612,78,207,11,677,660,354,1006,152,41,720,722,51,3,11,25,311,33,580,638,781,446,442,42,724,103,24,29,36,13,38,,26,29,15,847,19,44,2,36,236,106,109,48,394,110,124,113,440,234,,121,72,,21,54,94,38,16,19,114,20,116,40,114,235,31,12,89,184,0,10,159,133,0,180,14,271,489,447,22,145,30,134,331,113,479,319,184,375,246,340,442,265,32,458,136,15,40,74,,8,34,20,6,43,0,23,23,40,8,39,,4,,42,145,3,35,203,751,69,17,151,647,23,11,735,310,242,6,,466,9,259,178,333,,143,226,89,,345,12,6,104,1,2,11,70,6,2,396,106,91,300,260,11,10,422,6,93,88,232,66,348,330,72,72,48,122,,101,662,24,225,5,254,4,154,540,162,285,291,45,328,232,268,225,297,363,248,281,207,9,17,134,12,352,61,630,10,16,183,111,18,7,762,184,91,556,1301,478,
Glu,Sequencing Counts (SK7622),5,348,652,371,1553,,163,175,14,164,238,235,51,528,27,192,47,214,289,578,,130,37,777,1245,30,7,51,24,20,22,424,395,661,506,16,48,,290,63,,19,34,14,56,5,20,34,267,17,20,30,39,350,332,64,19,627,153,147,145,368,200,373,,13,251,21,13,113,22,312,14,40,14,106,30,119,111,68,3,192,,0,36,83,,6,,15,366,,597,23,283,78,46,416,126,,86,266,689,406,343,206,320,129,,49,14,214,97,30,5,8,,9,20,8,10,6,42,9,140,108,5,69,109,102,175,24,,690,32,22,146,273,43,42,616,280,154,9,559,,25,125,139,291,213,110,174,79,29,119,22,8,160,3,29,,71,54,7,301,165,89,213,361,13,11,321,15,150,80,238,42,380,122,152,,109,93,286,169,,30,48,15,206,26,134,157,326,84,120,86,,351,316,145,170,532,210,177,116,8,6,88,7,,365,401,3,7,,91,50,100,279,121,114,,1122,,
His,Sequencing Counts (SK7622),29,801,1164,315,2292,,754,678,30,489,364,317,75,536,832,961,69,502,,439,963,655,93,596,614,53,39,111,,91,12,907,1208,1167,970,,183,119,140,209,28,453,55,7,79,82,12,121,576,784,58,74,44,453,472,47,272,,398,697,298,646,447,485,28,54,914,71,106,251,154,47,28,604,84,99,23,75,358,179,65,229,262,21,13,181,282,57,403,30,317,1024,682,131,427,170,346,882,355,965,530,651,213,817,359,614,610,455,788,1205,527,197,232,36,144,61,7,18,28,10,12,11,24,108,133,64,33,170,329,476,78,57,446,740,178,28,643,897,376,88,838,706,505,37,566,1139,54,601,633,244,547,89,234,14,52,533,12,6,237,7,40,9,19,64,18,238,293,,534,291,109,143,750,281,119,22,253,299,387,212,277,297,153,,850,258,443,234,119,80,,43,699,838,509,667,610,175,545,304,330,186,333,587,407,637,564,522,240,100,6,451,506,362,8,10,463,71,303,175,534,358,69,576,1332,510,
Arg,Sequencing Counts (SK7622),136,408,2681,1251,4147,,776,,26,528,,408,102,896,529,2061,99,1246,2642,1761,1712,701,26,1460,1841,117,22,350,1205,,150,1759,1596,2199,2455,170,60,196,,210,11,97,66,69,173,94,120,80,159,126,144,31,152,860,971,65,79,1594,,998,523,,722,1446,88,66,623,55,129,,183,,116,834,71,11,,327,690,423,21,278,171,6,67,,596,55,652,55,422,1646,600,41,,495,250,1495,263,856,1193,1257,623,1307,904,1383,,,1464,1089,270,353,664,335,19,74,83,31,28,23,48,56,95,105,715,136,259,254,392,999,353,123,573,1845,763,66,979,1733,260,77,2304,758,,68,993,1365,9,973,600,438,698,720,505,325,15,701,54,4,,26,42,12,160,112,25,785,,248,1125,692,263,15,893,226,683,143,244,387,732,,547,547,315,494,986,571,1468,412,276,26,674,63,763,606,708,1328,1077,348,905,545,293,514,1404,1560,600,1430,468,,,695,9,35,1076,833,50,21,489,92,199,444,1239,287,371,1225,2694,440,
K,Sequencing Counts (SK7622),17,412,683,468,1592,,495,39,39,157,226,,128,412,89,553,25,354,606,352,1241,507,6,1026,602,49,6,20,90,490,19,302,317,285,,167,37,102,790,37,24,65,5,15,17,6,66,29,53,42,9,10,16,130,289,32,1,665,295,256,161,685,194,115,60,45,205,32,23,150,102,321,7,159,15,2,192,93,60,113,9,42,146,131,41,317,195,115,247,21,256,561,318,12,378,171,75,431,23,167,224,,644,276,240,363,541,131,471,429,211,214,110,6,7,16,41,7,6,11,7,29,38,33,106,28,61,83,213,165,201,35,120,,291,23,120,400,52,32,527,313,365,38,338,306,35,249,130,212,141,,41,,18,94,,2,278,5,14,7,69,68,8,429,245,49,311,280,204,11,238,37,192,31,378,130,331,102,190,103,274,59,254,140,525,298,34,7,65,5,218,138,164,182,349,51,278,336,195,341,192,499,228,112,502,369,284,,1,29,359,340,14,6,180,41,153,75,,,119,877,1174,203,
STOP,Sequencing Counts (SK7622),7,53,62,70,201,,25,12,32,65,40,36,57,78,114,101,77,13,72,124,151,20,36,107,56,43,41,79,48,69,33,113,84,75,89,21,46,208,106,71,50,66,25,16,33,26,18,84,136,74,45,11,69,42,36,68,92,78,31,31,10,57,19,44,88,0,48,24,85,52,48,17,16,32,16,1,5,16,10,22,7,7,11,1,10,7,38,1,25,13,18,56,33,21,23,7,33,67,24,66,53,53,24,63,76,36,38,20,58,35,22,19,20,50,9,45,51,6,26,13,11,16,56,16,59,40,17,35,80,52,6,47,44,50,26,23,33,43,138,52,98,23,61,45,32,37,4,21,37,32,9,5,27,13,7,8,11,4,9,23,23,15,22,6,29,21,9,7,10,2,5,3,4,26,3,0,6,9,15,8,4,7,28,19,13,37,27,22,3,8,19,11,32,9,11,24,22,5,42,8,6,16,54,6,21,27,18,38,25,5,18,26,48,8,22,7,14,17,27,11,23,16,22,840,2106,399,
Trp,Variance,0.000381656,0.000105228,0.010055878,0.004261091,0.00408276,,0.001861539,0.00509374,0.001372356,,0.003474332,,0.000397023,0.000221729,0.001176759,0.003026826,0.004257858,0.006695708,0.003872211,0.006167328,0.016985101,0.045544695,0.012887437,0.010721286,0.012035472,0.000120131,0.000478415,,0.000602895,0.000130898,0.000162153,0.013187947,0.010061073,0.011349693,0.013995641,0.000746226,0.001336897,6.25981E-05,0.000489161,0.000435931,0.000515887,0.037978012,0.000381626,0.00032339,3.13066E-05,,0.000868957,0.001089299,0.000598256,0.018176215,0.00020932,0.000254687,0.000210553,0.002325254,0.004764167,0.000373346,0.020904886,0.003513913,0.005732595,0.002234507,0.011882718,0.011514115,0.53303653,0.008989674,0.000249271,0.001103432,0.018054721,0.00100543,0.001080778,0.008678236,0.130032565,0.000513567,0.000480456,0.003395185,,,0.010237925,0.049442644,0.047525391,0.000699793,0.003356083,0.010535436,,,0.000252327,0.001090822,0.022212893,0.295948704,0.04791959,0.000886931,0.019656188,0.009236992,0.013757,0.001204758,0.019486354,0.000969706,0.002797306,0.012390239,0.073179932,0.003062853,0.01523712,0.019424134,0.009200263,0.005174743,0.000749451,0.024014599,0.058807934,0.000442319,0.0092479,0.001047902,0.004504523,0.009842912,0.000587769,0.000811686,0.001108365,0.002031737,0.000297197,,9.15271E-05,0.000885331,0.000408621,0.001158021,0.000204868,0.014498152,0.00067754,0.000145645,0.000579263,0.000748735,0.003280404,0.020234277,0.015919974,0.000285649,0.003849753,0.004250565,0.003708128,0.000334278,0.007195852,0.006339272,,0.012003455,0.003748187,0.005616094,0.021083767,0.004378161,0.005284809,0.01210104,,0.004759061,0.003419811,0.002644224,0.011025998,0.002064549,0.024867402,0.006277866,,0.007981929,,,0.079930611,0.001056987,,,1.809355673,0.022292546,,0.007998647,0.007356723,0.633285016,0.039609847,0.022766955,0.133669527,0.003231916,0.06695846,0.006006882,0.022681968,0.047632434,0.09238402,,0.005646544,0.009316807,0.013204195,0.022586,0.041582962,0.009817498,0.018303521,0.007043673,0.012623519,0.011143522,0.089973128,0.000452334,0.011355551,0.000872875,0.031863384,0.019918564,0.046418337,0.018997543,0.009105479,0.010402304,0.010428259,0.46352212,0.032027621,0.036323148,0.005786606,0.011851546,0.052861341,0.009114843,0.003359916,0.000494724,0.000425042,0.01985193,0.000447991,0.000955439,0.001773847,0.017486388,0.000252009,0.000131188,0.019484456,0.096800488,0.003590499,0.00998176,0.011286265,0.141035478,0.035644875,0.027118391,0.002575495,0.996767681,
Phe,Variance,6.42558E-05,0.005006981,0.003594232,0.001721781,0.000408478,0.032653661,0.008117755,0.001581809,0.01035614,0.001852287,0.003727935,0.002794598,0.004483259,0.000767406,0.00019842,0.000858359,,0.00319776,0.001267333,0.002229988,0.001736072,0.007300819,0.008924162,0.005068447,0.001171636,0.000427398,0.004576351,0.000456444,4.17391E-05,4.20659E-05,5.29898E-05,0.000454104,0.001257327,0.000708045,0.001041664,0.000612713,0.008414763,1.9749E-05,0.000150578,0.001751625,6.62565E-05,,0.001133911,0.000312632,3.63378E-05,7.25622E-05,7.76633E-05,0.000156833,0.000167543,0.000981417,0.000227335,0.000544572,2.89226E-05,0.002177713,0.00231418,0.000515235,0.010108878,0.00375505,0.002506178,,0.001985264,0.00156645,0.00287047,0.001643012,6.59899E-05,0.000267743,0.000823448,0.00733393,0.000151208,0.001540833,0.002208173,0.000210555,2.5768E-05,0.002581412,0.019780679,0.000727783,0.000689162,0.001503264,0.003028926,0.002035175,,0.026314769,0.015981836,0.048564618,0.004679658,0.140150437,0.005845624,,0.008950837,0.008696553,0.007271267,0.001699766,0.005926627,0.001127355,0.002972846,0.006040394,0.000528087,0.005262283,0.007196516,0.000587823,0.003353805,0.001356034,0.005869483,0.003034932,0.00103938,,0.002367897,0.000245549,0.000813996,0.000759295,0.001981343,0.001800777,0.000293436,3.42539E-05,0.001438274,0.001493994,0.000141632,0.00014217,0.001110172,0.001800262,2.93727E-05,0.000518307,0.00011145,,0.001270983,2.16197E-05,9.11223E-05,2.07477E-05,0.002161549,0.002604501,0.004585082,5.81442E-05,0.00063798,0.002185908,0.001900017,4.45221E-05,0.001263987,0.001818269,0.000609553,0.003283451,0.001417821,0.003899175,0.001213237,0.001470965,0.005523736,0.001062563,0.00442307,0.003558705,0.002978383,0.003549773,0.00155577,0.001847579,0.002789651,0.004939659,9.6822E-05,0.002998844,0.000123349,0.000170424,0.007988652,0.003685071,0.003033611,0.000282324,0.033525232,0.004808707,0.000338301,0.007868064,0.002464997,0.007049017,0.00260396,0.013620745,0.017372806,9.18035E-05,0.010305948,0.001176963,0.003767487,0.024641874,0.007348819,0.019736145,0.005738261,0.01949088,0.003483872,0.008658993,0.079631149,0.006008812,0.002953897,0.004647112,0.002554373,,0.00308438,0.003185647,0.003693744,0.000910317,0.00721766,0.006246132,0.011446666,0.001819811,0.00160651,0.049843974,0.002548971,0.03642711,0.010536487,0.014601063,0.000779695,0.003129754,0.002402939,0.002416162,0.00226361,0.000422525,3.9304E-05,0.002420867,0.000637908,0.000124931,0.002305061,0.014005919,3.40722E-05,0.000105436,0.011992491,0.006135042,0.005380719,0.007553908,0.004822124,0.014619859,0.127455835,0.005649836,0.002330764,0.007828857,
Tyr,Variance,0.000395716,0.001139514,0.008019515,0.003521327,0.003266551,,0.001561008,0.001741866,0.001163015,0.002214708,0.009936434,0.000108892,0.000118017,0.000527224,,0.002469828,0.002591154,0.006256882,0.001806759,0.003737518,0.003228836,0.001922951,0.000799837,0.002160037,0.00455173,0.00017528,0.000354839,7.51756E-05,9.14666E-05,0.000210956,0.000766434,0.006182165,0.002220271,0.004077194,0.003781177,0.003332433,0.008557661,6.86185E-05,0.000131892,0.002366906,0.000275611,0.003559558,0.000209323,0.000610529,8.38574E-05,0.000139996,0.000203889,9.98918E-05,0.00044144,,0.000138142,1.51128E-05,5.22238E-05,0.006472003,0.001925437,5.00181E-05,,0.006693509,0.010950231,0.007291305,0.003536509,0.003296816,0.037292666,0.00300512,0.000140737,8.91835E-05,0.002262434,0.00456167,4.34054E-05,0.00326412,0.002041501,0.000130005,0.000244592,0.003900677,0.000577077,0.000764139,0.003251656,0.003868826,0.002438355,0.002794295,0.001461468,0.011481666,0.010388333,0.004827608,0.000524245,0.016161715,0.002428786,0.047333948,0.006014481,0.000427729,0.004096073,0.002672839,0.004103872,0.000591509,0.003337309,0.006585666,0.000595447,0.005602222,0.003798938,0.0006997,0.007566347,0.004362803,0.00879584,0.002635693,0.002847848,0.006723259,0.005750255,0.000170409,0.002944883,0.00089922,0.000775319,0.001601528,0.002173925,0.000110491,0.000477547,0.00045731,0.000254308,9.9948E-05,0.000216454,0.000110604,0.000154443,0.000372984,7.66917E-05,0.014968529,0.002005451,9.36234E-05,0.000418497,0.000245987,0.003764284,0.0084884,0.002186434,0.000106029,0.002375295,0.003236119,0.001197648,7.35382E-05,0.001705437,0.003191345,0.0004811,,0.001877569,0.00388011,0.00365717,0.000318687,0.002689133,0.003606316,0.002313132,0.005007936,0.006503677,0.001860085,0.004133913,0.0029576,0.003885485,0.008945862,7.29834E-05,0.004640639,5.39306E-05,0.000166804,0.009902259,0.000760824,0.000146202,0.000184379,,0.006511621,0.000456685,0.01265553,0.005039932,0.040829407,0.007676302,0.006018657,0.004868263,5.15494E-05,0.010760921,,0.006565429,0.018636509,0.007599067,0.008290846,0.004090387,0.02857928,0.011642021,0.005765858,0.008534726,0.004047465,0.003241861,0.007945715,0.004704113,0.004090494,0.009262973,0.008473473,0.007271269,0.00098204,0.016127425,0.003661717,0.007204145,0.006581585,0.004252334,0.023778654,0.004188247,0.014832388,0.017189236,0.008721322,0.001054866,0.007912735,0.002093064,0.002871847,0.001556986,0.00224044,0.000149116,0.005403192,0.00012075,0.000143324,0.001551967,0.009099177,0.00013759,4.1043E-05,0.010475501,0.02579772,0.003519968,0.01883854,0.003281763,0.009091504,0.03288591,0.00269013,0.001687289,0.01233766,
Pro,Variance,8.26202E-05,0.000126499,,0.000375343,0.000525332,,0.000875736,0.00038284,0.000302545,0.000258689,0.00133922,7.63739E-05,4.35016E-05,0.000125308,4.09617E-05,0.000234464,8.30042E-05,4.06802E-05,4.29843E-05,0.002354933,0.000668972,0.000525761,9.22099E-05,0.000175936,4.91384E-05,0.000135056,0.000100911,7.23916E-05,0.000119528,0.000608569,9.6865E-05,4.77131E-05,0.001030569,0.001942328,0.001738124,0.001267163,0.000139243,2.78775E-05,3.22602E-05,0.00011421,8.23213E-05,7.06875E-05,4.5279E-05,4.76153E-05,5.38801E-05,7.92462E-05,4.86911E-05,0.000102907,2.46657E-05,4.18022E-05,4.48465E-05,5.79245E-05,3.58653E-05,3.27528E-05,4.91178E-05,5.84413E-05,7.0283E-05,0.000113415,5.95369E-05,0.000182775,,0.0008894,0.000255065,0.001889185,0.000592934,5.09464E-05,0.001005359,5.86342E-05,5.56384E-05,0.001021524,0.000112028,5.43368E-05,0.000173194,0.000164049,0.000108574,0.000155701,0.000241183,0.000454434,0.003824552,0.000394883,0.000318758,0.000221273,0.000450119,0.002128408,6.77288E-05,0.000913963,0.000528446,0.000184056,0.000804386,5.56957E-05,0.001985974,0.001451535,0.00056996,0.000101192,0.000261647,0.000361917,0.000609885,,0.003053182,0.000890829,0.001354442,0.000435487,0.001968055,0.00102254,0.001211346,0.002021279,0.001360845,0.001800681,0.001130531,0.000740296,0.000897656,0.00068763,0.000346529,6.57408E-05,6.35491E-05,5.82993E-05,3.13442E-05,0.000105642,7.55675E-05,8.85235E-05,3.80225E-05,3.58836E-05,4.36728E-05,3.04457E-05,4.64055E-05,2.86137E-05,9.16401E-05,3.28206E-05,0.001071375,0.001921681,7.62502E-05,5.50138E-05,4.02898E-05,0.000859958,7.62073E-05,1.67949E-05,4.98656E-05,0.000210463,3.14595E-05,3.52482E-05,0.000108543,0.002505295,0.0005693,2.85896E-05,0.000778222,0.000772883,0.000420257,0.003099183,,8.16497E-05,0.002712929,0.002818398,7.83058E-05,0.000175832,4.28316E-05,,3.99474E-05,0.000131027,5.75957E-05,4.26363E-05,2.85455E-05,6.60472E-05,0.000156796,7.45787E-05,3.07582E-05,0.00165576,0.002230838,0.003443741,8.6883E-05,,0.004186093,,0.00175786,0.000273635,0.00156903,0.014973806,0.002142699,0.001594549,0.002372614,0.002746617,0.002548475,0.00200968,0.01160559,0.001164276,0.000783691,0.000145664,0.000715456,0.000118477,0.000132482,2.70963E-05,7.87412E-05,0.000690466,0.001753135,0.001179514,0.002598508,0.002729492,0.002190312,0.011953935,0.001086919,,0.006612179,0.002974715,3.25836E-05,0.000975847,3.89563E-05,0.001606172,0.000813254,5.53272E-05,0.00041462,0.002143287,6.26288E-05,3.92461E-05,3.22685E-05,0.000157298,1.48666E-05,3.28073E-05,0.000106061,0.0020753,2.50201E-05,0.000109901,0.001385461,0.001907356,0.001467324,0.001362825,0.000982903,0.00242952,
Met,Variance,,0.000381017,0.020247018,0.002417034,0.001469297,,0.009540463,0.006026071,0.002715024,0.015789475,0.011313444,0.001243736,0.000193611,0.002768131,0.000196806,0.002953784,0.001301159,0.004368868,0.009182944,0.010325181,0.011780468,0.00384818,0.006880638,0.005715481,0.005574972,0.000120096,0.009256131,0.001699471,0.000274114,0.000452254,3.08091E-05,0.001256598,0.002737281,0.007235168,0.006197187,0.002057928,0.012153077,8.8081E-05,0.002186395,0.005849346,0.000262081,0.003209526,0.01133629,7.23175E-05,0.000171656,0.000270495,0.0021329,0.001086383,0.001467771,0.003544039,0.000596661,0.005885239,0.000128462,0.004639771,0.001751088,0.001113313,0.007673676,0.001573896,0.007380896,0.001888012,0.013217147,0.003232143,0.009292946,0.005847208,0.000137497,0.000173136,0.011078916,,0.000264076,0.000153429,,0.001299766,0.009800719,0.009789873,0.007307107,0.000579263,0.048690841,0.030306317,0.006954893,0.007469337,0.010464908,0.01080328,0.042641774,0.012493332,0.000222469,0.001873349,0.031898735,0.009983448,0.018723236,0.007990246,0.005930867,0.004071067,0.002642218,0.007817768,0.010336163,0.008107121,0.000695247,0.007150717,0.002709506,0.003621229,0.009207772,0.010397906,0.005046215,0.006628487,0.001864245,0.010207389,0.008019646,0.002081494,0.00280942,0.001494907,0.016783495,0.008705296,0.001558697,0.00078858,0.006386401,0.005388751,7.68629E-05,0.000514034,0.019027417,0.001856105,0.000209088,0.002970017,0.001474867,0.003702605,0.007613352,0.000163559,0.000366669,0.000416831,0.00571604,0.023923593,0.003930333,0.000415854,0.004183626,0.004137669,0.007080399,0.001147727,0.007807025,0.009224727,0.006820397,0.005420915,0.004563764,0.005811832,0.011820594,0.003263872,0.004738221,0.012483816,0.021065718,0.006694522,0.002314378,0.002660443,0.003596288,0.00628258,0.013280217,0.003215475,6.89339E-05,0.020411774,7.33298E-05,0.000869379,0.007386269,0.003370923,0.000403863,0.002260807,0.032202916,0.061441164,0.00202103,0.007302686,0.012173174,0.03804038,0.011379489,0.007457192,0.004850272,0.006774663,0.004658428,0.001754656,0.00540164,0.070380083,0.014576116,0.007927937,0.012803126,0.015349354,0.010009425,0.011593137,0.011261621,0.006320749,0.004319803,0.009104766,0.003789303,0.015276355,0.075943831,0.013145049,0.005659282,0.006530087,0.00607097,0.006273363,0.008820684,0.008123568,0.005349699,0.031072203,0.018949979,0.005783144,0.006478909,0.01215457,0.004469832,0.003469064,0.003879982,0.008911601,0.00320075,0.004825573,0.001885726,0.006681026,7.19463E-05,0.006752358,0.003700526,0.002757659,0.00026635,0.000144439,0.024587504,0.01132979,0.003078762,0.032343642,0.015810617,0.014615948,0.007983333,0.008433483,0.004271429,0.011523115,
Ile,Variance,0.000132661,0.00047043,0.003230514,,0.000917861,,0.000846253,0.001506082,0.00378613,0.000616071,0.003017662,0.000161517,0.0006686,4.86476E-05,4.57638E-05,0.001381586,0.000191597,0.004041307,0.001764425,0.003359369,0.000778603,0.001668358,0.004343631,0.000909533,0.000652728,7.46761E-05,0.006627387,0.001002281,0.000106609,0.000551729,8.39384E-05,0.000712957,0.00058083,0.001106123,0.002659693,0.000166893,0.000100967,2.89335E-05,0.00088748,0.002241885,5.49824E-05,8.49831E-05,0.003648568,0.000152952,4.61256E-05,0.000229075,,0.00197547,7.68212E-05,0.000578917,0.001192663,,5.38896E-05,0.003399457,0.001001308,0.001223088,0.003223527,0.001624704,0.001825149,0.000868464,0.000738208,0.000851197,0.001887479,0.000211051,4.22842E-05,7.89002E-05,0.001508996,0.000840928,7.07989E-05,0.000196641,0.000628214,0.000254358,0.000531376,0.001524847,0.001448179,0.002616785,0.000161436,0.001826322,0.002827159,0.000208515,0.003444704,0.003527033,0.003100546,0.010258133,0.000158511,0.012260927,0.002585297,0.007959159,0.001271663,0.002293188,0.002361415,0.001399025,0.000988516,0.004433991,0.001860613,0.001428758,0.000213269,0.001913708,0.000506862,0.000857479,0.002479852,0.003564991,0.001192657,0.001749269,0.001389824,0.002887306,0.002888369,0.000908533,0.001314664,0.000214077,,0.002236704,0.000824239,0.000135235,0.001162455,0.001665027,3.78689E-05,7.90575E-05,0.003035657,,4.9692E-05,0.000148337,0.001200387,0.000606059,0.002127562,2.79692E-05,0.000151541,8.06684E-05,,0.002018877,0.001446172,0.001097794,0.000560802,0.001110827,0.001386634,,0.002333192,0.000975435,0.00079082,0.000591779,0.000834275,0.001679652,0.000703885,0.001222251,0.002203008,0.002151901,,0.001712131,0.000879987,0.000588233,0.003088526,0.001746125,0.002456169,0.002653653,3.29443E-05,0.001171633,1.16115E-05,4.15887E-05,0.002011136,0.001841531,8.55851E-05,0.000203446,0.020199309,0.013824932,4.96869E-05,0.001515038,0.002454323,0.002387749,0.001700691,0.003103193,0.00872527,0.000379995,0.001880539,0.000319587,0.006009674,0.005077696,0.003298198,0.007728318,0.001493969,0.004201637,0.004040778,0.005433702,0.003879776,0.001816295,0.001551586,0.003222071,0.001093174,0.001989659,0.017107743,,0.003690837,0.002556291,0.002547975,0.001668791,0.002541666,0.001682659,0.001498015,0.015879902,0.002321232,0.002212816,0.002998744,0.007417403,0.000785074,0.001381875,5.29025E-05,0.001850494,0.000640312,0.001321094,0.000250696,0.005458125,0.000170814,4.66467E-05,0.002640465,0.002107089,0.00085397,3.70894E-05,0.004002755,0.007363905,0.001515997,0.003272861,0.003468132,0.002926534,0.005226333,0.001784456,0.001012549,0.004762809,
Leu,Variance,5.54123E-05,0.000349274,0.001011729,0.00036962,0.000261427,0.117685814,0.00102291,0.000803074,,0.000421289,0.002025296,0.000461019,,0.000343872,1.30985E-05,0.000356772,3.8433E-05,0.001483939,0.000595888,0.001349862,0.000604178,,,0.000939681,0.001007282,0.00024598,,0.000233901,2.94804E-05,9.2272E-05,2.36747E-05,0.000300153,0.000510169,0.000569702,0.000607978,7.84236E-05,0.000750581,1.37028E-05,0.000479235,,3.08794E-05,0.000938944,,0.000156862,1.76533E-05,4.18608E-05,0.000730703,,5.72379E-05,0.000864376,0.000312384,0.000740926,1.33624E-05,0.000900452,0.000813035,,0.001705819,0.000910778,0.001117795,0.000413221,0.000498348,0.000544258,0.001270643,0.000936773,2.11549E-05,0.000138779,0.001201892,0.00147979,2.956E-05,7.96634E-05,0.001303563,0.000372228,3.60924E-05,0.00084626,,0.000111294,6.54612E-05,0.001653523,0.001534498,0.000802353,,0.005275455,0.004745666,,4.31435E-05,0.004933515,0.001105033,0.040233833,0.002104567,,0.001277142,0.000583387,0.001103499,,0.001252837,,0.00020539,0.00137801,0.0005575,0.000608472,,0.001219683,0.001637389,0.000960647,0.000612884,0.001047318,0.001078318,0.000617482,0.000418901,0.000107353,0.002958155,,8.6794E-05,0.000203468,0.001183966,0.000747216,3.59077E-05,2.64495E-05,,0.001719482,3.09855E-05,4.55221E-05,0.000537083,0.002549093,,1.09012E-05,3.23168E-05,2.15854E-05,0.001189438,0.000947868,0.001053844,0.000147992,5.84153E-05,0.00095282,,0.000797057,,0.000566188,0.000445044,0.000662809,0.000570355,0.000830174,0.00058882,,0.001609383,0.000841495,0.007391504,0.001046586,0.000308756,0.00076826,0.001012293,0.000733215,0.000202312,0.001580193,5.30295E-05,0.00076961,2.8314E-05,8.68323E-05,0.001918952,,9.56855E-05,4.56178E-05,0.055916157,,0.00091254,0.001293979,0.001025221,0.002080385,,0.001472456,,0.000283693,0.001088174,8.31048E-05,,0.005399059,0.003000348,0.00266061,0.001586618,0.003846319,0.001113779,0.001988603,0.012103214,0.000708177,0.000855509,0.001263321,0.000898031,0.003239711,0.00398083,0.001256193,0.001247037,0.001161836,0.001189362,0.001400987,0.001146475,0.00093352,,0.003554173,0.001034548,0.001910575,0.003161225,0.003036137,0.000206534,0.000728353,0.000158135,0.000810255,0.000391788,0.000574591,0.00012581,0.001039892,5.27071E-05,1.85882E-05,0.000823885,0.001341566,0.000156564,1.94825E-05,0.001156652,0.010310989,0.00081029,,0.001268729,0.003523494,,0.001354252,,0.001920653,
Val,Variance,9.63637E-05,7.16627E-05,0.002912292,0.001427641,,0.038650008,0.00043007,0.000760934,0.000400505,0.001867187,0.002040663,5.68555E-05,0.000456122,5.83419E-05,2.82615E-05,0.000836862,0.000104607,0.003042196,0.001603746,0.002524466,0.000820203,0.001024723,0.001039647,0.000747244,0.00106726,0.000908846,0.002707011,0.002658379,9.42896E-05,0.000551427,5.06436E-05,0.001187227,0.000714043,0.000926226,0.001688679,5.34489E-05,0.000102662,3.37712E-05,0.000695852,0.001205501,4.14647E-05,0.000119139,0.002910963,0.000115917,5.74145E-05,0.000499532,0.001210244,0.000793106,9.66646E-05,0.001448146,,0.003621591,0.000533414,0.004099304,0.001848008,0.001006364,0.003064009,0.00261208,0.000497849,0.001665398,0.001889921,0.001611001,,0.000943535,0.000182848,5.84328E-05,0.001265501,0.001439327,6.10648E-05,0.001620959,0.00074355,0.00048977,0.000344307,0.005480292,0.000399573,,0.000313822,0.001941727,0.003080573,0.000946313,0.003250089,0.004414638,0.00352839,0.011817561,9.03216E-05,0.004407005,0.004302227,0.002732452,0.002539933,0.002608771,0.001430266,0.001596251,0.001249531,0.002705506,0.002369463,0.003193862,0.00016682,0.002296317,0.000668542,0.00096614,0.001636106,0.002598128,0.001663835,0.001741575,0.001406891,0.002165728,0.001472242,0.002260909,0.001354077,0.000321699,0.002178072,0.000910505,0.000771564,0.000178438,0.003525887,,0.000154795,0.000105577,0.002243707,0.003437811,7.12332E-05,0.001378442,,0.001659877,0.001251166,3.45249E-05,0.000154383,6.45765E-05,0.001167885,0.002187236,0.00200083,,0.001018282,0.000921513,0.000740342,0.00129007,0.001109339,0.001161925,0.000731331,0.000409701,0.001022562,0.002487446,0.000650647,0.000907942,0.00171218,0.0019462,0.006737471,0.003122074,0.001239966,0.001216112,0.001793498,0.002052782,0.001340617,0.002489149,3.28344E-05,0.001137801,2.13467E-05,3.11245E-05,0.002627273,0.002428743,0.000225662,0.000220058,0.014971352,0.007762146,7.45556E-05,0.001841009,0.002436015,0.005981452,0.002758785,0.002408933,0.00229949,0.00187378,0.002398758,0.000385834,0.005441622,,,0.006177524,,0.009622011,0.006649218,0.004071327,0.003659492,0.002129119,0.002550906,0.004061323,0.001312246,0.001002245,0.015412342,0.004836974,0.00343149,0.002336469,0.002904106,,0.004435692,0.001565277,0.002717979,0.004712207,0.002565953,0.002023893,,,0.000841,0.002167568,6.63023E-05,0.001790369,0.000790346,0.00201648,0.000477271,0.002926068,0.0003313,4.37104E-05,0.001029366,0.001265185,0.002206063,0.000801676,0.005248607,0.010661905,0.000945148,0.002471966,0.001377945,0.004619339,0.005905065,0.001355167,0.001185679,0.003114831,
Ala,Variance,6.59831E-05,0.000592129,0.00185024,0.001775775,0.000685504,,0.001027399,0.001046711,0.001130445,0.00101294,0.009627892,0.00041147,0.000222006,0.000626509,5.42363E-05,0.001608266,7.50385E-05,0.001702253,0.001786589,0.00042426,0.001024458,0.000239221,0.001453693,0.001146292,0.001236342,,0.000473347,0.004792622,0.000648576,0.001111621,0.001291959,,0.001300299,0.005782197,0.003526465,0.002420716,0.002409119,4.18159E-05,0.000227053,0.000309795,0.000120486,5.64482E-05,0.000266011,4.09451E-05,4.36708E-05,0.010392628,0.000262459,0.000148686,0.001147137,0.002885469,0.001669641,0.00046611,,0.005069369,,8.05019E-05,0.001427171,0.001097526,0.001920211,0.002341754,0.003926601,0.003000401,0.013526482,0.002365776,0.000133002,0.000990216,0.00764473,0.003939077,0.000264996,0.005802257,0.001967046,0.001254137,,0.009937427,0.000532505,0.001793728,0.004332353,0.064505052,0.003692067,0.009458079,0.002313469,,0.020339497,0.00317682,,0.007017253,0.017680766,0.011550032,0.011878965,0.001157893,0.004455046,0.003219371,0.002038832,0.002498286,0.002139917,0.002463375,0.002499461,0.002470283,0.008424663,0.001394413,0.003678714,0.00770009,0.003817608,0.003926316,0.001998047,0.004662749,0.008006965,0.004205979,0.001869071,0.000946203,0.001397539,0.003034962,,0.002507036,0.009051671,0.002751483,0.000357556,,0.000371197,0.001080381,0.00448568,0.005138754,0.001447783,0.003087725,0.003018204,7.2284E-05,0.005198046,0.000275284,0.004135636,0.005896528,0.002344523,0.001945971,0.004387259,0.001304863,0.00073997,0.000204355,0.001525545,0.004121317,0.000909866,9.30145E-05,0.001533554,0.001813832,0.002878887,0.000393562,0.002918797,0.005676895,0.00147484,0.006743597,0.00389931,0.001955161,0.003682874,0.006905746,0.001954457,0.001362356,0.000123821,0.001786483,2.60834E-05,0.000107618,0.002844472,0.000951904,0.000145185,0.000127916,0.074114806,0.006809647,0.000763,0.002050988,0.007248865,0.027752861,0.005440041,0.004157129,0.00498036,0.00308048,0.007482612,0.000575345,0.003654712,0.014343223,0.005490445,0.046000185,0.002444535,0.007070438,0.017173429,0.008448402,,0.001949322,0.003732908,0.003176356,0.001964836,0.00035343,0.006589306,0.00227623,0.010047594,0.005062717,0.047929171,0.001683852,0.006927879,0.008873813,0.004999208,0.00626445,0.004792486,0.006434528,0.004643455,0.003686405,0.004335568,0.004597486,0.005523433,0.003903699,0.002090545,0.002242285,0.001662534,0.012503673,,0.0021532,0.001698684,,,,0.034629828,0.032509244,,0.002568891,0.002016483,0.004746384,0.00231361,0.000851904,0.001269937,0.00327171,
Gly,Variance,0.000134453,0.000217382,0.002303305,0.00059042,0.000363835,,0.001063496,0.000527925,0.000253159,0.000870578,0.002404409,0.000198507,4.12625E-05,,3.01316E-05,0.000251497,4.9012E-05,0.002214264,0.001627885,0.000821372,0.000539719,0.000661593,7.89849E-05,0.000665011,0.000521164,0.000349762,0.000148114,0.000241124,0.000147165,0.000640441,0.001760204,0.001284219,0.001079789,0.001864958,0.003488885,0.000383898,0.001759114,3.94639E-05,0.000254951,0.000150554,0.000160523,6.84752E-05,8.58373E-05,,0.000113753,0.003968391,0.000188341,0.000105064,0.002203697,0.002176141,9.26069E-05,0.000157472,0.001650247,0.003749264,0.002228543,6.02626E-05,0.000474234,0.003689102,0.000875744,0.000456219,0.007817477,0.003090293,0.007262507,0.002060807,7.99466E-05,,0.003791986,0.000299228,0.000221159,0.002146586,0.000244987,0.000407136,0.001600994,0.003833929,5.44498E-05,0.000667288,0.002779888,,0.006767675,0.001472379,0.000836315,0.012161047,0.015264124,0.000261437,0.004034349,0.007500295,0.016063217,0.001738496,0.023621895,0.000198649,,0.003588966,0.001853131,0.000239892,0.004596653,0.002466894,,0.009193304,,0.001216208,0.003902064,0.002583936,0.002448681,,,0.003991445,0.004795106,0.005917249,0.002117608,0.002071737,0.000913593,0.00576766,0.003770095,0.002211926,0.007302159,9.58411E-05,0.000152249,0.001652798,0.00014847,0.000189699,,,4.29661E-05,0.001660959,8.95967E-05,3.68918E-05,0.002638492,0.002759419,0.00160945,0.007233669,0.001012775,6.25631E-05,0.001614997,0.001775473,3.70487E-05,5.36254E-05,0.00095172,0.00308312,8.17721E-05,2.38707E-05,0.001777416,0.00365552,0.001028284,8.44886E-05,0.002946951,0.002174004,0.000691311,0.006259583,0.001227301,,0.002490833,0.004001915,0.00533845,0.000796456,5.8672E-05,0.001779069,3.78269E-05,0.000245267,0.002773285,6.20787E-05,0.000197734,0.000745371,0.007890303,0.00534055,0.000454486,,0.005417168,0.022791109,0.004211235,0.004633972,0.003586476,0.002209541,0.00784844,0.000412159,0.00734545,0.009696606,0.006515893,0.009007391,0.001081886,0.015745966,,0.01390582,0.002801461,0.00214069,0.004180113,0.004977206,0.001114507,2.46853E-05,0.024459952,0.003842507,0.011638656,0.002491989,0.02643486,0.001458622,0.004906455,,0.004747729,0.005254212,0.004014522,0.003515491,0.003749632,0.004518213,,0.00553106,,0.00293897,0.00186032,0.002220963,0.001355156,0.029927542,0.005856404,0.00313138,0.00181735,0.002370358,0.004547665,0.001707581,0.005139093,0.007587101,0.001116257,0.002224054,0.002499431,0.00421711,0.002806694,0.001242224,0.002233632,0.003862709,
Cys,Variance,9.1633E-05,0.001207149,0.007250669,0.000696709,0.001447441,,0.007392527,0.000290025,0.000603685,0.001745076,0.023199518,0.001383465,0.001592417,0.001515042,7.92835E-05,0.001910515,0.000174698,0.005405589,0.003845147,0.003424123,0.001408601,0.002501352,0.038565345,0.005993612,0.00810206,0.005819935,0.022431738,0.014640046,0.000175348,0.002621498,0.002608135,0.004264745,0.002007591,0.002175563,0.0032475,0.002085426,0.002632144,2.73636E-05,0.001653068,0.0006624,0.00020515,0.002812556,0.000466667,0.001336186,4.30024E-05,0.008408222,0.00207369,0.000646646,0.002349183,0.00421309,0.002150068,0.003163603,0.0036727,0.002490345,0.006043964,0.003213005,0.006159598,0.010799157,0.001324849,0.00436696,0.004121248,0.006043379,0.016595083,0.008314385,0.000283561,0.000343953,0.00542553,0.017818593,0.000254959,0.007678985,0.004936672,0.001334209,0.002135736,0.006986693,0.00749193,0.002391029,0.008108365,0.008489057,0.016782668,0.024856947,0.027546677,0.05847603,0.030025386,0.026011715,0.001823909,0.039472512,0.00455144,1.311847633,0.020460657,0.008997575,0.005487929,0.002194495,,0.004327987,0.004742669,0.012992347,0.002069522,0.005993142,0.01123498,0.002756961,0.00778427,0.014387306,0.038373284,0.005369264,0.00125191,0.016572644,0.004599604,0.005184353,0.003912595,0.000682258,0.008320578,0.004197276,0.004054838,0.001621281,0.012613423,0.003279484,0.000102169,0.006302522,0.001169357,0.008078463,0.004662669,0.004054428,0.002256551,0.006837481,0.003771836,0.000102856,0.000691046,0.004093648,0.009759824,0.006469964,0.015921688,0.004708296,0.002691745,0.003824151,0.003871184,0.003474737,0.002146044,0.004581834,0.000951354,0.001096807,0.002578639,0.004253596,0.002167382,0.001029797,0.00636406,0.003521178,0.061612887,0.019266876,0.004395064,0.006902473,0.003789489,0.007198601,0.004897143,0.036550615,0.007948955,0.003400743,0.000121902,0.005581799,0.006807075,0.003177745,0.002410221,0.001557313,0.366886444,0.016179376,0.001156903,0.015136617,0.003397996,0.026990385,0.008907448,0.017517281,0.066804224,0.006464315,0.00605308,0.002193283,0.031264417,0.101792112,0.009190975,0.015655717,0.008439294,0.100223031,0.028516333,0.010247299,0.01393399,0.004858868,0.002026278,0.007227891,0.006748603,0.002719538,0.010762336,0.007856567,0.018168078,,0.008721427,0.003570543,0.004277622,0.004592406,0.003469939,0.018443684,0.010089588,0.009156514,0.046962952,0.011768034,0.002910969,0.004302488,0.009041736,0.00243329,0.004812826,0.005226063,0.000611224,0.013211985,0.021670618,0.001917499,0.005580049,0.016938916,0.009041823,0.001406594,0.008530341,0.045724248,0.003679418,0.03411734,0.003628645,0.010139955,0.177404004,0.006159251,0.003417958,0.015861867,
Ser,Variance,0.000107352,0.000614958,0.002791701,0.000814038,0.00064305,0.024705502,0.001220385,0.000932827,0.000598334,0.000903503,0.005489701,0.002071622,0.00021588,0.000651066,2.32279E-05,0.000871467,4.34735E-05,0.001432359,0.000864061,0.001644186,0.001230051,0.000317681,0.000354572,0.001404752,0.000992545,0.000602922,0.000279936,0.001619894,5.35556E-05,0.00126556,,0.000451673,,,0.00178823,0.002099964,0.00187357,1.98018E-05,0.000368681,0.000137894,7.60934E-05,4.39592E-05,0.000148276,0.000194493,2.28211E-05,,3.21787E-05,3.08784E-05,,0.000702501,0.000370113,4.48927E-05,0.001262376,0.003335901,0.001259604,3.90702E-05,0.001299852,0.001790456,0.000781121,0.000604104,0.00226994,0.001776837,0.001837182,0.001898149,4.68736E-05,0.000126619,0.001122725,0.001111425,,0.002534578,0.000294189,0.000805237,0.00311142,0.00132326,0.000143506,0.001065012,0.002553798,0.003822963,0.001550566,0.003620606,0.000527397,0.006382702,0.010724959,0.000330003,0.002440175,0.007401948,0.003904449,0.002257847,0.003275542,0.000134563,0.002033482,0.002016436,0.001168076,0.00067953,0.002750354,0.001443515,0.001833653,0.001587854,0.003830176,0.00091327,0.002146051,0.00127804,,0.001636526,0.00119742,0.003047889,0.001416638,0.003001221,0.00099162,,0.001120642,0.001412744,0.001814917,0.000414275,0.003042457,7.08937E-05,8.22825E-05,0.002147155,3.98809E-05,7.32592E-05,9.37647E-05,0.002667093,0.000116853,0.001673434,0.000324256,3.76274E-05,,0.001309952,0.000896671,0.001953961,0.001858091,0.000461604,0.001979831,0.001514612,0.000174869,4.40207E-05,0.000706116,0.001256012,9.76275E-05,7.6693E-05,0.000863935,0.002049326,0.000660919,4.34395E-05,0.002181707,0.001249031,0.001325223,,0.001487798,0.001894602,0.002085373,0.002341949,0.001600827,0.000944502,0.000390726,0.001366605,2.88582E-05,0.002776398,0.002239257,4.97941E-05,0.000174159,0.000150641,0.018992039,0.004598242,0.000147443,0.002056039,0.002912823,0.007633407,0.001900668,0.002800584,0.002924001,0.001627848,0.002939183,0.000536381,0.002344311,0.014045267,0.003937717,0.008734926,0.002558715,0.003851967,0.004303343,0.007698487,0.006770987,0.001214627,0.001175404,0.004037287,0.001281633,0.00080581,0.004523722,0.003553776,0.002234655,0.001659475,0.005388869,0.001210505,,0.002551786,0.002031324,,0.001534612,0.001947357,0.006191096,0.003023127,0.001445705,0.00163918,0.00195023,,,0.000841824,0.000522275,0.005444296,0.002880502,0.001649457,0.001169203,0.002309585,0.00223557,0.001215586,0.003989214,0.036241774,0.001437749,0.002181725,0.001833658,0.004447023,0.002344822,0.001473716,0.000707719,0.012531522,
Thr,Variance,0.000631827,0.00150248,0.005520793,0.005055993,0.00090474,0.047729134,0.00586407,0.001323547,0.001210262,0.002334243,0.003087365,0.000280074,0.000405851,0.000256094,3.4821E-05,,7.3E-05,0.003382635,0.001318908,0.002668906,0.000757587,0.000750589,0.000113289,0.002028441,0.001017564,0.000486142,0.00046826,,0.000124499,0.000922404,0.000214017,0.001839695,0.001385323,0.002493352,0.003856022,0.002865348,0.000106938,2.51082E-05,0.001457586,0.000534294,7.72883E-05,9.14898E-05,0.000149648,0.000116638,5.10388E-05,0.001751509,0.000178457,9.47435E-05,0.001297317,0.002073296,0.002036828,0.000960477,0.003040278,0.006373177,0.003387325,0.000181056,0.002105643,0.001839125,0.001009538,0.001417555,0.00352109,0.002464904,0.004616432,0.003192558,4.4587E-05,2.63612E-05,0.001007138,0.001257291,0.003576367,0.002266904,0.000566913,0.002465629,0.003595439,,0,0.001407512,0.003292953,0.008165881,0.008057773,,0.001457401,0.005181227,0.004776689,0.000652428,0.000162644,0.005014094,0.007147095,0.001012126,0.004669537,0.000354734,0.002212494,0.002520834,0.002133382,0.003312255,0.003314737,0.002339944,0.000413527,0.002489707,0.004388904,0.00146086,0.002667356,0.003517714,0.001875413,0.001340905,0.001439719,0.002565159,0.00234383,0.003194543,0.001574867,0.001256235,0.002601006,0.002553528,0.00129333,0.000515487,,0.002018315,5.24236E-05,0.000156617,0.00048326,0.000353906,0.000124038,0.001075946,0.000447048,0.00178953,0.000883699,4.70711E-05,0.001503409,0.00233037,0.002155113,0.004160099,,0.002987583,0.006584339,0.000905859,0.000998245,0.000415956,0.002678147,0.0024194,0.000424512,0.000465797,0.001255757,,0.000800883,0.00027203,0.002708374,0.002624071,0.002185261,0.004818397,0.002001829,0,0.002977229,0.003473354,0.001723751,0.00122321,3.28916E-05,0.002336425,1.60924E-05,,0.0018433,0.000259377,0.000128198,5.59553E-05,0.013352667,0.015358974,9.73646E-05,0.001731301,0.004628107,0.006955602,0.001731985,0.002374745,0.004490592,0.001753493,,0.000986286,0.004107134,0.014221373,0.005875621,0.005180477,0.002019664,0.004159383,0.003273439,0.010909599,0.003025133,0.002303107,0.002865344,0.005494727,0.001349695,0.001829201,,0.00966507,0.006934539,0.003864935,0.007949032,0.001523603,0.004692285,0.005852567,0.003696383,0.010055381,0.003808155,0.002029871,0.001169572,0.004336956,0.00170282,,0.000225076,0.001956113,0.001034237,0.002400117,0.000808552,0.005581161,0.001435195,0.001499594,0.001631908,0.001326149,0.002113232,0.000797312,0.007521382,0.004365972,0.00127975,0.003358835,0.002957364,0.002177498,0.00349199,0.001321196,0,0.002971964,
Gln,Variance,0.00024614,0.001362166,0.003217141,0.004254722,0.001125794,,0.003386784,0.021108732,0.000294272,,0.003835153,0.000339113,0.000150812,0.001824401,4.19253E-05,0.00130935,0.000138838,0.002104183,0.003437761,,0.005289073,0.006249696,0.000459722,,,4.22765E-05,0.002365314,0.005584914,0.000818548,0.000793889,0.00020805,0.001678655,0.001924852,0.005388114,0.003178774,0.011732531,0.006764339,0.000749862,0.000529158,0.000878304,0.00040922,0.000326463,0.000160004,0.00074355,0.000149528,5.33549E-05,0.000320729,0.000142436,0.002266404,0.000894048,0.000255047,0.000163419,7.78586E-05,0.008295077,0.002343896,0.000288911,0.003744573,0.002189692,0.001807083,0.002618881,0.002544098,0.003746682,0.004410239,0.008806141,0.000210137,0.000662537,0.007109658,0.001211853,0.00029783,0.004804228,0.000902238,0.000740013,0.002903482,0.002282791,0.001195431,0.000274599,0.006289405,0.004634365,0.006828642,0.007140272,0.000791352,0.015641748,0.074538635,0.002134479,0.000272183,0.030567066,0.0074255,,0.011345741,0.000113291,0.003761856,0.003136822,0.002268814,0.001800612,0.002241523,0.002142559,0.003296203,0.003494612,0.002928446,0.001873365,0.006635464,0.003723671,0.011185299,0.003626947,0.005798007,0.002926605,0.012114136,0.003412554,0.003432417,0.001100748,0.003342347,0.004158443,0.001329368,0.00037714,0.000750195,0.000283508,3.61287E-05,0.000148626,0.000261663,0.00014282,7.64806E-05,0.000504609,3.75156E-05,0.00046565,0.001680656,6.74444E-05,0.001031391,0.00277956,0.002539776,,0.017210983,5.8615E-05,0.006273421,0.005779361,0.005396908,0.000135991,0.00200287,0.003646581,0.000400093,0.000272532,,0.005605294,0.003091012,0.000122924,0.015504106,0.002400425,0.019713236,0.003583231,0.001816028,0.002691784,0.007849214,0.006789334,,0.006139151,0.002093563,0.002362222,9.14254E-05,0.005711305,0.008764116,5.02745E-05,,0.001366277,0.132829338,0.005606585,,0.010564404,0.003236074,0.015553916,0.010698538,0.007560079,0.028811845,0.003840287,0.008558088,0.000441709,0.015331354,0.030062242,0.015737721,,0.017335721,0.015609893,0.00740671,0.007871005,0.217282709,0.005148135,0.002701316,,0.006615452,0.005762863,0.016866348,0.00134342,0.004653196,0.001380686,,0.002545751,0.004170589,0.004272515,0.004412495,0.019324202,0.005209512,0.01639365,0.028046556,0.004291738,0.0111622,0.003306823,0.016673444,0.002003293,0.002423335,0.001422195,0.004072321,0.009125976,0.000225518,0.0064422,,0.007983333,9.72393E-05,0.000131821,0.006703251,,0.002398767,0.017770206,0.010639122,0.011484447,0.018124841,0.005992486,0.002345663,0.006199749,
Asn,Variance,0.000535039,,0.020860328,0.003466541,0.002189113,0.616310596,,0.005555267,0.000146092,0.002194191,0.009807335,0.002131835,5.07206E-05,0.000628116,2.08946E-05,0.004270549,0.000253248,,0.002621264,0.012689785,0.005239086,0.003930003,0.000130504,0.002163412,0.001911255,0.000117133,0.000482938,0.002024251,0.000145327,0.000250492,0.00070693,0.00131708,0.003714593,0.008440484,0.009234174,0.00771829,,0.00014643,0.001927468,0.00014789,0.000108817,0.00030481,0.00010338,0.002127982,0.000182913,0.000512968,0.000157444,0.000117075,0.004253278,0.001552044,0.00013014,0.000826569,0.000127879,,0.002835544,0.000112324,0.002384102,0.004106194,0.006167037,0.003057352,0.001045668,0.008875642,0.031295161,0.026865238,0.000180707,9.8586E-05,0.003882814,0.000657493,0.000213188,0.009168251,7.35602E-05,0.003097306,0.000364418,0.002980974,0.000217008,0.000728693,0.007067546,0.005353582,,0.003226441,0.000301778,0.006269171,0.001940781,0.000480489,0.00053808,0.011078125,0.01096556,0.006676769,0.023860265,9.69998E-05,0.0022718,0.005022038,0.00293848,0.001478366,0.013511212,0.001835005,0.002177953,0.004673193,0.007960618,0.00396339,0.007240844,0.005998215,0.005193984,0.005937939,0.005233442,0.004936667,0.004401631,0.010364164,0.002839349,0.004233008,0.003393271,0.001701099,0.011098887,0.003952566,0.0013041,0.000210809,,0.000240147,0.000148038,0.002142704,0.000109744,0.00038572,0.00028138,0.000245068,0.000645888,0.000217853,0.000820682,0.003800646,0.011123125,0.016391839,0.00547297,7.1602E-05,0.003964582,0.002755673,0.000562006,0.000203365,0.00544212,,0.000357738,0.000190745,0.002429204,0.007011341,0.001362791,0.000151082,0.006856869,0.00668957,0.002639395,0.003506757,0.003462962,0.005733693,0.009722394,0.004677799,0.002731243,0.006506557,0.000248077,0.008804511,4.21187E-05,0.000228094,0.002467858,0.000102995,0.002944899,0.002389125,0.094946298,0.022469353,0.001170182,0.003594556,0.00499871,0.039931151,0.008773153,0.007130405,0.012419432,0.001288525,0.002853026,0.002728237,0.006639026,0.005340303,0.012608903,0.047704731,0.005676021,0.007209875,0.019377758,0.019138259,0.013884386,0.005783514,0.003948035,0.007537076,0.006261058,0.00094611,0.021713791,0.009522305,0.014816993,0.004743557,0.020666365,0.002416981,0.016573034,0.006912328,0.004341582,0.021373991,0.006825419,0.007515893,0.005588172,0.007371041,0.002432048,0.006894618,0.01027896,0.003957754,0.002118879,0.003473206,0.001583809,0.02386209,5.52872E-05,0.000499548,0.000793727,0.003303345,0.000167574,0.00017206,0.013424442,0.034489056,0.000233731,0.010517065,0.005480736,0.011859917,0.009010811,0.002496639,0.002696602,0.004743892,
Asp,Variance,0.000336939,0.001712674,0.001401954,0.001705247,0.00072268,,0.003064486,0.002647399,0.000343393,0.00066228,0.01332043,0.000344501,0.000226092,0.001169093,8.07257E-05,0.001589579,0.000104808,0.013374716,0.00299258,0.002490916,0.001284814,0.000983572,0.000233581,0.002093287,0.001857441,0.000153391,6.58466E-05,0.00017664,0.000183805,0.000522689,0.000407468,0.002718095,0.004161803,0.007013529,0.005641048,0.004404785,0.000737272,0.001495966,0.000135494,0.000498227,0.000607171,0.000129004,0.000160859,0.000806371,,0.000262833,0.000155609,8.14795E-05,0.002329064,0.000154177,0.000246307,6.4833E-05,0.00012992,0.009851129,0.000877142,0.000197423,0.001472133,0.005077068,0.003215766,0.001432189,0.012986101,0.010311377,0.024073289,,0.000366447,0.000292859,,0.000324933,0.000456222,0.001155213,0.000239295,0.000134839,0.000819608,0.002401227,0.000381722,0.002116567,0.00459468,0.011010173,0.009962304,0.000874577,0.00078321,0.004878973,0.011446388,,9.02386E-05,0.012516684,0.018074016,,0.027128612,0.000103542,0.00390509,0.011203624,0.001234489,0.000413905,0.008080354,0.000980375,0.001343901,0.005104339,0.004701574,0.004026503,0.004278392,0.004153169,0.006578362,0.006762825,0.014472575,0.010322141,0.003604169,0.000755826,0.007425336,0.000207323,0.000105256,0.001142727,0.000904103,,0.000402499,0.000366616,0.000248713,0.000156677,0.000271916,,0.000497499,0.000409182,0.000252922,0.000158126,0.000936709,,0.000344266,,0.000729477,0.005311098,9.27678E-05,0.000174968,0.004633736,0.002986085,0.000131209,7.06795E-05,0.001425412,0.004768631,8.34974E-05,4.72023E-05,0.002846117,0.009491391,0.00312163,7.01417E-05,,0.004287313,0.000313442,0.008939057,0.004710437,0.01065179,,0.01556067,0.004636268,0.001801035,,0.005898409,6.6671E-05,0.00020518,0.002405941,0.000102854,3.93667E-05,0.001665997,0.143555882,0.0016349,0.000177646,0.003111054,0.003202101,0.084936788,0.009516815,0.004426115,0.000649387,7.80151E-05,0.006344909,0.000225518,0.003266965,0.010093396,0.005928601,0.014814851,0.002851751,0.039349284,0.012019594,0.020705255,0.003946241,0.002286348,,0.006882717,0.004372302,0.000129269,0.047548417,0.000258941,0.01722387,0.000122197,0.017847486,0.001742375,0.013118363,0.012074152,0.007066177,0.005949966,0.011763959,0.00486722,0.005026953,0.008138645,0.002555108,0.009296766,0.006928839,0.004838714,0.001013525,0.000101569,9.61344E-05,0.100987749,0.000313459,0.00388997,0.000199581,0.007950819,0.000146276,0.000288006,0.024554677,0.105730319,4.34014E-05,0.000235618,0.00444688,0.010711935,0.005073592,0.002495449,0.004374011,0.007141736,
Glu,Variance,0.000361044,0.001735132,0.01752505,0.013322133,0.005679072,,0.003406777,0.028544268,0.00040695,0.004454325,0.16782225,0.001603844,6.73176E-05,0.001628065,0.000104986,0.001454289,0.000914886,0.008739088,0.001784509,0.009505108,,0.000730332,0.000317252,0.003296213,0.003998437,9.97419E-05,0.000539288,0.002830213,0.000335468,6.73558E-05,0.000253894,0.003138049,0.004052992,0.012390991,0.0048565,0.00056497,0.001261176,,0.0005315,0.000607383,,4.92864E-05,0.000416124,0.000231741,0.000265061,0.000211039,0.000308314,0.000288461,0.000942021,0.000252228,0.000342094,0.00113061,0.000207784,0.026295579,0.002506772,0.000112883,0.000576277,0.005736019,0.002495578,0.002143154,0.020834937,0.008422195,0.01094888,0.007928093,,0.0002318,0.011801041,0.000940675,0.000183699,0.006838961,0.000214509,0.004040258,0.002182053,0.003056116,0.000139169,0.005097903,0.002127426,0.037919674,0.038241956,0.006637969,0.000370818,0.026422163,,,0.000140989,0.009066024,,0.001053437,,0.00015166,0.010181987,,0.002861906,0.000592059,0.015253745,0.001899153,0.000420118,0.00647983,0.014542108,,0.005027968,0.012927531,0.007493616,0.007322632,0.017041491,0.009036222,0.012206521,0.001966935,,0.000214141,0.000337195,0.037203128,0.015670912,0.000712124,0.000212436,6.23297E-05,,0.000389417,0.000253621,0.000188031,0.000269461,0.000167696,0.000288665,0.000265257,0.00305021,0.001838718,0.000227454,0.002086214,0.002705225,0.008293607,0.007032195,0.000122352,,0.003855703,0.000283547,0.000107852,0.005448167,0.007956847,0.000209203,0.000161733,0.004273552,0.015755189,0.004468754,0.000148841,0.006985912,,0.012106811,0.008839014,0.003906633,0.005588119,0.033745692,0.006858907,0.006633715,0.001614813,0.000237572,0.005983854,0.000260747,0.000101074,0.005285912,9.6822E-05,0.000184841,,0.063686261,0.007203234,0.000676582,0.004000424,0.005322512,1.45290751,0.006171216,0.012786523,0.000876332,0.000173856,0.025704521,0.000702512,0.012578569,0.034616609,0.019687951,0.00503149,0.004274748,0.008720501,0.050828579,,0.010113375,0.002100769,0.010173784,0.013490702,,0.000404164,0.046940821,0.000845804,0.02659224,0.000911208,0.059619529,0.000933632,0.009379529,0.005720264,0.01526425,0.172864523,,0.008814268,0.018043464,0.008953026,0.004433211,0.011057562,0.006972278,0.020376231,0.000688639,8.5085E-05,0.000167883,0.0199632,0.000175484,,0.00183968,0.004846037,4.17021E-05,0.000366665,,0.090018807,0.000119508,0.006543325,0.011227396,0.008776365,0.005133127,,0.003810173,,
His,Variance,0.000116617,0.003642261,0.003497714,0.000946394,0.002351402,,0.007124318,0.004056722,0.000307639,0.002361134,0.009995508,0.000479723,0.000145731,0.000699708,0.001032127,0.002567153,0.000264493,0.007011207,,0.002498941,0.002490182,0.018391353,0.00060833,0.001603703,0.001851571,0.000203767,0.000440175,0.001671876,,9.48745E-05,3.80923E-05,0.001767186,0.00510661,0.003673747,0.006857928,,0.001992049,5.17784E-05,0.000141703,0.000610309,0.000136634,0.00960281,0.000286725,8.78907E-05,6.75211E-05,0.000180792,4.81391E-05,0.000245583,0.000825735,0.003893663,8.6104E-05,0.000304828,4.61866E-05,0.002882636,0.011458962,7.701E-05,0.005298123,,0.002792148,0.006181795,0.005648449,0.001973183,0.006039712,0.00265218,5.92813E-05,0.000120992,0.008068655,0.000636659,0.000305274,0.002453055,0.000433666,0.000216963,0.000169684,0.002220228,0.001336518,0.000751997,0.000338787,0.003509148,0.005769011,0.004136152,0.00236238,0.010844117,0.007752365,0.021714665,5.1784E-05,0.005595923,0.003581132,0.040102947,0.021666169,0.000249876,0.003479658,0.003019401,0.003912106,0.001057098,0.003128753,0.002008066,0.001892529,0.003274251,0.008529117,0.003240233,0.006111924,0.003159093,0.004140571,0.005517355,0.002440252,0.003541887,0.002975236,0.002937499,0.005711497,0.002809374,0.003831122,0.001970108,0.000875784,8.89072E-05,0.000860358,0.000117362,3.06886E-05,0.000120023,6.73975E-05,9.47922E-05,5.12603E-05,6.68969E-05,4.12069E-05,0.001165501,0.001014602,0.000111223,0.000288369,0.000865246,0.004179584,0.006134666,0.006775829,0.00014329,0.00297678,0.003582259,0.000749287,5.22349E-05,0.003114497,0.002472578,0.000760755,0.000149648,0.002766247,0.004978026,0.00215755,9.87158E-05,0.005474521,0.005160352,0.002737753,0.005659655,0.003070781,0.006122484,0.006080374,0.002505077,0.003021178,0.000623696,0.000869014,0.003848763,5.98683E-05,8.21498E-05,0.008175772,4.41568E-05,0.000313346,0.000156495,0.023530471,0.00478807,0.000924987,0.003623797,0.006330468,,0.00691324,0.003221362,0.006427614,0.00073048,0.003474503,0.0026958,0.009787819,0.019914611,0.002008049,0.008944132,0.005677656,0.010433578,0.006418664,0.008282372,0.055100955,,0.005379217,0.005375091,0.003894898,0.003724671,0.013422931,0.001047789,,0.000401465,0.004388432,0.004641162,0.005426018,0.011107148,0.003022343,0.020448701,0.004365929,0.004701044,0.006776337,0.004993408,0.00197652,0.003567428,0.007771452,0.003403884,0.001902391,0.003057189,0.000646066,0.004092264,0.000154694,0.002466959,0.002490024,0.008135892,5.18283E-05,3.27775E-05,0.004329123,0.011137911,0.001178094,0.009034737,0.004205,0.00619168,0.024383423,0.003000352,0.002114289,0.005744727,
Arg,Variance,0.000122753,0.00020145,0.002240576,0.000878507,0.000597702,,0.001545056,,9.1306E-05,0.001464629,,0.000639517,3.53014E-05,0.000314391,6.36429E-05,0.000951508,4.84488E-05,0.0054472,0.003013058,0.001942188,0.001172958,0.001855262,0.000114753,0.001301518,0.001348074,9.23408E-05,0.000152778,0.002024676,0.00171147,,9.80441E-05,0.000641636,0.000779127,0.000797537,0.001831257,0.000415238,0.00012326,2.30714E-05,,7.31161E-05,1.05375E-05,0.000146922,6.97593E-05,0.000298181,6.43871E-05,8.76989E-05,8.40868E-05,5.39266E-05,4.69276E-05,5.70303E-05,6.8606E-05,2.93631E-05,4.11047E-05,0.001542404,0.000610071,3.39951E-05,0.00016396,0.002139175,,0.000702408,0.002882376,,0.001699478,0.003004766,2.8555E-05,0.000110155,0.001021522,0.000210994,0.000194017,,0.000457052,,0.000347677,0.001342234,0.000191997,5.73323E-05,,0.002740285,0.005358851,0.002889427,0.000375759,0.004175665,0.009156408,0.000245081,0.000105694,,0.003457435,0.006288321,0.008514137,0.000126926,0.001400942,0.001936723,0.000628599,7.56555E-05,,0.001237477,0.000416057,0.004242508,0.001647562,0.000327182,0.008506959,0.002349888,0.003074983,0.001193174,0.001219366,0.00477921,,,0.000877657,0.000632723,0.002632464,0.000930094,0.000381209,0.000289367,3.68284E-05,2.89981E-05,5.7677E-05,7.16818E-05,6.09261E-05,9.20331E-05,4.96341E-05,6.87338E-05,2.66917E-05,0.000762227,0.000765439,3.81009E-05,0.000632472,0.000302093,0.000521098,0.002199432,0.003998898,4.9645E-05,0.00124756,0.001715851,0.001094273,5.04138E-05,0.001275659,0.001733575,0.000149009,7.13553E-05,0.001293916,0.004690111,,2.87701E-05,0.002533795,0.001791021,0.000357228,0.002480551,0.000599428,0.000731628,0.001642474,0.002088299,0.001436303,0.001762748,6.37539E-05,0.001183318,8.19707E-05,8.59832E-05,,1.97307E-05,6.35943E-05,0.000190885,0.087133353,0.002655868,0.000129691,0.003956967,,0.011552858,0.00356353,0.004430423,0.010362969,4.13788E-05,0.003528256,0.000250308,0.005655602,0.016623197,0.015635577,0.004690605,0.00446815,,0.00454883,0.005105959,0.005752928,0.002755913,0.00104865,0.001527201,0.001709585,0.002883222,0.005303562,9.7412E-05,0.009393473,0.000126715,0.003617284,0.000922737,0.002628311,0.002359916,0.001877234,0.012051804,0.001976394,0.005172803,0.003049947,0.003048421,0.002358409,0.002535532,0.002892494,0.001926791,0.000929409,,,0.006127365,5.35537E-05,5.39898E-05,0.00101375,0.00284612,3.52373E-05,1.5863E-05,0.002506918,0.01725502,8.57255E-05,0.005059435,0.003230206,0.004385605,0.005035341,0.002442292,0.001095671,0.00329425,
K,Variance,0.001372752,0.002212838,0.028897334,0.008397637,0.006239008,,0.007233531,0.004622113,0.00156076,0.003771806,0.033627154,,0.000211955,0.00140476,0.000124887,0.006899111,0.00053958,0.007372241,0.011567628,0.006158786,0.002191526,0.002070221,4.99485E-05,0.004137902,0.001221438,0.000335204,0.000379713,0.000493587,0.002065347,0.002542871,0.000201911,0.001608901,0.004096235,0.004675277,,0.009176025,0.000409157,6.31004E-05,0.002804798,0.000282454,0.00043744,0.000166305,4.99887E-05,0.000268422,5.95987E-05,0.000401787,0.000507044,0.000310853,0.000133759,0.000584126,0.000177107,0.000129202,0.000102048,0.003886493,0.003542593,7.36278E-05,4.47269E-05,0.005759908,0.006118022,0.002970843,0.023940565,0.008712949,0.012249173,0.001830614,0.000139984,0.000533777,0.005232278,0.00186778,0.000166544,0.014462946,0.001025247,0.007647724,0.002253874,0.008891722,0.00012767,7.87852E-05,0.020658115,0.042935717,0.010603469,0.005902657,0.000626322,0.007928043,0.018818485,0.015857823,0.000126179,0.027307342,0.019325194,0.020417165,0.019466484,0.000219206,0.004894383,0.004794484,0.001091184,0.000187895,0.00943843,0.003176142,0.000651379,0.00321619,0.000914655,0.000830123,0.054081307,,0.003057833,0.004839339,0.004535465,0.008000829,0.013693938,0.001869735,0.002633243,0.003109871,0.002995918,0.008868709,0.001639193,0.000237091,0.000198083,0.000102304,0.000455723,0.000184855,5.08543E-05,0.000216614,0.000100935,0.000434991,0.000180788,0.000524089,0.002783593,0.000156029,0.003031527,0.004030353,0.007371046,0.018670207,0.003240717,0.000192519,0.013145697,,0.003688397,0.000112166,0.011904067,0.003456918,0.000299077,0.000188199,0.005247868,0.012281917,0.004578034,0.000249507,0.004634636,0.00773156,0.003201214,0.00697915,0.001710017,0.002694814,0.009695989,,0.00149364,,0.000205525,0.004804551,,0.00011561,0.005071866,5.9897E-05,0.000138224,0.002404754,0.057406153,0.00965606,0.000493565,0.009166816,0.013084118,0.018847742,0.011618739,0.00679869,0.005171087,0.000271396,0.010831233,0.000942616,0.020874179,0.046858055,0.021622632,0.019517634,0.005883356,0.007522264,0.011623998,0.021750092,0.009989537,0.001127568,0.002804844,0.005856992,0.005774268,0.00579285,0.070044131,0.000277989,0.009559597,7.14789E-05,0.046299731,0.001499437,0.014154916,0.005123808,0.025528694,0.04025421,0.006794506,0.008397139,0.005604407,0.027969098,0.003421556,0.003517122,0.005776096,0.008612591,0.002113631,0.006901325,0.008537305,,6.69285E-05,0.000271811,0.002565992,0.007165575,0.000165165,0.000231886,0.030388971,0.00475647,0.000455379,0.004896691,,,0.008725062,0.002830366,0.003817767,0.007326111,
STOP,Variance,4.1309E-05,5.92311E-05,7.27838E-05,0.000107524,3.6137E-05,,6.83704E-05,0.000116706,0.00018569,0.000354941,0.000789253,0.000180776,3.40279E-05,4.82057E-05,2.61085E-05,7.29731E-05,0.000162662,4.98004E-05,7.8273E-05,0.000195511,0.000111913,6.21826E-05,0.000245438,9.23156E-05,7.19769E-05,0.00014021,0.000418202,0.00040533,9.24191E-05,4.70621E-05,0.000110374,5.87241E-05,4.79159E-05,3.43701E-05,9.28757E-05,0.000123001,0.000268447,4.12956E-05,6.80745E-05,0.000118409,0.00027756,0.000116836,0.000132882,0.000120296,1.65111E-05,0.0001104,7.28301E-05,0.000104999,0.000118517,0.000227172,6.34098E-05,6.39411E-05,5.68252E-05,0.000492071,7.34646E-05,0.000111723,0.000768633,0.000111875,5.9579E-05,7.244E-05,8.76E-05,0.00020028,0.00026086,0.000123824,0.000108404,,8.35174E-05,0.00020358,0.000202894,0.00023952,0.000269558,5.8383E-05,0.000153923,9.01369E-05,0.000161191,3.16838E-05,8.42717E-05,0.000431858,0.000157516,0.000203776,0.000236271,0.000192627,0.00083964,0.000235199,6.97056E-05,0.000323866,0.000446825,0.000817853,0.00038245,5.06743E-05,7.00009E-05,6.12936E-05,5.16767E-05,5.68007E-05,8.90481E-05,6.55355E-05,0.000185597,0.000129521,0.000266157,6.90907E-05,0.000520034,0.000152559,0.000100522,0.000134834,0.000137868,9.99737E-05,0.000138419,7.29138E-05,9.78131E-05,2.96044E-05,7.98246E-05,7.22879E-05,5.90967E-05,0.00014806,5.47067E-05,5.54606E-05,0.0002238,5.00884E-05,6.2499E-05,9.15023E-05,9.41433E-05,5.72487E-05,4.89759E-05,0.0004027,0.00024702,3.8328E-05,0.000167529,0.000136094,0.000229087,0.000238313,0.000105174,5.4591E-05,0.000265711,4.59887E-05,6.55678E-05,4.59196E-05,7.81074E-05,6.19522E-05,0.000135395,5.78646E-05,7.73802E-05,0.000234667,9.12762E-05,9.77487E-05,0.000186936,4.59958E-05,0.000276012,7.26832E-05,9.78224E-05,0.000104166,3.45132E-05,5.9897E-05,0.000232959,0.000212346,3.72477E-05,5.95807E-05,2.40082E-05,0.000125186,6.67776E-05,8.33149E-05,0.00033608,0.001913835,0.01108378,0.00010434,0.00054918,0.00017235,4.52797E-05,0.000468626,7.70108E-05,4.26306E-05,0.000824007,4.82479E-05,6.90571E-05,8.1585E-05,8.52896E-05,,8.21498E-05,0.000414937,8.08661E-05,0.000382906,9.04831E-05,0.000223629,0.001278174,0.00010382,2.58973E-05,0.000222607,4.69309E-05,0.000229609,0.000302678,4.47564E-05,0.000168065,2.40082E-05,0.000809252,3.54716E-05,0.000144334,6.78679E-05,5.64E-05,0.000757851,0.00019969,8.5085E-05,0.000222432,9.93095E-05,8.39567E-05,1.01494E-05,0.000129503,7.76923E-05,2.12241E-05,3.90725E-05,4.31745E-05,0.000146889,0.000199086,3.9858E-05,5.77326E-05,5.46709E-05,4.9548E-05,5.48948E-05,0.000244495,0.008445734,5.43915E-05,0.000366226,0.000161546,0.000716334,0.001170909,0.004552014,0.001240752,0.00541975,
Trp,P Value,0,0,0.894813581,0,0.447654743,,0,1.11022E-15,0,,0,,0,0,0,0,0,1.66145E-10,0,0.008268989,0.175576294,0.038059789,6.21725E-15,0.025039755,0.741477949,0,0,,0,0,0,2.52875E-06,1.00168E-08,9.20961E-09,4.88334E-08,0,0,0,0,0,0,0,0,0,0,,0,0,0,0.001302912,0,0,0,0,4.44089E-16,0,0.005456729,0,7.96241E-07,0,0,0.001084087,0,0.002340519,0,0,0.584626711,0,0,2.46948E-08,0.003871465,0,0,0,,,0,0.346180997,0.131082158,0,0,1.69074E-11,,,0,0,0.003542048,0.000477268,0.743790658,0,0.143689124,0.001935217,0.058797069,0,0.000497027,0,0,0.018280462,0,0,4.63182E-06,0.338751031,0,3.9968E-15,0,0.053559773,0,0,0.494265907,0,0,9.99201E-15,0,0,0,0,0,,0,0,0,0,0,0,0,0,0,0,0,0.025847477,6.81699E-12,0,0,0,0,0,0,4.08154E-11,,0.000639654,4.44089E-16,0,1.14165E-07,0,0,0.178885964,,0,0,0,0.0121626,0.0121626,0,1.46499E-06,0,,0.436914949,,,0,0,,,0.003914009,0.000396621,,0,0,2.63029E-06,0.454382549,1.70086E-13,0.000488599,0,0.02125784,0,8.45755E-06,7.76156E-05,5.48497E-05,,0,0,0,1.12819E-07,0,1.30892E-07,2.03199E-08,0,4.69382E-05,0,0.003119535,0,0,0,0.096099281,0.53410657,0.137674166,0.054275744,0,0,0,0,0,0.000252789,0,0.013638401,5.65244E-09,0,0,0,0,5.94889E-05,0,0,0,0.411633068,0,0,0,2.84668E-09,0,0,0.713088157,9.83172E-08,0.114390006,2.22045E-16,0,
Phe,P Value,0,0.084715866,0,0.017625287,0,1.52133E-06,3.39182E-11,0,0.104976082,0,0,0,0.00023458,0,0,9.52972E-10,,2.22045E-16,0,4.78852E-06,0,0.022588872,6.59581E-07,0.51946061,0,0,4.44089E-16,0,0,0,0,0,0.338931975,0,1.56532E-06,0,0.119579833,0,0,4.21885E-15,0,,0,0,0,0,0,0,0,0,0,0,0,0,1.98298E-09,0,4.75594E-06,0.002980731,3.5262E-09,,0,1.57053E-07,4.58603E-06,0,0,0,0,0.705612151,0,0,0,0,0,0,0.006600182,0,0,0,0.000208806,0,,3.44713E-05,0,3.5003E-05,0,0,0.049220088,,0.047781908,4.79612E-05,0.000410531,0.001412513,0.400799962,0,0,0.055506779,0,0.004036036,0,0,1.60775E-09,0,6.49236E-11,0.442143979,0,,0.00086752,0,0,0,0,0,0,0,0,0,0,0,0,0,0,0,0,,0,0,0,0,0.000539068,0.065159007,0,0,0,0,0,0,0,0.025614959,0,0.128880928,0.052962172,8.88178E-16,0,0,5.60383E-07,0,0,0.015727097,9.34808E-14,0,0,0,0,0,0,2.92633E-12,0,0,0,0,0,0,6.66134E-16,0,0,0.000446875,1.99043E-11,4.33516E-09,1.61914E-05,0.424082187,0,0,0,0,0.163178203,4.11227E-12,5.54098E-07,7.57439E-12,0.015006084,0.62009895,0,4.99313E-09,0.000685342,0,0,0.578200669,0.196711116,,0,0,0,0,0.081082065,0.031876242,9.58019E-05,0.000247103,0,0,2.09832E-13,0,0,0.238789386,0,0,0,0.044795967,0,0,0,0,0,0,0,0.358890411,0,0,0,0,0.129476231,0,0.073823413,0.003179561,0,0.575736497,0.000381815,0,
Tyr,P Value,0,0,0,0.002535874,0,,0,0,0,0,0.0008722,0,0,0,,0.003796748,0,0.437118156,0,1.6975E-06,2.68408E-07,0,0,6.41573E-08,0.161021123,0,0,0,0,0,0,0,0.001454518,6.01646E-09,0.617274855,0,0.044178496,0,0,0,0,7.23645E-06,0,0,0,0,0,0,0,,0,0,0,2.04225E-06,0,0,,0.003697259,8.30306E-10,4.334E-06,0,3.54557E-10,0,0,0,0,0,4.28797E-10,0,0,0,0,0,0.003030195,0,0,0,0,0,0,0,0.404939465,2.47528E-10,0,0,0.0194227,0,0.256084511,0,0,5.39568E-14,3.55271E-15,8.48462E-07,0,0,2.53131E-14,0,0.222460875,0,0,0,0.943996601,0.10873342,0,4.44089E-15,0,7.52408E-09,0,4.88498E-14,0,0,0,0,0,0,0,0,0,0,0,0,0,0,0,0,0,0,0,8.86935E-12,0.005663044,0,0,0,0.000683363,0,0,0,0.142849289,0,,0,0.000106134,0.00680011,0,0,0.04848037,0,0.001450089,0.022635305,0,0,0,0,0,0,1.02464E-05,0,0,0.030594303,0,0,0,,0,0,0,0,0,0.174545661,0,0,0,0,,0,0,0.487537722,0,0,0,1.96986E-06,0,0,0,7.76217E-11,2.43357E-05,0.505428215,9.80748E-09,0,0.008023794,3.97373E-06,0,0,0.335301464,6.30353E-07,0.002136719,0.117483316,0.00019084,2.6272E-10,0.00037694,0.000330625,3.03884E-05,0,3.63668E-08,0,0,0,0,0,0,0,0,0,0.017191383,0,0,5.06529E-09,2.60602E-09,5.4623E-13,6.96368E-06,2.1439E-10,0.702254039,0.07475272,1.32963E-09,0.611881865,1.54698E-12,
Pro,P Value,0,0,,0,0,,0,0,0,0,0,0,0,0,0,0,0,0,0,1.86962E-13,0,0,0,0,0,0,0,0,0,0,0,0,0,2.44249E-15,0.681558316,0,0,0,0,0,0,0,0,0,0,0,0,0,0,0,0,0,0,0,0,0,0,0,0,0,,0,0,0.698524102,0,0,0,0,0,0,0,0,0,0,0,0,0,0,0.003865571,0,0,0,0,0,0,0,0,0,0,0,2.14626E-05,0.778877841,0,0,0,0,0,,7.34968E-14,0,0,0,0,0,0,0.215092624,0,0,0,0,0,0,0,0,0,0,0,0,0,0,0,0,0,0,0,0,0,0,0,0,0,0,0,0,0,0,0,0,0,0,0,2.18196E-07,0,0,0,0,0,4.33457E-06,,0,2.22045E-16,0,0,0,0,,0,0,0,0,0,0,0,0,0,0,0,0,0,,0,,0,0,0,0.016508605,0,0,0,0,0,0,5.24574E-09,0,0,0,0,0,0,0,0,0,0,0,0.006291908,0.0105187,0.059256064,0,0,,1.105E-11,0.134464756,0,0,0,0.001259639,0,0,0,0,0,0,0,0,0,0,0,0,0,0,0,0,0,0.458233569,1.79818E-05,2.91709E-07,
Met,P Value,,0,0,0,0,,0.025178345,0,0,0.694229791,0.000190704,0,0,6.88005E-12,0,4.04636E-08,0,0,7.77729E-05,1.55431E-14,4.18719E-08,0.003046746,2.85589E-11,2.65789E-05,0,0,6.0095E-10,0,0,0,0,0,0,7.3755E-06,4.66326E-10,0,0.907197592,0,0,0.459642175,0,7.81696E-09,0.673193747,0,0,0,0,0,0,6.98628E-11,0,7.73541E-05,0,0,0,0,0.000688682,0,0.044144327,0,0.534533542,7.10543E-15,0.262454379,0.007761327,0,0,0.005079204,,0,0,,0,2.11609E-12,0.32614043,0.786426498,0,0,0.763242237,0,1.12732E-12,4.94449E-12,9.20286E-12,0.184737915,0.005594684,0,0,0,0.105816871,0.714958358,0.078456247,0,0.000223671,0,0.698191899,2.88658E-13,0.02825086,0,1.70312E-06,0,1.84976E-10,0.817067138,0.694344272,0.002776792,0,0,0,5.53471E-06,0,0,0,8.10751E-12,0.001347995,0,0,7.56195E-12,8.05632E-09,0,0,0,0,0,0,0,0,0.00019868,0,0,0,0.699534396,9.91974E-08,1.73108E-11,0,0,0.818356061,0.076954261,0,0.000656925,0,0.022190294,5.57202E-05,0.011241457,0.0424322,1.43641E-09,2.44249E-15,0.006770146,0,0,6.27169E-11,0,0,0,8.88178E-16,0.627770798,0,0,0,0,0,0,0,0,0,0.021349467,0,0,7.82473E-10,1.88243E-07,0.013126104,1.95291E-10,0.00037756,0,0,0,0,0,2.13806E-07,0.000372258,0,1.7934E-06,0,0.006233171,0.038519616,0.165928565,0,5.32907E-15,0.000270872,5.55098E-09,0,3.7934E-09,0.009420986,0,2.43504E-09,0,0.010283501,2.20412E-05,5.24678E-05,2.1969E-05,0.002268645,4.84945E-13,0.022364337,2.26476E-05,3.7974E-08,0,0,0,0.000309322,0,9.40863E-08,0,0,0,0,3.45923E-09,0,0,0,1.82443E-09,3.17637E-06,0.000147999,4.66294E-15,0,9.63561E-10,0.113568802,4.64324E-11,0,0.042415822,
Ile,P Value,0,0,0,,0,,0,0,0.000920318,0,7.50737E-09,0,0,0,0,2.51622E-05,0,0.001174255,0.043344036,8.70556E-10,0.001725276,1.53635E-06,4.29947E-11,0,0,0,0.000134978,0,0,0,0,0,0,1.13165E-06,0,0,0,0,0,3.02466E-10,0,0,0.000607804,0,0,0,,2.42375E-07,0,0,0,,0,0.058441655,0,8.88178E-16,1.0469E-11,0,0,0,0,0,0,0,0,0,1.00764E-12,0,0,0,0,0,0,0,0,6.43396E-12,0,0,2.21793E-05,0,0,0,0,1.5362E-10,0,3.03757E-13,0,0.586480945,0,4.62183E-07,2.25865E-06,0.049338795,0,0,0.00309982,0,0,0.194120422,0,0,4.09438E-06,0,0,0,1.51685E-10,0,4.28037E-06,0,0,0,,0,0,0,0,0.146667692,0,0,0,,0,0,0.247228282,0,0.160168812,0,0,0,,0,0,0,0,0.000340985,1.51224E-09,,0.037612189,0,0,0,0,2.44249E-15,0,0,0.0060038,0,,0,0,0,0.467320465,0,0,0,0,0,0,0,0,0,0,0,6.8076E-06,2.02061E-06,0,0,0,0,0,0.807361755,0.002266458,0,0.001236494,0,2.22045E-16,0,2.72914E-08,6.9385E-09,0,5.48694E-12,6.56006E-11,0.523238508,0,0,3.12633E-08,0,0,0,0.000820612,,0.064022179,0.017106052,7.83373E-13,0,0,9.77669E-07,0.602952637,1.33227E-15,1.17684E-13,0.948119306,0.000408645,3.72191E-12,0,7.85716E-06,0,7.17586E-05,0,0,0,0.527018844,0,0,0,1.03629E-08,0,0,0.000150908,0.558353743,9.74182E-05,0,0,0.009321874,1.13044E-08,0.495191001,0.928938115,0,
Leu,P Value,0,0,2.58116E-10,0,4.75924E-10,0.005809816,4.38894E-09,0,,0,0,0,,0,0,0,0,0.965138514,0,0,0,,,1.55431E-14,0.011277798,0,,0,0,0,0,0,0.026274057,4.31309E-09,4.30748E-06,0,0,0,0,,0,0,,0,0,0,5.92926E-12,,0,5.31235E-08,0,0,0,0,9.26054E-06,,0.0077402,0.328987383,3.01901E-05,0,0,0,0.00532748,0,0,0,1.33227E-15,1.13216E-06,0,0,0.007395964,0,0,1.77636E-15,,0,0,0,0.140512441,0,,5.39771E-09,0,,0,0.071476302,0,0,7.03955E-05,,0,2.52565E-09,0,,0.426604064,,0,0,0,0.282035628,,0,4.63542E-07,0,0,0.573230173,1.43384E-09,0,0,0,0,,0,0,0,2.6205E-08,0,0,,0.193309695,0,0,4.98053E-07,0.172422623,,0,0,0,0,0,0,0,0,0.187242158,,0,,0.494621904,0,0,1.72085E-13,0,0,,0.005163877,0,0.042102861,4.79949E-05,0,0,1.16751E-11,0,0,0,0,0,0,0,0,,0,0,9.76996E-15,,0,0,0,0,,0,,0,0.000264967,0,,1.40665E-10,0.897243354,0.003613856,9.18437E-07,0.342757189,0,3.23435E-06,0.123321821,0,1.77307E-10,7.41185E-13,1.04103E-06,0,0.007203271,4.44089E-16,0,4.69341E-06,0,0.681576123,0,0,,0.020317844,0,0,0.032768396,0,0,0.013969986,0,0,0,0,0,0,0,0,0,0,0,0,0,6.23188E-11,0,,1.21056E-05,0,,0.06081902,,4.44089E-16,
Val,P Value,0,0,0,0,,0.003966398,0,0,0,0,0,0,0,0,0,0,0,0.032890423,0.818921566,1.02101E-11,3.14392E-07,0,0,0,0.009217893,0,7.39862E-05,2.95298E-06,0,0,0,0.085760655,0,7.05214E-13,0.001973802,0,0,0,0,0,0,0,0.000271029,0,0,0,0,0,0,0,,0.009713566,0,1.31067E-08,0.660222456,1.0908E-08,9.76996E-15,3.6104E-11,0,0,0,7.02634E-11,,0,0,0,0,0,0,0,0,0,0,2.20745E-06,0,,0,0,0,0,0,0.001747465,0,0.000185549,0,4.46572E-06,4.94493E-13,0,0,0.705972317,0,1.30309E-10,0.212603236,1.55039E-05,0.401103584,0.008157053,0,7.44014E-09,0,0,0.115312895,0.39108162,0.029977318,1.49436E-13,6.77236E-14,2.42812E-07,0,2.28563E-10,0.473445463,0,0.559805007,0,0,0,3.81917E-14,,0,0,0,0.008279856,0,0,,0,0,0,0,0,0,4.37671E-10,0.083058434,,0,1.33771E-07,0,0.10793852,0,4.68736E-13,0,0,0.002356383,0.000213724,0,0,0.012058232,0.103850985,0,4.11158E-05,0,0,0,0,0,0.013765278,0,0,0,0,1.23106E-06,0,0,0,0.001204898,0.561589343,0,3.48085E-09,1.33805E-06,1.15463E-14,0.002707431,0.861792439,0,3.40731E-09,0.532940972,0,9.16045E-12,,,1.31115E-11,,0,0.027103714,0,0,0,0,0.005438542,0.008871928,0,0,4.2722E-05,4.14393E-08,2.29499E-06,0,,1.59038E-05,0,0.69938534,0.096440783,0.002590863,0.680137142,,,0,0.202153866,0,0,0,0.0049037,0,0,0,0,0,2.16048E-10,0.292568393,0,0.388297958,0.000286113,0,0,5.58235E-06,0,2.33147E-14,1.19464E-07,0,0.995422987,
Ala,P Value,0,0,2.22045E-16,0,0,,0,0,0,0,3.55282E-10,0,0,0,0,0,0,0,0.000100283,0,1.04514E-09,0,0,0,0,,0,0.427485457,0,0,0,,0,0,0.000546283,1.20473E-09,0,0,0,0,0,0,0,0,0,2.22045E-16,0,0,0,0,0,0,,0,,0,0,0,0,0,0,2.61798E-08,1.94304E-09,1.33227E-15,0,0,1.55718E-11,3.9968E-15,0,0.006757302,0,0,,0.905299214,0,0,0,0,0,0.002816926,0,,6.55527E-07,0,,4.30527E-07,0.111295635,3.17879E-11,4.17411E-05,0,4.39883E-06,0.299234521,0,0,0,0,0.320862166,0.008418868,1.23965E-08,0,3.16954E-07,0,2.9754E-14,0.936124196,0,9.8388E-13,0,4.44089E-16,0,0,0,0,,0,0.449168654,0,0,,0,0,0.010803929,2.10527E-06,0,0.011546981,2.32953E-06,0,1.86718E-07,0,6.79894E-11,1.77999E-06,1.24201E-11,0,1.15331E-05,0.000204639,0,0,0,0,0,0,0.02560384,4.88498E-15,0.003114028,0,1.11022E-15,0,0,1.98246E-09,0.239506532,0,0,1.95505E-05,0,0,0,0,0,0,0,0,0,0,0,1.19527E-12,0,0.916623847,0.516544036,0.016253074,0.034166115,6.21725E-13,0,2.58171E-12,0.602613954,0,9.59233E-13,1.26783E-06,0.004356259,0,0,0.608127925,0.017497704,0,,0,0.231319114,0,9.98922E-05,0,0.24899467,0,4.19809E-07,1.24423E-08,0,7.67213E-05,0.001714458,0,0,5.68919E-05,9.56377E-05,0,0.000295902,0.004324398,5.75361E-09,1.12678E-06,2.72844E-06,0.001237929,1.0103E-13,0,0,0.090867263,,0,0.000906907,,,,0,4.54219E-09,,0,7.35256E-12,0.393785353,0,0,0,7.35096E-07,
Gly,P Value,0,0,3.87863E-09,0,0,,0,0,0,0,0,0,0,,0,0,0,2.37201E-11,4.44089E-16,0,0,0,0,0,0,0,0,0,0,0,0,0,0,0.105336593,0.001165923,0,0,0,0,0,0,0,0,,0,5.66522E-08,0,0,1.33227E-15,0,0,0,0,2.44249E-15,0.006736274,0,0,2.94875E-13,0,0,0.000165675,0.384539843,0.25901115,0,0,,0.003776352,0,0,0,0,0,0,0,0,0,0,,1.63055E-07,0,0,0.000210041,2.83722E-10,0,4.00426E-10,5.35281E-06,0.640777651,0,0,0,,0.357405476,0.253511107,0,0.099090467,0,,0,,0,3.08689E-07,0,0.0004002,,,0.000152709,5.09351E-08,0.79349249,0.000214583,0,0,0.000108375,0.009382896,0,0.003434043,0,0,0,0,0,,,0,0,0,0,0,1.21902E-13,0,5.4845E-14,0,0,0,8.57359E-12,0,0,0,3.46068E-08,0,0,8.33044E-06,0.659267144,0,0,0.000225161,3.18412E-13,0,1.20053E-06,0,,0,5.86198E-14,0,0,0,0,0,0,0,0,0,0,0,0,0,,0.02603786,0.272271045,1.49799E-05,0.023781181,0,0,2.93099E-14,0,2.27404E-06,1.91469E-12,4.14916E-06,0,0,0.000190498,,0.497010191,0,0,4.13003E-14,0.414857205,0,0,6.43541E-11,0,5.3855E-10,0,3.94614E-05,0,0.001697242,,1.02141E-14,1.76525E-13,1.69817E-06,6.82676E-06,5.65204E-10,0.413887013,,0.005375083,,1.91119E-09,0,0,0,0,0.073293972,4.44089E-16,6.90831E-10,0.105270999,0,0,0,0,0,0,4.49196E-13,0.079084201,0,0,0,0.000163536,
Cys,P Value,0,0,0,0,0.891878663,,0.631510769,0,0,0,0.256887147,0,0,0,0,4.88276E-13,0,1.75162E-11,0.002530556,2.58304E-09,0,0,0.077157978,2.37277E-05,6.42296E-05,0.019154813,2.35974E-07,0.001877525,0,1.78038E-11,0,0.040498269,0.000123961,0.136031656,0.073901617,0,0,0,0,0,0,0,0,0,0,2.81782E-08,0,0,2.1401E-07,0.000506769,0,0,0.186500748,0,0.000158835,0,0.000864515,2.52255E-06,0,0.045831315,0,0.000243051,3.73851E-05,0.440284271,0,0,0.725272322,0.098816148,0,0.526376766,0,0,0,0.673795281,0,0,4.55569E-12,0.03656369,1.11022E-15,1.49889E-09,1.15868E-05,7.54063E-13,0.255518069,1.32636E-10,0,0.000141433,0,0,0.006366299,6.67852E-10,0,0,,0,0.532886397,0.095899377,0,0.000259651,0.185802036,0.089746114,0.186923617,0,0,0.073914939,0,0,0.35060288,0.224501556,1.78715E-05,0,0.957598891,0,2.08508E-06,0,0.000973736,0,0,0.00152638,0,1.7395E-12,0,1.02166E-10,0,5.9952E-15,0,0,0,5.74911E-05,1.9375E-08,0.940166906,0.814843303,0.027837764,0,0.000175326,0.022770344,2.05309E-07,0,2.22045E-16,0,0,0.267340688,0,0,0,0.279938642,0.160363079,2.22045E-16,0,0,8.98889E-09,0,7.26664E-09,0,0.001511919,1.08802E-14,0,0,0,0,0,0,0,1.12617E-11,0.002051056,0,9.33263E-08,0,0.048190962,1.66973E-06,1.23212E-05,0.888171243,7.49895E-05,0.000698286,0,4.86278E-14,3.23843E-10,0,7.33049E-08,9.70963E-06,0,7.41559E-06,0.01895168,0,0,0,2.49179E-05,0,0,3.41949E-14,2.34116E-06,9.12292E-09,,2.27312E-11,0,0,0.134760671,0.031966592,0.017901931,0,2.4086E-06,0.551427753,5.01451E-09,0,3.34838E-09,0.002745476,0,0,0,0,2.95958E-05,0.943666288,0,0.009430506,3.4075E-12,1.66533E-14,0,3.91909E-11,6.73705E-06,0.000347372,3.75197E-07,0,5.01305E-07,0,0.211058227,1.33227E-15,0.98718924,
Ser,P Value,0,0,0,0,7.28317E-09,0,0,0.008697077,0,0,0,3.78459E-06,0,0,0,0.000152541,0,0,6.25507E-10,0.097063959,3.55165E-06,0,0,4.43127E-08,0,0,0,0,0,2.22045E-16,,0,,,0,0.383893844,2.04059E-13,0,0,0,0,0,0,0,0,,0,0,,0,0,0,8.81859E-05,0.074652509,8.88178E-16,0,0,0.000583367,0,0,0,8.43876E-05,0,0.661101364,0,0,0,0,,0.676609981,0,0,0.000283404,0,0,0,0,0.004454779,0,7.38574E-06,0,0.024095143,0.000926187,0,3.14573E-10,2.2798E-07,0.002162005,0,0.351043582,0,1.43553E-06,0,4.20094E-05,0,0,0,0.007376278,0.852572364,0.314361826,0,0.000220718,4.44089E-16,,0.109677215,6.66134E-16,0,0.76687557,0,0,,0,0,0.001908382,0,0.576821918,0,0,0,0,0,0,2.68674E-13,0,0,0,0,,8.88178E-16,0,0.813649717,0,0,5.34251E-05,0,0,0,0,0.97519912,0,0,0.014790264,0.05766544,0,0,0.095653451,0.00090358,0,,0,5.31599E-07,4.44089E-16,0,0,0,0,3.43197E-07,0,0.015960385,0,0,0,0,5.87772E-08,1.31685E-07,0,0.011564629,0.587822162,0.4768945,6.82967E-07,0,0,0,0.991230646,0,4.59632E-13,0.150747113,0.103822492,0.030836749,0.19005862,8.76306E-08,3.86002E-05,1.85686E-06,1.59678E-10,0,0,1.30344E-07,0.001156244,0,7.54952E-15,0.00074291,0,0,0.434935974,0,,0,0.000448358,,0,0,0.091026925,0.008543522,0.035384509,0.246492945,0,,,0,0,1.04713E-05,0.229679211,9.92829E-08,0,0.000475771,1.23518E-10,0,0.000131011,0,4.74509E-13,0,2.59132E-09,4.05143E-12,0,0,4.36762E-13,0,
Thr,P Value,0,1.29983E-10,0,0,0.040199938,0.020539269,0,0,0,6.04583E-08,0.001118132,0,0,0,0,,0,0.491262602,0,1.32845E-05,0.002727103,0,0,6.43929E-15,4.52769E-07,0,0,,0,0,0,0.001515374,3.01981E-14,5.27156E-12,0,0.203316289,0,0,1.51257E-12,0,0,0,0,0,0,0,0,0,3.11862E-12,5.90195E-13,0.204002494,0,0,0.000125203,0.000100163,0,0,0.02821628,0,0,3.74789E-09,2.895E-11,0.318748399,0.165875666,0,0,0,0,0.001171214,0,0,1.26155E-06,0,,0,0,0,6.23388E-05,7.502E-06,,0,1.73868E-10,9.92222E-05,0,0,0.132328221,0.031844315,0,0.587488007,0,0,0,0,1.26592E-09,3.43992E-12,0,0,2.44249E-14,0.032242693,0,1.84996E-10,5.07823E-06,0,0,0,0.002574395,0.773813502,0.832747614,0,0.033212789,1.00417E-10,0,0,0,,0.000408911,0,0,0,0,0,0,0,0,0,0,0,0,2.86554E-07,0.119147632,,2.11994E-08,1.11022E-15,0,0,0,0.009206511,9.27831E-06,0,0,9.54792E-15,,0,0,8.88178E-15,5.83151E-06,0,3.29038E-05,0,0,0,0,0,0,0,3.2417E-05,0,,0,0,0,0,0.101269018,0,0,0,0.071402374,0,0,3.61409E-06,2.53131E-14,0,,0,2.39424E-07,0.004702236,0,0,0.011405497,6.81766E-08,0,2.22045E-16,3.21104E-06,0,1.71576E-08,1.4521E-07,0,0,,0,0.040870305,0.112960924,9.58567E-12,3.63468E-08,0.011195282,0,0.039143678,0.646728484,2.50946E-07,5.42721E-12,0,5.3229E-10,0,,0,0.000295749,0,1.00819E-08,0,0,0,0,1.91194E-06,1.82077E-14,0,0,0.00713247,0,1.98877E-06,0,0,1.38451E-10,1.67195E-11,0.000110175,0,0.605100488,
Gln,P Value,0,0,0.833278551,0.427548754,0,,0.00124443,0.000287033,0,,0,0,0,0,0,0,0,0,1.03912E-09,,0,5.77316E-15,0,,,0,0,0,0,0,0,0,3.33067E-15,0,0.626536712,0.816810499,0.753993026,0,0,0,0,0,0,0,0,0,0,0,1.03695E-12,0,0,0,0,1.57953E-05,0,0,0,7.9492E-14,0,0,0,0.763659212,4.19677E-09,1.24982E-09,0,0,0.020035348,0,0,0.019917109,0,0,0,0,0,0,0.149804077,0,1.268E-09,1.53078E-12,0,0.043636733,0.001461129,0,0,0,7.26689E-05,,0.419068157,0,0,0.03193795,0,0,0,0,0,2.22855E-06,0,0,0,0.001712868,2.66454E-15,0.133448849,0.000459281,0,0,0.00017559,0.663412391,0,0,3.9968E-15,0,0,0,0,0,0,0,0,0,0,0,0,0,0,0,0,0,,0.004534188,0,1.98111E-08,0,0,0,0,0.003370767,0,0,,1.24652E-10,3.31069E-13,0,0,0,9.84922E-09,2.22045E-16,0,0,0.006288991,8.10717E-10,,0,0,0,0,0,1.9615E-05,0,,0,0.013445428,0,,0.895826366,0,0.006212622,3.81215E-09,0.204009909,0.342108187,0,2.33147E-14,0,0.021179413,0.014401667,0.034136409,,0,0.015226598,0.208096849,2.44249E-15,2.77878E-08,0,2.368E-09,,0.513523778,0,1.59606E-06,0,0.001518369,0,,0,0.001497662,0.004064598,7.2297E-06,0.963258386,0.000140481,0.048276281,9.68942E-06,0,0,0,0,0,0,0,0.016614782,0.000669107,0,2.24265E-14,,0.113568802,0,0,0.006342815,,0,0.597001547,3.58815E-10,0,0.339274871,0.921079219,1.23931E-09,6.77425E-11,
Asn,P Value,0,,0,6.41709E-14,0.130557,0.280559637,,0.126410481,0,0,0.036523447,0,0,0,0,8.73036E-05,0,,3.96758E-09,3.55271E-15,0,0.261420893,0,1.59872E-14,0,0,0,0,0,0,0,0,0.207722696,0,1.65913E-08,0.841316499,,0,2.01839E-13,0,0,0,0,0,0,0,0,0,0.016205134,0,0,0,0,,0,0,0,1.14353E-13,1.25925E-06,0,0,0,4.86842E-09,0,0,0,2.32481E-12,0,0,0.429437862,0,0,0,0,0,0,0,0,,0,0,0,0,0,0,0.000898468,0.002112292,0,0,0,0,5.45909E-05,0.047996212,0,0,0,0,0.023201693,0.429880678,0.490643803,4.60704E-08,0.000369207,3.72777E-10,9.52705E-11,0.142280474,0.951711783,4.50278E-05,4.62581E-08,0,0,0,0,0.846585049,1.33671E-13,0,0,,0,0,0,0,0,0,0,0,0,0,0,0.000583122,1.70531E-08,6.5891E-06,0,0,9.1838E-05,0,0,7.85349E-05,,0,0,7.73897E-11,0.014043071,0,0,0.001499089,6.03828E-08,0,0,0,2.37588E-14,0.191951518,0,0,8.88178E-16,0,0.134449683,0,0,0,0,0,0,3.60734E-10,0.000427959,0,7.62958E-08,0,0.008822214,0.006652954,0.392143393,1.12816E-08,0,0,0,0,0,4.65687E-08,0,0.373625011,1.06952E-07,0.026511505,0.029913799,0.171612659,3.7513E-06,1.57967E-05,0,1.09694E-11,0,0.84074293,6.09916E-09,0.687642933,0,5.98198E-05,0,0.00131632,2.41156E-07,3.14474E-08,0.910641958,4.50651E-05,0.615519676,0.001203962,6.43929E-15,0,0.017887745,9.94826E-12,0,0,0,0,0.235193728,0,0,0,0,0,0,0.748361741,0.302358655,0,2.22045E-16,0.668365944,0,0,5.9285E-10,2.22045E-16,6.18299E-06,
Asp,P Value,0,0,0,0,0,,0,0,0,0,2.72388E-05,0,0,0,0,0,0,0,1.50914E-05,0,0,0,0,4.44089E-16,0,0,0,0,0,0,0,2.13038E-11,0.329848878,9.39709E-10,0.206697863,0.000259805,0,0,0,0,0,0,0,0,,0,0,0,7.36139E-07,0,0,0,0,0.158323473,0,0,0,0.001418027,0,0,0.000953588,0.000732823,0.000395802,,0,0,,0,0,0,0,0,0,0,0,0,0,1.29053E-06,0.75180414,0,0,0,0.245398297,,0,0.124955843,0.973848994,,9.97112E-07,0,0,0,0,0,8.43736E-10,0,0,1.96188E-05,0,0.001358114,2.89901E-12,0,0.860989861,0.000126411,1.6172E-11,4.0381E-12,0,0,6.63313E-05,0,0,0,0,,0,0,0,0,0,,0,0,0,0,0,,0,,0,0,0,0,0,0.147932494,0,0,0,0.000727338,0,0,0.008996042,0.051228533,0,0,,0.007867562,0,0.655207408,0,0.000131474,,0.413811917,0,0,,0.007333367,0,0,0,0,0,0,8.17568E-12,0,0,0,0,2.7345E-11,0.04648235,0,0,0,0.170836516,0,0,0,5.61773E-14,4.94693E-12,0,0,0,0.000463724,0,0,,0,0.002321196,0,0,0,4.09374E-10,0,0.259383285,0,0.179376785,4.29742E-05,0.021443175,0,1.23122E-08,0,0,0.000535994,0,1.39673E-05,6.30315E-06,0,0,0,0,0,0,0,0,0,0,0,2.97561E-08,0,0,0,6.5745E-10,0.02292827,0,0,0,3.31557E-07,
Glu,P Value,0,0,0,0.000264014,0,,0,0.009862839,0,0,0,0,0,0,0,0,0,0.005262934,0,1.06214E-07,,0,0,0.129534848,4.70228E-11,0,0,0,0,0,0,4.10783E-14,9.0492E-08,0,0.114501563,0,0,,0,0,,0,0,0,0,0,0,0,0,0,0,0,0,7.50688E-12,0,0,0,0.047732659,0,0,0.830953669,0.631540227,0.095766036,0.898258659,,0,0.894415266,0,0,9.63674E-14,0,2.59437E-12,0,0,0,0,0,0.000312275,0.001456513,0,0,1.26781E-07,,,0,0,,0,,0,7.56484E-06,,1.93904E-08,0,2.55921E-07,0,0,0.218943051,0.048367446,,0,0.00151014,0,0.020197558,4.44089E-16,0.016766038,3.97107E-06,0,,0,0,2.22045E-16,0.00252279,0,0,0,,0,0,0,0,0,0,0,0,0,0,0,0,8.88178E-16,4.96599E-10,0,,0.190618612,0,0,0,0.265456,0,0,0.269365511,1.18127E-07,0,0,1.67634E-09,,0,4.39233E-10,0,8.40908E-06,0,0,0,0,0,0,0,0,0,0,0,,0.000421002,0,0,0,0,0,4.21885E-15,1.33227E-15,0,0,0,0,0.012617085,0.376182552,2.51126E-11,0,3.51821E-11,0,0,,6.59472E-14,0,0.029649575,0.516953271,,0,0.705962078,0,8.28226E-14,0,2.22045E-16,0,0.003379872,0,0.012399349,0,,0.00145649,0,3.89631E-11,0,0,3.57135E-10,0.000250973,0,0,0,0.013379659,0,,0,0.000235679,0,0,,4.61697E-12,0,0,0.00267903,0,0,,0,,
His,P Value,0,0.966802011,4.19433E-05,0,0,,4.86588E-09,0.52514669,0,0,0.104617815,0,0,0,0,0.027241527,0,0.106902164,,0,0.009683252,0,0,0,0,0,0,0,,0,0,2.22045E-16,0,2.5268E-06,0,,0,0,0,0,0,0.001776526,0,0,0,0,0,0,0,0.645685871,0,0,0,8.88178E-16,2.42531E-06,0,1.0335E-07,,0,0.000176559,2.74875E-05,0,0.518879901,0,0,0,0,0,0,0,0,0,0,0,0,0,0,0,0.057342618,0,0,0.82229465,0.074960973,1.11189E-11,0,0,0,0.818928272,0,0,0,3.10229E-05,0.178230375,0,0,0,0,0.005124909,0.017714808,2.13707E-05,0.000227554,0.006640193,0,0,0,0.080556319,3.22066E-06,0,0,9.29671E-10,0.007253808,0,0,0,0,0,0,0,0,0,0,0,0,0,0,0,0,0,2.76468E-12,0.022485966,0,0,0,0.198762432,0,0,0.001740376,0.067068322,0,0,0.334993471,9.76269E-08,0,0,0.001212755,0,0,5.79965E-06,0.000324342,4.92856E-07,4.87512E-07,0,0,0,0,0.001127771,0,0,0.004838714,0,0,0,0,0,0,0,0.000153757,,6.30702E-11,0,0,0,0.257557414,0,6.26388E-13,0,0,0.239837541,0.102052572,0.2774221,1.84002E-05,0.917966259,0,,0,5.77316E-15,1.56634E-09,0,0.000136357,0,,0,2.92545E-05,0,0.048125313,0,9.94035E-09,0.000350512,0.581165925,1.33227E-15,0.215361947,0,0,0.002422893,0.000206584,0.013421633,0,2.22045E-16,0,0,0,0,0,0.009838992,0,0,0.000626666,0,0,1.87492E-06,0.113589774,0.152366183,0.012312872,4.86144E-12,0.001275081,0.003466834,
Arg,P Value,0,0,0,0,3.10369E-08,,0,,0,0,,0,0,0,0,2.22045E-16,0,0,0,0.022386919,5.16609E-12,0,0,2.69784E-13,0.001616213,0,0,0,1.40102E-07,,0,0,0,0,3.12195E-13,0,0,0,,0,0,0,0,0,0,0,0,0,0,0,0,0,0,0,0,0,0,0.030593452,,0,6.0012E-12,,0,8.59286E-08,0,0,0,0,0,,0,,0,0,0,0,,0,2.69706E-09,0,0,0,0.000178519,0,0,,0.0107095,0,0,0,0,1.19529E-08,0,0,,0,0,0,0,0,0,0.000259321,0.000142407,0,0,0,,,0,0,0,0,0,0,0,0,0,0,0,0,0,0,0,0,0,0,0,0,0,0.031585826,6.39355E-12,0,0,6.85507E-09,0,0,0,7.29716E-06,0,0,2.47846E-06,1.42604E-08,,0,0.652309419,0.81296775,0,0.749605354,0,0,0,0,0,0,0,0,0,0,,0,0,0,0,0,0,3.67265E-06,,0.062127617,0,3.30303E-05,0.181368558,0,2.30252E-07,0,6.66134E-16,0.840037773,1.3681E-06,2.04272E-06,5.50894E-08,,0.809907108,0.026320036,1.81077E-05,0,0,0,0.940205703,0,5.29576E-13,0,0,0,0.021994928,0,1.86877E-09,3.17631E-09,1.01174E-07,9.82348E-12,2.22045E-15,0.017610256,0,0,1.15241E-13,0,3.13394E-12,0.007170012,0,,,0,0,0,0,0.368574546,0,0,0,0.000668928,0,0.160403905,0,0,3.05351E-05,3.60317E-06,1.85145E-07,0,
K,P Value,0,0,0,0.015578339,0,,0.081532866,0,0,0,1.80283E-06,,0,0,0,0.017815917,0,0.410028751,6.33049E-13,0.020209516,0.257266402,0,0,1.48923E-05,0,0,0,0,0,0,0,0,1.38534E-11,7.10545E-10,,0.000186354,0,0,0.001016202,0,0,0,0,0,0,0,0,0,0,0,0,0,0,0,0,0,0,0.008877806,0.000338624,0,0.17007602,1.32761E-10,0.25449229,0,0,0,2.47447E-12,0,0,0.137828695,0,0.214887738,0,2.9106E-05,0,0,0.000211714,0.008339613,0,0,0,0,0.36480787,0.285059347,0,0,0.00072286,0.858726371,2.12165E-08,0,2.63789E-13,0.173661769,0,0,3.78166E-05,0,0,2.88658E-15,0,0,0,,0.000644038,1.35985E-11,0,0.049976328,0,0,0,0,0,0.024443283,0,0,0,0,0,0,0,0,0,0,0,0,0,0,0,0,3.14124E-05,0.076131601,0,0,0.002138658,,0,0,0.000108411,2.17604E-14,0,0,0.090904333,9.6379E-06,3.50358E-06,0,1.1329E-07,0.790297844,0,0.000731742,0,0,3.49381E-09,,0,,0,0,,0,4.44089E-15,0,0,0,0.004869877,0,0,1.86626E-11,0.002146807,1.41589E-10,1.4254E-06,0.000880681,0,0,0.515490817,0,2.30248E-06,0.015252978,0,0.707932614,0.001017831,0,0.299019723,0.530067264,0.158011342,0,0,0,0.000460505,9.73221E-07,0.956639432,0,0,0,0,0,0.647579223,0,0,0.354386038,0.000618071,0.052293271,0,0,0,1.08956E-09,6.66134E-16,0,0,0.555743033,0.93642343,,0,0,0,0.9691879,0,0,2.97273E-12,0,0,0,,,0,0.927331535,0,2.62112E-09,
STOP,P Value,0,0,0,0,0,,0,0,0,0,0,0,0,0,0,0,0,0,0,0,0,0,0,0,0,0,0,0,0,0,0,0,0,0,0,0,0,0,0,0,0,0,0,0,0,0,0,0,0,0,0,0,0,0,0,0,0,0,0,0,0,0,0,0,0,,0,0,0,0,0,0,0,0,0,0,0,0,0,0,0,0,0,0,0,0,0,0,0,0,0,0,0,0,0,0,0,0,0,0,0,0,0,0,0,0,0,0,0,0,0,0,0,0,0,0,0,0,0,0,0,0,0,0,0,0,0,0,0,0,0,0,0,0,0,0,0,0,0,0,0,0,0,0,0,0,0,0,0,0,0,0,0,0,0,0,0,0,0,0,0,0,0,0,0,0,0,0,0,0,0,0,0,0,0,,0,0,0,0,0,0,0,0,0,0,0,0,0,0,0,0,0,0,0,0,0,0,0,0,0,0,0,0,0,0,0,0,0,0,0,0,0,0,0,0,0,0,0,0,0,0,0,0,0.310833446,0.055068907,